Country Name,year,m2_growth,inflation,gdp_growth
Afghanistan,2006,-1.5867464077160207,0.06564350307651079,0.05218822466907724
Afghanistan,2007,0.3534358518274878,0.08324285053578162,0.12950358793628425
Afghanistan,2008,0.27295275507306016,0.2344289442761749,0.038499143461354635
Afghanistan,2009,0.28551774175139855,-0.07054222564136214,0.19384266976369346
Afghanistan,2010,0.2386004964648265,0.021551465068877285,0.13420253023317485
Afghanistan,2011,0.19317221130808804,0.11157881418332138,0.004254484599695019
Afghanistan,2012,0.08367667636368736,0.06242265435694172,0.12002307682461577
Afghanistan,2013,0.094532453008501,0.07125750857668756,0.05449523695079961
Afghanistan,2014,0.07821554600264946,0.0456805346159328,0.02688088352638829
Afghanistan,2015,0.030325711667387623,-0.006639081658365242,0.014408838905183075
Afghanistan,2016,0.09281095260656969,0.042905185938827195,0.02235147624654843
Afghanistan,2017,0.04011718589778113,0.048561104656719145,0.026125762727698287
Afghanistan,2018,0.025415802583623304,0.00624196980138958,0.011822123791340289
Afghanistan,2019,0.05547595838671526,0.022762678442191486,0.03837038457499631
Afghanistan,2020,0.11389769024916419,0.054506063105534075,-0.023791800331945723
Albania,1995,0.41752454702762165,0.07504456269626703,0.12506607936303027
Albania,1996,0.36350870887036635,0.11978527702118669,0.0707969799495416
Albania,1997,0.25049423130998605,0.2865334708769409,-0.12456115470587648
Albania,1998,0.187635384742741,0.1876644154962408,0.07982753256039388
Albania,1999,0.2010705932663086,0.003886813081582119,0.11556482789026745
Albania,2000,0.11358992248282362,0.0005000563144657022,0.07197510158074394
Albania,2001,0.1815417182728325,0.03060280339637078,0.0849267366906048
Albania,2002,0.03672121741363554,0.07483401983594717,0.04524479987135166
Albania,2003,0.08317597403246069,0.004828350849022556,0.05195908317194764
Albania,2004,0.12629090652052,0.022544151855496963,0.05132278046960792
Albania,2005,0.13212603354362074,0.023390125276049112,0.050035311799483395
Albania,2006,0.14881853647773013,0.02343062949327912,0.05844796039869138
Albania,2007,0.12817361400945515,0.02890502043320442,0.0629756687533316
Albania,2008,0.07387789894416841,0.0326692113938476,0.06678969447380823
Albania,2009,0.06613480065312416,0.022416092498464657,0.026551873567342454
Albania,2010,0.11765680418211844,0.03562870147342778,0.02929813163702022
Albania,2011,0.08771585940479198,0.033706221847063844,0.024336615954577923
Albania,2012,0.04856987706101279,0.02011231153468085,0.009793188607996939
Albania,2013,0.02250588964929534,0.019190879452430032,0.016928189442797503
Albania,2014,0.03934690408032182,0.016127893961987994,0.0221550244530917
Albania,2015,0.017493302549887346,0.018784207175784218,0.02203253209743039
Albania,2016,0.03813919034743307,0.012673665581573346,0.0383447095127778
Albania,2017,0.002742661941571356,0.019671847487143346,0.03230431078723228
Albania,2018,-0.0022125126565271103,0.020077683883391373,0.036056281626418496
Albania,2019,0.04223193093041999,0.014012275810509678,0.02041594801736224
Albania,2020,0.09975659430368466,0.01607890496889386,-0.03369905185832067
Algeria,1991,0.18898926582274456,0.2302096232022861,-0.012072587169917881
Algeria,1992,0.27212325748426736,0.27512603868273944,0.017839940746551264
Algeria,1993,0.07042715887976314,0.18681416758482117,-0.021223644183727686
Algeria,1994,0.1458722715879297,0.2550115774180779,-0.009040709868806118
Algeria,1995,0.0904217227439652,0.2606676451494705,0.037295734557165616
Algeria,1996,0.13666711942562415,0.17125282258398133,0.04018177495155939
Algeria,1997,0.16771096832600207,0.0557518065931637,0.010939939413631805
Algeria,1998,0.17875370175243077,0.048315400419633114,0.049742126253260466
Algeria,1999,0.13056476552707608,0.0261112267001975,0.03149868210971363
Algeria,2000,0.13218113124898778,0.0033858932791215324,0.03729578475896744
Algeria,2001,0.4321161833938696,0.041391320569467815,0.029558802228248027
Algeria,2002,0.1659559966085098,0.014083381223929159,0.052592450119167466
Algeria,2003,0.1510558014593073,0.041803470715472635,0.06297479916722182
Algeria,2004,0.09940382121225966,0.03885334089739434,0.044016885414539075
Algeria,2005,0.11058925376800133,0.013729779400762254,0.05259245011628266
Algeria,2006,0.17935697199627754,0.022851887154249795,0.028587456842760872
Algeria,2007,0.20775161465781622,0.0361293604908095,0.03052920504730139
Algeria,2008,0.14873962894582604,0.047442500556237555,0.024692612583486095
Algeria,2009,0.04727315787835806,0.055785263803453056,0.011928570862256294
Algeria,2010,0.12705927119665006,0.03836517377747306,0.046883585907778524
Algeria,2011,0.1815462834740451,0.04424854762458175,0.029558802235907677
Algeria,2012,0.1037915392309543,0.08518133683453222,0.023716526620674472
Algeria,2013,0.08075014818153292,0.03202410176558246,0.025667746754542975
Algeria,2014,0.13473781097433246,0.02875194206667686,0.04018178962001073
Algeria,2015,0.0029669046583400416,0.046735168463185595,0.03149866706799642
Algeria,2016,0.008124650485218154,0.06201372529647742,0.03825871211878251
Algeria,2017,0.08048127300505215,0.05440405210119614,0.014888612483463959
Algeria,2018,0.1052808452951659,0.041813408871437474,0.013902905177697988
Algeria,2019,-0.007604149526745374,0.01932965478122206,0.008959741363735674
Algeria,2020,0.07181464842050644,0.023864278795505456,-0.051293294377931176
Angola,1996,3.738995600151883,3.748351878807648,0.12702349749534037
Angola,1997,0.5420004533043361,1.1605747482720417,0.07021870848464573
Angola,1998,0.45519536603326216,0.7289236109383923,0.045844367194813884
Angola,1999,1.8376793686646202,1.2475950733642562,0.02158035716240647
Angola,2000,1.395589771057196,1.446911621971166,0.030088994036951533
Angola,2001,0.966995648062376,0.9264827066748091,0.04119950939202255
Angola,2002,0.9413371568308015,0.7366732091119819,0.12809139931338365
Angola,2003,0.5193788267471469,0.6842282431072158,0.03427883370529017
Angola,2004,0.3957646459497042,0.3614582330133329,0.1081354325264492
Angola,2005,0.4744063877675444,0.20663616178092648,0.13238503923844291
Angola,2006,0.469071477758515,0.12491496667261215,0.11191534661874769
Angola,2007,0.40160055962503804,0.11557168082100411,0.12224142842163843
Angola,2008,0.7157210827442455,0.11756816041804008,0.1024359677804938
Angola,2009,0.19454389939213712,0.12865952872181463,0.01975938222278728
Angola,2010,0.05152737580519684,0.1351395930926591,0.05158307681446317
Angola,2011,0.31588283668453343,0.12647817135311978,0.03530796836447081
Angola,2012,0.047820050382483714,0.09783340218040326,0.08160876850142174
Angola,2013,0.1323133630340756,0.08413721489556014,0.047675841608153746
Angola,2014,0.15004968721649092,0.07027566319144896,0.04550595384174727
Angola,2015,0.11132948670056564,0.08943817468986381,0.007602802423740229
Angola,2016,0.12635280745524113,0.267691702900267,-0.017151554199593022
Angola,2017,0.0062350118760932105,0.2611672398698479,-0.0014950793300485543
Angola,2018,0.1858823748408902,0.1792245825339167,-0.005961848825478455
Angola,2019,0.26324171058319834,0.15769542530219915,-0.0020489000202772445
Angola,2020,0.21753397037729982,0.2010741170071535,-0.04126425111792287
Antigua and Barbuda,1999,0.22182618105783547,0.011150480639788185,0.03640662216779589
Antigua and Barbuda,2000,0.058731361310783825,0.007688168120067118,0.06018736977036454
Antigua and Barbuda,2001,0.048141691072615345,0.013930485022784822,-0.04654783267248419
Antigua and Barbuda,2002,0.052155660412164906,0.023791309103604164,0.010219946588939877
Antigua and Barbuda,2003,0.14477614661965887,0.01973919931922108,0.05899163429134546
Antigua and Barbuda,2004,0.05953632811256071,0.02009746204904861,0.05606935297615934
Antigua and Barbuda,2005,0.08476882138134911,0.020770315475037826,0.06272772092004786
Antigua and Barbuda,2006,0.10966876221562316,0.017719924428306832,0.11963152603254201
Antigua and Barbuda,2007,0.10765216694392876,0.014061202245830628,0.08906510826803427
Antigua and Barbuda,2008,0.03249504669408765,0.05196423004280071,-0.00014007579201091858
Antigua and Barbuda,2009,-0.10306267386150125,-0.005516789492912899,-0.1274116362520985
Antigua and Barbuda,2010,0.002453793544912486,0.03314484433283038,-0.08164948859241505
Antigua and Barbuda,2011,0.01454797547643949,0.033983461820298544,-0.019781802259213777
Antigua and Barbuda,2012,0.0255360255446746,0.03321115769468275,0.03317500094991743
Antigua and Barbuda,2013,0.013346576974498703,0.010539244771318401,-0.006027954965936999
Antigua and Barbuda,2014,0.013816509568904678,0.010835499118237557,0.02174477821119325
Antigua and Barbuda,2015,0.05653844343632741,0.009643288263242233,0.01411609719495388
Antigua and Barbuda,2016,-0.012529255817355534,-0.004906394655646906,0.04037742413402157
Antigua and Barbuda,2017,0.06996479701968283,0.024033740854380703,0.026765843227458674
Antigua and Barbuda,2018,0.06960509526233594,0.011999298933844216,0.06496347650247003
Antigua and Barbuda,2019,-0.00449765156251658,0.014212087957107933,0.031229463554044656
Antigua and Barbuda,2020,-0.0912333510393033,0.006240385300245954,-0.20910229921676304
Armenia,1994,2.128658355129346,3.5478225135573145,0.05259247648707088
Armenia,1995,0.4964360326936905,1.0150543074176195,0.06672361726027631
Armenia,1996,0.30068762032351515,0.17127059961074886,0.05699829698882297
Armenia,1997,0.2561948408436088,0.13068402879455787,0.03267123224756219
Armenia,1998,0.3127184522049795,0.0831684604039511,0.07045846353402396
Armenia,1999,0.13076955704075743,0.006461536839713844,0.032467190143130154
Armenia,2000,0.3260895729887885,-0.007940278429003023,0.057325066648740375
Armenia,2001,0.041955460921570875,0.03097434985054015,0.09166718851921729
Armenia,2002,0.2924968595928412,0.010544701639421561,0.12398597976275383
Armenia,2003,0.09849367922563346,0.0461347690220002,0.13102826242000276
Armenia,2004,0.20125124478962775,0.0672965395441949,0.09984533495903847
Armenia,2005,0.2456187497515252,0.006368955102957763,0.13015068445726286
Armenia,2006,0.284254429650737,0.028513174448630885,0.1239859797762719
Armenia,2007,0.35296936379011257,0.04312999364589931,0.1283932147820046
Armenia,2008,0.023507862483853614,0.08571844725681821,0.06672363204692644
Armenia,2009,0.1410317782776076,0.03350021714451845,-0.15198635700602736
Armenia,2010,0.11179044580008224,0.07859268506552564,0.021761491783614417
Armenia,2011,0.21232861361482236,0.07371511286726573,0.04592893187573566
Armenia,2012,0.17786841261715125,0.025258501982120762,0.06952606265761219
Armenia,2013,0.13785667721345263,0.056282670684709046,0.032467190137502655
Armenia,2014,0.08006783781634397,0.029377316738475656,0.035367143842982784
Armenia,2015,0.1029164971636014,0.03663748711737025,0.03149866704935533
Armenia,2016,0.1611204791210028,-0.014135512868411304,0.001998002660940301
Armenia,2017,0.16949777306456326,0.009648832623139647,0.07232066159489392
Armenia,2018,0.0718174727024703,0.024889996231054923,0.05069311431222445
Armenia,2019,0.10601709157716144,0.014331280934613666,0.07325046172600835
Armenia,2020,0.08584521438432091,0.012041566243749635,-0.07472354618737853
Aruba,1991,0.15564194778617235,0.05406722127027841,0.07661720177391373
Aruba,1992,0.1178589897801281,0.03800242682419874,0.057158423400011316
Aruba,1993,0.06197801257535218,0.05084101174656741,0.0705301595435337
Aruba,1994,0.11858696240068056,0.061199324527468235,0.07884723608777477
Aruba,1995,0.0509425087710369,0.03306131248126398,0.025152445261340972
Aruba,1996,0.031026964663233514,0.0317436755320708,0.011788131274318658
Aruba,1997,0.044881087465210356,0.02955829833640866,0.0680966365842508
Aruba,1998,0.12294101300476257,0.018522283850866295,0.019724040375582064
Aruba,1999,0.09909388218652992,0.022547601332734146,0.012304407760090896
Aruba,2000,0.022792963107654884,0.03964390544003482,0.07346345624147688
Aruba,2001,0.05720641724199993,0.028428107938498925,0.040969199337684614
Aruba,2002,0.09971601603043112,0.032614776398622425,-0.009494464935514202
Aruba,2003,0.08503837893172772,0.03591106036069647,0.011043837701542714
Aruba,2004,0.03165130637192348,0.024976762160717314,0.07040000966580706
Aruba,2005,0.06007621032930288,0.03341337139185985,-0.003838735245960123
Aruba,2006,0.02345766461700549,0.03544459631890362,0.011211035475749753
Aruba,2007,0.03247295698704633,0.05252193382607917,0.030427787524157424
Aruba,2008,0.15327079515789066,0.08577382618071461,0.01819108604824038
Aruba,2009,0.05590407575685319,-0.021585588776547482,-0.12417803052299448
Aruba,2010,-0.0028173045335648794,0.020568419479031874,-0.027715107853858
Aruba,2011,0.0012671863825808316,0.04225741905608249,0.033137219095355164
Aruba,2012,0.07927771412892781,0.006255115837888958,-0.010462540842414825
Aruba,2013,-0.03791132276792197,-0.024006516743816597,0.06233103149159547
Aruba,2014,0.05447322696312895,0.004205553438854537,0.014160255114553877
Aruba,2015,0.09032119998140331,0.004736401493870446,0.03547794806132032
Aruba,2016,0.09076264383270427,-0.009355587217734218,0.012267795670197756
Aruba,2017,0.017487330468018314,-0.010336051288696524,0.03433794502034715
Aruba,2018,0.0318010271890401,0.03561847724586986,0.03161950393660362
Aruba,2019,0.04304119400912754,0.04169325048272565,0.01217668486098944
Australia,1991,0.011752392828217495,0.0312726276567048,-0.0038537296570133606
Australia,1992,0.07119478111911803,0.01007142377960868,0.004321308324765738
Australia,1993,0.05568616308627483,0.017384543780191386,0.039661325117744894
Australia,1994,0.09493970892144077,0.0195048849055226,0.03901727267002997
Australia,1995,0.08174929722211033,0.04523878547884497,0.03816411562774391
Australia,1996,0.10119241116606403,0.025817683025941562,0.037928289791590686
Australia,1997,0.07055706434759657,0.002246350626373683,0.03843153787211406
Australia,1998,0.08093791722214405,0.008564565477842123,0.04570745306382307
Australia,1999,0.11068464020990376,0.014722385900948431,0.049058893377608825
Australia,2000,0.03671671128138598,0.04360948328163339,0.03841324770396781
Australia,2001,0.10373438142247338,0.0431278335043892,0.02011099937686822
Australia,2002,0.06799426614246329,0.029379898271838734,0.03873795585366224
Australia,2003,0.12012194226928585,0.026959270717046735,0.030444624346195326
Australia,2004,0.10812135959209357,0.023162224825398425,0.041323706806156935
Australia,2005,0.08158785986149297,0.026562392078989028,0.03106719039397987
Australia,2006,0.1403113105921996,0.03493546512985901,0.027332307710533854
Australia,2007,0.16748694773599837,0.023009355624148853,0.0371943460616464
Australia,2008,0.15704429354695293,0.042583308574632994,0.03559863282983855
Australia,2009,0.031571547947862655,0.017556156518301336,0.019359865203124826
Australia,2010,0.09649835368491821,0.02876567252326634,0.02185980351438488
Australia,2011,0.07666264187836092,0.0325044610410643,0.023665108726167006
Australia,2012,0.07090493201985026,0.01747423394722425,0.038763602744150916
Australia,2013,0.06529259917061125,0.02420360174088909,0.026198337207386402
Australia,2014,0.06796605635851805,0.02457477838296107,0.025679342995900356
Australia,2015,0.05811873113707122,0.014971039851787715,0.021412583625401993
Australia,2016,0.06453403482134945,0.012689061707461313,0.02718356277002698
Australia,2017,0.044227271479591934,0.019299043749128053,0.022674091888255532
Australia,2018,0.023460852735009752,0.0189336316371973,0.02833640877245358
Australia,2019,0.13155034703469326,0.015979326541508243,0.021702948347982698
Australia,2020,0.12811377833378046,0.008433394128378069,-0.0013362113759711747
Azerbaijan,1993,2.225505377949096,2.5079719425024205,-0.26266429281640313
Azerbaijan,1994,2.4986020095177075,2.8691571718853606,-0.21940058047651334
Azerbaijan,1995,0.22649515477255022,1.6326848791716557,-0.12556321285835992
Azerbaijan,1996,0.15779557071264705,0.18061011650004977,0.012916219389332184
Azerbaijan,1997,0.3466010663187653,0.03608453217519614,0.05638033483457505
Azerbaijan,1998,-0.16453630811799513,-0.007756986641092034,0.095310176272843
Azerbaijan,1999,0.18290065507304476,-0.08910633357441533,0.07139000818709462
Azerbaijan,2000,0.5505027034505403,0.017889062667707734,0.10526050294763678
Azerbaijan,2001,-0.11168638560005917,0.015353488673530258,0.09440067419615872
Azerbaijan,2002,0.13520642588752807,0.02733462885296367,0.09019636532492115
Azerbaijan,2003,0.26028780096743276,0.02209279628423788,0.09720202005895118
Azerbaijan,2004,0.3887342026733407,0.06493466542435256,0.08850344644198671
Azerbaijan,2005,0.19969121083914132,0.09239235727165696,0.2465595492477206
Azerbaijan,2006,0.6249360312917922,0.0800020129559682,0.2961427519192057
Azerbaijan,2007,0.540480687388559,0.1544342535749177,0.22684242787958908
Azerbaijan,2008,0.3648988573698233,0.18937236777971922,0.1006724811381865
Azerbaijan,2009,-0.0029527623719047824,0.014465354062617841,0.08956189550900007
Azerbaijan,2010,0.21755583627220432,0.055688905860589166,0.04677701998823025
Azerbaijan,2011,0.27812742151868974,0.07564845167229706,-0.015855002411882424
Azerbaijan,2012,0.18779038317431684,0.010605694245788833,0.021790247895292936
Azerbaijan,2013,0.13967050009414095,0.023870005588765508,0.05679060753098142
Azerbaijan,2014,0.1115688614486956,0.01364095582707936,0.027591676625611683
Azerbaijan,2015,-0.011553503725302505,0.03948688673966938,0.010440769104814507
Azerbaijan,2016,-0.02031348003206901,0.11727957434933689,-0.031115076360066496
Azerbaijan,2017,0.08625475292000218,0.12165037822630786,0.0015349679511551528
Azerbaijan,2018,0.055032247007343216,0.022431980297679566,0.014892569842306358
Azerbaijan,2019,0.18210798670075334,0.025770780699581053,0.0244956057892729
Azerbaijan,2020,0.011007510524482456,0.02722413212654473,-0.04289665193999426
"Bahamas, The",1991,0.0642277809877001,0.0687298614551839,-0.04271738363013711
"Bahamas, The",1992,0.053419423859331516,0.05579603102305519,-0.03900679192551593
"Bahamas, The",1993,0.14951362180230277,0.026864862957024727,0.0030733384137420217
"Bahamas, The",1994,0.08367852661145037,0.013896339441870076,0.03100354423499141
"Bahamas, The",1995,0.0820357415357833,0.020459224964238132,0.042855944175869354
"Bahamas, The",1996,0.05471801851984992,0.013697138559042088,0.041367737053221276
"Bahamas, The",1997,0.2108873872105015,0.005426752341140428,0.012795321664793136
"Bahamas, The",1998,0.15051562710571886,0.013277594970904083,0.04608936366956584
"Bahamas, The",1999,0.10042874121909051,0.012464477244130023,0.06900450788244683
"Bahamas, The",2000,0.08903806059147001,0.015935644631298373,0.04064680452779257
"Bahamas, The",2001,0.047932587759593304,0.02024360627664734,0.025921221705242914
"Bahamas, The",2002,0.02937243776602827,0.02150292533339826,0.026690189249453766
"Bahamas, The",2003,0.036109170945017866,0.02980193057202296,-0.012729848564895008
"Bahamas, The",2004,0.08819756204271556,0.009771245875417556,0.008785035769594884
"Bahamas, The",2005,0.10287671104522289,0.01579072941264492,0.033396905014782874
"Bahamas, The",2006,0.07474907669850595,0.023617168892365648,0.024854474779026248
"Bahamas, The",2007,0.10010884252475094,0.024620199718807356,0.014357436098311638
"Bahamas, The",2008,0.051217375602753634,0.04391697567716424,-0.023510704041321162
"Bahamas, The",2009,0.016511218227741153,0.020417484649580153,-0.04265104179613033
"Bahamas, The",2010,0.05375305777374351,0.013350754575793822,0.015269451166854964
"Bahamas, The",2011,0.02415332152070704,0.0314868590110029,0.0061129849359709
"Bahamas, The",2012,0.029213548186554306,0.01954149084776091,0.04420862652983715
"Bahamas, The",2013,0.005437751821165904,0.0071981786842947315,-0.029049900153776065
"Bahamas, The",2014,0.01544617870528242,0.015024134645258869,0.018301207881467718
"Bahamas, The",2015,-0.0037622772030481144,0.01844369484238939,0.009924703549412328
"Bahamas, The",2016,0.08431617542141012,-0.003469782037274882,-0.011632476805932157
"Bahamas, The",2017,0.01791039512663062,0.015067975790059585,0.033158130914866746
"Bahamas, The",2018,0.010465549894895787,0.022405740830708787,0.02369655677178173
"Bahamas, The",2019,0.10068737459483046,0.024607099409154287,-0.008421217841640072
"Bahamas, The",2020,-0.0026800030312301715,0.0003851368053489068,-0.22426125682861198
Bahrain,1991,0.20870797434599453,0.0076151285272505476,0.10642992812259067
Bahrain,1992,0.047459387700310884,-0.0017256259674685026,0.0647572296630905
Bahrain,1993,0.05569786645353503,0.025071663703634783,0.12106658773933532
Bahrain,1994,0.05811345387541067,0.008135922420748898,-0.0025031440647254044
Bahrain,1995,0.07161882132228214,0.026681216938563068,0.03854733641826158
Bahrain,1996,0.030548234666337493,-0.004532530238799737,0.04027790717845292
Bahrain,1997,0.07555744136838527,0.02402459770892662,0.030461300049449136
Bahrain,1998,0.15492258260583824,-0.003672072458616782,0.04678819578887783
Bahrain,1999,0.040413226439351746,-0.012959492357384583,0.04210115918511548
Bahrain,2000,0.09731989487388049,-0.007073487763555875,0.051643892249995105
Bahrain,2001,0.08838599011354376,-0.012149221838763324,0.024604303846228248
Bahrain,2002,0.09838231966000066,-0.0049677201019333594,0.03293707653901379
Bahrain,2003,0.0616312031278774,0.015810606026640528,0.061061620819700124
Bahrain,2004,0.04063548228413438,0.023256862164267922,0.06748070515384441
Bahrain,2005,0.19877896697344255,0.025533302005165126,0.06549741167282619
Bahrain,2006,0.13883608734267483,0.019875856521996305,0.06266488747709431
Bahrain,2007,0.3314581473068685,0.032047611968779144,0.07967920737781498
Bahrain,2008,0.17964990145114967,0.03465263345828884,0.06057766494888028
Bahrain,2009,0.05647203204845752,0.02757151662023105,0.025081665695317668
Bahrain,2010,0.09993094397247759,0.019428877885532714,0.04242997119720826
Bahrain,2011,0.033447683202023626,-0.004008430006940955,0.01909804493737255
Bahrain,2012,0.03972835544936615,0.02720065214161682,0.03732496534328078
Bahrain,2013,0.07883153197594694,0.032467302130567255,0.0515731665857615
Bahrain,2014,0.06308330794405492,0.02613112097709802,0.042186090213618854
Bahrain,2015,0.029034688649705487,0.018317480145707776,0.024769410155276006
Bangladesh,1991,0.128463979313306,0.061634597480746844,0.034258690115297696
Bangladesh,1992,0.1136422499405576,0.03569601753218565,0.052997354374106465
Bangladesh,1993,0.09997388552644892,0.029702661795185215,0.04603935296024986
Bangladesh,1994,0.1767561233180146,0.05177370972358819,0.03816367816135369
Bangladesh,1995,0.11465608515275605,0.09801390140477162,0.049944525231047976
Bangladesh,1996,0.10196294235947434,0.0234931523501678,0.04423618401830609
Bangladesh,1997,0.09296914292729852,0.05169642315876377,0.04392019650931189
Bangladesh,1998,0.10808294944344254,0.08067854815611586,0.050474714737550386
Bangladesh,1999,0.14385223467854402,0.059274966956461395,0.045643851799638924
Bangladesh,2000,0.17686610643174916,0.02184227334614164,0.051579553241364096
Bangladesh,2001,0.35765777960512324,0.019872955628363442,0.04952596744995574
Bangladesh,2002,0.13540836307847925,0.032782386660366036,0.037614846939408864
Bangladesh,2003,0.13162718432571552,0.05513861513308882,0.04630677262396077
Bangladesh,2004,0.13216200814933998,0.07313462217772582,0.05106883184555144
Bangladesh,2005,0.14680996968304783,0.06809423735027309,0.06331225337932977
Bangladesh,2006,0.1841167764874534,0.06546241768756911,0.06458762917332805
Bangladesh,2007,0.1270585187233806,0.08715872834921168,0.06820615608284442
Bangladesh,2008,0.15192429136263286,0.08527770324636386,0.0583989917135419
Bangladesh,2009,0.18435615864997246,0.05281512325495452,0.049219831841377015
Bangladesh,2010,0.19127186555445164,0.07813328334444947,0.05422099225530985
Bangladesh,2011,0.1562801328895631,0.10791373980238994,0.06264027490431445
Bangladesh,2012,0.15710051818832937,0.060318732408267905,0.06317626974806245
Bangladesh,2013,0.13845511349422424,0.07260347190251704,0.05839725515453509
Bangladesh,2014,0.1450541392986331,0.06758050422632067,0.05884477396866572
Bangladesh,2015,0.1388252951729818,0.06010006289333791,0.0634689482060864
Bangladesh,2016,0.1544171340099787,0.053668964652815454,0.06871863053821414
Bangladesh,2017,0.12873964310706398,0.05545429191080853,0.06382185812666563
Bangladesh,2018,0.10890972831536061,0.053954154408754285,0.07063936648448532
Bangladesh,2019,0.11248248524165305,0.05441239073850124,0.07586706473225036
Bangladesh,2020,0.12296854842301386,0.05535026384759867,0.033899054667731576
Barbados,1991,-0.007368039445260877,0.06069545820348088,-0.0397799013611575
Barbados,1992,0.05190538880103901,0.059154299350840045,-0.05860968844318393
Barbados,1993,0.03521140809469259,0.011072862321924504,0.007899399945703323
Barbados,1994,0.07282831429633063,0.000771746012026675,0.019908332988308075
Barbados,1995,0.04645341196417263,0.0186143018462257,0.019939854848878724
Barbados,1996,0.16504813345269298,0.023581285328320156,0.0389944989041453
Barbados,1997,0.05965981039036805,0.07427724658748591,0.04631188937852926
Barbados,1998,0.07637545259410672,-0.012770057278640223,0.036606378622682456
Barbados,1999,0.06889465187900612,0.015480185287898962,0.003340973301430239
Barbados,2000,0.09165142085940303,0.024066202142564386,0.043511395270140696
Barbados,2001,0.29436799519510615,0.025451689338831684,-0.023938909537196906
Barbados,2002,0.14301574736723666,0.0012517108635554663,0.007843182001820992
Barbados,2003,0.04513361266314675,0.016064602503806924,0.02152154904608139
Barbados,2004,0.11090779384834093,0.01384789685879273,0.014017280350163475
Barbados,2005,0.15602694560284291,0.059043959536946744,0.038792325327310806
Barbados,2006,0.05207235956039824,0.07052987422355006,0.05893421710343105
Barbados,2007,0.1898953921157549,0.039549791970626025,0.02057863849990582
Barbados,2008,0.011473994513774954,0.07796154146970924,0.006314626622128117
Barbados,2009,0.005713854129993479,0.03579043157993134,-0.051475157055232756
Barbados,2012,-0.14538224973744818,0.04433594971501087,-0.03473543248047051
Barbados,2013,0.036897967069794646,0.017978458241334927,-0.017870479490945
Barbados,2014,0.031190798275609666,0.017540297813422256,0.007497974269540464
Barbados,2015,0.059415851942169695,-0.011190277513001945,-0.011773842355871977
Barbados,2016,0.0406896406462387,0.012737809851149251,0.014854190474775208
Barbados,2017,0.012077320642095657,0.045548579139013334,0.007058894571535745
Barbados,2018,-0.0012875170110326906,0.0360793814878404,-0.012842352911224708
Barbados,2019,0.0291999045383875,0.0401845720034526,0.0022745326631152807
Belarus,1995,0.9493915839785547,2.0910563678267087,-0.10981487022802838
Belarus,1996,0.42151496096009566,0.42338411121132813,0.027615211449226962
Belarus,1997,0.7483908205763772,0.49431425630201753,0.10795718998584292
Belarus,1998,1.324430165237617,0.5473680441866322,0.08065782340304395
Belarus,1999,0.8443738222064461,1.370365037657091,0.03343476838802317
Belarus,2000,1.1608600227879329,0.988128433502033,0.05638036438938698
Belarus,2001,0.4623620754552853,0.47707192216452077,0.046170603267199795
Belarus,2002,0.39896759493415956,0.3544352746950876,0.04922119110318235
Belarus,2003,0.43402251534607217,0.24996338202148705,0.06806223492711538
Belarus,2004,0.4053395801819306,0.16643132727573295,0.10840356974796705
Belarus,2005,0.352129573092963,0.09838616633782582,0.08984071785581449
Belarus,2006,0.33117612628085524,0.06763181666857321,0.09531013189732107
Belarus,2007,0.3363826863000732,0.08090466901704918,0.08250128226785591
Belarus,2008,0.23381288785786936,0.13835117800033547,0.09712670606732843
Belarus,2009,0.2076683178278529,0.12173659971048956,0.0019979550751862973
Belarus,2010,0.2768130330733989,0.07451126550618614,0.07464370146451316
Belarus,2011,0.7940753912763583,0.42676137957026317,0.05401434876457856
Belarus,2012,0.37193899569011535,0.46511504973385165,0.0169343268063038
Belarus,2013,0.18105115645848713,0.16815722322483762,0.009937650571401946
Belarus,2014,0.21403578618473063,0.16652709804503552,0.016376418484284727
Belarus,2015,0.3114587257410335,0.12693647935410102,-0.039048261932357775
Belarus,2016,0.037258020053567265,0.11186851947417331,-0.02558909037846746
Belarus,2017,0.16063996646012058,0.05856921445937857,0.025006548621632874
Belarus,2018,0.08151609575510221,0.04757325456383121,0.03100627436903025
Belarus,2019,0.11516166991641441,0.05447072254067553,0.014360941103067404
Belarus,2020,0.046145664160011535,0.05399700003754404,-0.006750160343113265
Belize,1991,0.09619333609453662,0.007590633121457024,0.1113508670519785
Belize,1992,0.12198316957622168,0.023684306667124844,0.11988059743733714
Belize,1993,0.03222085529937502,0.014618595224011877,0.05956886871387468
Belize,1994,0.08047310533829588,0.025368901381818354,-0.0001998833665197708
Belize,1995,0.16715146020856864,0.02848653673264767,0.007288951054974291
Belize,1996,0.07307861895611723,0.05793886286665728,0.010992419241269147
Belize,1997,0.10920588725414149,0.011424862677829495,0.04147409428620463
Belize,1998,0.0571721080861316,0.02171513552484683,0.038191529835632565
Belize,1999,0.14641028756605934,0.025876255670167936,0.09005269902968038
Belize,2000,0.11705486341904958,0.030213342054547176,0.11547470298382834
Belize,2001,0.09714951034941777,0.03586333215966331,0.04872884858908577
Belize,2002,0.028947726716420874,0.04152830445076905,0.05258365697460832
Belize,2003,0.04812943699374728,0.022916233290589894,0.0922621465045097
Belize,2004,0.12357162614872408,0.06198304929987941,0.04669907510615445
Belize,2005,0.06366482166022891,-0.0111045321729204,0.021949248485878314
Belize,2006,0.15250718349905057,-0.07379475042592443,0.044126492825288466
Belize,2007,0.14298373745608828,0.02291623328852932,0.03284850545669116
Belize,2008,0.12468257425775064,0.061983049347592356,-0.01640866650028272
Belize,2009,0.06235635162443742,-0.011104532218670471,-0.004477103656732595
Belize,2010,-0.0011446741348422051,0.009137895756824221,0.014074596467999356
Belize,2011,0.0514614360284078,0.0158935867113712,-0.0013015578891923951
Belize,2012,0.10443999958660655,0.012921958176846715,0.038681079290252995
Belize,2013,0.013438821267524048,0.005084529533757376,0.039859601483051676
Belize,2014,0.07597273122295078,0.011942401251944013,0.03818422110882835
Belize,2015,0.07289260169147127,-0.008653171024084472,0.027228519080299662
Belize,2016,0.026145986791917153,0.006612361749715134,-0.0001874325225088569
Belize,2017,-0.0036916762859995345,0.011411178078829742,-0.018502493200806214
Belize,2018,0.026173407211675936,0.0026961882421154826,0.008187080136053737
Belize,2019,0.0453678172988603,0.0018689462831789072,0.04168485830909319
Belize,2020,0.11263765654843283,0.0012136097238650834,-0.1452905435794989
Benin,1993,-0.031491038677064154,0.004396314182857353,0.0567221661673436
Benin,1994,0.39137241361967057,0.3259229752201058,0.020002611686365412
Benin,1995,-0.01853862108255555,0.13507749370232114,0.05869521960273616
Benin,1996,0.12243886005071758,0.04797306592482187,0.04233397759818658
Benin,1997,0.04535504253886913,0.03407573026030608,0.055762830676972186
Benin,1998,-0.03625691937164888,0.05593897503263445,0.03884575958165115
Benin,1999,0.2985576676414965,0.00326190313875685,0.052036786962855075
Benin,2000,0.23083158255996494,0.04080987690670401,0.05692568759038252
Benin,2001,0.007365270054819462,0.03906969672855798,0.051957862720463766
Benin,2002,-0.12611084343539858,0.024586873877454174,0.04538466604468283
Benin,2003,0.20084959277493297,0.014762914559163676,0.03385612614448519
Benin,2004,-0.1281816783201677,0.008700945060714282,0.04334378385196658
Benin,2005,0.1558097214696268,0.05225577920447133,0.01698655375906455
Benin,2006,0.24080431984113915,0.03712406446500349,0.03867959396852427
Benin,2007,0.17304609644215674,0.012897154337823125,0.05814011984787726
Benin,2008,0.22651588283286017,0.0764729475996937,0.04780469860815373
Benin,2009,0.07705822017962305,0.008920814506289787,0.022928053149968264
Benin,2010,0.09321841773393302,0.02183815543148171,0.020920284117238452
Benin,2011,0.089659660487591,0.026683206408822713,0.029206826898128924
Benin,2012,0.07195170777034932,0.06526965254654371,0.04699067287178238
Benin,2013,0.15984307413670606,0.004279717818054252,0.06944615014085542
Benin,2014,0.16848949108235445,-0.005502687563010866,0.061637558955705885
Benin,2015,0.05955536211675394,0.0021854693565188654,0.017625268966156682
Benin,2016,0.0017531515038129442,-0.007964735924586464,0.032851176679155714
Benin,2017,0.010384777481842633,0.0004325549897048475,0.055165625764750814
Benin,2018,0.04687296356432569,0.00914972052830798,0.06482523273633234
Benin,2019,0.05837765126644712,0.00730177078216343,0.06640259481423172
Benin,2020,0.15958067337932746,0.029779372056346176,0.03776573595925825
Bhutan,1991,0.2591217982115097,0.11578257334425945,-0.004087098043630277
Bhutan,1992,0.12687433104932566,0.14820633885825485,0.04498188615014698
Bhutan,1993,0.20187292832486037,0.10614235922568538,0.01966895718771866
Bhutan,1994,0.20979011410958037,0.06775166798007248,0.048328188186602006
Bhutan,1995,0.30477721341123853,0.09064064326737187,0.0683510951966575
Bhutan,1996,0.0857280290211051,0.08424935947266698,0.054158328631576325
Bhutan,1997,0.4633672088807934,0.06302632067630043,0.05234420816976737
Bhutan,1998,0.1305407361898716,0.10061960518358504,0.057457550154232706
Bhutan,1999,0.2779829034281107,0.0655723047447676,0.07681262080817675
Bhutan,2000,0.16019956198452334,0.03933725261905785,0.03300013988296158
Bhutan,2001,0.07559304937595002,0.03357779739704103,0.07072286817551543
Bhutan,2002,0.35848746935423037,0.02425697764556034,0.09933642465421144
Bhutan,2003,0.0495611390235311,0.025397813798839763,0.07498279318195245
Bhutan,2004,0.14991056765676447,0.0402388195409813,0.05028673291133856
Bhutan,2005,0.1221219901255104,0.05176317891510873,0.06705165557750092
Bhutan,2006,0.1711182098865045,0.048794491590787636,0.054874523088372484
Bhutan,2007,0.1113243383156508,0.05027583513344247,0.1493229047455067
Bhutan,2008,0.23246720366691775,0.07998572599313114,0.044298652194896704
Bhutan,2009,0.22987755375746133,0.04268702730041074,0.07387751775250706
Bhutan,2010,0.15395457156163417,0.06799862021640735,0.11272023092924144
Bhutan,2011,0.04295134343448481,0.08479128331618657,0.08148098194670439
Bhutan,2012,0.05628748044532372,0.10363594193720438,0.050358648947515405
Bhutan,2013,0.0367806143472329,0.08412406101795877,0.01721438259108865
Bhutan,2014,0.23043670435213315,0.0794677203029881,0.057146443552703374
Bhutan,2015,0.03813627343184933,0.04447748698695175,0.06448353170688392
Bhutan,2016,0.21134972527817908,0.03169135095546771,0.08135824252257251
Bhutan,2017,0.159797760790088,0.04836229807493986,0.020653688837903417
Bhutan,2018,0.06344754071940883,0.026875242206656935,0.034419512131833585
Bhutan,2019,0.11712925826429199,0.026899252986104294,0.05595631645025634
Bhutan,2020,0.24687289376861798,0.054766226421798514,-0.10779010272519329
Bolivia,1991,0.4103390895159933,0.19430834250879947,0.05132529722000356
Bolivia,1992,0.29619830313338724,0.11386714389990749,0.016330903745391367
Bolivia,1993,0.2904487315958413,0.08183688446959803,0.04180675220671404
Bolivia,1994,0.21681493073961633,0.07579410325735614,0.04561622877711358
Bolivia,1995,0.07378679489031015,0.09706506421241645,0.04572142800279266
Bolivia,1996,0.33531399109326543,0.11712047503827527,0.04268913307516087
Bolivia,1997,0.17365509481272312,0.04600958155190593,0.048353961837477755
Bolivia,1998,0.12595566620306897,0.07393079677177772,0.04906969419661067
Bolivia,1999,0.031794926696417036,0.021365290685396054,0.004259768515556317
Bolivia,2000,0.015411854408309722,0.04505204312813049,0.024768812701655207
Bolivia,2001,0.23128604282259957,0.015771511085100443,0.01669780375940988
Bolivia,2002,-0.05976592612553944,0.009239770064744413,0.02455178060413843
Bolivia,2003,0.13296417210102263,0.032827967224987376,0.026752341959056736
Bolivia,2004,-0.052436836928837494,0.04341747902412596,0.04088563015141844
Bolivia,2005,0.12967141076896738,0.05252822669926882,0.04326476653985978
Bolivia,2006,0.2099293885081508,0.04193237987524423,0.046855043731603985
Bolivia,2007,0.23854574777028859,0.08347320971282723,0.04463281309991274
Bolivia,2008,0.22067294017758954,0.13108800422052802,0.059668851091871034
Bolivia,2009,0.09647516921827659,0.03291679090497812,0.03301882473849105
Bolivia,2010,0.1189708622872665,0.024724573625392487,0.04043845785361455
Bolivia,2011,0.20674007439286157,0.09425930235543412,0.05073201510911929
Bolivia,2012,0.17704519194053603,0.04416618445287668,0.04995401597316729
Bolivia,2013,0.16643524516537767,0.05577902071026841,0.0657503936618582
Bolivia,2014,0.14534493289699668,0.05606460066573682,0.05316694831158841
Bolivia,2015,0.12345620245495681,0.039793725982339545,0.047429116265846005
Bolivia,2016,2.4909607471812478e-05,0.03559119516102616,0.04175519924192628
Bolivia,2017,0.09522069780640763,0.027836524394188267,0.04109593779697107
Bolivia,2018,0.04047488484986417,0.02246633013771593,0.028277243999848878
Bolivia,2019,-0.015738011442515187,0.01822830094639638,0.014954827313015784
Bolivia,2020,0.0887370330849322,0.009363447318052387,-0.13604276072000232
Bosnia and Herzegovina,2006,0.20393252159851372,0.059452793434399354,0.05272529704484441
Bosnia and Herzegovina,2007,0.18828301147462412,0.014896268682327296,0.0569389382014549
Bosnia and Herzegovina,2008,0.0398604254854078,0.07164176237346531,0.052989404544909746
Bosnia and Herzegovina,2009,0.02145735711924246,-0.0038219371304935024,-0.03050514193048315
Bosnia and Herzegovina,2010,0.06974587140871691,0.019765492954345376,0.008619418218174246
Bosnia and Herzegovina,2011,0.05637026075896401,0.036054648764350716,0.009549376320524772
Bosnia and Herzegovina,2012,0.03357795780983608,0.020318910861791828,-0.008252329528637858
Bosnia and Herzegovina,2013,0.07640922190540067,-0.0009308899819782113,0.023226745871294696
Bosnia and Herzegovina,2014,0.0704886854397806,-0.009012430766357049,0.011472418757875857
Bosnia and Herzegovina,2015,0.07678686537622426,-0.010414271102780148,0.04194900875030072
Bosnia and Herzegovina,2016,0.07986530468515696,-0.01596780961753641,0.03190806214417918
Bosnia and Herzegovina,2017,0.09075279989831486,0.008068693584105446,0.03192589122281575
Bosnia and Herzegovina,2018,0.08966927964239346,0.014071610268656443,0.03757516761527313
Bosnia and Herzegovina,2019,0.08482744749234072,0.005612044518794157,0.02844995877790879
Bosnia and Herzegovina,2020,0.07024642002301462,-0.010568611626455393,-0.03061482118575043
Botswana,1991,0.34760744265208743,0.11122841059437683,0.07193648750960335
Botswana,1992,0.12443419538242395,0.14986389665615008,0.028753334128602148
Botswana,1993,-0.1559046423399124,0.13392584401349605,0.018979808990447822
Botswana,1994,0.12053099446891125,0.10023368483559913,0.03563656846325003
Botswana,1995,0.11562148588293297,0.0999588677244394,0.0679428160228106
Botswana,1996,0.1720908912933048,0.09606315138833699,0.05666195742282909
Botswana,1997,0.25186887743255326,0.08360495169379378,0.0799740057809899
Botswana,1998,0.3323947265383289,0.06448913232412812,0.0044268230052111335
Botswana,1999,0.2337518087984627,0.07463701111390852,0.09228051046715535
Botswana,2000,0.013768457398761313,0.08251489681892599,0.01968199093937173
Botswana,2001,0.5446051569312296,0.06352898988997913,0.002502605366128563
Botswana,2002,0.2091526497257945,0.07726466749322913,0.0589246447466536
Botswana,2003,0.13378414359554824,0.08791840653027272,0.045220894752414864
Botswana,2004,0.10174161916810931,0.06715107703212642,0.026698615864745534
Botswana,2005,0.13455590496446845,0.0825953725624915,0.04455880222062447
Botswana,2006,0.08582818553274763,0.10934951812095584,0.08032455496153545
Botswana,2007,0.27353064212581657,0.06841535716043534,0.0563099696871987
Botswana,2008,0.19442251660897014,0.11957865272188872,0.032003122726269595
Botswana,2009,-0.013111910582406239,0.07721375948807996,-0.15250144442125801
Botswana,2010,0.10166839857307153,0.0671807453938138,0.0963979817758478
Botswana,2011,0.04344561205737918,0.08121007834581562,0.0661473249896467
Botswana,2012,0.09525590250693483,0.0726638827740631,-0.0017100322654783895
Botswana,2013,0.0809777255296531,0.05717970261314953,0.1052866747957033
Botswana,2014,0.0449093963764291,0.04308107057273425,0.05540768874381996
Botswana,2015,0.1812835035580278,0.03016087043594684,-0.04972951850262319
Botswana,2016,0.05250778668975897,0.027760661444446555,0.06956733753505873
Botswana,2017,0.026806933694082602,0.032547349244931745,0.04031990271198538
Botswana,2018,0.07990989868421394,0.03186696734357852,0.041033418935821686
Botswana,2019,0.07686919680199011,0.027351167486148853,0.029867234230213313
Botswana,2020,0.05725386402067656,0.018727139050700004,-0.0913357949847331
Brazil,1991,1.7944501585803163,1.6729508990029611,0.010268988843343152
Brazil,1992,2.9174370174511317,2.3532421354164237,-0.005455575134543977
Brazil,1993,3.520653898370899,3.009329801804474,0.04807266878009386
Brazil,1994,2.486890723900377,3.0800221327925272,0.05687992850796775
Brazil,1995,0.36673921329011705,0.5068599722795586,0.041370263076586866
Brazil,1996,0.27029354620601254,0.14632873027365445,0.021848220412984176
Brazil,1997,0.15908125318483002,0.0669734840479852,0.033384929440781974
Brazil,1998,0.11350142154236309,0.03145095558011546,0.0033752763600602975
Brazil,1999,0.16649145680275268,0.04744113558251861,0.004668461423136705
Brazil,2000,0.1798571663351396,0.06807109667146305,0.04294405601328677
Brazil,2001,0.32503427226220083,0.06616556264558016,0.013803259222818554
Brazil,2002,0.05962286005417994,0.08112056697828063,0.030077714736918892
Brazil,2003,0.17045346358315072,0.13727990573702886,0.01134370617722169
Brazil,2004,0.12722129186638398,0.06388691920231704,0.056001855743634366
Brazil,2005,0.16849561539737223,0.06643862612846174,0.03151932636304622
Brazil,2006,0.1549341114792675,0.04098423539659546,0.03885515316162724
Brazil,2007,0.1990145649639068,0.0357654524461557,0.058927847648572396
Brazil,2008,0.16451782490304723,0.05523216890318672,0.04968686152206914
Brazil,2009,0.14578446550664026,0.04772325997968174,-0.0012589121273585135
Brazil,2010,0.12855931242486918,0.04915892379858189,0.07258319286524184
Brazil,2011,0.15338976296027695,0.06425519621233278,0.03897475097867087
Brazil,2012,0.12404692298169095,0.05262564824334426,0.019029544084489203
Brazil,2013,0.09656112275075301,0.06019451207509885,0.029605623187062946
Brazil,2014,0.12143756801454941,0.061368252597207906,0.005026901336165679
Brazil,2015,0.10938312203751721,0.08645197994441745,-0.036101522183443535
Brazil,2016,0.10787457292089542,0.0837816493265322,-0.03330776496385113
Brazil,2017,0.04104785943976452,0.03388316055972407,0.01314195550234487
Brazil,2018,0.06863161583184407,0.03599291599108234,0.017679460868425423
Brazil,2019,0.07822192624332658,0.03664987495736316,0.012133864244898263
Brazil,2020,0.1572111767962916,0.031612691934581605,-0.0333164690367731
Brunei Darussalam,2000,0.3897477835340126,0.015461379233032702,0.034156723125025934
Brunei Darussalam,2001,-0.12704260146621138,0.005941220057435359,0.014554180418674179
Brunei Darussalam,2002,0.01867866566912113,-0.023421887655472595,0.03884986458999862
Brunei Darussalam,2003,0.039903738224676744,0.002995508979798167,0.03520718026957326
Brunei Darussalam,2004,0.14699374783328878,0.00810927075230694,0.0010448376929765857
Brunei Darussalam,2005,-0.04601688209187316,0.012367576453036655,-3.925393649595321e-05
Brunei Darussalam,2006,0.020947993627459027,0.0015976039344103299,0.04016654045878809
Brunei Darussalam,2007,0.06490865168301951,0.009631211816589769,-0.03836276322807208
Brunei Darussalam,2008,0.09147339608837868,0.02063542000798879,-0.039788268760872825
Brunei Darussalam,2009,0.09217441525683867,0.010303909353914342,-0.019185405271549882
Brunei Darussalam,2010,0.04695081347839647,0.0035623386506316024,0.02704461903450195
Brunei Darussalam,2011,0.09580907175815057,0.0013781655251641212,0.0367600560571546
Brunei Darussalam,2012,0.008950613059351298,0.0011170384941427969,0.009089913172932285
Brunei Darussalam,2013,0.014556231800749941,0.0038844960977177934,-0.02147681381644162
Brunei Darussalam,2014,0.03170335653995693,-0.0020732349843841646,-0.025398706393989556
Brunei Darussalam,2015,-0.017750258420960563,-0.004895437331237318,-0.003931555942603637
Brunei Darussalam,2016,0.014979928450891578,-0.002790823384827057,-0.025091348687951154
Brunei Darussalam,2017,-0.004425629222019722,-0.012685174157823553,0.013199764636812716
Brunei Darussalam,2018,0.02798003723381015,0.01019833765042577,0.000523573330088567
Brunei Darussalam,2019,0.04180352829798295,-0.0039128659768215,0.03795880537641949
Brunei Darussalam,2020,-0.004305969732079973,0.019217357687490555,0.011271965520325722
Bulgaria,1992,0.4165042961821648,0.6486618839539882,-0.07550389358673115
Bulgaria,1993,0.43098988204566524,0.5474205351323839,-0.014912793713246941
Bulgaria,1994,0.5736950975980761,0.6732369726472958,0.018016830946628204
Bulgaria,1995,0.3397810770002998,0.482764571502645,0.028559654222554798
Bulgaria,1996,0.8059811153077092,0.7957378046291463,0.05074437856817582
Bulgaria,1997,1.5072913752216976,2.4496020101236526,-0.15216542789306686
Bulgaria,1998,0.11114896149413411,0.1711949217535813,0.03719097152492523
Bulgaria,1999,0.12551879732329496,0.025404971669720222,-0.08769624006649224
Bulgaria,2000,0.2685016607608013,0.09818116484353023,0.044851230215783744
Bulgaria,2001,0.23077867790599527,0.07102623600772606,0.03752411749929152
Bulgaria,2002,0.11640109724068282,0.05647620461742875,0.05705998032063775
Bulgaria,2003,0.18402211525341627,0.023214854861898004,0.05104622354093635
Bulgaria,2004,0.2151754055230377,0.05965597157882474,0.06307268905972307
Bulgaria,2005,0.19468806016644535,0.049159982169934224,0.0681851335449366
Bulgaria,2006,0.23844455342255344,0.07010047439351919,0.0658119858998063
Bulgaria,2007,0.2722070226995541,0.08068128088126603,0.06442340130115909
Bulgaria,2008,0.08486171295639267,0.11643741604427849,0.05949041099107788
Bulgaria,2009,0.04087440689405142,0.02715983224713092,-0.034044404955036356
Bulgaria,2010,0.061137517076137016,0.02409722177107554,0.015433880548101797
Bulgaria,2011,0.11494632751219314,0.04133293724057108,0.020686306125107023
Bulgaria,2012,0.08095576937300919,0.029117620452740134,0.007460257071603138
Bulgaria,2013,0.08558826911129103,0.008861555589196435,-0.005442296354406295
Bulgaria,2014,0.011375331608281414,-0.014283361292098284,0.009449701509190334
Bulgaria,2015,0.08402433765267148,-0.0010468803981975583,0.03341111398621521
Bulgaria,2016,0.0733141987897099,-0.008018561774293609,0.029817297103576834
Bulgaria,2017,0.07423292005113069,0.020406329290592495,0.027089024369377768
Bulgaria,2018,0.08414163380488304,0.02775664280543122,0.023034185810047347
Bulgaria,2019,0.0942404398433574,0.03056537749376087,0.03723140553788795
Bulgaria,2020,0.10331591067038204,0.01658609675039635,-0.03183368805012421
Burkina Faso,1991,0.04369809931522539,0.02139548084617715,0.08681954946400694
Burkina Faso,1992,0.038802069970898856,-0.020112260462744835,0.002324404096970767
Burkina Faso,1993,0.07667862568686346,0.005519297850258731,0.03402826472866849
Burkina Faso,1994,0.257654907044504,0.2245655495952219,0.013064361106359001
Burkina Faso,1995,0.20095165155155215,0.07193775086735688,0.05558960371496369
Burkina Faso,1996,0.050454190883964856,0.059191165649748356,0.10449283415710653
Burkina Faso,1997,0.16321719908890842,0.02292217430623289,0.061253456856700694
Burkina Faso,1998,0.01039192555362689,0.049593017429374164,0.0705304054685989
Burkina Faso,1999,0.025240097143480966,-0.010784075960759587,0.07134565433189266
Burkina Faso,2000,0.07236843111413904,-0.003046758342947875,0.01870863586124827
Burkina Faso,2001,-0.03164472475065949,0.04886095126609735,0.06403907529835351
Burkina Faso,2002,-0.030650910459868896,0.021523643602046505,0.04260884990973679
Burkina Faso,2003,0.5251895082777089,0.020141449698583003,0.07513060662276771
Burkina Faso,2004,-0.04438528103535333,-0.004010317606153002,0.04381066450593707
Burkina Faso,2005,-0.024868649733999604,0.0621767360396932,0.08307079434259279
Burkina Faso,2006,0.09814086324646354,0.02306307648287209,0.06065440667332922
Burkina Faso,2007,0.07658503965342334,-0.002308936606477907,0.04029109218565097
Burkina Faso,2008,0.23875075713177196,0.10129042516303866,0.056380255374232746
Burkina Faso,2009,0.21069443442983982,0.02574743815094216,0.02918932485402337
Burkina Faso,2010,0.16514700419553563,-0.007671659418221566,0.08108476371750939
Burkina Faso,2011,0.1344004908760752,0.027223721250490662,0.06412496013050628
Burkina Faso,2012,0.14461880972012864,0.037470648091249004,0.06253030958801631
Burkina Faso,2013,0.10303620640993216,0.0053231917124190176,0.05631024444967281
Burkina Faso,2014,0.10451982516891434,-0.0025842314268880173,0.042358531342188144
Burkina Faso,2015,0.17743801803804615,0.007222246488588269,0.038463010724992586
Burkina Faso,2016,0.1103429339196822,0.004400717105159657,0.05787238336314715
Burkina Faso,2017,0.19126117002061704,0.014721100647800966,0.06018677925942839
Burkina Faso,2018,0.09931918122371286,0.019370602876533027,0.06395618662738656
Burkina Faso,2019,0.08704085413728535,-0.03286818240463685,0.05722312535811014
Burkina Faso,2020,0.1639776903384771,0.018671602293067302,0.01990823568081268
Burundi,1991,0.16553111539463572,0.0861496108461477,0.04876003464812584
Burundi,1992,0.05511250907860088,0.018069099460876092,0.010049319725844441
Burundi,1993,0.05781856934553531,0.09239089174164583,-0.06443186017421709
Burundi,1994,0.28550718386873086,0.138481252932821,-0.039052727224170525
Burundi,1995,-0.08306346479605153,0.17616307922516494,-0.08251242161516359
Burundi,1996,0.17178335144604873,0.23457224713782887,-0.08338160891667101
Burundi,1997,0.0810075068446352,0.27087860538951913,-0.01602776104527237
Burundi,1998,-0.00849565198466351,0.11778668689716376,0.046406372767343385
Burundi,1999,0.38923869257324384,0.033293801675969625,-0.010151351021001176
Burundi,2000,0.14448863622513386,0.21858939053030335,-0.008605562449730542
Burundi,2001,0.15196436030590732,0.08889132947741096,0.02034960618920323
Burundi,2002,0.26379094401081815,-0.013750912460734455,0.04350497845540957
Burundi,2003,0.2231321160607571,0.10117896624581091,-0.01231277161850386
Burundi,2004,0.09737279632477325,0.07859331357676913,0.047204696246705424
Burundi,2005,0.220992684560521,0.1244458556369179,0.008959741380408559
Burundi,2006,0.20425838806989205,0.027084092206398402,0.052723439119571225
Burundi,2007,0.04835660793346008,0.08076917780151405,0.03386498959144646
Burundi,2008,0.28995700060799123,0.21838786924623754,0.0479206615771659
Burundi,2009,0.15771771874566198,0.10034688817497539,0.03717126668822601
Burundi,2010,0.22295038414544166,0.06291156631472283,0.049682498998649294
Burundi,2011,0.06764829803078598,0.09159570841458464,0.039455569597752316
Burundi,2012,0.1490162284865093,0.1668782987306452,0.04328007035005399
Burundi,2013,0.11762040617018243,0.07638641380023259,0.04806537634727803
Burundi,2014,0.11507418982669648,0.04311075578857615,0.04157282966935938
Burundi,2015,-0.000640984713221826,0.05396426882704741,-0.004053460132720232
Burundi,2016,0.07042144981637932,0.05408743846178421,0.03150035994595157
Burundi,2017,0.23362544766111526,0.14887279313774826,0.03760265065417201
Burundi,2018,0.18123918661777338,-0.028550700736512447,0.052044337231130555
Burundi,2019,0.20335821351402217,-0.006891413041329564,0.043627738164186525
Burundi,2020,0.2159720526059914,0.07065514918964055,0.0030597522748934125
Cabo Verde,1991,0.0895341719391638,0.09121916311450295,0.013943801581920212
Cabo Verde,1992,0.2614242070489752,0.030690824629624025,0.10379811865674071
Cabo Verde,1993,0.6398861827237106,0.056270647878681856,0.08349806856171327
Cabo Verde,1994,0.1154010389049418,0.03393811486494158,0.17548693414479288
Cabo Verde,1995,0.13114996188041061,0.0802106164658749,0.13288299962413674
Cabo Verde,1996,0.11144448178910338,0.05792563806048978,0.10747699720774051
Cabo Verde,1997,0.09449271085297184,0.08209655936608762,0.10542634801621276
Cabo Verde,1998,0.019487967281058616,0.04300426858556161,0.11793667530199414
Cabo Verde,1999,0.15508226803470748,0.04264210107392952,0.10636384816120525
Cabo Verde,2000,0.12219904974211104,-0.025086621224863492,0.1335239949917124
Cabo Verde,2001,0.09275534592491397,0.03295075880609133,0.02207117518756263
Cabo Verde,2002,0.13296438014370082,0.018669967459217673,0.05117675370816954
Cabo Verde,2003,0.08249933994335379,0.011811670615761827,0.04091407980779849
Cabo Verde,2004,0.10059273729047646,-0.019089263375965615,0.09710014625742858
Cabo Verde,2005,0.14652049004601508,0.004180167043664085,0.06684016367381318
Cabo Verde,2006,0.16576343900132784,0.052299018748444226,0.07681057100079158
Cabo Verde,2007,0.10200974697779941,0.04316481956375462,0.1412450852231295
Cabo Verde,2008,0.0730133571687368,0.06554834356752615,0.06802317357460907
Cabo Verde,2009,0.034030752005637765,0.00986224262270241,-0.015150051913206397
Cabo Verde,2010,0.05264419978265522,0.02057355269470218,0.018197606114011222
Cabo Verde,2011,0.04482608341654526,0.043766934771666044,0.038496587704866414
Cabo Verde,2012,0.0611372857828556,0.02508664657484072,0.010778190891983286
Cabo Verde,2013,0.1080718042513844,0.01495307206164842,0.006301471234504419
Cabo Verde,2014,0.07173493590061497,-0.0023906367461510314,0.006942513289097008
Cabo Verde,2015,0.06050288813911919,0.0013110202275496974,0.009316729257278666
Cabo Verde,2016,0.0802540330517516,-0.014178201060528473,0.041916257931198686
Cabo Verde,2017,0.06302600062280206,0.007813547091573447,0.04450781570701423
Cabo Verde,2018,0.01384804551292973,0.012491610618208249,0.036399087870776725
Cabo Verde,2019,0.08110200814725133,0.01100587993112434,0.06717092526196922
Cabo Verde,2020,0.03705322216459095,0.006039682427511295,-0.23326050427387557
Cambodia,1995,0.36181208699919054,-0.008021529997959131,0.09443223908323617
Cambodia,1996,0.33962501111428267,0.06906757517802165,0.057301512110935704
Cambodia,1997,0.15350797364224178,0.07659258416951698,0.0392843753454315
Cambodia,1998,0.1460949021064124,0.13807794737095325,0.04575348291898962
Cambodia,1999,0.15931115967513776,0.03929962370214479,0.1196069813716214
Cambodia,2000,0.23821328780130457,-0.007951454485969123,0.09525181740055544
Cambodia,2001,0.18668137905921256,-0.006024594480874335,0.07129418750001904
Cambodia,2002,0.2707119666391087,0.002112432921894225,0.060766473450037495
Cambodia,2003,0.14351521548101331,0.009373393345827097,0.0978857810681859
Cambodia,2004,0.24957983594886812,0.04228655456217911,0.09036793985891833
Cambodia,2005,0.14683704199260816,0.06405645921454006,0.12489840646597372
Cambodia,2006,0.34036401372761205,0.05648132554458041,0.10384961543624271
Cambodia,2007,0.4814163608456674,0.08350281648537994,0.09892598128274344
Cambodia,2008,0.053029204195432555,0.21589213870172408,0.07210078686300037
Cambodia,2009,0.30441214863505905,-0.012494912730548258,0.03993947887536464
Cambodia,2010,0.1930958644012044,0.039186051793662635,0.0495224524789144
Cambodia,2011,0.038624288416979624,0.05333645692236999,0.07033411424736613
Cambodia,2012,0.3322509813161112,0.02892089098388606,0.0737174212723346
Cambodia,2013,0.19739612751515878,0.02899189493406773,0.07564072319084048
Cambodia,2014,0.27381155465183227,0.03783214005327995,0.07696401100380612
Cambodia,2015,0.15697969380774524,0.012165024677745606,0.06959168293300877
Cambodia,2016,0.19062018161761074,0.029744607807655754,0.0760856688624365
Cambodia,2017,0.20817586205982508,0.028710244004368946,0.0776556068635692
Cambodia,2018,0.23547719231002873,0.024293363669926293,0.08412259295522517
Cambodia,2019,0.16680434627080842,0.019239478643336305,0.0763770756233555
Cambodia,2020,0.14225663041000303,0.028978975365099302,-0.036204773788249156
Cameroon,1991,0.014678453943268721,0.0006003330690411701,-0.038830222881582444
Cameroon,1992,-0.1829673462801722,-0.0001605633483219293,-0.0314907002267617
Cameroon,1993,-0.09682382451662264,-0.032590906489462945,-0.08264347462803556
Cameroon,1994,0.23539565463861578,0.3008040651396495,0.01859414468693643
Cameroon,1995,-0.0635213050302994,0.0868168563311853,0.028529159500532586
Cameroon,1996,-0.10648588856168928,0.038490289992855864,0.04128657921956602
Cameroon,1997,0.1703978112502682,0.04675226829428247,0.044278227017674254
Cameroon,1998,0.07486304363142793,0.03121521462181409,0.046172787998596476
Cameroon,1999,0.12484161454796805,0.01854443420821461,0.04412505393388244
Cameroon,2000,0.17507620723549877,0.01219721194958101,0.03760804614212532
Cameroon,2001,0.01365419920443145,0.043248862896091644,0.04233375867404021
Cameroon,2002,0.19205389554677765,0.02794996119016524,0.043797022336615754
Cameroon,2003,0.019287005580768124,0.006212299222598361,0.0530966274483653
Cameroon,2004,0.0718621009665128,0.002333748490017662,0.06811520609144495
Cameroon,2005,0.055000778266361294,0.019935358700309713,0.022038070058989945
Cameroon,2006,0.07814471605821893,0.04990932967187778,0.03738810491040212
Cameroon,2007,0.13864700151482623,0.00917183231417873,0.0423656569534927
Cameroon,2008,0.13060101424362003,0.052002202677293496,0.02807885221098516
Cameroon,2009,0.0791024717543003,0.029982192981558242,0.025465501906534627
Cameroon,2010,0.12934116647209848,0.012673159819584612,0.028577978879102517
Cameroon,2011,0.0964946880579447,0.02897318869709853,0.03323370447096252
Cameroon,2012,-0.0005891993054127909,0.026985560071466352,0.04522169734979542
Cameroon,2013,0.10836351709241043,0.02029610531996262,0.04874758384678657
Cameroon,2014,0.1243678565226709,0.018379050802294294,0.05562218359036919
Cameroon,2015,0.08436800703060499,0.026410505086741587,0.05512200887393348
Cameroon,2016,0.04879956826952636,0.008703914629677456,0.04435935534895563
Cameroon,2017,0.05289869557191196,0.0063836724355255114,0.0347991886552137
Cameroon,2018,0.13048299400530539,0.01063186205434441,0.03879287394044795
Canada,1991,0.03809456351771345,0.05473308035098068,-0.02113227288211661
Canada,1992,0.06204459593221756,0.01479139499730131,0.008865249101742023
Canada,1993,0.018871753486706666,0.01847900036567207,0.026230034206253805
Canada,1994,0.045265612220180884,0.0016542600960267606,0.04395993925307451
Canada,1995,0.0471696656318592,0.02125999942684942,0.02646984435203592
Canada,1996,0.039655592299745024,0.01558325910265701,0.01674856864821095
Canada,1997,0.04279243129410659,0.01608215000199209,0.04191100296290173
Canada,1998,0.02391710101193567,0.009910156349727473,0.03819024532140958
Canada,1999,0.0522344195548996,0.017199663612476712,0.050132154128007755
Canada,2000,0.06413183671124045,0.026831201805905813,0.05010871526408067
Canada,2001,0.8110680012443972,0.024937657099139088,0.018577348585576914
Canada,2002,0.026208785705680526,0.02233270247858332,0.02955157260549157
Canada,2003,0.005093676460539598,0.02721200419400116,0.017902638391486647
Canada,2004,0.05319101743012311,0.018402222859736916,0.03045513675276723
Canada,2005,0.09207943147527686,0.021894086066799545,0.03159996416349031
Canada,2006,0.11760072642191233,0.0198224839161103,0.02603750050670328
Canada,2007,-0.29505164304334386,0.02115841361288684,0.020291768796653287
Canada,2008,0.13908143487321922,0.023426159019832582,0.009904847651899473
Central African Republic,1991,-0.04333816034960236,-0.028012335547415557,-0.005540751704856461
Central African Republic,1992,-0.03400519979854977,-0.010389869414535013,-0.06639708131866229
Central African Republic,1993,0.12061687065130755,-0.02958699511668872,0.0033471488884799783
Central African Republic,1994,0.57953725409795,0.21970575869136377,0.04783684714522707
Central African Republic,1995,0.041864741877528644,0.1755436718522736,0.06952648762537095
Central African Republic,1996,0.0475067503507951,0.03657241241441511,-0.040822962892058
Central African Republic,1997,-0.08039972444521837,0.01598469608306541,0.051642625537798637
Central African Republic,1998,-0.17611022895322037,-0.01903197413373281,0.04593029176134067
Central African Republic,1999,0.10494318098474409,-0.014242973301976214,0.035366901600990985
Central African Republic,2000,0.023508387001761832,0.03153162112520924,-0.025209428629732855
Central African Republic,2001,-0.020089737769318106,0.03763157231424241,0.043679402891346086
Central African Republic,2002,-0.052151586207127565,0.023050455575249096,0.03552680475398873
Central African Republic,2003,-0.0794734984834875,0.04051515434411801,-0.05548612697025135
Central African Republic,2004,0.12287550815573312,-0.020880549361384837,0.05822064495920287
Central African Republic,2005,0.16791815984793956,0.02842729566518365,0.009041110854461465
Central African Republic,2006,-0.04702299183708547,0.06480659136978684,0.04660764544950169
Central African Republic,2007,-0.0651828696070531,0.009553396832381544,0.04504539798639229
Central African Republic,2008,0.16913542632144285,0.08855057592818127,0.020333182232938896
Central African Republic,2009,0.11074652309692112,0.034606838202392076,0.08238390732324419
Central African Republic,2010,0.14953302396266466,0.014800172134525447,0.04526795353076096
Central African Republic,2011,0.12922107968183028,0.011873981672731126,0.04109026577153685
Central African Republic,2012,0.015433204597361083,0.05333502010919844,0.0493020450747963
Central African Republic,2013,0.0546417940857431,0.06755390859347798,-0.452430577346032
Central African Republic,2014,0.13610238854813872,0.1388805469277239,0.0008103767093459169
Central African Republic,2015,0.0517619345585878,0.013932196370847194,0.042457019028837806
Central African Republic,2016,0.055908411386127455,0.04827034109496964,0.046409397546799624
Central African Republic,2017,0.09806105194594394,0.040956929275797194,0.04427788688845169
Central African Republic,2018,0.13145253686059277,0.01599299622974204,0.03719408008018732
Central African Republic,2019,0.08541031679657607,0.026499501647747614,0.030529205034817153
Central African Republic,2020,0.10858651889660464,0.016956980272957445,0.008959741340326843
Chad,1991,0.03314103782104283,0.03143931190927418,0.0819037793962849
Chad,1992,-0.0856466890755776,-0.031625151594785184,0.07697440540202649
Chad,1993,-0.33264400666608296,-0.08804391154111402,-0.17090501871514618
Chad,1994,0.27337313772737915,0.3487176491307551,0.09655383915449889
Chad,1995,0.39709377374465404,0.08828854936978736,0.012289664934076683
Chad,1996,0.2463019942903557,0.10733647232055521,0.02190309655266276
Chad,1997,-0.041850980870776766,0.05422543401848401,0.05499366670197858
Chad,1998,-0.08031968569928694,0.04170657374627851,0.06720602186687685
Chad,1999,-0.034319928901144436,-0.08365403329618104,-0.0068519230911476825
Chad,2000,0.17761913547967723,0.037513495925971085,-0.008835730597361646
Chad,2001,0.21652278929128244,0.11717206263254099,0.11027164817222612
Chad,2002,0.19418402191895368,0.050615344675136065,0.08149896821928238
Chad,2003,0.005793875368720336,-0.01768108736171836,0.13733872190207919
Chad,2004,0.03027439826585976,-0.05504136531016801,0.28989990013170086
Chad,2005,0.2846478632888747,0.07594539289770985,0.15984188616310746
Chad,2006,0.4046362359000746,0.07729699376729116,-0.005443082439633429
Chad,2007,0.05509885483923327,-0.09403313139888336,0.04114361494267982
Chad,2008,0.23397306640865168,0.09800632214504201,0.03034674744592536
Chad,2009,-0.047560573784018345,0.09487756721816254,-0.014182930207489619
Chad,2010,0.22591430586589567,-0.020997571571269802,0.12816299719019142
Chad,2011,0.13293272615784701,0.020089258142878208,0.04397314923945217
Chad,2012,0.1261526460954201,0.07247528819769133,0.08674454401823795
Chad,2013,0.08294804898448405,0.00222424018903844,0.027986841607997803
Chad,2014,0.23487479709716652,0.01667984608697548,0.020418425334781887
Chad,2015,-0.0481488237776162,0.04284037207146962,0.03250745842252911
Chad,2016,-0.08004830625909065,-0.007955970217975228,-0.04209888571877585
Chad,2017,-0.04463143184894136,-0.01549035474686189,-0.016306930491538196
Chad,2018,0.00648853210029543,0.04185782892512435,0.05582361713333128
Chad,2019,0.20458029905243436,-0.009766933343255957,0.05242945798504195
Chad,2020,0.16159505688715825,0.043673710484726236,-0.003944234105798472
Chile,1991,0.2388130506251258,0.19708218431452806,0.07470109951225368
Chile,1992,0.23174785540479803,0.143457769332191,0.10887172706715731
Chile,1993,0.21943669157917967,0.11980558402886432,0.0647158591697945
Chile,1994,0.11037341707503145,0.10834413703005419,0.049521361033871614
Chile,1995,0.21791008540516899,0.07911270927746594,0.08851832709715879
Chile,1996,0.18310524420968832,0.07100927015501846,0.0687315551995269
Chile,1997,0.21887326802717766,0.059530985365372935,0.07131307756457517
Chile,1998,0.12481613334409403,0.04983960897788542,0.04095849682266106
Chile,1999,0.12208326308931916,0.03282413683355134,-0.0027400645323929496
Chile,2000,0.08702686487267997,0.03771258570310909,0.048519856099463965
Chile,2001,0.602063751444355,0.03506884191740767,0.031053169822769178
Chile,2002,0.059015447928238984,0.024589174718975926,0.031525790094651285
Chile,2003,-0.005136694114824536,0.027714177281453978,0.046150925093368045
Chile,2004,0.091241278278261,0.010492151507538239,0.06460965143489616
Chile,2005,0.10608506723579225,0.030069120685366713,0.05673042072286094
Chile,2006,0.1755183975740593,0.033357571336143366,0.05874040851283269
Chile,2007,0.17188883649557596,0.04313419341314528,0.050391081876416166
Chile,2008,0.00236235214910252,0.08357126327317488,0.0371935907586014
Chile,2009,-0.04811887490079414,0.0035242343679380284,-0.011243342520508293
Chile,2010,0.07431361196254826,0.014008531538488356,0.05686840922494696
Chile,2011,0.20601121072134276,0.03286611290566377,0.060378914316032706
Chile,2012,0.09804076327240097,0.029631114210760146,0.05973330724116721
Chile,2013,0.11103022474377156,0.017737315024402456,0.03254955119008329
Chile,2014,0.08381269545752446,0.0461072854050677,0.0177677099358462
Chile,2015,0.0875666770716137,0.04256869406087915,0.02129115124560954
Chile,2016,0.04785465480649975,0.03716276586750933,0.017378502744403335
Chile,2017,0.005544810163634395,0.021592382264961962,0.01348561272446247
Chile,2018,0.04093788954781985,0.024057189420410907,0.03912483815261325
Chile,2019,0.11475672499908285,0.02525386732120527,0.006323638921589492
Chile,2020,0.1316038289077497,0.030000363457904022,-0.06340289731969762
China,1991,0.2364869965811529,0.03494896425220562,0.08949057075279043
China,1992,0.2684967373459237,0.06160279116099998,0.13365298056184471
China,1993,0.3830135524538072,0.13636556063545635,0.13040594612681033
China,1994,0.2738376886416134,0.21718173273302366,0.12286086972473953
China,1995,0.25820966298469017,0.15521775457265719,0.10465557665316894
China,1996,0.22532642150794402,0.07985647761631132,0.09509379203540291
China,1997,0.18836419384788172,0.027483495478651143,0.08881317927598786
China,1998,0.1389298577287228,-0.0077619059194198314,0.07622736538906594
China,1999,0.13685753480652707,-0.014113860421719693,0.07452291445018133
China,2000,0.11622432799801174,0.0034720776248988727,0.08237627832991379
China,2001,0.1401306874740058,0.007165522307619021,0.07985166361885021
China,2002,0.12345966004974329,-0.0073466295409456706,0.08840817262476008
China,2003,0.1759661258999401,0.011212934298185928,0.09638408354515349
China,2004,0.1387781554909857,0.03753311140687199,0.09650407921452953
China,2005,0.15479320817863496,0.01760820245009942,0.1084797917494491
China,2006,0.19980219994850046,0.016359756378109935,0.11933449965145826
China,2007,0.15474080210129415,0.04704356998800652,0.13234305991554507
China,2008,0.1636322237393486,0.05756348361976649,0.09230791283520645
China,2009,0.2501614806791892,-0.007308293144978606,0.08986538128013422
China,2010,0.17351888179395303,0.03125953723650987,0.10071619526411979
China,2011,0.15976037135588683,0.05405152672940616,0.09040120399336615
China,2012,0.13445791841294863,0.02585802422415817,0.07562843389230522
China,2013,0.1274156237541959,0.025872891567330747,0.07491008839251379
China,2014,0.10446754230097355,0.019034112730033748,0.07196618278078404
China,2015,0.12524933065999733,0.01426796485160775,0.06746031129764773
China,2016,0.10735659273271381,0.019802645158140564,0.06555883445683364
China,2017,0.07797698749743631,0.015805787825988737,0.06664192956709769
China,2018,0.06757510940988709,0.020535597819948848,0.06538239624044095
China,2019,0.08509710398477921,0.028580014293435596,0.058914947985250876
China,2020,0.09543346596904456,0.02390617557204866,0.02313225861037438
Colombia,1991,0.28398343709192986,0.26534305795705393,0.019818387913055346
Colombia,1992,0.3295359433153031,0.23910057116792816,0.03965263370194094
Colombia,1993,0.3293759329885191,0.20247120600609092,0.05245401491136903
Colombia,1994,0.3766188334552538,0.2057633203687339,0.05651890518850422
Colombia,1995,0.24867762840820262,0.18972568694214864,0.05071628508116888
Colombia,1996,0.19085142459562832,0.18894602905243918,0.02035007264485955
Colombia,1997,0.21415242927465528,0.16948976124781723,0.033727708785427524
Colombia,1998,0.10758182957607332,0.17123516192223054,0.005681669587545457
Colombia,1999,0.11241271417417309,0.10322141318030909,-0.0429494146500744
Colombia,2000,0.03583469227299574,0.08824297662966796,0.028829035849796014
Colombia,2001,0.17886335819938637,0.07664210975559005,0.016639771008716053
Colombia,2002,0.045045115689891446,0.061579528456532806,0.02473144565681551
Colombia,2003,0.10007513545411584,0.06887089125557377,0.038434557129225055
Colombia,2004,0.176377050776658,0.05736302676246652,0.05195678387190483
Colombia,2005,0.1624034907508829,0.04927594736620833,0.04715798629854362
Colombia,2006,0.16508713149868015,0.04203812164617915,0.06500905446731053
Colombia,2007,0.160350715882565,0.0539613880105172,0.06520887162974631
Colombia,2008,0.16959068939871003,0.06762953548503692,0.03230692740420338
Colombia,2009,0.07747836845794609,0.0411660947877488,0.011332035715458488
Colombia,2010,0.10847462512153072,0.022465766998596592,0.04396577378245681
Colombia,2011,0.17331290918691167,0.03358015669554604,0.06717153903036888
Colombia,2012,0.14903712562890092,0.031201160486979518,0.03838031942099818
Colombia,2013,0.12869918232170363,0.019969204040177324,0.050065479370680066
Colombia,2014,0.08792751025666234,0.02857616308178912,0.044007603087660385
Colombia,2015,0.10814559758526343,0.04869331336998073,0.029130568574977644
Colombia,2016,0.06940075689764313,0.07244586533457831,0.020658951738155906
Colombia,2017,0.06569195962706686,0.04223839821350239,0.01350204443947689
Colombia,2018,0.04981036776270287,0.031891703466504495,0.025319969739030057
Colombia,2019,0.0848158327101487,0.03462381094865119,0.03137128871895101
Colombia,2020,0.11963324742560388,0.024952432501055277,-0.0745717704042157
Comoros,2001,0.42075011065836065,0.05405811126405702,0.052778388411155674
Comoros,2002,0.10670781449043787,0.03472062352784455,0.04495121083357034
Comoros,2003,-0.020891572690899807,0.03728693467292565,0.01915955903420752
Comoros,2004,-0.029355629858681453,0.0437775542988037,0.030533202155805128
Comoros,2005,0.06820486871802345,0.029688152618930097,0.05510544173009535
Comoros,2006,0.1178202914955051,0.03318681112121169,-0.017700196257834477
Comoros,2007,0.09128658656082322,0.04369307319603344,0.008003881196508189
Comoros,2008,0.10914054012336294,0.01686480398717638,0.0388803782143583
Comoros,2009,0.12526373342289077,0.04269877587910553,0.031892019771699864
Comoros,2010,0.17741007168715228,0.0329971339450319,0.037082666731535596
Comoros,2011,0.0914097299890031,0.018258916854393625,0.040600191928177765
Comoros,2012,0.14834381532393337,0.06123379626165981,0.03119199480377688
Comoros,2013,0.028097847322918312,-0.04389831859168325,0.04369304062014123
Comoros,2014,0.0778582466087876,0.07276292461311851,0.020847857378434753
Comoros,2015,0.1579462418852522,-0.0011724258645902097,0.011409404441582893
Comoros,2016,0.09766781760367493,0.007943540684070882,0.032664652534162286
Comoros,2017,0.018004858706746063,-0.0023764437484983247,0.0374470460661982
Comoros,2018,0.08131728040482855,0.021287317187995924,0.03577821642113577
Comoros,2019,0.057388331250106006,0.035194691175643555,0.017453808691559658
Comoros,2020,0.12130592547424612,0.007835640326867122,-0.0019576895926114446
"Congo, Dem. Rep.",1991,3.2142922007874826,3.1154852906835657,-0.08796876058017489
"Congo, Dem. Rep.",1992,3.662137287242879,3.7445908154012937,-0.11093165640167868
"Congo, Dem. Rep.",1993,3.385448996224736,3.0382670860779193,-0.14466803879734869
"Congo, Dem. Rep.",1994,4.258293159330574,5.475338725999689,-0.03978083674570598
"Congo, Dem. Rep.",1995,1.5208958501848873,1.8592761812104275,0.006975602115712576
"Congo, Dem. Rep.",2000,7.430851616405604,1.8146730103674777,-0.0716133804145258
"Congo, Dem. Rep.",2001,0.3466149242330765,1.525918498923448,-0.021225403816711008
"Congo, Dem. Rep.",2002,0.3252849027616378,0.27400838170354636,0.029051539465708487
"Congo, Dem. Rep.",2003,0.2603292130439385,0.12110166263944011,0.05427814723751467
"Congo, Dem. Rep.",2004,0.5980352763628787,0.039166711773691354,0.06521055089912764
"Congo, Dem. Rep.",2005,0.2097809435386111,0.19323525780468298,0.059543106888671815
"Congo, Dem. Rep.",2006,0.44807952238159743,0.12268385123556236,0.04982719133606395
"Congo, Dem. Rep.",2007,0.4093692272955707,0.1565344135112614,0.08185579911346252
"Congo, Dem. Rep.",2008,0.4385792479694146,0.15957637326762342,0.07140604228379743
"Congo, Dem. Rep.",2009,0.4460569700301136,0.0276151670329714,0.005638887126533376
"Congo, Dem. Rep.",2010,0.29835702087321536,0.06859279146561548,0.0755063523106152
"Congo, Dem. Rep.",2011,0.19471820856922406,0.1425104739943608,0.07318835212448604
"Congo, Dem. Rep.",2012,0.187894398672519,0.09277814110487093,0.08313263911757574
"Congo, Dem. Rep.",2013,0.17176921912495402,0.008049744709610174,0.09189060145204664
"Congo, Dem. Rep.",2014,0.1368037435957028,0.012353766006494737,0.07047968904028679
"Congo, Dem. Rep.",2015,0.08970778368789922,0.00741443496544214,0.06165691293020714
"Congo, Dem. Rep.",2016,0.19700407114705598,0.02844994567659409,0.003930593069664923
"Congo, Rep.",1991,-0.04920357143199183,-0.016925935777256207,0.023671285872836734
"Congo, Rep.",1992,0.08446316188280889,-0.040150013066089674,0.025784192749558343
"Congo, Rep.",1993,-0.30870077000402674,0.04806289141010245,-0.009845136794577769
"Congo, Rep.",1994,0.24837313905176472,0.3537483909905297,-0.0564970816373922
"Congo, Rep.",1995,-0.0005149880473283019,0.09000529223248588,0.03907959144714468
"Congo, Rep.",1996,0.1458022034279054,0.09559305190088008,0.04200991163081014
"Congo, Rep.",1998,-0.1367698787096714,0.13266189527181638,0.03669399262229689
"Congo, Rep.",1999,0.18124944814951505,0.040591613163776685,-0.02616123390782832
"Congo, Rep.",2000,0.4607229086037208,-0.008859040848726352,0.07302720629266446
"Congo, Rep.",2001,-0.3459504221618097,0.000559742533056351,0.03732085089519899
"Congo, Rep.",2002,0.1194282488220253,0.04285601778264425,0.04480002424415375
"Congo, Rep.",2003,-0.01763532555599312,-0.006338495761938567,0.008099749050799687
"Congo, Rep.",2004,0.18217961499812674,0.024007168748068963,0.03417561978699979
"Congo, Rep.",2005,0.29426936569532813,0.030475761458940376,0.07469698915975798
"Congo, Rep.",2006,0.38593762140596155,0.06333007832392479,0.07683361045554449
"Congo, Rep.",2007,0.15327722285111278,0.02620022143641787,-0.0684286892863426
"Congo, Rep.",2008,0.2849416688515731,0.04839723860554379,0.06115507833105127
"Congo, Rep.",2009,0.04792724200594023,0.04320319319541621,0.11008493773427475
"Congo, Rep.",2010,0.2772219183720779,0.003907605467856179,0.09468512477954505
"Congo, Rep.",2011,0.3223265738502903,0.01744285544629154,0.02181940950607597
"Congo, Rep.",2012,0.1811591298735955,0.04888718547551729,0.09482963838620506
"Congo, Rep.",2013,0.010493965014237716,0.04527557807228444,-0.007149843844000969
"Congo, Rep.",2014,0.12931957251251447,0.009080046775228112,0.06434536569630112
"Congo, Rep.",2015,-0.12231346795113751,0.031199183919426332,0.004143335132706483
"Congo, Rep.",2016,-0.162894322219433,0.031407207423946204,-0.09085778427478886
"Congo, Rep.",2017,-0.12281104427540157,0.004490540646324703,-0.05757375122458086
"Congo, Rep.",2018,-0.06197974007925211,0.011461850938384366,-0.023312822401713618
"Congo, Rep.",2019,0.13102126781926415,0.02182091328231195,0.011181987100297164
"Congo, Rep.",2020,0.1320047985132824,0.017794450206971568,-0.06472811009116697
Costa Rica,1991,0.29022578727700576,0.252386120030359,0.02240370198772368
Costa Rica,1992,0.2164257919099768,0.19713766083030926,0.08802098471461761
Costa Rica,1993,0.14090182401545448,0.09329543140601704,0.06856656553811646
Costa Rica,1994,0.19870708123769631,0.12693629405681417,0.04419895856650413
Costa Rica,1995,0.04580930723732024,0.20852926584464848,0.04069993628744939
Costa Rica,1996,0.3892461043588611,0.16136561077374312,0.013414220608510163
Costa Rica,1997,-0.6064737178938344,0.12441030740135428,0.05331482459501302
Costa Rica,1998,0.18490649724567376,0.11028208282147345,0.06910907813488976
Costa Rica,1999,0.2634982836277011,0.09572174718293569,0.04128407498853193
Costa Rica,2000,0.21540308958338272,0.10401355584888261,0.037957589686460125
Costa Rica,2001,0.9337014138667392,0.10666021206847187,0.03431610804726759
Costa Rica,2002,0.17633986744781893,0.08771340162599683,0.03359797737563497
Costa Rica,2003,0.22055393197669915,0.09027553555443024,0.04226587833521478
Costa Rica,2004,0.2053396495037596,0.1161355906338315,0.04329509002385379
Costa Rica,2005,0.2443290341757809,0.12925735238361735,0.038996326135976034
Costa Rica,2006,0.20502141582489486,0.10859066443970367,0.07070722517928019
Costa Rica,2007,0.18615945124497912,0.08944981009858033,0.07895102261899112
Costa Rica,2008,0.20296447841265675,0.125966910000197,0.046293477444486086
Costa Rica,2009,0.08838810400114738,0.07550351350495799,-0.008772929284667441
Costa Rica,2010,0.009368833614910699,0.05508229933344033,0.052216131942198984
Costa Rica,2011,0.0529099580588408,0.047627567756111766,0.0430897499193037
Costa Rica,2012,0.09470013716515169,0.04397337388208644,0.04767137103236507
Costa Rica,2013,0.09184208864548538,0.0509909420302499,0.02464154896566484
Costa Rica,2014,0.13338151316493807,0.04420061002325504,0.03480820269411922
Costa Rica,2015,0.039497776507658955,0.007987832204871204,0.03586972956653156
Costa Rica,2016,0.030394180773964052,-0.00017480378320033907,0.041183432410598186
Costa Rica,2017,0.015356954998381411,0.016128306119692404,0.040735900856805785
Costa Rica,2018,0.021361810570834194,0.02196807137462997,0.02582274842270138
Costa Rica,2019,0.039596809166685176,0.020743815154392387,0.023887525840109447
Costa Rica,2020,0.16362252156718426,0.007222966241884343,-0.04367349704218171
Cote d'Ivoire,1991,0.0011545142121036633,0.016693372084099156,0.0004091679966116146
Cote d'Ivoire,1992,-0.011925474880566611,0.04144308635829885,-0.0024486014862077354
Cote d'Ivoire,1993,-0.013716500013373434,0.021416173259550142,-0.0019267058923944091
Cote d'Ivoire,1994,0.3837902441960068,0.23175890827595236,0.008079340849739935
Cote d'Ivoire,1995,0.16620710535845262,0.13361324377007655,0.06883314286220354
Cote d'Ivoire,1996,0.0385148397061883,0.024505343269986213,0.07445166769022293
Cote d'Ivoire,1997,0.07869928283485095,0.0394210136046258,0.09211271013734645
Cote d'Ivoire,1998,0.058430039624632,0.0450828012907003,0.04175505614880848
Cote d'Ivoire,1999,-0.016969761514822324,0.006999206367312993,0.01160104670171691
Cote d'Ivoire,2000,-0.017741075853894728,0.02499281306111456,-0.00266143309598732
Cote d'Ivoire,2001,0.044564385466038914,0.04269092672265362,-0.021775499535323206
Cote d'Ivoire,2002,0.2606613518297003,0.030308665214059616,-0.027684981626983074
Cote d'Ivoire,2003,-0.3240603139287437,0.03243628423631861,-0.04841183490119505
Cote d'Ivoire,2004,0.07295232074749691,0.01447461898767699,0.03135367811636769
Cote d'Ivoire,2005,-0.0017694901880709324,0.03812232552008332,0.009911375290990065
Cote d'Ivoire,2006,0.1236830155971802,0.024372478289138577,0.027766698280359492
Cote d'Ivoire,2007,0.2787881055476582,0.01874330458347373,0.010954082054404068
Cote d'Ivoire,2008,0.07711756466431652,0.061175319016313345,0.04671817125264255
Cote d'Ivoire,2009,0.19202255695216053,0.010143426835783842,0.035399204777679216
Cote d'Ivoire,2010,0.17496466270342736,0.012189960824001034,0.06623754010336924
Cote d'Ivoire,2011,0.10450231546280975,0.047955853853397734,-0.05520036167594711
Cote d'Ivoire,2012,0.04741677540814493,0.012960757336728967,0.0734401441624648
Cote d'Ivoire,2013,0.10741987347411097,0.02548420527165618,0.10219743657361491
Cote d'Ivoire,2014,0.13258663140852178,0.004476784995301131,0.08958472921548122
Cote d'Ivoire,2015,0.16682452511464518,0.012437330237677457,0.06947894798725684
Cote d'Ivoire,2016,0.1047065169368473,0.0072057606122006845,0.0692719225178493
Cote d'Ivoire,2017,0.08795047855599236,0.006835396014670536,0.07149019987360106
Cote d'Ivoire,2018,0.12572215058771263,0.004004947652760826,0.04729520020928035
Cote d'Ivoire,2019,0.1022043726437829,0.007877446407492883,0.06505124913119786
Cote d'Ivoire,2020,0.1914525347835756,0.023838845033480993,0.006972918534124517
Czechia,1994,0.18570139540991804,0.09566856862213458,0.028677923936797356
Czechia,1995,0.25699223659633574,0.08609075314770731,0.060355465490189886
Czechia,1996,0.06242282759271234,0.08396216788687472,0.04084040333468053
Czechia,1997,0.016507114510748266,0.08246583108031302,-0.005976206141756535
Czechia,1998,0.033073179527487895,0.10163888873483184,-0.003939250607185585
Czechia,1999,0.02590265055161467,0.02112967230559093,0.013689476176089954
Czechia,2000,0.14842722707011902,0.03705864961124661,0.03932330039087617
Czechia,2001,0.10601315366452013,0.04557237902708966,0.028754785213216394
Czechia,2002,-0.11757029046427903,0.01885100769091963,0.015021209528974566
Czechia,2003,0.06358428720540488,0.0011866876628587875,0.03247529109804148
Czechia,2004,0.07100959278762886,0.027227035461990567,0.04627595568810605
Czechia,2005,0.10433458323714717,0.018400643908864645,0.06180067221791319
Czechia,2006,0.1217803439107108,0.025024192572008275,0.06413068478151729
Czechia,2007,0.1494313410769159,0.02813180759902867,0.053434846168340044
Czechia,2008,0.12739208328911644,0.06164681732853339,0.02578731145278823
Czechia,2009,0.0021309934843003475,0.010142167434446847,-0.04917264105631247
Czechia,2010,0.01859078347801102,0.014619879567870697,0.02678471626406065
Czechia,2011,0.02717197768666324,0.018990720694637808,0.01756857339414708
Czechia,2012,0.04679118427201345,0.032347367529286686,-0.00773653184076295
Czechia,2013,0.05647701117435844,0.01428052491040166,-0.0004182115987241275
Czechia,2014,0.05751350171750502,0.0034339830219165535,0.022203783375207564
Czechia,2015,0.07650651922064355,0.0030888700103046673,0.04839731071886533
Czechia,2016,0.06323571155865793,0.006811789090355624,0.025481278479595915
Czechia,2017,0.09855125548815025,0.02420990083160479,0.050441802317998
Czechia,2018,0.06120210099652823,0.02126719105866659,0.027909927892935116
Czechia,2019,0.061644478772791444,0.02808077806661835,0.03503674738288609
Czechia,2020,0.09491269394231949,0.03112355102394382,-0.05450771357173778
Denmark,1991,0.03855512731438182,0.023669194610887345,0.01447650840887249
Denmark,1992,-0.007426908789103237,0.02074379630991796,0.02002624191584701
Denmark,1993,0.1798737073224963,0.012500113822969006,-0.0007893155556324416
Denmark,1994,-0.10481813600747714,0.01972433636971349,0.05159286295226906
Denmark,1995,0.060273390746370836,0.02062198196313947,0.029927874947304645
Denmark,1996,0.0782894350229526,0.021040077248446032,0.028546160491988104
Denmark,1997,0.06596313546647536,0.02158698320030883,0.03119320798751346
Denmark,1998,0.03271373649645426,0.018288257884863768,0.022996567757065378
Denmark,1999,-0.008960545811117271,0.024671104496102103,0.029241328187623594
Denmark,2000,-0.053033425666463074,0.028619351701522078,0.03656342602483065
Denmark,2001,0.035030417121639346,0.023109604220850066,0.009455478196162659
Denmark,2002,0.04154117732542062,0.023955136938595523,0.004554910813308055
Denmark,2003,-0.021986854235670705,0.020538417383947127,0.004401210514551224
Denmark,2004,0.0269083884236494,0.011477450659937993,0.02738509978588155
Denmark,2005,0.13467984277174594,0.01801489872120765,0.023322003783153633
Denmark,2006,0.10866554688099583,0.0190594235871977,0.03745461316141174
Denmark,2007,0.15841876646580388,0.016790899163182438,0.009823330867675395
Denmark,2008,0.06766117790959925,0.03359209391020901,-0.004180510570037654
Denmark,2009,0.04429117792422943,0.012962718857403743,-0.05102468895669787
Denmark,2010,0.07583323419019905,0.022846268851170137,0.015704998677954052
Denmark,2011,-0.06119691156704832,0.027213162704193827,0.013022870724437752
Denmark,2012,0.020276065323589165,0.02369616368192151,-5.432449171038911e-05
Denmark,2013,-0.09842398540962094,0.00785974889168628,0.013830648432495707
Denmark,2014,0.1319333476891913,0.005624359002711188,0.012699023317900071
Denmark,2015,0.09450363930282535,0.004510155477889022,0.02082577590160639
Denmark,2016,-0.07477642023671294,0.0024968801985867373,0.03026773042742903
Denmark,2017,0.0503240367884672,0.011406024970399997,0.030106974678524523
Denmark,2018,0.01489754642287977,0.008103175093626902,0.018429209001563862
Denmark,2019,0.056453649088371805,0.007552721978925092,0.016969214414821465
Denmark,2020,0.09385042941744359,0.0041982945565886,-0.0179614047739598
Djibouti,2014,0.06285905489390231,0.013329416726350019,0.06946064338789526
Djibouti,2015,0.1741636346554749,-0.008510004933837578,0.070542203241164
Djibouti,2016,0.0840273690171145,0.027015883290038012,0.06881155686513196
Djibouti,2017,0.1981851328232338,0.005665044462380919,0.053143451204913816
Djibouti,2018,-0.057441159765105,0.0014786148089180884,0.046638702381372354
Djibouti,2019,0.08416337539112106,0.03265355928506963,0.0539679819293184
Djibouti,2020,0.1771351119763267,0.01761796656433745,0.011949471564808078
Dominica,1991,0.13415174701783528,0.05408148833547166,0.013387675418201184
Dominica,1992,0.13126145130966194,0.05327367527589466,0.020090952214822266
Dominica,1993,-0.011182134607235383,0.015568440887561152,0.021383939002930674
Dominica,1994,0.04935519361110252,0.00015135589686288142,0.00034471584739392824
Dominica,1995,0.18801728091962744,0.013089334248261864,0.029858425919915277
Dominica,1996,0.06155016285515558,0.01663255404537356,0.03056989988774461
Dominica,1997,0.047398057445885655,0.024070928211963327,0.021620850033254868
Dominica,1998,0.0311129153368519,0.009941889806756699,0.03704749225056503
Dominica,1999,0.08312111316767101,0.011725762494148029,0.0035345228004501905
Dominica,2000,-0.032556214141806095,0.008532958591727535,0.02313256100360661
Dominica,2001,0.05120839190200144,0.012954665146279964,-0.0006386383149248331
Dominica,2002,0.09027561541180518,0.0016991089983893204,-0.03136085635917851
Dominica,2003,0.08073698593989675,0.01442907839577856,0.05642716302290651
Dominica,2004,0.06346040813547305,0.02365900367875362,0.04016100769488418
Dominica,2005,0.053216036317223825,0.01667913464811388,0.00911123111315959
Dominica,2006,0.10606785566580257,0.02178489000402095,0.04306691087084502
Dominica,2007,0.09682538860998946,0.03567811182515346,0.05219329606160272
Dominica,2008,0.054491081202822755,0.06165864546132571,0.06879176492418893
Dominica,2009,0.0961156984367868,6.263374917203635e-05,-0.011422503678488738
Dominica,2010,0.026032835463936976,0.029552649848735513,-0.0010566666525733126
Dominica,2011,0.026114665973871354,0.011248807914996384,0.0004272975742800611
Dominica,2012,0.10707565688617393,0.013476497486012207,-0.0015751578414295864
Dominica,2013,0.029973947145222724,-0.0004642242041859035,4.503895870655583e-05
Dominica,2014,0.04850044577885626,0.007960732842627216,0.023083684038482488
Dominica,2015,0.03460279819038803,-0.008474073602151577,-0.03431594053773779
Dominica,2016,0.05936651643943236,0.001417157614949538,0.014368729248733558
Dominica,2017,0.15876760557044634,0.002958149251808706,-0.07844126467771417
Dominica,2018,0.015539466052121753,0.009843306504386362,0.02920932963423084
Dominica,2019,-0.12538369811078454,0.01493416356053956,0.038721526843797704
Dominica,2020,-0.12511038958213305,0.012128792147956702,-0.17086427231748758
Dominican Republic,1991,0.3036636543178304,0.38580074164515965,0.009397097541466337
Dominican Republic,1992,0.2382059996805701,0.041708255009148765,0.10649704673231497
Dominican Republic,1993,0.178917463263236,0.05117150563724415,0.0710798480865904
Dominican Republic,1994,0.10838921680201352,0.07937264925691156,0.02560715095423305
Dominican Republic,1995,0.15398036254367753,0.11810262419049433,0.05543459895751468
Dominican Republic,1996,0.1581144169065709,0.052585750385049757,0.05790273914709587
Dominican Republic,1997,0.2160698953191158,0.07970327359157148,0.0852557328345469
Dominican Republic,1998,0.1631695289438042,0.04718569279736018,0.06490585092425505
Dominican Republic,1999,0.19802632448643465,0.0626981587259543,0.05785854327541884
Dominican Republic,2000,0.1552778887611872,0.07440347391992574,0.045467751090885855
Dominican Republic,2001,0.31893685064843424,0.08510435425162743,0.02439374098277014
Dominican Republic,2002,0.05339271089045994,0.050915216052091594,0.04388772559711995
Dominican Republic,2003,0.6270022368722756,0.24255169092360296,-0.013585440087336309
Dominican Republic,2004,0.14545356600650905,0.4151570546510124,0.025527061165650622
Dominican Republic,2005,0.07173920388497379,0.04104791400384311,0.09013124058128952
Dominican Republic,2006,0.05791341018710483,0.0729976903767442,0.0877471659014688
Dominican Republic,2007,0.15816949051081153,0.059622393188175415,0.07156135736012459
Dominican Republic,2008,0.05270534205437727,0.10115326744640551,0.032158204486528064
Dominican Republic,2009,0.12690903887475358,0.014318512267184502,0.009984517696384643
Dominican Republic,2010,0.11634157129186207,0.06137664205090143,0.08066846949387951
Dominican Republic,2011,0.11839343515529777,0.0563497856355486,0.03142077909163987
Dominican Republic,2012,0.09488866984127498,0.03627886206160902,0.027378475682230174
Dominican Republic,2013,0.11288729049020318,0.04717887595492343,0.048168380493439855
Dominican Republic,2014,0.08862902862783528,0.029545620225070124,0.06869760667014901
Dominican Republic,2015,0.11432208033082958,0.008332650308557454,0.06754379433032653
Dominican Republic,2016,0.09305521927490545,0.016012769283819672,0.06503596726710015
Dominican Republic,2017,0.09267396247755144,0.03226927071523811,0.038584566277986454
Dominican Republic,2018,0.06425979754434508,0.035023786249476885,0.06856960167386816
Dominican Republic,2019,0.11036766489714722,0.017944075478120602,0.04778041754645912
Dominican Republic,2020,0.19680644559613825,0.03711303007932987,-0.08261073594572466
Ecuador,1991,0.05818597314332408,0.39688225171526376,0.04201816647609391
Ecuador,1992,0.04345949446686248,0.4357215407959807,0.02092269243395961
Ecuador,1993,0.38365430845758297,0.3712535343062193,0.019540025532943872
Ecuador,1994,0.33003396009147323,0.24146179741485962,0.0417008123499194
Ecuador,1995,0.06552692987757425,0.20647853339259026,0.02227553431856677
Ecuador,1996,0.11715221517804153,0.21842410595132833,0.017169237733000386
Ecuador,1997,0.08692211041471865,0.26740972678266006,0.042368300047094465
Ecuador,1998,-0.17877940641821866,0.3082082112032718,0.032143123555282926
Ecuador,1999,-0.7095210385807924,0.42030120812839566,-0.04855374358213638
Ecuador,2000,0.3852838269938381,0.6734360651087372,0.010858845229002156
Ecuador,2001,0.2758039051785772,0.3197383271393548,0.0412021320906959
Ecuador,2002,0.3083825475713837,0.11763722954460665,0.04810512478460538
Ecuador,2003,0.1645969131631766,0.07630679822715614,0.028436817373417966
Ecuador,2004,0.2180859222804301,0.027062796501218678,0.0660910406658175
Ecuador,2005,0.17864813137949653,0.02145104253878838,0.052579380204001325
Ecuador,2006,0.1219609831933397,0.03245507450343066,0.042495460558004794
Ecuador,2007,0.1493400632219668,0.022506662018609624,0.018845587096965488
Ecuador,2008,0.21432217419117805,0.08065878807125682,0.06358419731147791
Ecuador,2009,0.06848896136837723,0.05031251235025014,0.01085104360280198
Ecuador,2010,0.15218833162801104,0.034926673733364666,0.0395008458342474
Ecuador,2011,0.15374066645393825,0.04377314909307817,0.08140924949897155
Ecuador,2012,0.15665456725269067,0.04975847434470104,0.05622164727497392
Ecuador,2013,0.13064857399877994,0.026853941353815358,0.06963087559575953
Ecuador,2014,0.139245811562283,0.03526308597333383,0.04139205796050405
Ecuador,2015,-0.04946974001542159,0.038899952412683625,0.00119620535389231
Ecuador,2016,0.1641021336017694,0.017135000117519006,-0.006903315605992333
Ecuador,2017,-0.22327161744352964,0.004164671590372926,0.05798961261092117
Ecuador,2018,0.04570463050521312,-0.0022435473312745202,0.010388795176961452
Ecuador,2019,0.08484627279389656,0.002656593283837161,0.001652678220708026
Ecuador,2020,0.0949314599832114,-0.0033944786550117456,-0.09700767784750042
"Egypt, Arab Rep.",1991,0.176797149213467,0.1802238984091229,0.011191190324041145
"Egypt, Arab Rep.",1992,0.1775454790614468,0.12784270417748766,0.04375713095701883
"Egypt, Arab Rep.",1993,0.12441882856257536,0.11413008095101684,0.028595141949637082
"Egypt, Arab Rep.",1994,0.10629217247668876,0.07838808987930967,0.03896272007155943
"Egypt, Arab Rep.",1995,0.0943689660432554,0.14619538163390278,0.04537919888745634
"Egypt, Arab Rep.",1996,0.10288057908722337,0.06940575407973393,0.048682830458155024
"Egypt, Arab Rep.",1997,0.10230352344198934,0.04521813289572352,0.053468297411463084
"Egypt, Arab Rep.",1998,0.10234365694690695,0.03799472601764453,0.054256126741112354
"Egypt, Arab Rep.",1999,0.05509067173759874,0.03033034070765961,0.058772920566440234
"Egypt, Arab Rep.",2000,0.10958348128670536,0.02648422964645558,0.061753432281101084
"Egypt, Arab Rep.",2001,0.12412069892580391,0.022443814765797043,0.03474196750851988
"Egypt, Arab Rep.",2002,0.11894122722814515,0.027004460648183404,0.023620858230081865
"Egypt, Arab Rep.",2003,0.19292975391532607,0.044091297606903446,0.0314352419608106
"Egypt, Arab Rep.",2004,0.1504803906582488,0.10679506019507423,0.04010562545722962
"Egypt, Arab Rep.",2005,0.10875892362530948,0.04754555156725271,0.04374646102519719
"Egypt, Arab Rep.",2006,0.13978031243564004,0.07366419068903252,0.06619812629756083
"Egypt, Arab Rep.",2007,0.17491292064545405,0.08909974452961666,0.06847912886070517
"Egypt, Arab Rep.",2008,0.09969052905338316,0.16819585453030683,0.06911817691910827
"Egypt, Arab Rep.",2009,0.09050403146425623,0.11121480476576284,0.045676749181108534
"Egypt, Arab Rep.",2010,0.11705844734476045,0.10674624947294209,0.05019141869219368
"Egypt, Arab Rep.",2011,0.06452182477759294,0.09590024193325686,0.01749184133853987
"Egypt, Arab Rep.",2012,0.11642482292055334,0.06870230398831989,0.02201781703536554
"Egypt, Arab Rep.",2013,0.17303453713007144,0.09047779361700847,0.021619270842972327
"Egypt, Arab Rep.",2014,0.14640405383156718,0.09594829860637777,0.028742079298190504
"Egypt, Arab Rep.",2015,0.1706281584230389,0.0986726145114547,0.04279143704241051
"Egypt, Arab Rep.",2016,0.3329599471317657,0.12939189107757976,0.042548280803636374
"Egypt, Arab Rep.",2017,0.1860686418219153,0.25856172391903964,0.0409617063595995
"Egypt, Arab Rep.",2018,0.12488786821382547,0.13454370564424867,0.051938618001443615
"Egypt, Arab Rep.",2019,0.12467929808937583,0.08757854572380364,0.054034418252395966
"Egypt, Arab Rep.",2020,0.17986676622395592,0.04921800491610018,0.03488599371962664
El Salvador,1991,0.17278237662948115,0.13455427450791557,0.01483036023469353
El Salvador,1992,0.1443891622142921,0.1062904155886244,0.0678638920431105
El Salvador,1993,0.2887128559720864,0.1697992145999927,0.0565534333607296
El Salvador,1994,0.33963710366003497,0.10062156441884085,0.045853109784545154
El Salvador,1995,0.1128811513860768,0.09557974755950704,0.046254393746085753
El Salvador,1996,0.12927890414269427,0.09338943090844154,0.008081872503495902
El Salvador,1997,0.1003329043133192,0.043922491282859966,0.030897421101681033
El Salvador,1998,0.08595721693845704,0.025151626988523468,0.02617714232734869
El Salvador,1999,0.08436199089946328,0.005135064262783651,0.021389932911080933
El Salvador,2000,0.015514436219362437,0.02245877864289536,0.011215935348172223
El Salvador,2001,0.23491348786491884,0.0368218822453672,0.008757675961419409
El Salvador,2002,-0.021223736883751343,0.018483375467024388,0.015606762912717898
El Salvador,2003,0.019563444642034966,0.020982234397187938,0.015532671363267525
El Salvador,2004,0.03545587405604422,0.043556912889174626,0.008854725804923191
El Salvador,2005,0.037802186899110524,0.04584247838098854,0.026455254259847294
El Salvador,2006,0.0997858608843849,0.03957760709652369,0.04245584564574756
El Salvador,2007,0.16009142483263616,0.044763838184510796,0.018307414000904743
El Salvador,2008,-0.01161822509947541,0.06492522387554711,0.021315237458011893
El Salvador,2009,0.021707629378532545,0.010504140811842255,-0.02131320508254575
El Salvador,2010,0.0014449783402383787,0.011724358006717672,0.02131320508254575
El Salvador,2011,-0.02091870147528141,0.0500172563819854,0.03704127257351075
El Salvador,2012,0.012810315422733254,0.017149452068998094,0.028467917169788137
El Salvador,2013,0.023819998598447967,0.007548132879839464,0.021594670871557753
El Salvador,2014,0.0031275018138678945,0.011348804764042875,0.01714615928522889
El Salvador,2015,0.06695382678604034,-0.007340722168393654,0.02371652748177766
El Salvador,2016,0.03001947868831678,0.0060223202412803545,0.025073636687650946
El Salvador,2017,0.1054505705068074,0.010072640533001831,0.022227323395661358
El Salvador,2018,0.05891653387021378,0.010844287647953976,0.023838044856521634
El Salvador,2019,0.10710552063833134,0.0007529578061289399,0.024082393182496276
El Salvador,2020,0.08500594534000783,-0.003722823238314632,-0.08222034173032
Equatorial Guinea,1991,-0.12597368712017598,-0.0348532529133494,-0.010274996210000609
Equatorial Guinea,1992,0.26441375223742014,-0.04372979261614551,0.29821629243028625
Equatorial Guinea,1993,-0.29391262220242,0.0530883872485175,0.10465918712219846
Equatorial Guinea,1994,0.8735378620677636,0.2764265928377947,0.154169270013103
Equatorial Guinea,1995,0.39843967137223046,0.18125794926684513,0.16115123635711015
Equatorial Guinea,1996,0.3561730879262619,0.04440654839166713,0.5103054718399669
Equatorial Guinea,1997,0.08897842206395623,0.029719036072774152,0.9161825799778143
Equatorial Guinea,1998,0.1446036122294707,0.0763655925783131,0.2132910329033244
Equatorial Guinea,1999,0.5226599685566775,0.0037157497466471234,0.22844161528312412
Equatorial Guinea,2000,0.3092956775062419,0.0469054260135402,0.16732449388901927
Equatorial Guinea,2001,0.24865296220769295,0.08457447836599208,0.4909078274394787
Equatorial Guinea,2002,0.4343610164990359,0.07318055686444946,0.17783512475746477
Equatorial Guinea,2003,0.47251896642059776,0.07067786169944057,0.13063564425761953
Equatorial Guinea,2004,0.2847149236479858,0.04133086858298807,0.32207427344280504
Equatorial Guinea,2005,0.3143274841769603,0.054787700212648005,0.15485358078038303
Equatorial Guinea,2006,0.1199503509344666,0.043211775198634506,0.07422505736015594
Equatorial Guinea,2007,0.33909516752200375,0.027651531330509904,0.1422121027963712
Equatorial Guinea,2008,0.2675755481722284,0.06346075535517581,0.1638105226658375
Equatorial Guinea,2009,0.21480691892755033,0.04584359565399332,0.013344132596120772
Equatorial Guinea,2010,0.24597940856593326,0.07500696168355514,-0.09347779442200377
Equatorial Guinea,2011,0.0,0.046935008446507,0.0631994089572423
Equatorial Guinea,2012,0.4673845637193885,0.03591352430093586,0.0798538145524148
Equatorial Guinea,2013,0.060259191518195365,0.029062338697671386,-0.0422104423567049
Equatorial Guinea,2014,-0.17262215970523798,0.04219703586775836,0.0041420727761511955
Equatorial Guinea,2015,-0.07286134826487256,0.016627305540436232,-0.09552065458955639
Equatorial Guinea,2016,-0.23589056332337677,0.014020641381695675,-0.09229531862312257
Equatorial Guinea,2017,-0.05289954248276629,0.007415980977147463,-0.05834450113264111
Equatorial Guinea,2018,-0.007790801787770363,0.010544947168706464,-0.06439500148869826
Equatorial Guinea,2019,-0.07539801748421127,0.01518684673318571,-0.05637804594785578
Equatorial Guinea,2020,-0.05192761093276488,0.04656574187501494,-0.049096559859037825
Eswatini,1991,0.18309443313772178,0.08557482252482673,0.01745061531558889
Eswatini,1992,0.1923947520087239,0.07286279704575804,0.03175257417607469
Eswatini,1993,0.1271994311229605,0.11353780515791323,0.03058850518046441
Eswatini,1994,0.1032215613854639,0.12900274647223364,0.023723279561270516
Eswatini,1995,0.03791024156518219,0.11590207896723426,0.047128318871838104
Eswatini,1996,0.15129545866814453,0.062272329982064445,0.03770084594277989
Eswatini,1997,0.17737697916243178,0.06882924553550795,0.030556412134192357
Eswatini,1998,0.12108774758142005,0.07797872345268342,0.025707117918649658
Eswatini,1999,0.14521307355440172,0.05910686481108085,0.0290817497542335
Eswatini,2000,-0.06835255294551601,0.11518888134211958,0.017448617824932455
Eswatini,2001,0.09285290111976607,0.05772262519160787,0.014023350902004239
Eswatini,2002,0.12434918517642046,0.1135047007968244,0.040072734117647
Eswatini,2003,0.13490085484197678,0.07036526266056331,0.04438672378105224
Eswatini,2004,0.06774939465383767,0.033873123645546954,0.035532374579979376
Eswatini,2005,0.09273792142564474,0.046635502128016704,0.0581961025582487
Eswatini,2006,0.2238136953505574,0.051687291662608104,0.06512094023901938
Eswatini,2007,0.19445952144943845,0.07766531417593647,0.04227107001079489
Eswatini,2008,0.14308917486347994,0.1191817031660527,0.014302761973702616
Eswatini,2009,0.2374452153312383,0.07183900359599438,0.01422939370483789
Eswatini,2010,0.07605367883943615,0.04410527306782708,0.03753116045393412
Eswatini,2011,0.053304415739692246,0.05928185855700985,0.01823017850084696
Eswatini,2012,0.0954747155608473,0.08562384406647006,0.04009035318795995
Eswatini,2013,0.1478700232215111,0.054689928518611985,0.04012977311373689
Eswatini,2014,0.03869149631935187,0.05525823774941063,0.02036503570771586
Eswatini,2015,0.12732989392739213,0.048325722400182514,0.01689898502154108
Eswatini,2016,0.23423114855740224,0.07554591616019746,0.029065167905706346
Eswatini,2017,0.0372987691992428,0.060355176477712824,0.03460385511504782
Eswatini,2018,0.03982390577233019,0.04702729384159632,0.0006537428214343777
Eswatini,2019,0.01762812438948913,0.025648411309319386,0.06233486568627811
Ethiopia,1991,0.1477869889804566,0.3054428977903165,-0.0740500630861014
Ethiopia,1992,0.1416568783702843,0.10009366623213412,-0.09071802118116068
Ethiopia,1993,0.08417659422614321,0.03481743642122037,0.1234808516627588
Ethiopia,1994,0.20843499334978333,0.07319354563898495,0.03140141992126644
Ethiopia,1995,0.08645298041822258,0.09551173544811054,0.059471123059523734
Ethiopia,1996,0.08659233201203165,-0.08865908305187142,0.11712658718784752
Ethiopia,1997,0.18086254738229712,0.023669744085903943,0.03085802440893559
Ethiopia,1998,-0.010994460538004347,0.008908220658415011,-0.035193480353001405
Ethiopia,1999,0.12844032442882636,0.07641875191439729,0.05033321897684573
Ethiopia,2000,0.12287117961927407,0.006602734983146341,0.05895940063435745
Ethiopia,2001,0.09235810544241119,-0.08597022318470904,0.07974703002070882
Ethiopia,2002,0.14785198013313305,0.006728205796670661,0.015033682824476813
Ethiopia,2003,0.11723109492927364,0.12816491432836896,-0.021850592115480794
Ethiopia,2004,0.17617329277069516,0.03273211611555871,0.12727212167195034
Ethiopia,2005,0.1705179712283993,0.09503715376455002,0.11170921350196039
Ethiopia,2006,0.18226872187323195,0.11599901244607969,0.10286996040969854
Ethiopia,2007,0.20059196357775022,0.15905634876797814,0.10846120656134772
Ethiopia,2008,0.21017737108909174,0.3671170361711793,0.10245298807640069
Fiji,1991,0.13580361581940892,0.0629498745300725,-0.027371235141092853
Fiji,1992,0.13604247375116074,0.04767547375843417,0.05921187763256697
Fiji,1993,0.061428864973066766,0.05075574782888115,0.021076643053966393
Fiji,1994,0.02509188551820074,0.008133499896725738,0.049742088169995924
Fiji,1995,0.04393254653099632,0.021425302344820096,0.024692598331530036
Fiji,1996,0.008578653977597384,0.03004569157807868,0.04688359000390463
Fiji,1997,-0.09135752669688557,0.03312660543806434,-0.02224560249223373
Fiji,1998,-0.005374977329207553,0.055545217376965716,0.012916229723980877
Fiji,1999,0.1278806268911019,0.01949545914457218,0.08434113666235632
Fiji,2000,-0.015578772708753519,0.010862435549022997,-0.017146142721593094
Fiji,2001,0.10895459025882914,0.04183911143008334,0.019802628734925776
Fiji,2002,0.19117951244699327,0.007591432874944459,0.031498658471509344
Fiji,2003,0.15086093979184767,0.04088037148153845,0.00995032436561516
Fiji,2004,0.09040971270531273,0.027882496996666895,0.05164323034660967
Fiji,2005,0.14121921993415754,0.023382140035733023,0.006975617732773998
Fiji,2006,0.2010427217649564,0.024603207499911406,0.01835534393762117
Fiji,2007,0.07962840627561363,0.046918951810396514,-0.008542930237663171
Fiji,2008,-0.06685619662349396,0.07447906152682471,0.010274973401166676
Fiji,2009,0.06842302131322242,0.03083018388900083,-0.01395732900536828
Fiji,2010,0.03446318712305185,0.03622596699624747,0.029118631809122775
Fiji,2011,0.10478849166938176,0.07025450834116587,0.026692007871819357
Fiji,2012,0.06099442231063534,0.03366081663018328,0.014014480618573799
Fiji,2013,0.1738352987238585,0.028719051069979074,0.046255712201123345
Fiji,2014,0.09889815134111402,0.005179627286053368,0.05452146509187372
Fiji,2015,0.1304635545653845,0.013655196249210633,0.04402837253057612
Fiji,2016,0.05206901629509986,0.0379047070413252,0.024162245596439647
Fiji,2017,0.07767264942053131,0.0329276682984343,0.052149890720812664
Fiji,2018,0.024302455255586608,0.04000383313135725,0.037414768243738905
Fiji,2019,0.0312901828217278,0.01757565752304746,-0.00583646617454292
Fiji,2020,0.009811066856709516,-0.026295139354206576,-0.18854329484713261
Gabon,1991,0.07965857340197502,-0.12427281658918066,0.05932969889975581
Gabon,1992,-0.1718698743990288,-0.10029462788885679,-0.03138897619956538
Gabon,1993,-0.01732824162059643,0.005323271778909344,0.03870668690964152
Gabon,1994,0.3174779294638057,0.30833908242601327,0.03645491918709354
Gabon,1995,0.09636572889999684,0.09209165172051037,0.0485410642261499
Gabon,1996,0.15889204046730399,0.006873258719596542,0.03560890052182586
Gabon,1997,0.10683954028432296,0.03896539282579159,0.0557976248933123
Gabon,1998,-0.01861863405307318,0.0143834459328529,0.03418723554031544
Gabon,1999,-0.030408625253496524,-0.01955601826225717,-0.09357054467266579
Gabon,2000,0.16786763851094832,0.005036495793702578,-0.019009199398968946
Gabon,2001,0.040885484929411575,0.021150938768687233,0.02112756703823493
Gabon,2002,0.046016367319250406,0.0003667616287019726,-0.0024934377191598855
Gabon,2003,-0.017897981537156937,0.022107353055755397,0.022224496236958657
Gabon,2004,0.09270362721393965,0.004073744099849286,0.006871765826691245
Gabon,2005,0.28271215578986286,0.036412286031552554,0.026410193611607014
Gabon,2006,0.1338602619098488,-0.014194277465116478,-0.028467155368481656
Gabon,2007,0.07234054888587949,0.04907887331559735,0.05834539599943156
Gabon,2008,0.10282788873220738,0.05130415815819234,-0.033643970874400964
Gabon,2009,0.03336863104555832,0.01868148479366294,0.001302462625346834
Gabon,2010,0.18831961177724565,0.014509664122622112,0.06849836417417521
Gabon,2011,0.239528743516626,0.012554038049668925,0.06851578889862608
Gabon,2012,0.09507553463625484,0.02617851576688235,0.051178518517339455
Gabon,2013,0.10342983287561935,0.005041679935233745,0.05485458598623083
Gabon,2014,-0.02670900016648048,0.045837786552959336,0.04224464071342027
Gabon,2015,0.0035564610893565884,-0.0033937039921028145,0.03805560578574685
Gabon,2016,-0.04085698801821991,0.020848228776537248,0.020698717925210275
Gabon,2017,-0.1912823275202662,0.026173718444934657,0.00471528585493175
Gabon,2018,0.28692918709459647,0.046397461278814944,0.008344255475805085
Gabon,2019,0.01354581523648335,0.024346870501751106,0.03845896920124403
"Gambia, The",1991,0.228750851226053,0.0828910466225885,0.030597478396245492
"Gambia, The",1992,0.1293453148542092,0.09063145622868607,0.033228650310107355
"Gambia, The",1993,0.12011594515380608,0.06263487498562226,0.029676284411845444
"Gambia, The",1994,-0.038607364565468316,0.01695746918984309,0.0015422696889118015
"Gambia, The",1995,0.13295071421350002,0.06748082348917439,0.008779826681895031
"Gambia, The",1996,0.056178491833307476,0.010934882732867024,0.02199185309744678
"Gambia, The",1997,0.20675228631248643,0.027432542383712732,0.04783732092985815
"Gambia, The",1998,0.09722038839789349,0.011080270564911565,0.034401414176780776
"Gambia, The",1999,0.11423394428076605,0.037414968909383894,0.0620353819917554
"Gambia, The",2000,0.2988165480199996,0.008414196818768982,0.05354076897854654
"Gambia, The",2001,0.17747127980425503,0.043946032116286116,0.056380335735102705
"Gambia, The",2002,0.30218459296915867,0.0825852395646609,-0.03303985562550693
"Gambia, The",2003,0.3558841735155731,0.15728461998729415,0.06644295300925762
"Gambia, The",2004,0.20253792879508126,0.13284015751644418,0.06812582905364195
"Gambia, The",2005,0.07742186162260012,0.0472520464004651,-0.02379823862007413
"Gambia, The",2006,0.23622216291309073,0.020356429053594916,-0.00557130068661138
"Gambia, The",2007,0.06558502716116621,0.052299567935643054,0.029978612247802516
"Gambia, The",2008,0.16683422966945827,0.04347755253356134,0.06068020176777722
"Gambia, The",2009,0.13824927384353813,0.044605294822249064,0.06452968648451218
"Gambia, The",2010,0.16416337489345878,0.049263202350885216,0.05740377749394554
"Gambia, The",2011,0.10614605895048612,0.046844297549124114,-0.08480048706153553
"Gambia, The",2012,0.07015344427245296,0.04166313184718007,0.05108818119319736
"Gambia, The",2013,0.13637888802788467,0.055426475031834954,0.028322784223050235
"Gambia, The",2014,0.08621687552518154,0.057778215650018616,-0.014173800358189936
"Gambia, The",2017,0.32065340094579753,0.07727756275509101,0.047099318822205305
"Gambia, The",2018,0.16762187552331653,0.06317166465971447,0.06985147921528423
"Gambia, The",2019,0.2391028656583245,0.06873915102821737,0.060361558135383575
"Gambia, The",2020,0.20300626746455563,0.05762036168983897,0.005897448692294915
Georgia,1996,0.3381270005683099,0.33187238779556605,0.10618309472223686
Georgia,1997,0.356114866892316,0.0684771697442117,0.10003359095545505
Georgia,1998,-0.007896875211265808,0.03504670459466608,0.03054384795541054
Georgia,1999,0.18710141060137175,0.17557112230813532,0.02826958004239799
Georgia,2000,0.330546774016625,0.03983554347009122,0.018236511177004644
Georgia,2001,0.1775651638383806,0.045413464010726656,0.04695322729479656
Georgia,2002,0.17238717175670715,0.05437300156742175,0.0532945270116123
Georgia,2003,0.2075149597452821,0.008342450108782096,0.10487367618881294
Georgia,2004,0.3366867846001682,0.0550214366589854,0.0563111715627187
Georgia,2005,0.24569764584576603,0.07924630229902263,0.09158633059021426
Georgia,2006,0.3558288649051349,0.08765335081649273,0.09003703583968203
Georgia,2007,0.38116748344574347,0.08842194168795281,0.11845454192015481
Georgia,2008,0.07581568453595011,0.09530552175281581,0.023927582562258465
Georgia,2009,0.07448124519792643,0.01712762729311912,-0.03719059910804745
Georgia,2010,0.26338427340391846,0.06868782873151069,0.060590820332542705
Georgia,2011,0.13539226563637996,0.08197560764897727,0.07635286109610107
Georgia,2012,0.10755426010820912,-0.009481395238698731,0.0637147227170125
Georgia,2013,0.2187760788739972,-0.005133739227419554,0.05005493840608821
Georgia,2014,0.1288938440049172,0.030226657853954286,0.040090436716930355
Georgia,2015,0.15916073617203708,0.03925511839748186,0.03296100335773389
Georgia,2016,0.1913101478793351,0.02112456823917075,0.03392029823966425
Georgia,2017,0.13618586703650593,0.058602034260747615,0.05031188782322005
Georgia,2018,0.13033505350461283,0.02581631966796749,0.058853986108662326
Georgia,2019,0.16177058869640604,0.047388212532106344,0.05240950421955404
Georgia,2020,0.22000275016230475,0.050716544551986154,-0.06497031339052484
Ghana,1991,0.32986347240995784,0.16578083527032694,0.05147062944702441
Ghana,1992,0.42057588895530174,0.09582020194713792,0.03806060857264271
Ghana,1993,0.288936120984733,0.22282223949309143,0.04736057664160498
Ghana,1994,0.42245016227181154,0.22210505575997996,0.032467187615509374
Ghana,1995,0.3588757819089601,0.4666326645427714,0.04030108099599161
Ghana,1996,0.3307297435279075,0.3822716723113706,0.04499689457860612
Ghana,1997,0.36524822123843137,0.24596286806497947,0.04110698533239443
Ghana,1998,0.16117718414399818,0.13648847447851375,0.04593266430052978
Ghana,1999,0.2264751193656771,0.047507416569682714,0.043059459052905424
Ghana,2000,0.4333665908731277,0.33819170836711576,0.03633193003470225
Ghana,2001,0.4481044461789736,0.34719664041789766,0.039220714384807565
Ghana,2002,0.3308433486700366,0.08948353232032735,0.04401688119671121
Ghana,2003,0.20897026200378477,0.26061642801426155,0.05069311558073508
Ghana,2004,0.24118129562754476,0.16587656631880066,0.05448818519670695
Ghana,2005,0.17787425248273792,0.14357199676572563,0.05732510267735691
Ghana,2006,0.3317505005603394,0.11046014586504516,0.06203456954862574
Ghana,2007,0.31360197281442836,0.10196315005186296,0.04254996412274181
Ghana,2008,0.33058473856275583,0.15267507405704084,0.08755105493853321
Ghana,2009,0.22105389000074283,0.17602635202384231,0.04730799059505131
Ghana,2010,0.27700829626728307,0.10195523277715157,0.07603201658305636
Ghana,2011,0.29263192996303644,0.083683389611239,0.13144154173433975
Ghana,2012,0.2242567991344977,0.10603735504732192,0.0888602363531028
Ghana,2013,0.17815082286703543,0.11034380916437492,0.07057518579042821
Ghana,2014,0.3169445324736664,0.14401043545878878,0.028162100738132523
Ghana,2015,0.2277251756849914,0.15828471862242566,0.02098584210150989
Ghana,2016,0.20293278999867326,0.1608819854458554,0.033178125646298184
Ghana,2017,0.1489856303977355,0.1166439119964684,0.07815380063607336
Ghana,2018,0.1463567534780097,0.07518877869998253,0.06015465428155764
Ghana,2019,0.1935465661047644,0.06900017843780226,0.06304779925658366
Ghana,2020,0.2496776019681981,0.09428501416245627,0.005126254980709177
Grenada,1991,0.05238205974184851,0.026102385990822263,0.01376034852928143
Grenada,1992,0.0641708180333076,0.0370870686623368,-0.00854791713470604
Grenada,1993,0.2089656081416038,0.02769881302698618,-0.019782546428462666
Grenada,1994,0.11736571278866137,0.03701306340268662,0.01679375266159866
Grenada,1995,0.09980598923524653,0.018515767814144546,0.021071186546301135
Grenada,1996,0.09478814608203479,0.020119750745240417,0.043425655325741275
Grenada,1997,0.09581462309966327,0.012368472413503362,0.048937720990650746
Grenada,1998,0.11580307742658036,0.013682893827195564,0.11112539369813135
Grenada,1999,0.1294863325470068,0.005757669152049338,0.06670831325098803
Grenada,2000,0.12931366238153075,0.021583571667175505,0.04772247187935008
Grenada,2001,0.10462677135416598,0.0309267307833041,-0.020446615027122306
Grenada,2002,0.10018991858324,0.010615609307648377,0.033795673523023595
Grenada,2003,0.059171529924469723,0.02132037786208496,0.0904252993681709
Grenada,2004,0.18417378142456897,0.022865742755111995,-0.006495553666674425
Grenada,2005,-0.06451481716762686,0.03416764999806965,0.12465879517993272
Grenada,2006,0.02263367676559014,0.04164041043645206,-0.04077333158217655
Grenada,2007,0.11488115943307875,0.037862379735011054,0.05943286204609777
Grenada,2008,0.049679299765557516,0.0772690795809643,0.009430815977271578
Grenada,2009,0.03282986737845306,-0.0030913210088678866,-0.06842104945114613
Grenada,2010,0.0310598160881419,0.03378779944733257,-0.00512457008012035
Grenada,2011,0.0036130651308319273,0.029883728120684516,0.007618639824102047
Grenada,2012,-0.0512190504830734,0.02382176561288407,-0.011615582072046493
Grenada,2013,0.03697505761059716,-0.00044009469228889486,0.023238854120080532
Grenada,2014,0.05983245516738478,-0.009884723866458778,0.07085096778654432
Grenada,2015,0.07067167396230545,-0.005167810474434376,0.062460330196390856
Grenada,2016,0.04384447878164366,0.01636919022564065,0.036713765267077036
Grenada,2017,0.030444734887968394,0.009043565963876787,0.043429877462575206
Grenada,2018,0.08843404764574814,0.008008866373413248,0.04269007634739097
Grenada,2019,-0.02050479722834808,0.005963679507773101,0.006742336667219462
Grenada,2020,-0.012140041688823544,-0.007434896442832795,-0.1479969128180869
Guatemala,1991,0.39563318107112266,0.28642945262668684,0.03592923245815882
Guatemala,1992,0.1874716378296135,0.09572752905118165,0.047249347691519006
Guatemala,1993,0.060919540327635247,0.11171747885559125,0.038519813205674325
Guatemala,1994,0.03754182412497897,0.10305575207447726,0.03954509800035311
Guatemala,1995,0.14459363645669754,0.08076318458498655,0.04830002027905067
Guatemala,1996,0.05567774899270006,0.10487264545829911,0.029148814202176965
Guatemala,1997,0.2260354147243504,0.08831214099365292,0.042715464263586966
Guatemala,1998,0.17794839404018603,0.06403959080359689,0.04872852229873814
Guatemala,1999,0.08349033741723133,0.050822484140903956,0.03774907494886648
Guatemala,2000,0.19429981687921938,0.058057351288645975,0.03545274555451172
Guatemala,2001,0.3139737045417448,0.07032680228914812,0.023057861171494665
Guatemala,2002,0.07964390439624935,0.07818834826810228,0.03767420143534039
Guatemala,2003,0.37257994982945775,0.05452110855217551,0.025281489587968053
Guatemala,2004,0.10265234185909122,0.07305176610033826,0.030896904991269736
Guatemala,2005,0.12856254247396137,0.08717398745876004,0.03223509085109555
Guatemala,2006,0.12216382981277363,0.06354602403729359,0.05213122220555988
Guatemala,2007,0.09790452397094285,0.06599013144044452,0.061449868878501235
Guatemala,2008,0.08173930591553358,0.10755994527507795,0.03240449698437686
Guatemala,2009,0.10746931426280781,0.01842032478092115,0.004757645500873764
Guatemala,2010,0.08676787500343863,0.03786892584586976,0.02843365909759399
Guatemala,2011,0.06985234380633898,0.0602869076743362,0.040795500245444316
Guatemala,2012,0.08948125061646905,0.03712050490135432,0.0293132242108598
Guatemala,2013,0.09117961979312028,0.04251692192177092,0.03628196608778467
Guatemala,2014,0.07580031823369993,0.03361233959198984,0.04348064437997223
Guatemala,2015,0.08700334983769764,0.023606367507005288,0.04010657850687238
Guatemala,2016,0.06156147897042885,0.04352338566990088,0.02642577103475574
Guatemala,2017,0.07048914986646437,0.04329448628930166,0.03033375693014051
Guatemala,2018,0.09212915192046722,0.036831918668157826,0.03350124857191972
Guatemala,2019,0.08388246174822456,0.03633177476411653,0.039392793062098974
Guatemala,2020,0.16607231966843017,0.03163858577778811,-0.018016850601405565
Guinea,2005,0.287825211504785,0.27287272276592534,0.029532321917720594
Guinea,2006,0.6646377513156132,0.29784478619347654,0.011825819706441365
Guinea,2007,-0.13112302727917324,0.16700117689392702,0.06595131433794421
Guinea,2008,0.32512908045917754,0.207547465683386,0.0404988974627436
Guinea,2009,0.17090561327590592,0.04577981561128297,-0.011289912381712952
Guinea,2010,0.6165847169592809,0.1401989673519184,0.04701106030871216
Guinea,2011,0.16752241211773722,0.19323616560359191,0.054602873539600694
Guinea,2012,-0.09755920261314799,0.1417277836585873,0.05746940239058773
Guinea,2013,0.12589226466825565,0.11232450671861471,0.03869833718333027
Guinea,2014,0.1323848545403159,0.05968776491067729,0.03629868970403294
Guinea,2015,0.12755774408572762,0.11136320593677773,0.03754537372378053
Guinea,2016,0.1210857996999195,0.07855866354228702,0.10274273703255332
Guinea,2017,0.15622921349881835,0.08539169457064588,0.09803378870958568
Guinea,2018,0.0937582205961256,0.09374183252307677,0.06164520134079865
Guinea,2019,0.21030691511992572,0.090480448063329,0.05464834735231605
Guinea,2020,0.20537568403357653,0.1007645534333017,0.04597277964851898
Guinea-Bissau,1991,-1.118958930705606,0.4548600718927114,0.04974209222325854
Guinea-Bissau,1992,0.7461649939467883,0.5281760492206535,0.010939939719495584
Guinea-Bissau,1993,0.33977668258132354,0.39277267264947735,0.020782539075902662
Guinea-Bissau,1994,0.3954126871859458,0.1412942237569399,0.03149866724474748
Guinea-Bissau,1995,0.35763361687546436,0.3740797561602305,0.043059489518938676
Guinea-Bissau,1996,0.3940799882634529,0.41034687262343494,0.10975086399842837
Guinea-Bissau,1997,0.7855740051894564,0.39945323010917777,0.0629747990976739
Guinea-Bissau,1998,-0.1181737711248374,0.07708839589335259,-0.254192198795792
Guinea-Bissau,1999,0.19506526123439372,-0.021083759945069502,0.1554214828945213
Guinea-Bissau,2000,0.47458790017371655,0.08283561264378392,0.010942691347846534
Guinea-Bissau,2001,-0.1437699607088163,0.03293293505231265,0.046749718637961735
Guinea-Bissau,2002,0.2289533961633694,0.032468368770277145,0.03588762647493127
Guinea-Bissau,2003,-0.8572491767667039,-0.03565397086254407,-0.00286340616019487
Guinea-Bissau,2004,0.35028104750226063,0.008794243999944662,0.01165078053383084
Guinea-Bissau,2005,0.17016701545850665,0.03274981455197956,0.06353587288933582
Guinea-Bissau,2006,0.04226009025663302,0.01935877563496735,0.026315732985249696
Guinea-Bissau,2007,0.23589882846045285,0.045140060375733704,0.02527611520533668
Guinea-Bissau,2008,0.26027849905244693,0.09948394058386789,0.04425202663113481
Guinea-Bissau,2009,0.06982293165361497,-0.01665184904457817,0.02418468909210958
Guinea-Bissau,2010,0.17853006774143054,0.024866757443028575,0.054538971054896024
Guinea-Bissau,2011,0.37515788632136093,0.0492291369801201,0.07774815416781422
Guinea-Bissau,2012,-0.05540275082986312,0.021081669783710844,-0.017277088916262784
Guinea-Bissau,2013,0.04874212938047506,0.011998979025733547,0.0320418519546557
Guinea-Bissau,2014,0.3972926041707332,-0.015207496079626459,0.009599038918185698
Guinea-Bissau,2015,0.24053235748245072,0.014659231400777628,0.05953310267727829
Guinea-Bissau,2016,0.08928022451364015,0.014919356440962872,0.05290244253173526
Guinea-Bissau,2017,0.02777153174972824,0.016769744697186617,0.04558197045431811
Guinea-Bissau,2018,0.05879266091009683,0.0038059950313806823,0.03692436313910363
Guinea-Bissau,2019,0.0025285525817686505,0.002462967086372281,0.0519043169315907
Guinea-Bissau,2020,0.08702890187099754,0.011335602544221501,0.028503859086868033
Guyana,1995,0.21570600069859935,0.11520662013120431,0.04908961036066728
Guyana,1996,0.1913478398635604,0.06854341557586974,0.07654908167443608
Guyana,1997,0.1030094070819878,0.03493916525775598,0.05997184984433446
Guyana,1998,0.07503292480377155,0.044843970707643344,-0.016933612674733922
Guyana,1999,0.09730259403043462,0.07267612768256537,0.029171851687895156
Guyana,2000,0.09487495365796761,0.05966927931853583,-0.013731891365239335
Guyana,2001,0.15575869174573498,0.02593489568133034,0.02253928764667279
Guyana,2002,0.07810512508783063,0.052032665516194676,0.011262607678744985
Guyana,2003,0.09053647328075698,0.05808944051746501,-0.006342323966574526
Guyana,2004,0.09231389201056217,0.04562770432430341,0.015512576510275267
Guyana,2005,0.0583682755195305,0.06696254680173475,-0.019702399788297242
Guyana,2006,0.1569093964977668,0.06463687165194099,0.05002377769556787
Guyana,2007,0.12259193512690203,0.11511418361172066,0.0694443078195981
Guyana,2008,0.1154519954747073,0.07790524402969812,0.017399973586176287
Guyana,2009,0.09944788898222612,0.029095597540071516,0.035478223306597556
Guyana,2010,0.1467830587092358,0.03665374416185063,0.0405509971769753
Guyana,2011,0.1250765380343175,0.048578100133728874,0.05065748212667032
Guyana,2012,0.12127800108504871,0.023637765831418633,0.05141842745252845
Guyana,2013,0.05510431198200649,0.018834038940465092,0.035882303912813995
Guyana,2014,0.03542570745483431,0.008490161339587132,0.01672431031482091
Guyana,2015,0.03606329598348168,-0.01006785446920766,0.006850527369454795
Guyana,2016,0.05286881322647474,0.008325328692694534,0.03736761514830533
Guyana,2017,-0.0069398099538027225,0.018867446574061475,0.03666448287213697
Guyana,2018,0.058102430799984006,0.01274684156789263,0.04345129856258012
Guyana,2019,0.13435368842645445,0.020657466636697208,0.05214491199420479
Guyana,2020,0.1354264161912191,0.00988435860614878,0.3610230392744427
Haiti,1991,0.11224988170326,0.1434066607207567,0.018630810830142508
Haiti,1992,0.2659370945234727,0.17696133857584884,-0.05456107960251444
Haiti,1993,0.2558856140949892,0.2600999451882391,-0.05579071888992004
Haiti,1994,0.2734544312041933,0.33168665782119566,-0.12727249807830177
Haiti,1995,0.23990119487096706,0.24379432998720496,0.09437981522353667
Haiti,1996,0.011219274038470672,0.18717307093189683,0.04057338757435858
Haiti,1997,0.18346459959046513,0.18696913455025843,0.02668782990062013
Haiti,1998,0.08842200152398405,0.05134912979773265,0.021583788415629357
Haiti,1999,0.21248016688092974,0.029601463618013746,0.02674171185407559
Haiti,2000,0.18484528870870065,0.08923011521208357,0.008662960561615307
Haiti,2001,0.14320632648760778,0.12501656376335912,-0.003433366094252932
Haiti,2002,0.2076973821358834,0.06796583551364499,0.010463269916055395
Haiti,2003,0.3285514549538391,0.2523106480238164,0.03421570639878979
Haiti,2004,0.052879009478541406,0.19088341531821573,-0.013266175467222752
Haiti,2005,0.16397792239953546,0.1307914653053759,0.0302592692518715
Haiti,2006,0.024133734871924162,0.10746523619866899,0.017532902466335543
Haiti,2007,0.10855972096429767,0.06351200438430027,0.04599129804371671
Haiti,2008,0.12084504891880954,0.14220915838811887,0.02623320388726924
Haiti,2009,0.12744300213980253,0.00393112340108992,0.05723421214692692
Haiti,2010,0.23203176582671858,0.047144447870899775,-0.05817493480512681
Haiti,2011,0.06619112428180074,0.061403563900992,0.04972509407290815
Haiti,2012,0.06920321510975569,0.04896197373591882,0.005011664638789881
Haiti,2013,0.07293551007499133,0.04654979019327232,0.042338771134200925
Haiti,2014,0.07454437234138211,0.03380382402982196,0.028478340195640328
Haiti,2015,0.2132232859969143,0.06514934107961423,0.013902905253775799
Haiti,2016,0.1749486690551123,0.10888047985703331,0.017962386841652744
Haiti,2017,0.08156368266772418,0.10147377055895213,0.024792815818120317
Haiti,2018,0.17526687768153693,0.11761778748849316,0.016540557181443205
Haiti,2019,0.1286713311904073,0.17146098173521995,-0.017381150821776714
Haiti,2020,0.041366912038711234,0.20535679152342556,-0.033613718651775315
Honduras,1991,0.17037597178071096,0.2924625794997251,0.23148387747070132
Honduras,1992,0.22084379119938546,0.08397238791828432,0.08650090284958978
Honduras,1993,0.10794192065998232,0.10209300359723361,0.12784050529692692
Honduras,1994,0.24899066875046572,0.19662992613370855,0.2547896525528408
Honduras,1995,0.25376651047391974,0.2582367520584534,0.22053585764330208
Honduras,1996,0.3281975952862233,0.21380274394712728,0.20666769388631323
Honduras,1997,0.47721158987416246,0.18398572758907594,0.20235083590967307
Honduras,1998,0.18460312615344066,0.12811268068700965,0.10953727468104901
Honduras,1999,0.1773751841630613,0.1103218566387385,0.10953453364201948
Honduras,2000,0.143375107481301,0.10479266887383298,0.09177866786858146
Honduras,2001,0.21771496844452898,0.09234356163772572,0.026867740631711712
Honduras,2002,0.12021977329395384,0.07409127656039072,0.03685578295901948
Honduras,2003,0.11459722615330037,0.07393950305055075,0.04446690903716899
Honduras,2004,0.16611628779978815,0.0780141065692801,0.06045804757374995
Honduras,2005,0.15978651853503933,0.08442442390189786,0.05874614538060996
Honduras,2006,0.19545009230746402,0.054277481994347454,0.06360599476787598
Honduras,2007,0.15379305389383546,0.06706234650578136,0.06004400309499047
Honduras,2008,0.047442696879056,0.10798790477869513,0.04144516136835463
Honduras,2009,0.005649504998686439,0.053506100333994944,-0.024616801232895114
Honduras,2010,0.09418719596047964,0.04591833631901299,0.0366321767850728
Honduras,2011,0.116886522618465,0.06543449063526108,0.03763956631913601
Honduras,2012,0.06767014818100847,0.050656860381908864,0.04045733042561395
Honduras,2013,0.0795314750254974,0.050330871772684915,0.027533060135720433
Honduras,2014,0.12464947543660543,0.059487498389571236,0.030122532268759272
Honduras,2015,0.07559347958115481,0.031089970955745727,0.03768183710355544
Honduras,2016,0.1641914011707506,0.026881553967279537,0.03819106976456865
Honduras,2017,0.1172202770583759,0.0385893681702445,0.04729298596206277
Honduras,2018,0.07891136082274386,0.0425550459453774,0.03772916644328106
Honduras,2019,0.09777561540626678,0.04273253561640633,0.0252742419080505
Honduras,2020,0.17328396524735368,0.03409617993632175,-0.09392704134089058
"Hong Kong SAR, China",1992,0.08142067170385658,0.0921461764616689,0.060483058453637994
"Hong Kong SAR, China",1993,0.1350133419662498,0.0843670387365405,0.060164518523293964
"Hong Kong SAR, China",1994,0.11098362756739988,0.0837698830654574,0.05860895640833519
"Hong Kong SAR, China",1995,0.10118625351372756,0.08688736136350173,0.023460700182571514
"Hong Kong SAR, China",1996,0.11769841607511466,0.06086534398409693,0.04170260297753714
"Hong Kong SAR, China",1997,0.08358302278321972,0.056159484038720286,0.04974008804825658
"Hong Kong SAR, China",1998,0.1055104887018139,0.028710105882436388,-0.060627724985710785
"Hong Kong SAR, China",1999,0.0797597339704268,-0.04092026978936403,0.02475856111317043
"Hong Kong SAR, China",2000,0.089184310234657,-0.03755134565213236,0.07383982445292858
"Hong Kong SAR, China",2001,-0.002773487176909839,-0.01672064678707752,0.0055929466581474685
"Hong Kong SAR, China",2002,0.005481436189246125,-0.030285395588853348,0.016431121916934188
"Hong Kong SAR, China",2003,0.06087445570014438,-0.027101929777792577,0.030105541597126972
"Hong Kong SAR, China",2004,0.0790442644322944,-0.0027510333718892,0.08342253661330545
"Hong Kong SAR, China",2005,0.05005411776406277,0.008230499136517189,0.07128002554501478
"Hong Kong SAR, China",2006,0.1344048636573909,0.019805093998776613,0.06796399659015151
"Hong Kong SAR, China",2007,0.1418524091556037,0.02014597161829368,0.06264430728879233
"Hong Kong SAR, China",2008,0.02840441045578146,0.04213142331812403,0.021055914626835204
"Hong Kong SAR, China",2009,0.05964832644086471,0.005777691135937957,-0.024898951369110023
"Hong Kong SAR, China",2010,0.06680500269187206,0.022669991749735274,0.06548515114070597
"Hong Kong SAR, China",2011,0.11211108900659994,0.051693079297333355,0.047023907089606354
"Hong Kong SAR, China",2012,0.08929638925992833,0.03973893951463836,0.016860127255593937
"Hong Kong SAR, China",2013,0.0997014071848632,0.04246538026398383,0.03054398587239504
"Hong Kong SAR, China",2014,0.08170556392762407,0.043285951557321845,0.027249598196636526
"Hong Kong SAR, China",2015,0.06548105258521275,0.029469945800968844,0.023597177966127703
"Hong Kong SAR, China",2016,0.06329442406912023,0.02380741544209819,0.021521040811208536
"Hong Kong SAR, China",2017,0.12042509273896584,0.01482824061618615,0.03725831916998246
"Hong Kong SAR, China",2018,0.03830913886713816,0.023776430296346796,0.028071789074896714
"Hong Kong SAR, China",2019,0.046999930616397734,0.028424261201339007,-0.016865892858032083
"Hong Kong SAR, China",2020,0.05860434030054407,0.0025064763728073203,-0.0676880530649484
Hungary,1991,0.25763942289691144,0.2987521442842591,-0.1266073150362459
Hungary,1992,0.34565143788957187,0.21233107282624042,-0.03112107952097176
Hungary,1993,0.1628552657582425,0.20264883902764552,-0.0057777442491797615
Hungary,1994,0.1326384024233569,0.17284407860165718,0.02904560801108147
Hungary,1995,0.1897073340312545,0.24924370647631067,0.014785409887071665
Hungary,1996,0.20082884549957924,0.2108201709556976,0.0010118302034562987
Hungary,1997,0.1800025070765443,0.16809647853429377,0.029344012820910592
Hungary,1998,0.14495488495593278,0.13237638533750928,0.03775914697500937
Hungary,1999,0.14559706582539889,0.09528967134888022,0.03039396908079084
Hungary,2000,0.11873490670369691,0.09352322204664976,0.043149284452358216
Hungary,2001,0.15144347845234662,0.08724876571477846,0.03981694087670107
Hungary,2002,0.12946007782585767,0.05131505220132748,0.04621604738175478
Hungary,2003,0.10392987629883521,0.045556531602366945,0.03863186301148147
Hungary,2004,0.10919063692044872,0.06526650730096861,0.048438915456092246
Hungary,2005,0.13715089107235556,0.03499561839960119,0.04210389111194601
Hungary,2006,0.12929506161757587,0.038550546703536526,0.03858523846585271
Hungary,2007,0.10446407379417266,0.07657897895086219,0.0033180326152901785
Hungary,2008,0.08351068819777296,0.05866988940712581,0.009885349390238218
Hungary,2009,0.035834243629786044,0.0412543334807296,-0.06978067548609346
Hungary,2010,0.041786653957736064,0.04741357860461548,0.010622883663771177
Hungary,2011,0.06453765518453025,0.03854664938247776,0.018985716911785744
Hungary,2012,-0.047478454542993376,0.05498186237220182,-0.013485364828028423
Hungary,2013,0.0751924036365601,0.0171835126611537,0.02011796881377137
Hungary,2014,0.02464744009428088,-0.0022782559652689827,0.04243049514418118
Hungary,2015,0.05526104189199543,-0.0006166368820883505,0.0359443532244228
Hungary,2016,0.06988393395176828,0.003939921373381949,0.024093812985604757
Hungary,2017,0.07499026103650053,0.02321095754487512,0.0404140767204737
Hungary,2018,0.11168223938127753,0.0281038406665175,0.05454630989867937
Hungary,2019,0.07834866168290233,0.03284065721302465,0.049524988889977806
Hungary,2020,0.19136507572150663,0.0327260516703074,-0.04435662355375314
Iceland,1991,0.14764670548219527,0.065869936405488,-0.0022377568998024344
Iceland,1992,0.03824851907771887,0.038717815262103716,-0.0343212345771704
Iceland,1993,0.063286144875498,0.03963267550407501,0.013048985455100137
Iceland,1994,0.02015589002751028,0.015407259007459206,0.035452641428506126
Iceland,1995,0.02489330624124264,0.01637746912518967,0.001165157501898051
Iceland,1996,0.06005335614854346,0.0223525008847143,0.04399442999565295
Iceland,1997,0.08940562224334059,0.01799148623681024,0.04057432017770779
Iceland,1998,0.1414203298528669,0.0164562669189805,0.06775661775012054
Iceland,1999,0.15920559838537685,0.03180707501094249,0.03823934352596581
Iceland,2000,0.10200824175743861,0.05008904628006983,0.047886728926048505
Iceland,2001,0.1411549933605194,0.06208318586624717,0.03769011306797054
Iceland,2002,0.13751459906622898,0.050664808802432404,0.005408216477754024
Iceland,2003,0.20187107248047198,0.020348197049242067,0.022557356184488953
Iceland,2004,0.15146877367654454,0.03109348074783913,0.07346052518753865
Iceland,2005,0.2327488713492727,0.03909616528276594,0.06793282217808994
Iceland,2006,0.47074829699525367,0.06472986902970757,0.055166103973672165
Iceland,2007,0.05689502228450394,0.04928106618038175,0.08380175128563039
Iceland,2008,0.27831826677302374,0.11950949360394247,0.016853289731397325
Iceland,2009,0.024409395825362168,0.1133566299716744,-0.08688190329840495
Iceland,2010,-0.1055956168345098,0.05256143570724969,-0.022468726637772107
Iceland,2011,0.05536591434928795,0.03923058467600882,0.01370561442056939
Iceland,2012,-0.04676089465666067,0.050559073844921976,0.011625281289383338
Iceland,2013,0.045489864051205586,0.037991874184870156,0.0353377709129461
Iceland,2014,0.056256864686027086,0.02023993181553685,0.018957329848447557
Iceland,2015,0.054228486263571796,0.016198646456080823,0.03699314009291044
Iceland,2016,-0.04746133194547042,0.016826906383705875,0.06032422509880675
Iceland,2017,0.04911573431450833,0.017450997634357535,0.03425713649318496
Iceland,2018,0.06758196619284362,0.026475584907924343,0.04555417520139571
Iceland,2019,0.06385699358676789,0.029694441503880675,0.011317834054199949
Iceland,2020,0.07106745306888484,0.028081245319766523,-0.06877016232038713
India,1991,0.16819687376300507,0.1298894227480254,0.010512860078790709
India,1992,0.15582780098946714,0.11143239779168113,0.053373890639111465
India,1993,0.1570692382158505,0.061348035269095824,0.04641378298020271
India,1994,0.18463328479291619,0.09756160304437866,0.06446593166193537
India,1995,0.10446020040842185,0.09735251249288535,0.0730133689316439
India,1996,0.17173466572881324,0.08596806269392188,0.07278122758840411
India,1997,0.1626013375936033,0.06919253795546254,0.03969964508151236
India,1998,0.16697959177097843,0.12425837180257115,0.06000716837689879
India,1999,0.1582779834519954,0.04564064182082195,0.08476160744938355
India,2000,0.14125393866315505,0.039311438945762944,0.03769061195864509
India,2001,0.13383616470186155,0.03709627661934878,0.047112245494307814
India,2002,0.15496033547847432,0.04207387017407527,0.0373340819016974
India,2003,0.12251503175177803,0.03735222819205042,0.07566744068376252
India,2004,0.15471337532223473,0.03698024108039988,0.07624723654934229
India,2005,0.144964938929661,0.04158660088935395,0.07625181396698011
India,2006,0.1958392884800766,0.05634747255230366,0.07752322170955495
India,2007,0.20107381953241088,0.06178048395911251,0.07381549786667208
India,2008,0.18643981409338295,0.08018977731127475,0.03040017691687069
India,2009,0.1654791769835633,0.1032995698378043,0.07568141566141762
India,2010,0.1638365660764265,0.11323394796620967,0.08155772593554289
India,2011,0.1496054172787673,0.08536813344849747,0.051085776751339296
India,2012,0.10477161222973308,0.09056253586800445,0.05312729332373323
India,2013,0.13829591179597145,0.09547269818485926,0.061904803454822854
India,2014,0.1006358061864745,0.06452905283036614,0.07148522065032736
India,2015,0.10091014845984603,0.04790380424253282,0.07692635336520581
India,2016,0.06579667423948621,0.04829686480893791,0.07933142863724996
India,2017,0.09922110135323692,0.032739886491799375,0.06574451318966368
India,2018,0.10002287554515732,0.03863233304276825,0.06254138454640668
India,2019,0.09993807662935694,0.03661641852952524,0.037983765186012874
India,2020,0.11759757760958678,0.06413315876701997,-0.059513564279988884
Indonesia,1991,0.16148885730897433,0.09001498354230497,0.0668357196421816
Indonesia,1992,0.17916809556880509,0.07253933592377892,0.0629513858997619
Indonesia,1993,0.18279229500763705,0.09232309465557131,0.0629410720241168
Indonesia,1994,0.1840057428963533,0.08187485864614574,0.07269241661447978
Indonesia,1995,0.24313219956109577,0.09002627184253109,0.07899607459680524
Indonesia,1996,0.23965199275604476,0.07671361205709104,0.07527616954337901
Indonesia,1997,0.22518045187254643,0.06040014061179999,0.04592777480944932
Indonesia,1998,0.4871241728236484,0.4602754722418032,-0.1407197440831922
Indonesia,1999,0.11540969265881529,0.18629558688977577,0.007880130873065383
Indonesia,2000,0.15377744336119292,0.03622218716584058,0.04802861471202036
Indonesia,2001,0.1121747912264297,0.10885544576435624,0.03578661614778156
Indonesia,2002,0.04648180974368188,0.11243650201769606,0.0440118652209911
Indonesia,2003,0.0763842068718148,0.06538796553877102,0.04669625081147544
Indonesia,2004,0.08749767343043402,0.058873083038988305,0.04908415852044712
Indonesia,2005,0.15130518306691698,0.09942171754009355,0.055364423470635415
Indonesia,2006,0.1392678094432256,0.12317886073235407,0.05354978854802894
Indonesia,2007,0.17668169111377097,0.062097051421225125,0.06151854898372733
Indonesia,2008,0.1390909984614126,0.09736866264899735,0.05839817901427935
Indonesia,2009,0.12179096154802949,0.04292933844251845,0.04524934268721381
Indonesia,2010,0.14325399259374905,0.050067504120047346,0.06037851323419119
Indonesia,2011,0.1521181915436074,0.05217536591375094,0.05986936451870051
Indonesia,2012,0.13937049604845697,0.04190474511847331,0.058552364673317925
Indonesia,2013,0.12026615411588182,0.06215281427885522,0.05408340345533347
Indonesia,2014,0.1122523863214937,0.06198772835471278,0.04885367096954596
Indonesia,2015,0.08615008188161255,0.061688720046265466,0.04761158706516966
Indonesia,2016,0.0955692264353516,0.03465071475508452,0.04910505918290298
Indonesia,2017,0.07950897830455261,0.03738054586158235,0.049454571034200256
Indonesia,2018,0.061003741694243274,0.03148265490840796,0.0504487074501192
Indonesia,2019,0.06335411576853289,0.029855696119692077,0.048973839494969695
Indonesia,2020,0.1180821986538021,0.019016389593367045,-0.020871418909788275
"Iran, Islamic Rep.",1991,0.22773480001238866,0.15810201680364444,0.11970251177094227
"Iran, Islamic Rep.",1992,0.21818503235592956,0.22958454444044918,0.032447653834189794
"Iran, Islamic Rep.",1993,0.2642959319306364,0.19229359330904416,-0.014819381434442391
"Iran, Islamic Rep.",1994,0.2874000105047685,0.2734337587989395,-0.017128723779347155
"Iran, Islamic Rep.",1995,0.26308511670620405,0.4031690464834503,0.023726727270364734
"Iran, Islamic Rep.",1996,0.2810928584184076,0.2541563950845318,0.06157030175534217
"Iran, Islamic Rep.",1997,0.2125449414563647,0.15998413853575588,0.013413626461115769
"Iran, Islamic Rep.",1998,0.18552000623949283,0.1643793386737804,0.020586749010725214
"Iran, Islamic Rep.",1999,0.19473826429265273,0.1829106150541202,0.019829060599114712
"Iran, Islamic Rep.",2000,0.3028428379812098,0.135201571139564,0.05681055728281237
"Iran, Islamic Rep.",2001,0.25705649162186006,0.10682766306943048,0.023640085337152783
"Iran, Islamic Rep.",2002,0.2500833417917647,0.13397071631384128,0.07769067562657739
"Iran, Islamic Rep.",2003,0.24108622032924387,0.15244647098348096,0.08286301974916555
"Iran, Islamic Rep.",2004,0.2521694972774,0.1376859515798512,0.042452657659850956
"Iran, Islamic Rep.",2005,0.2840346091922541,0.12604320859885298,0.03139986457476951
"Iran, Islamic Rep.",2006,0.3100600605998878,0.09545469891723046,0.04878821428003022
"Iran, Islamic Rep.",2007,0.29189439030684383,0.15991438454400697,0.0784023493927819
"Iran, Islamic Rep.",2008,0.11222913547946689,0.22642224277590906,0.0025054243365865148
"Iran, Islamic Rep.",2009,0.23928137540417538,0.12708677536405322,0.010023451525380978
"Iran, Islamic Rep.",2010,0.21978802550133736,0.09612224025576754,0.05636084649477979
"Iran, Islamic Rep.",2011,0.1836996804490667,0.2334374720354866,0.02611324124447023
"Iran, Islamic Rep.",2012,0.2925122844044594,0.2410370061178,-0.03819182518595099
"Iran, Islamic Rep.",2013,0.23142461019102,0.31190898285706226,-0.015336801845755588
"Iran, Islamic Rep.",2014,0.30083426963147986,0.15363528905691748,0.04864515429500571
"Iran, Islamic Rep.",2015,0.21807577253534305,0.11764686248437961,-0.014351338985669315
"Iran, Islamic Rep.",2016,0.24653982775689087,0.06994971813210249,0.08447980281452061
Iraq,2005,0.036395415958363486,0.3145149363878428,0.016613514495741555
Iraq,2006,0.2911800254086181,0.4267761586743193,0.05485080089667349
Iraq,2007,0.3155788619724831,-0.10611071450771536,0.018709278459482448
Iraq,2008,0.30169643076492747,0.11922956960525788,0.07907091659595977
Iraq,2009,0.23668340789884468,0.06647678653814193,0.03323455386156127
Iraq,2010,0.27160051362414706,0.028371177418045512,0.062059496312294016
Iraq,2011,0.1880923310952234,0.056394089209671705,0.07275285840563939
Iraq,2012,0.04084848656063045,0.05910908730053066,0.1304704768181537
Iraq,2013,0.14813605709280964,0.018620536819062394,0.07351330751777851
Iraq,2014,0.03810632909124223,0.02211342670470895,0.022384469663446538
Iraq,2015,-0.09540564146460895,0.013837126751231388,0.02573369417823912
Iraq,2016,0.06790394355337526,0.005549785384070027,0.12916137189154497
Iraq,2017,0.02608300170878408,0.0018388971802014709,-0.01836511459489998
Iraq,2018,0.026920175003873226,0.003667680718026922,0.025997624019797883
Iraq,2019,0.08102131965265613,-0.0019916357907785454,0.05367147474011347
Iraq,2020,0.1477075987310954,0.005725206478032874,-0.12825156227030732
Israel,1991,0.1631887440371429,0.17486784531248345,0.07442184890977543
Israel,1992,0.23482124485337152,0.11391183603036437,0.07472953670090376
Israel,1993,0.1985748067988915,0.10331328752407831,0.040342740725083814
Israel,1994,0.2198853369376792,0.115589974751245,0.07164922954857644
Israel,1995,0.19617228320088742,0.094709089236229,0.06394076122811043
Israel,1996,0.22302236179717738,0.10848224852351329,0.05675302839994956
Israel,1997,0.1393654630862322,0.08576471037570599,0.035486307658292304
Israel,1998,0.1794218195373496,0.05343416137284063,0.040296710621671394
Israel,1999,0.14443481161928773,0.05059571977244204,0.03244085684497833
Israel,2000,0.07715216088225674,0.010273411429244206,0.08233628547876393
Israel,2001,0.08259600382844567,0.011167692450609223,0.0027754182264807525
Israel,2002,0.10476416083506379,0.05640250610791231,-0.0013416259242973183
Israel,2003,-0.0006679878272137785,0.007051386603603049,0.014386591866642817
Israel,2004,0.06981526480227629,-0.004224862521812867,0.045431171387928515
Israel,2005,0.09560121477213812,0.013317953853973385,0.042942517776761946
Israel,2006,0.06714358790661734,0.020332674500989967,0.054503592187924
Israel,2007,-0.2285284895149715,0.004651435013039773,0.06131473191799941
Israel,2008,0.11795057494559913,0.044279507879544155,0.03171275266730689
Israel,2009,0.056276709825457516,0.033121604932500937,0.012301343246761576
Israel,2010,0.030845873178094507,0.026668247082162644,0.05386621480793252
Israel,2011,0.10935925828207971,0.03428907347862964,0.05371891422204911
Israel,2012,0.061100589581904785,0.016616548874599957,0.02417704914855534
Israel,2013,0.08182636589652148,0.01577259087379712,0.04004450053939479
Israel,2014,0.11176910080436286,0.004664675981726596,0.03706289088355064
Israel,2015,0.041295519183705665,-0.006192560159775873,0.02212936124060505
Israel,2016,0.0559784779518715,-0.00536605350464292,0.04363195697393962
Israel,2017,0.05075345266372722,0.002494963389997551,0.04255103806638871
Israel,2018,0.04120955810033777,0.008018370566952981,0.03925819919941986
Israel,2019,0.0724685746916407,0.008143213259625526,0.03643314232676076
Israel,2020,0.19953660227784553,-0.005769155831968575,-0.020423297792504513
Jamaica,1991,0.3874385677268819,0.4125803859105832,0.04724839296083516
Jamaica,1992,0.43443409136898126,0.5726538106410235,0.019366674441151588
Jamaica,1993,0.26119170871623965,0.19942405032905963,0.08999702236470242
Jamaica,1994,0.2514061105120149,0.30057406925461505,0.013739083139657993
Jamaica,1995,0.24675984434862386,0.18156084115997917,0.023227706360760436
Jamaica,1996,0.20208118979219236,0.23433395737127816,-0.0011379592885809586
Jamaica,1997,0.15187695418307712,0.09219216578040035,-0.011470129885253755
Jamaica,1998,0.08140973917537409,0.08279488124513179,-0.02362235929536638
Jamaica,1999,0.08766400239132821,0.05783711199957908,0.010422237973621407
Jamaica,2000,-0.07221676523777987,0.07854389481020396,0.008748654182767268
Jamaica,2001,0.23286716330970947,0.0658056177927735,0.013359656710729695
Jamaica,2002,0.13427897501849984,0.0683719462884862,0.01977606755046679
Jamaica,2003,0.10441037553471233,0.0961003813468233,0.036007070222382254
Jamaica,2004,0.15088678553911805,0.12711273276522927,0.013150404206857758
Jamaica,2005,0.07027604699810297,0.1402215401142879,0.008898272043321498
Jamaica,2006,0.14389944141506206,0.08214263132413802,0.02857895676537936
Jamaica,2007,0.13641968641256597,0.08842123883411546,0.014217984103296999
Jamaica,2008,0.05025811833899496,0.19903804203826603,-0.00815049222697084
Jamaica,2009,0.09446570867497783,0.09159643775028048,-0.04442537325560636
Jamaica,2010,0.0543449451261111,0.11876523756088808,-0.014678678697709557
Jamaica,2011,0.04719438652402275,0.07284012166765041,0.01715575752363563
Jamaica,2012,0.08341799652245996,0.06648017010483631,-0.006155265258545484
Jamaica,2013,0.12059151843660842,0.0893058330631522,0.0051635062403967424
Jamaica,2014,0.06529337035004801,0.07949559368610348,0.006874539708682903
Jamaica,2015,0.12572447500195238,0.03625036650520208,0.00917267334800087
Jamaica,2016,0.12602486535190494,0.02323811116812191,0.027230244844126616
Jamaica,2017,0.10663173223326794,0.04285255856815784,0.022671388002851955
Jamaica,2018,0.09431989223090653,0.036685182386385407,0.0248471819719569
Jamaica,2019,0.0923182231868509,0.03830779665504824,0.01793256091950468
Jamaica,2020,0.16954126062942265,0.05094762368319827,-0.08669600020791535
Japan,1991,0.054002148596545396,0.03199697783864419,0.03462707503011586
Japan,1992,0.0323748236786372,0.017449695248759056,0.008965549743482626
Japan,1993,0.04324477326132836,0.012353835141821534,-0.004602773691985362
Japan,1994,0.04101844232072693,0.006930509023782783,0.010775566236134182
Japan,1995,0.03992074769850262,-0.0012798090565562248,0.025969841624249312
Japan,1996,0.0373338268751624,0.001365071451632005,0.030857676714756366
Japan,1997,0.056475588281799105,0.017327061560522772,0.009764459444411955
Japan,1998,0.030882107420794114,0.006597927639342416,-0.012784681829675293
Japan,1999,0.027636976373393907,-0.0034188067487841423,-0.0033448874809671736
Japan,2000,0.013267245891789514,-0.006788778535012696,0.027271212472673056
Japan,2001,-0.18921793459191605,-0.007428075008508728,0.003853599599480617
Japan,2002,0.00919209301616064,-0.009277846693453107,0.0004195369749204758
Japan,2003,0.005390487045879411,-0.002568714487172663,0.015234616661558675
Japan,2004,0.00619955271118755,-8.573755739327282e-05,0.021625628290188104
Japan,2005,0.00217576174091505,-0.002833471178337099,0.017878236374119894
Japan,2006,-0.007159243990805919,0.0024904474205831306,0.01363018679717598
Japan,2007,0.006725992057567964,0.0006002143802890103,0.014730663188640136
Japan,2008,0.008536941549408539,0.013706424937534045,-0.01231845154511646
Japan,2009,0.020808691992101558,-0.013620709427256017,-0.058617274201022695
Japan,2010,0.01787837697858663,-0.00730907842930506,0.040161788658863884
Japan,2011,0.028764905880706237,-0.0027282745196037794,0.00023806689782190915
Japan,2012,0.021571761276774737,-0.00044074221701606575,0.013653870208244712
Japan,2013,0.03491579871931805,0.003344779106349449,0.019852627779588516
Japan,2014,0.02821730716436832,0.027218461055289467,0.0029576768996868452
Japan,2015,0.02952824819422517,0.007921339490956747,0.015485741534426722
Japan,2016,0.037788078594161334,-0.0012733988732103185,0.007509996705856281
Japan,2017,0.034267780562061034,0.004830313192377922,0.016614528664231187
Japan,2018,0.023048927073524794,0.00984235074651263,0.006413300986345405
Japan,2019,0.020586039795091438,0.004676808257210396,-0.004029800760157798
Japan,2020,0.07094273006537577,-0.000249989585070054,-0.04258150583893894
Jordan,1991,0.14672631669918346,0.07839978322936947,0.0159573128812589
Jordan,1992,0.03286919016266765,0.03918067009745263,0.13409177610264678
Jordan,1993,0.044080455211553016,0.03262851949173173,0.043892377951763706
Jordan,1994,0.03278753447218108,0.03456273004859067,0.04851847678620658
Jordan,1995,0.055703319256146244,0.023258653381754257,0.06016215671935399
Jordan,1996,-0.009139928859497104,0.06298623596731012,0.020655408493343685
Jordan,1997,0.07363952451090228,0.029926542412979096,0.03254923307437707
Jordan,1998,0.061236353748586936,0.03044837409269796,0.02967697671949665
Jordan,1999,0.14410727889568165,0.006044262266331479,0.03333352138618295
Jordan,2000,0.07346508028388499,0.006646671116382841,0.04158054119056942
Jordan,2001,0.07791217023065045,0.017566839328126527,0.05135788926504503
Jordan,2002,0.08241627727943168,0.018163970627672832,0.056227277553457355
Jordan,2003,0.15370533497430472,0.016168581161583262,0.04077400190088909
Jordan,2004,0.09949751748647273,0.03306592871611436,0.08219928129489773
Jordan,2005,0.19403887181622181,0.03434041370820662,0.0783174801159312
Jordan,2006,0.12076472556855222,0.06064085384059581,0.07782155299438642
Jordan,2007,0.11711684161505787,0.04634819823628522,0.07859091542879071
Jordan,2008,0.19139864405251572,0.13077587092039522,0.06971621595639732
Jordan,2009,0.21744441024386418,-0.007418143951945844,0.04901594889458849
Jordan,2010,0.0882249338827954,0.04731783089970687,0.022884483501272257
Jordan,2011,0.026620510259316887,0.04078143333873019,0.027003889641019185
Jordan,2012,-0.020632188956398068,0.04416261227857543,0.024003184755486018
Jordan,2013,0.13239085850261745,0.047118511953240017,0.025764695026389006
Jordan,2014,-0.0425049197329983,0.028582394157465885,0.033280780664124876
Jordan,2015,0.07269337021927669,-0.008807183228466187,0.02465874658425804
Jordan,2016,0.04251724722099226,-0.00781476048455243,0.01974557517169373
Jordan,2017,-0.00044586372975885524,0.032698474867932426,0.024435000430624854
Jordan,2018,0.001563291209073725,0.043656160887477036,0.019008889952530694
Jordan,2019,0.050031615554868125,0.007586291656400235,0.017360832645149316
Jordan,2020,0.05576838655176175,0.003327401560659915,-0.011088772651405066
Kazakhstan,1994,1.9109961838052136,2.984353983215524,-0.13467490330734222
Kazakhstan,1995,0.7333792903938487,1.0157931988129592,-0.08555788837452738
Kazakhstan,1996,0.18945475974753023,0.33061614000564177,0.004987541531669137
Kazakhstan,1997,0.2155652251567588,0.16048521191161536,0.016857117061459093
Kazakhstan,1998,-0.15236964644148543,0.06902525307154805,-0.019182819410911378
Kazakhstan,1999,0.6117749688292697,0.07969828824575043,0.026641930925411117
Kazakhstan,2000,0.3712832663167447,0.1238171544581208,0.09349034310684345
Kazakhstan,2001,0.33791977356060343,0.08023473020476946,0.1266326509195821
Kazakhstan,2002,0.26279312492251705,0.056729275583274674,0.09349034308377213
Kazakhstan,2003,0.2944108600011077,0.06239451910555838,0.08892620919749206
Kazakhstan,2004,0.5295024953684333,0.06655574507714412,0.09166718853830957
Kazakhstan,2005,0.2244536867583875,0.07306456426895558,0.09257918128604459
Kazakhstan,2006,0.5769508195440878,0.08362116376394191,0.10165365372650115
Kazakhstan,2007,0.23027028427678786,0.10297920846309339,0.08525984395076946
Kazakhstan,2008,0.3028098054518651,0.1581987590918832,0.032467190139545465
Kazakhstan,2009,0.17787917395124353,0.0706082994206243,0.011928570859627285
Kazakhstan,2010,0.12483492592878775,0.07139431231026361,0.07045846367929443
Kazakhstan,2011,0.1394526107956935,0.08114583434491429,0.07138999610009833
Kazakhstan,2012,0.07604895676301027,0.05065208391437803,0.046883585853841225
Kazakhstan,2013,0.09729733540049779,0.057729505280755156,0.05826890809294838
Kazakhstan,2014,0.0987191391804032,0.06625064620867249,0.04114194338555777
Kazakhstan,2015,0.2910284728233776,0.06464744510656395,0.011928570870544775
Kazakhstan,2016,0.1450203480120713,0.13419074978877088,0.010939940029448536
Kazakhstan,2017,-0.01743831835040055,0.07178715382984358,0.04018178965755581
Kazakhstan,2018,0.06742314984782283,0.05981170302419514,0.040181789566531734
Kazakhstan,2019,0.02414706585124904,0.05196190021793612,0.0440168854255667
Kazakhstan,2020,0.15583909056016054,0.06502110356919921,-0.025317807946134252
Kenya,1991,0.17875462600078507,0.18302543880640387,0.014281007167738835
Kenya,1992,0.3294579121410379,0.24163052487099357,-0.0080270704869001
Kenya,1993,0.24712129285805773,0.3782917766522971,0.0035257497953047334
Kenya,1994,0.20845924195698728,0.25320234062428426,0.025987232918325276
Kenya,1995,0.2546459244979893,0.015423722110360139,0.04311903294462027
Kenya,1996,0.22574062766715386,0.08493001376645681,0.04063163338281939
Kenya,1997,0.1839424345254841,0.10761457880288328,0.004737778196350462
Kenya,1998,0.028891119445596303,0.06506122676136172,0.03237244917818671
Kenya,1999,0.06285925442523421,0.05583198931580835,0.02279216002235529
Kenya,2000,0.047912614769664685,0.09512857380140582,0.0059790437485851555
Kenya,2001,0.05487033776719841,0.05579980715061028,0.03710218698707024
Kenya,2002,0.094298852763405,0.019423224129856642,0.00545369682561514
Kenya,2003,0.11142776573252178,0.09363323478854868,0.028903010030703058
Kenya,2004,0.12638296325189202,0.10996621303008247,0.04978300234528987
Kenya,2005,0.0944768469837527,0.09814958449016098,0.05738801156737594
Kenya,2006,0.15676360353097962,0.13500048729780012,0.0627164963219684
Kenya,2007,0.1858407336944623,0.09311577595379905,0.06626262560856588
Kenya,2008,0.14452309619664305,0.2330132186726317,0.00232013385481622
Kenya,2009,0.15235469325572026,0.08832333696316397,0.03253436906498308
Kenya,2010,0.2018110198442713,0.03884938355699763,0.07750231686913978
Kenya,2011,0.1752302577424878,0.1312255350650311,0.04994289114058148
Kenya,2012,0.1344637817571659,0.0896374844076302,0.044673890732415344
Kenya,2013,0.1421792369002688,0.05560019527906945,0.03727505613363391
Kenya,2014,0.23524019221863313,0.06651926123320528,0.04898167918473462
Kenya,2015,0.1490216335778598,0.06374590359471011,0.048482699074479996
Kenya,2016,0.038166410878268664,0.06106922450150787,0.04127165726102433
Kenya,2017,0.08625409298348075,0.07701335159290856,0.0376614035775944
Kenya,2018,0.09642756484893411,0.04583156771946939,0.05494212018598077
Kenya,2019,0.058433966098338175,0.051069830018899864,0.04987680078194501
Kenya,2020,0.12463315983468348,0.052641425004643416,-0.0027313901264669482
"Korea, Rep.",1991,0.1979276566185888,0.08922616860843657,0.10323301949186714
"Korea, Rep.",1992,0.13925333849946497,0.060278975862359196,0.0615803249496345
"Korea, Rep.",1993,0.15341385163648624,0.04689309541616815,0.06760928199760485
"Korea, Rep.",1994,0.17123862507954613,0.06077387656347799,0.08958322822055464
"Korea, Rep.",1995,0.14490680826430236,0.04383257260036899,0.09290632695962486
"Korea, Rep.",1996,0.1469339379686403,0.04807127290451696,0.07687242448079346
"Korea, Rep.",1997,0.1322882024161629,0.04343233034651295,0.060927565607087786
"Korea, Rep.",1998,0.23922306139080263,0.07244697993408611,-0.050650656148103934
"Korea, Rep.",1999,0.24197818189324494,0.008096705579017538,0.1099055379817706
"Korea, Rep.",2000,0.22654396054654313,0.02234024600093143,0.08802789538347255
"Korea, Rep.",2001,0.616282771061087,0.03986066102543351,0.04617661471031553
"Korea, Rep.",2002,0.1310273079941453,0.027247999469512507,0.07458784727490908
"Korea, Rep.",2003,0.02937131128695114,0.034545131508206595,0.03028404034105492
"Korea, Rep.",2004,0.061173365223432086,0.035277014185251865,0.05053755905899848
"Korea, Rep.",2005,0.06755639443149875,0.02716556819013949,0.04265937756210292
"Korea, Rep.",2006,0.11789823666189392,0.022175694492510445,0.05112083182186211
"Korea, Rep.",2007,0.10273675739557575,0.025029861290068567,0.05677688421222982
"Korea, Rep.",2008,0.11293757040620278,0.045679584235892357,0.0296015636262581
"Korea, Rep.",2009,0.09427281047204872,0.027191892104266202,0.008165191473405997
"Korea, Rep.",2010,0.05806960973441022,0.028969177248410638,0.06748724489282054
"Korea, Rep.",2011,0.053311944177636406,0.0394703454960057,0.03621651333260445
"Korea, Rep.",2012,0.04694527754776345,0.0216349773633695,0.02515753382147423
"Korea, Rep.",2013,0.045345106598588814,0.012929527700025645,0.03238389484225479
"Korea, Rep.",2014,0.07829804570427967,0.01266717613213686,0.031640906912102196
"Korea, Rep.",2015,0.07872567017324172,0.007038489341196552,0.028784645115660368
"Korea, Rep.",2016,0.06880897739296898,0.009669952342001409,0.031222732576665635
"Korea, Rep.",2017,0.049787199345090016,0.019256716626443904,0.03375572809567018
"Korea, Rep.",2018,0.06502690652856558,0.01465054819837075,0.03126720308152642
"Korea, Rep.",2019,0.07600674662877793,0.0038226872481601504,0.022874395815655646
"Korea, Rep.",2020,0.09370673300318089,0.005358497806821738,-0.007027055197159626
Kosovo,2009,0.10293925754693944,-0.024397862203811016,0.049122053263381815
Kosovo,2010,0.12673837877197158,0.0342130769744351,0.04821810495202783
Kosovo,2011,0.08434469386526544,0.0707978069332702,0.061281443510939226
Kosovo,2012,0.06881151513911021,0.024465638751468788,0.01697703080967372
Kosovo,2013,0.15847928100001596,0.017518887070457012,0.05203061413105203
Kosovo,2014,-0.03993977194835807,0.004280404068914834,0.03293953533470528
Kosovo,2015,0.05802506578139699,-0.00538376039241939,0.05747832478447634
Kosovo,2016,0.08511584798931793,0.0027279700144342556,0.054220867809039675
Kosovo,2017,0.06162427670992798,0.014772687606479096,0.0471283617878413
Kosovo,2018,0.07738361772032931,0.010482839901986729,0.033498915910886495
Kosovo,2019,0.11841352840981045,0.02640813561840627,0.046471292616875104
Kosovo,2020,0.1425047975974394,0.0019803171070389425,-0.05488157170080399
Kuwait,1992,0.006923308427801089,-0.005469643402054025,0.6032735057902272
Kuwait,1993,0.05428872108551275,0.0038181153635816756,0.2925984737898837
Kuwait,1994,0.05273913367324923,0.02502850994329897,0.0809914787837478
Kuwait,1995,0.08957868376589673,0.02651268759802239,0.04743964550594981
Kuwait,1996,-0.005970491769542008,0.03492289166652984,0.006033036172148343
Kuwait,1997,0.03815300604451011,0.006798750378131935,0.02443233733673722
Kuwait,1998,-0.007843177461026585,0.0012957430390292402,0.035965948378624546
Kuwait,1999,0.015950976550566764,0.02946957844793552,-0.01805205351486805
Kuwait,2000,0.0612771523867508,0.01796708233015476,0.045877181464287986
Kuwait,2001,0.12049309982283773,0.012916225266545567,0.0021310534567255957
Kuwait,2002,0.0464460063492389,0.008845266514965644,0.029697464005447927
Kuwait,2003,0.07535026114006627,0.00956758725521123,0.15978637301245513
Kuwait,2004,0.11639900793638347,0.012408341496056963,0.09749232499852667
Kuwait,2005,0.11323732181341128,0.04059453668226087,0.10083168080528537
Kuwait,2006,0.1960506093555061,0.030112177175827703,0.07245807539596427
Kuwait,2007,0.17471610388730596,0.05339810113825205,0.05818942865040455
Kuwait,2008,0.14644775127871412,0.10059355983499785,0.024495099844894952
Kuwait,2009,0.12592099687915592,0.045065096468579924,-0.07338883850791333
Kuwait,2010,0.02922935021649309,0.04398246260132943,-0.023990976248384754
Kuwait,2011,0.07918791484710397,0.047259502816341836,0.09192841530955675
Kuwait,2012,0.06265373907662308,0.032032884832587705,0.06415602472129933
Kuwait,2013,0.09312185756274971,0.02646953868607138,0.011429093655259237
Kuwait,2014,0.03624358333727429,0.02867420458180181,0.004996642658131378
Kuwait,2015,0.018241679932874177,0.032193209345087404,0.005910208431611608
Kuwait,2016,0.033808876615889716,0.031483141421251304,0.028840834297859885
Kuwait,2017,0.03725642119262318,0.021485846995562774,-0.04826863858955477
Kuwait,2018,0.039771762974229574,0.005416634991488145,0.027063754822250985
Kuwait,2019,-0.0147878314582357,0.010859304013440152,0.022385730034972795
Kuwait,2020,-0.07633660905042561,0.020799478787078662,-0.049372150795864655
Kyrgyz Republic,1996,0.13802764107596843,0.2772327003412971,0.06844807880444392
Kyrgyz Republic,1997,0.27899980419614323,0.21054798192604363,0.09453946374725675
Kyrgyz Republic,1998,0.16151459079158315,0.09945958261007526,0.02099637806797361
Kyrgyz Republic,1999,0.2902463812885294,0.3150364504015064,0.03590550661361647
Kyrgyz Republic,2000,0.11084744739874708,0.17143530165559318,0.05300352911446282
Kyrgyz Republic,2001,0.10717050830542618,0.066907711397024,0.05184854362125435
Kyrgyz Republic,2002,0.2917617886316286,0.021117545383939618,-0.0001732611392064598
Kyrgyz Republic,2003,0.2879148651316292,0.029312295665601784,0.06794172239817797
Kyrgyz Republic,2004,0.27816207622846534,0.04028409801330746,0.06790920049402516
Kyrgyz Republic,2005,0.09439626815949609,0.042471902290614594,-0.0017566961279591453
Kyrgyz Republic,2006,0.40665150653184057,0.05403470493597062,0.030557320468872717
Kyrgyz Republic,2007,0.30306745457020057,0.09739984281013925,0.08197506815487188
Kyrgyz Republic,2008,0.07463458368867038,0.21929698213083526,0.08067281110387725
Kyrgyz Republic,2009,0.2006785410328611,0.06613002727943051,0.02845425629381637
Kyrgyz Republic,2010,0.19181902836473697,0.07666212846430565,-0.004726819799653725
Kyrgyz Republic,2011,0.1389631529462072,0.15389058548980117,0.05785631638702071
Kyrgyz Republic,2012,0.21373445918347755,0.027308139023465294,-0.0008818907497989414
Kyrgyz Republic,2013,0.20509608321627226,0.06404232327283488,0.10359818874683313
Kyrgyz Republic,2014,0.029773755779270772,0.07263919035799038,0.039451827125471794
Kyrgyz Republic,2015,0.13891788770623847,0.06300595726689551,0.03802601367940639
Kyrgyz Republic,2016,0.13612876021134213,0.0038808427477565743,0.04244489375685134
Kyrgyz Republic,2017,0.1647400055613666,0.031259392929781527,0.046310303510185946
Kyrgyz Republic,2018,0.05375636789628402,0.015308834064008181,0.0368902124869912
Kyrgyz Republic,2019,0.12074308481477658,0.011272452279066592,0.04497934705004525
Kyrgyz Republic,2020,0.2141479465827132,0.06133423316750175,-0.07417388669674096
Lao PDR,1991,0.1461184561633857,0.1261176147263845,0.04206822860244941
Lao PDR,1992,0.3988107782964434,0.09407787236995468,0.05410797824346503
Lao PDR,1993,0.49828094412608337,0.06078670200016978,0.05744362950846238
Lao PDR,1994,0.2771117342599183,0.06564241898872303,0.07843235204865451
Lao PDR,1995,0.15188091456803932,0.17893180965268773,0.06795070230970168
Lao PDR,1996,0.23690089427924477,0.12243367749415524,0.06698855231169176
Lao PDR,1997,0.5053847869743251,0.24301568559978093,0.06646252472262404
Lao PDR,1998,0.7574532239377412,0.6470023708051693,0.03890920398527342
Lao PDR,1999,0.5786517186507076,0.8121389449616778,0.07051788472914566
Lao PDR,2000,0.37871451976501547,0.2238204535892172,0.05636882418858846
Lao PDR,2001,0.12853723700659714,0.0752170021824079,0.05592099241483339
Lao PDR,2002,0.3191733048473395,0.10103326830406623,0.05750204513805457
Lao PDR,2003,0.18294469801224977,0.1440081572428955,0.05890080563697708
Lao PDR,2004,0.19586543624318153,0.09950379910927953,0.06163771298465548
Lao PDR,2005,0.07572123838954781,0.06920341358309479,0.06866345533779494
Lao PDR,2006,0.2368178532415861,0.06340282388871898,0.08267861101051821
Lao PDR,2007,0.32727221967664377,0.045565663380449095,0.07322098919142306
Lao PDR,2008,0.16814316999114354,0.07351816638468822,0.07533845474499401
Lao PDR,2009,0.2807064548239495,0.0014108809889767926,0.072337172255029
Lao PDR,2010,0.3302311146404584,0.05810422678645466,0.08182793337004668
Lebanon,2009,0.17917223753207878,0.011880118225608527,0.09741846106923191
Lebanon,2010,0.11426574006718937,0.039061848790376,0.07673078831933111
Lebanon,2011,0.05326581271320663,0.04851856268836485,0.008636000950925649
Lebanon,2012,0.06737977112505433,0.06373952524569582,0.025324523495541484
Lebanon,2013,0.0665584623746227,0.04708413413669277,0.03756427951079644
Lebanon,2014,0.05737042119535829,0.018376161489270793,0.024537089326596373
Lebanon,2015,0.04940788384001138,-0.03821233231932286,0.004612553725316104
Lebanon,2016,0.07169443014773691,-0.007864440042849807,0.015425900725318797
Lebanon,2017,0.04120166972311523,0.0423058739834703,0.008989755431191071
Lesotho,1991,0.09746791038138625,0.1627827469376375,0.06734651842084816
Lesotho,1992,0.10061231819095795,0.1587843862886773,0.06725076113088235
Lesotho,1993,0.20149904924116768,0.12341745042823948,0.03449578127643349
Lesotho,1994,0.10336241953650571,0.07894738761673548,0.05807901778806013
Lesotho,1995,0.09358681546699188,0.08865932393441511,0.03237946240500733
Lesotho,1996,0.15827239246369373,0.08920352284663657,0.05446011726401423
Lesotho,1999,-0.052811795996905886,-0.46931368746846847,0.004748956357349954
Lesotho,2000,0.013648482836646991,0.05951318451383436,0.03802333095963206
Lesotho,2001,0.15833850045179787,-0.10110462414296073,0.034996243343297095
Lesotho,2002,0.08439162155507063,0.2912699657936866,0.007212289471965505
Lesotho,2003,0.058086258399900004,0.06418686779729121,0.04458875214585234
Lesotho,2004,0.03325424456837922,0.04901319345048538,0.016782130711121113
Lesotho,2005,0.08742112829056836,0.03380109419221711,0.03407405166305111
Lesotho,2006,0.3023694321113304,0.058954699305467706,0.04143072339653742
Lesotho,2007,0.15143556940693514,0.07707618904740787,0.04102594907599766
Lesotho,2008,0.17941957027197475,0.10179516251192933,0.05376272968381457
Lesotho,2009,0.07686223784146762,-0.18464053619821996,-0.012616836593792868
Lesotho,2010,0.20184791761350596,-0.02434640862225379,0.05135516488888214
Lesotho,2011,0.03148205755211109,0.04913896543611074,0.0451302744149622
Lesotho,2012,0.07086174453235117,0.05875404157299169,0.061415685283623844
Lesotho,2013,0.1919731595296632,0.0475047573876477,0.017766492601264616
Lesotho,2014,0.038749890901566886,0.05231052812564574,0.016960847236454413
Lesotho,2015,0.11830065587189864,0.031677383032126194,0.030762609224069593
Lesotho,2016,-0.04959573301640319,0.06388053821708173,0.03545311810353269
Lesotho,2017,0.22734330902441258,0.043516275671021454,-0.03188470691646472
Lesotho,2018,0.10160015303410574,0.04642358523162926,-0.014917039456388892
Lesotho,2019,-0.09425510765137801,0.050570327233576684,-0.01428143424692152
Lesotho,2020,0.1580188575978987,0.04858154014727134,-0.08507824147813636
Liberia,2002,-0.19167771513674836,0.1324276951262382,0.0369394362591251
Liberia,2003,0.1297803384257854,0.09830830025250181,-0.35875042093671894
Liberia,2004,0.4547945368600672,0.07537726029147329,0.02586116756178214
Liberia,2005,0.25398864598183124,0.10286663816208641,0.05146479798434456
Liberia,2006,0.2808987854980032,0.07084465265405893,0.0773675323212899
Liberia,2007,0.2209726051054055,0.10788439811169237,0.09107646082164678
Liberia,2008,0.3198521040078859,0.1611783447809323,0.0690193216662145
Liberia,2009,0.22842254855493138,0.07164734713245213,0.05164836611981727
Liberia,2010,0.2501670674224492,0.0703645912921047,0.05921021250552627
Liberia,2011,0.26343829193078605,0.08147092591639193,0.0788182804450237
Liberia,2012,0.021782817697079793,0.06608532766079467,0.07690376584364955
Liberia,2013,0.20412387616908845,0.07303953631250071,0.08330465388893771
Liberia,2014,-0.08287289985283053,0.09404677163794695,0.00698944780446098
Liberia,2015,0.08351626551794666,0.07463144896638063,-0.0001856669306263825
Liberia,2016,-0.0847916060146332,0.08465588459181816,-0.015671749032634352
Liberia,2017,0.10109980452185141,0.11706840161708865,0.024255013639596257
Liberia,2018,0.02987461797916069,0.21158512852863076,0.011509264807443742
Liberia,2019,-0.07687886949740275,0.23875132205639726,-0.02498245535282706
Liberia,2020,0.023751807393992408,0.1566252511168722,-0.030278721469112924
Libya,1991,-0.01093710787908364,0.11240053418230911,0.14544257418784667
Libya,1992,0.15266788047199853,0.08947273493207675,-0.027497351511197365
Libya,1993,0.05774879071432437,0.10502243796435273,-0.03835828863832802
Libya,1994,0.13103442108427288,0.049861960109410575,0.019163077160985864
Libya,1995,0.09127596766876422,0.06988033705944652,-0.02245429080256045
Libya,1996,0.010214378282647374,0.039490655117397466,0.021116696864659446
Libya,1997,-0.03774435748687566,0.034887259000440984,0.05081355403356014
Libya,1998,0.037348493100186175,0.0364213484215794,-0.036168720597160586
Libya,1999,0.07140675921415252,0.02614153822420473,0.007468632774457973
Libya,2000,0.030581398507592894,-0.029428810690815155,0.03613200963316743
Libya,2001,0.04225328194575084,-0.09226812428670694,-0.017785619305513478
Libya,2002,0.05926986496250919,-0.10311467343738734,-0.009635243560161655
Libya,2003,0.06298033024881988,-0.022155141872579165,0.12235954520111036
Libya,2004,0.12900598470975666,-0.022220739528130196,0.04364972707968562
Libya,2005,0.25468835364640086,0.026156961968914594,0.11217405936343638
Libya,2006,0.13171689792265084,0.014487238969220328,0.06297973266652335
Libya,2007,0.3223955726233285,0.0606339189961389,0.060436206755603905
Libya,2008,0.40006487077067376,0.09858416804650183,-0.0016217967897524943
Libya,2009,0.1605264146217671,0.024301319031368784,-0.044999267220223516
Libya,2010,-0.005749847345878578,0.027614145642302468,0.049049632146395794
Libya,2011,0.2151148325794523,0.14426034443495617,-0.6999405058012904
Libya,2012,0.11851734238943479,0.05883293696912517,0.6250115224868864
Libya,2013,0.061042877487281544,0.0257244510589425,-0.19842608018608487
Libya,2014,-0.003392761551459955,0.024038168400601023,-0.26192083856216897
Libya,2015,0.11784565519276669,0.09896072081681506,-0.008462266716392719
Libya,2016,0.19945461585093582,0.22995131948528424,-0.01502167368620988
Libya,2017,0.22112530041625078,0.22955192160729698,0.28135058723183093
Libya,2018,-0.006307004670691896,0.12372272829300712,0.07641800346702965
Libya,2019,-0.0187113444592093,-0.021858964222493782,-0.11873942531126502
Libya,2020,0.141327680677918,0.014366669112756192,-0.3489235881587973
"Macao SAR, China",1991,0.314008882550894,0.09138318523855693,0.03594023875020014
"Macao SAR, China",1992,0.19144456634765206,0.07430865336330061,0.12485975460154819
"Macao SAR, China",1993,0.06683248049534285,0.06490613038320436,0.05056229565248316
"Macao SAR, China",1994,0.1195920056285118,0.06064409364664858,0.041655965995946787
"Macao SAR, China",1995,0.12615007716406623,0.08212054172430605,0.03242967014260856
"Macao SAR, China",1996,0.06803639925711735,0.04709813127771589,-0.004207452994513972
"Macao SAR, China",1997,0.05050003909277123,0.03431385912870244,-0.00279376084356997
"Macao SAR, China",1998,0.03079044118388552,0.0017248154958515727,-0.046788754224998286
"Macao SAR, China",1999,0.06562597444394669,-0.03256619347584433,-0.02386852160482178
"Macao SAR, China",2000,-0.0137833361149724,-0.016228155503147157,0.055880642777484724
"Macao SAR, China",2001,0.07520170195661535,-0.02004608781173456,0.028473165641763387
"Macao SAR, China",2002,0.07782375317547263,-0.02672923432837404,0.08530400320559295
"Macao SAR, China",2003,0.11563201876126428,-0.01574786972216735,0.11013927545003455
"Macao SAR, China",2004,0.08501160828508247,0.009759505241568434,0.23615354695701996
"Macao SAR, China",2005,0.11479752368596152,0.04302014810571286,0.07768253357137311
"Macao SAR, China",2006,0.2192268226102776,0.05021746297472518,0.12568216581423286
"Macao SAR, China",2007,0.09389648513241156,0.05421823304948248,0.13524543492725982
"Macao SAR, China",2008,0.022646472890869518,0.0826026766446466,0.03336239056048029
"Macao SAR, China",2009,0.11176619698333567,0.01162286163640136,0.012900227792595587
"Macao SAR, China",2010,0.135596787667712,0.0277073069573035,0.2239680715015666
"Macao SAR, China",2011,0.20368932651922478,0.05643936918788661,0.1957502078235791
"Macao SAR, China",2012,0.22976969292755456,0.059281501724839814,0.0881708901240792
"Macao SAR, China",2013,0.1632333396073733,0.05354624361240923,0.10239115188879921
"Macao SAR, China",2014,0.09925707632047676,0.05872384727385249,-0.020598114864640138
"Macao SAR, China",2015,-0.03049861033983703,0.04459627141858302,-0.24531257673355
"Macao SAR, China",2016,0.11880266527627725,0.023413331215450306,-0.007039823638240961
"Macao SAR, China",2017,0.10506708998237713,0.01220643779549313,0.09456952781784622
"Macao SAR, China",2018,0.09660022538911406,0.029602130736538612,0.06165157954468725
"Macao SAR, China",2019,0.05388795720971373,0.027147458554951598,-0.02491695911107783
"Macao SAR, China",2020,0.007011977021523563,0.008081362761365618,-0.7853083604096547
Madagascar,1991,0.27084506156591814,0.08243351760756434,-0.0651397855127982
Madagascar,1992,0.20098019314318094,0.13551274127257473,0.011739669113911333
Madagascar,1993,0.21688756178354396,0.09538618786121544,0.020781786793495627
Madagascar,1994,0.42232335300275636,0.3288848889224032,-0.00042110167708742097
Madagascar,1995,0.15027825100614933,0.39931429765791737,0.01664659659195422
Madagascar,1996,0.14802112650939492,0.18028911398044212,0.021313294210699496
Madagascar,1997,0.18911440092802323,0.043886567044114866,0.03626917527182272
Madagascar,1998,0.060084951048878565,0.06022940101293894,0.03842303552736581
Madagascar,1999,0.1754632439282311,0.09466937447323742,0.04592154921363445
Madagascar,2000,0.1583145776920709,0.11207508291172363,0.04360396706355729
Madagascar,2001,0.21372409922790325,0.07619171607125264,0.05808243573745031
Madagascar,2002,0.07656193369849262,0.1527084305563231,-0.13248018654117644
Madagascar,2003,0.08446928456478986,-0.01718690021588598,0.09335273912801512
Madagascar,2004,0.22493275221858866,0.13064048375033854,0.051234827088201484
Madagascar,2005,0.022216954326594873,0.16859295469954771,0.04646217168687983
Madagascar,2006,0.2693835268912892,0.10224640624785142,0.05257829867688457
Madagascar,2007,0.1931637940640485,0.09792463476170798,0.05553464701076649
Madagascar,2008,0.11544090782835426,0.08889426352230068,0.0649693583682236
Madagascar,2009,0.09633856147462083,0.08575758987964477,-0.04060023381570943
Madagascar,2010,0.11115471584963288,0.08844413268886075,0.006173303338147917
Madagascar,2011,0.1564775646141996,0.09059490293735006,0.01566099446166902
Madagascar,2012,0.07298080545824348,0.055565676002000686,0.02966703052262787
Madagascar,2013,0.03582742242465642,0.05663010795365597,0.022743164655864234
Madagascar,2014,0.10236097279430467,0.05902718764118742,0.0328466255189106
Madagascar,2015,0.15295493355018053,0.07142902458036637,0.03084242537391546
Madagascar,2016,0.16956752359337912,0.05860619634484365,0.03915480773152069
Madagascar,2017,0.16635237740416287,0.0825845583174889,0.038579234321144185
Madagascar,2018,0.11294410928699605,0.08244808555773986,0.03144398065560594
Madagascar,2019,0.06745490470174431,0.054587748650616774,0.04316707111677687
Madagascar,2020,0.10479582838805612,0.041159151646692926,-0.07405212962757801
Malawi,1991,0.22664429902568983,0.11880753630197527,0.08369969055924287
Malawi,1992,0.14664352935291092,0.21310414892045182,-0.07615753008239423
Malawi,1993,0.3354644857376279,0.20516457566077673,0.09250479926636146
Malawi,1994,0.3114837493720657,0.29750593108118184,-0.10803276863221711
Malawi,1995,0.44613237302487363,0.6060945741077337,0.15468325769970193
Malawi,1996,0.3361757418864215,0.31919560149011383,0.07061392017817525
Malawi,1997,0.020532376986587053,0.08743701700072037,0.03722274829576122
Malawi,1998,0.5173777125012968,0.26042894126651195,0.03821302775581259
Malawi,1999,0.24677991404479727,0.37021205243236777,0.02996918536965154
Malawi,2000,0.37522703849106165,0.259139751795717,0.01563786499672659
Malawi,2001,0.2129142600848084,0.20457216572877446,-0.051029788254918884
Malawi,2002,0.20397810160044472,0.13753890464947904,0.016857117369109886
Malawi,2003,0.2427504955757911,0.09145546784078684,0.05548805839462645
Malawi,2004,0.26006525493552957,0.10822466480383053,0.05278690511990547
Malawi,2005,0.15054138294334862,0.14332380583981053,0.03216439525010273
Malawi,2006,0.1520129429057846,0.13080274886468768,0.0459289296347869
Malawi,2007,0.3118260281161298,0.07651844235781446,0.09166718740205226
Malawi,2008,0.4863703247914728,0.08353753395014607,0.07361969095871501
Malawi,2009,0.22014918069321254,0.08086124283113527,0.07999448976402945
Malawi,2010,0.2862491004311565,0.07149791325072741,0.06648100068477802
Malawi,2011,0.3049560538335072,0.07346254546093522,0.04814872037536233
Malawi,2012,0.20651961772243865,0.19285970990663603,0.01882175424774246
Malawi,2013,0.3006304933654924,0.2412453866781945,0.05269064262423484
Malawi,2014,0.16589993896747757,0.2134330764647956,0.054727455908953004
Malawi,2015,0.24698880715624938,0.19776295206017114,0.027615167033300025
Malawi,2016,0.15185141226514176,0.19648012630014033,0.02469261258201172
Malawi,2017,0.15984476536844383,0.10924351232891549,0.03922071316185338
Malawi,2018,0.10649385747530715,0.11707325590161588,0.04261460810345241
Malawi,2019,0.09706813686284477,0.08957408762036945,0.05559387295223672
Malawi,2020,0.15467197370942998,0.08273613587397666,0.007904640148957753
Malaysia,1991,0.15595347525276892,0.042660303793891075,0.09116950461441675
Malaysia,1992,0.5418131500988927,0.04657082993404771,0.08512317692931148
Malaysia,1993,0.2339845389774915,0.03475484605305201,0.09435466284127259
Malaysia,1994,0.10892902830407536,0.036572696341600874,0.08812114407597349
Malaysia,1995,0.16995772297991252,0.03392377735522878,0.09375520051687047
Malaysia,1996,0.16961364089522135,0.034290883975719666,0.09533473119552482
Malaysia,1997,0.14872682453871278,0.026276865263715088,0.07067038760637345
Malaysia,1998,0.0022929481557660836,0.05136154109182378,-0.0764428594477522
Malaysia,1999,0.11421103895144213,0.02707573462389412,0.05956629267144464
Malaysia,2000,0.09574431378293013,0.0152308222779034,0.0848820698455377
Malaysia,2001,0.11007259155373461,0.014068421372410711,0.005163399869864804
Malaysia,2002,0.043863996496806834,0.01791724777893844,0.05250694652957577
Malaysia,2003,0.08275146588511362,0.010837821330558661,0.05627162512575268
Malaysia,2004,0.11944478953748572,0.014112657916623306,0.06563265101882365
Malaysia,2005,0.08427837027242191,0.029316743111135857,0.051948401791275245
Malaysia,2006,0.12778623913908405,0.03545628698982917,0.05434468130558656
Malaysia,2007,0.07624352237518295,0.020070759755220102,0.06108367810371007
Malaysia,2008,0.10016587282773415,0.052979303280011436,0.04718668775588952
Malaysia,2009,0.07455006415732157,0.005816137489995654,-0.015250994613488444
Malaysia,2010,0.07090324869484377,0.0160982486260286,0.07162132299018964
Malaysia,2011,0.13652137816054477,0.03125126166563952,0.05158542363797736
Malaysia,2012,0.08476403445476421,0.016498852551162457,0.05328911623857735
Malaysia,2013,0.07136579358073547,0.020831630164971138,0.04586897331516937
Malaysia,2014,0.061133180348434735,0.030946096870100526,0.058332320694322704
Malaysia,2015,0.02998138412941387,0.020825533384453365,0.049661521775199446
Malaysia,2016,0.027626194235111257,0.020690141135873752,0.04353620912206324
Malaysia,2017,0.045400034582236515,0.037981495233505136,0.05650057582705159
Malaysia,2018,0.0740681934767764,0.008808185393604617,0.04729463667640843
Malaysia,2019,0.026395749928898482,0.00660704399339096,0.043185797779152324
Malaysia,2020,0.04490881007766134,-0.01145235007418055,-0.056113805819293816
Maldives,1991,0.22120127394356004,0.13726907278456535,0.01432388216645819
Maldives,1992,0.11831955116477388,0.1557722023363728,0.0645775089185392
Maldives,1993,0.3067774041543565,0.1833823216083479,0.05407871774436046
Maldives,1994,0.21505964879511197,0.03330034715663199,0.07463877484592274
Maldives,1995,0.14329376916229464,0.05343518155992211,0.1220918222169125
Maldives,1996,0.23217171730527753,0.06054222703158629,0.07565135979058013
Maldives,1997,0.20960734398685688,0.07299796397926794,0.0806389084136434
Maldives,1998,0.20700052593807783,-0.014142052471450839,0.07227119909173041
Maldives,1999,0.034668795645657724,0.02910926782474199,0.059924668005159276
Maldives,2000,0.04087291383116565,-0.011817116011602735,0.03773702079825725
Maldives,2001,0.07486337451045344,0.0067032565916225195,-0.04023502643132559
Maldives,2002,0.1954405397586143,0.04093724290976386,0.07016379359638236
Maldives,2003,0.15853492441345196,-0.012686647614033042,0.12883330824800154
Maldives,2004,0.272831587860086,-0.016997768264467084,0.057560095760095464
Maldives,2005,0.10086436818931332,0.01291894006355232,-0.1185280473031618
Maldives,2006,0.17287652964734335,0.027015973116554015,0.2121252480224065
Maldives,2007,0.215925822849119,0.0657388024426302,0.06890441654860169
Maldives,2008,0.19760577636112941,0.11369878065711614,0.08596165997420258
Maldives,2009,0.13461200574788634,0.04430561493927332,-0.0870917287527675
Maldives,2010,0.13664437689951114,0.05968192225010416,0.06565166220593
Maldives,2011,0.1823989348845778,0.10682018127778825,0.08474020487461686
Maldives,2012,0.04810347955601202,0.10332069756982243,0.023611911571467914
Maldives,2013,0.16867979774945852,0.03735002228238926,0.06742462356058354
Maldives,2014,0.13861607928064146,0.020978423592220352,0.07567026799382859
Maldives,2015,0.11435314785182271,0.009486923088227961,0.037951979467745645
Maldives,2016,-0.0018264673410222088,0.005012510488976218,0.06180306193287066
Maldives,2017,0.05028408510420945,0.02778512712537573,0.0683540013529722
Maldives,2018,0.0332610494694201,-0.0013346240758140837,0.08221532045692825
Maldives,2019,0.09102268447070117,0.0021978802014510634,0.06693932337762831
Maldives,2020,0.13271433977885394,-0.013792422225236578,-0.3991177270502817
Mali,1991,0.12302341698169883,0.017844114779825393,0.11917946363456267
Mali,1992,0.029211826589911283,-0.06445858828113238,-0.051916448690157324
Mali,1993,0.08038410359487003,-0.002641163646667888,0.042563463195484985
Mali,1994,0.330810123878301,0.20845046386191202,0.054409470929559944
Mali,1995,0.07051241566007249,0.12611947682564306,0.007260515824526692
Mali,1996,0.21886050747069774,0.06583886252603044,0.06171293074324424
Mali,1997,0.08528927901036454,-0.0036366023896157174,0.040386759434070996
Mali,1998,0.04091637841104401,0.03957247300497091,0.06441282925020175
Mali,1999,0.010016069340906597,-0.012091849500619922,0.045985083726044707
Mali,2000,0.11778361711467511,-0.006799682119900119,-0.007387419835623632
Mali,2001,0.18549600750161588,0.05056964585178214,0.14674646536436597
Mali,2002,0.22827106185427581,0.049102713007735055,0.029910928669057313
Mali,2003,0.19551371747787627,-0.01355876796242228,0.09346413656265895
Mali,2004,-0.03664043440453568,-0.031488409928175365,0.014665187558183135
Mali,2005,0.11113448881313204,0.06201549353145186,0.025066965425480703
Mali,2006,0.09380734664572188,0.01531734785711425,0.03623166050499549
Mali,2007,-0.01258047166635734,0.014021261252856299,0.017447366422914
Mali,2008,-0.13983230745580144,0.08774516562042667,0.03574072954308605
Mali,2009,0.35157291660661016,0.024338909905663897,0.053111628660200694
Mali,2010,0.15127528183404948,0.011028233931628328,0.05426835618384729
Mali,2011,0.12149726188961907,0.029128068249111294,0.028931216718554253
Mali,2012,0.1439786089504338,0.05186285262954371,-0.010781908855761912
Mali,2013,0.07878608345625437,-0.006085844806695384,0.03237703525269353
Mali,2014,0.05630855424158909,0.008799317673136464,0.0629995761699007
Mali,2015,0.09887610202293473,0.014402687318816554,0.06051994718035303
Mali,2016,0.10205569369059475,-0.018160376650760313,0.05831667194171075
Mali,2017,0.04235539736648164,0.01744551255391258,0.052360427913768604
Mali,2018,0.11784449768953209,0.0029909876075446817,0.04753080007387922
Mali,2019,0.042731251804429604,-0.016721701101454656,0.048790155751220254
Mali,2020,0.11565447937114115,0.004371321241752213,-0.011759961565271482
Mauritania,1991,0.07736577218926044,0.05475961309067712,0.017722890289899595
Mauritania,2005,1.8133059849962798,0.11444992004685517,0.08219074348504307
Mauritania,2006,0.14561119707711612,0.06054022560979355,0.16833417701491626
Mauritania,2007,0.17317642257834365,0.07003067796792006,-0.019890743227094276
Mauritania,2008,0.12877194296638805,0.07089299562379647,-0.003316285033946542
Mauritania,2009,0.1444747988999957,0.021966170675019825,0.0009782804709033144
Mauritania,2010,0.1048798395003594,0.06094025081708665,0.025864895744678762
Mauritania,2011,0.19576692914587923,0.05530527179233591,0.04088071226661327
Mauritania,2012,0.15365408973465833,0.04786046806142785,0.043729889133977906
Mauritania,2013,0.20228555589661568,0.040461306163239286,0.04066978956066336
Mauritania,2014,0.014419169888647332,0.03473343499235959,0.041859759422127496
Mauritania,2015,-0.0028710828820344148,0.032028825736625244,0.05236793953897845
Mauritania,2016,0.0646562503238286,0.014609858931303066,0.012530259682549172
Mauritania,2017,0.15408953155515093,0.022292432210315738,0.060817974128571706
Mauritania,2018,0.10355871776654979,0.0302125686895236,0.046618032101779505
Mauritania,2019,0.09485011355169348,0.02274039235695291,0.030926845587742946
Mauritius,1991,0.19664206169253262,0.06766812296555536,0.04339895541554739
Mauritius,1992,0.14664657550722993,0.04538933359825492,0.06309402757297633
Mauritius,1993,0.15675889287752298,0.10000675585278662,0.049571410876190214
Mauritius,1994,0.11552490637100377,0.07067718664327982,0.040528923048977816
Mauritius,1995,0.170432892495743,0.05854558573996105,0.04198359069206248
Mauritius,1996,0.07273488627707181,0.06345330776263314,0.05437306432705924
Mauritius,1997,0.1518601825817285,0.06609989546390516,0.05531622701122885
Mauritius,1998,0.10626105974737499,0.06588879571239392,0.05894735884462676
Mauritius,1999,0.1409306979323972,0.06680918730407193,0.025774294133903197
Mauritius,2000,0.08834956496847468,0.041135112753413416,0.07883698183498566
Mauritius,2001,0.10563324665225693,0.05249134692772284,0.0329273042814755
Mauritius,2002,0.1190134814669932,0.062217082328090534,0.01602017556794877
Mauritius,2003,0.22354652993512047,0.03846132465601926,0.05756531622234107
Mauritius,2004,0.17271461839390057,0.04602797761414479,0.04238895679794652
Mauritius,2005,0.06362819096984751,0.04819160459045868,0.017619294778491223
Mauritius,2006,0.09116216885272266,0.08538381291007724,0.047508816048257074
Mauritius,2007,0.14256218713227753,0.08459196921761958,0.05569026703793156
Mauritius,2008,0.13647730600171926,0.09287342397457277,0.05246874742155683
Mauritius,2009,0.02346494717683356,0.02484958838074558,0.03261313300046709
Mauritius,2010,0.06681625108728184,0.02890191676959919,0.04284110568773869
Mauritius,2011,0.06231857139606234,0.0631859745026162,0.03996599369065379
Mauritius,2012,0.07845975107674619,0.03779816655540813,0.03436392229142626
Mauritius,2013,0.05623194776223883,0.03481965556966404,0.033051783022052916
Mauritius,2014,0.08377344267175602,0.03167008569917229,0.03755557585145297
Mauritius,2015,0.09687849601357357,0.012783439625678739,0.036240863420157865
Mauritius,2016,0.086953351349365,0.009729268150496573,0.037897417439353376
Mauritius,2017,0.08865733659045816,0.036013624271262756,0.03862422573544322
Mauritius,2018,0.06094838948980197,0.03165421534333124,0.03928552424516951
Mauritius,2019,0.08143822838969683,0.004048346279964754,0.02850275932411961
Mauritius,2020,0.1559866906753058,0.025480602257910157,-0.15719826407002202
Mexico,1991,0.40017394616603497,0.20426534975815658,0.03898900334314348
Mexico,1992,0.21165802383523769,0.14416870746685184,0.03506413986790591
Mexico,1993,0.15614528621001966,0.09304817297273082,0.028266700406422984
Mexico,1994,0.18322280690138726,0.0673390868765642,0.04300324159160951
Mexico,1995,0.2765382869036763,0.3000991945762066,-0.06092159941048436
Mexico,1996,0.2391049663429392,0.2954893900542235,0.06032619760947
Mexico,1997,0.45011677238145964,0.18752158589311874,0.0695155789448414
Mexico,1998,0.1608331199142583,0.14780253013996436,0.0600134132390302
Mexico,1999,0.17183278128796786,0.15345572672402596,0.027177623786030836
Mexico,2000,-0.045912333495017776,0.0906772963203819,0.04906902046428385
Mexico,2001,0.17264266463244837,0.06173213124117005,-0.004518646254425107
Mexico,2002,0.04947193588055043,0.049082762610836106,-0.0023686831354545745
Mexico,2003,0.08931849633202305,0.044465589721376375,0.011785723381390056
Mexico,2004,0.12262557097683313,0.0458182175308659,0.03503350719709175
Mexico,2005,0.0950237344686542,0.039105871424360394,0.02091227734661416
Mexico,2006,0.06478158013114665,0.03565153992176473,0.046931423757168744
Mexico,2007,0.09665277243732007,0.0389019032482496,0.02056570798179891
Mexico,2008,0.0852501163805286,0.04997976817429528,0.009389102731130805
Mexico,2009,0.10907353556570598,0.051618122127049304,-0.06502131027808389
Mexico,2010,0.12012521383517338,0.04072657134490587,0.04851712292772703
Mexico,2011,0.09511539406712899,0.033506129885338964,0.03386065306613517
Mexico,2012,0.09607307638681917,0.04029234846529839,0.0349154082287626
Mexico,2013,0.07954642120752098,0.037357350261526534,0.008484916662151676
Mexico,2014,0.11504718708988193,0.039399697911343345,0.02472932901764935
Mexico,2015,0.11501392116181108,0.026842890788090656,0.026664554113164485
Mexico,2016,0.11631291263663712,0.02782631057208995,0.01756967767220985
Mexico,2017,0.10638233343741632,0.05865993770147426,0.018544272500477632
Mexico,2018,0.04429394430352218,0.04783113448138909,0.019528884871906627
Mexico,2019,0.045929450051822585,0.03571420157171623,-0.003934635587000912
Mexico,2020,0.12610400202487426,0.03340415816780684,-0.0872372342936103
"Micronesia, Fed. Sts.",2000,-0.00960736445819066,0.021355520014247453,0.0452082674901817
"Micronesia, Fed. Sts.",2001,0.05798246641763072,0.005012390468908556,0.018037755275109646
"Micronesia, Fed. Sts.",2002,-0.12749624600433052,-0.0011150456967854439,0.004422530067035524
"Micronesia, Fed. Sts.",2003,-0.0381714230220922,0.001265632231622682,0.01747409179774806
"Micronesia, Fed. Sts.",2004,-0.0005633197090659792,0.022511670038514175,-0.0324238489145543
"Micronesia, Fed. Sts.",2005,0.015997088940558513,0.0416955307845841,0.022877635332072543
"Micronesia, Fed. Sts.",2006,-0.08835232820182881,0.04533056843340333,-0.0019917656237069536
"Micronesia, Fed. Sts.",2007,0.04465142802413169,0.032528589801651187,-0.017387024903399606
"Micronesia, Fed. Sts.",2008,0.031752648128247074,0.08087675049352328,-0.026174463447553364
"Micronesia, Fed. Sts.",2009,0.15085676532911663,0.06197526295909572,0.010924773132945376
"Micronesia, Fed. Sts.",2010,-0.0006407696476884439,0.03259989799514429,0.02045132085710577
"Micronesia, Fed. Sts.",2011,0.038700841214506454,0.049576464848336776,0.03713894096853565
"Micronesia, Fed. Sts.",2012,0.12991899485326286,0.04896637274336868,-0.017087363485448037
"Micronesia, Fed. Sts.",2013,0.07822021119488198,0.017371511522726202,-0.03745713523232297
"Micronesia, Fed. Sts.",2014,0.2877815358639033,0.00648179661300663,-0.02619836478924853
"Micronesia, Fed. Sts.",2015,-0.08652978974359726,-0.0029856108777090995,0.04338164538103584
"Micronesia, Fed. Sts.",2016,0.19917238053066555,-0.010428872783038834,0.009383105276810966
"Micronesia, Fed. Sts.",2017,0.10201382051752006,0.005805651894369213,0.02152418413778534
"Micronesia, Fed. Sts.",2018,0.023038192262784918,0.014872851147250898,0.0
"Micronesia, Fed. Sts.",2019,0.01006903416658389,0.019055796604014574,0.04000533461369926
"Micronesia, Fed. Sts.",2020,0.14520859818444976,0.005530624172699561,-0.016870928926515205
Moldova,1992,1.521610360128566,2.42199015844591,-0.3438997512883937
Moldova,1993,1.4321858381228587,2.8411838414115635,-0.012072580556402812
Moldova,1994,0.7685681604148336,1.7688756604166618,-0.369615458487182
Moldova,1995,0.5027262938097579,0.26132996368258254,-0.014098914794448802
Moldova,1996,0.13842300698167165,0.2111169390341776,-0.060568388939135076
Moldova,1997,0.2960801416439729,0.11129834385666504,0.0163364757585569
Moldova,1998,-0.08626358128539025,0.07414007683638735,-0.06766010369996778
Moldova,1999,0.3567181327497231,0.331143641190899,-0.03426287014926288
Moldova,2000,0.34871000307425604,0.27230927605120847,0.02085811009786198
Moldova,2001,0.2935160557654406,0.09316845939012675,0.05921186339519835
Moldova,2002,0.3111805289618239,0.05165504602239013,0.07510746931183832
Moldova,2003,0.26517460566752504,0.11105896148357441,0.06391332534756344
Moldova,2004,0.3229604413789495,0.11799880653459871,0.0713899936060578
Moldova,2005,0.2958975724608166,0.11296418783419693,0.07232066296914041
Moldova,2006,0.2116837886181635,0.12024893312428286,0.046883584340722706
Moldova,2007,0.3351162544852997,0.11660159884738608,0.02955880443431269
Moldova,2008,0.14720413209063565,0.1202958515496162,0.07510747383574312
Moldova,2009,0.031189937661615375,-0.0006273827305030011,-0.061875406521579635
Moldova,2010,0.12770680056298644,0.07217042576928989,0.06859279246522121
Moldova,2011,0.10077129769316429,0.07406101636296292,0.056552021408116104
Moldova,2012,0.1891407721297611,0.04446017732593788,-0.005914797525413462
Moldova,2013,0.2351576440451062,0.04495308793839481,0.08658005205039743
Moldova,2014,0.04956900842617884,0.04963538350194607,0.048786600868574226
Moldova,2015,-0.030278267238884382,0.0923625701501729,-0.003388089321919807
Moldova,2016,0.09733651184368952,0.06165288337783359,0.045413176775820574
Moldova,2017,0.08822723699009671,0.06363401820956849,0.040907866523351544
Moldova,2018,0.07664440373628878,0.029996123819712395,0.039947328583672004
Moldova,2019,0.0780865388350307,0.047244050640110835,0.034906749120434455
Moldova,2020,0.17944651269619527,0.03696790076877754,-0.08638588159560712
Mongolia,1993,1.186691370194552,1.3033216057702997,-0.03220084232560794
Mongolia,1994,0.5875514406456794,0.6290352848304512,0.021119237583686612
Mongolia,1995,0.2821797215176751,0.00043506635448276043,0.061813814554298574
Mongolia,1996,0.15869590125569388,0.3845134956223859,0.02210481682489629
Mongolia,1997,0.3520768031241488,0.3115654422902083,0.03822708104685546
Mongolia,1998,-0.016696349585007653,0.08944795940094696,0.03285372335574266
Mongolia,1999,0.2748985877207062,0.0729245861857839,0.030241763250788978
Mongolia,2000,0.16174308060012166,0.10971088788529038,0.011395445944366145
Mongolia,2001,0.24618358271654728,0.06088209647724696,0.02909957587521106
Mongolia,2002,0.35105547690428907,0.009128950911859501,0.04624386286455362
Mongolia,2003,0.40246159777593604,0.050017933906130185,0.06770196131008888
Mongolia,2004,0.18590936458974383,0.07919146387609688,0.1009795870275596
Mongolia,2005,0.29718405191576736,0.11970622874870429,0.07002654781374673
Mongolia,2006,0.29839817436024063,0.049696102413255616,0.08209814596582632
Mongolia,2007,0.446423370135939,0.0919496586302131,0.09756233596844055
Mongolia,2008,-0.05734878347753991,0.2465136509375503,0.08526322264736663
Mongolia,2009,0.23895173098796718,0.07343172723560532,-0.012767143602289366
Mongolia,2010,0.48542454101839994,0.0957301514962774,0.0617079094708437
Mongolia,2011,0.31502680214183343,0.08076135664445783,0.1594859441333334
Mongolia,2012,0.1716661830018289,0.13392174621175545,0.11618015038323648
Mongolia,2013,0.21657494829812052,0.09976077717601761,0.11018908502205704
Mongolia,2014,0.11780277540544759,0.11559380381815121,0.07589774902329793
Mongolia,2015,-0.056614800709283486,0.05577223572189549,0.02351959128265335
Mongolia,2016,0.19055826403561937,0.0073059685705469946,0.014787961978370845
Mongolia,2017,0.26584480784955744,0.04211489647123745,0.05483733253480949
Mongolia,2018,0.20524027881201334,0.06601475504405663,0.07459603022202899
Mongolia,2019,0.06745302206078208,0.07046843131097713,0.054509437147661544
Mongolia,2020,0.16131791519604732,0.036560669346695995,-0.046648854157240294
Montenegro,2006,0.7846163624365161,0.028825645987355486,0.08219194744506098
Montenegro,2007,0.6873534230901441,0.04255286839641936,0.06894333846311085
Montenegro,2008,-0.10660322262310373,0.08396173543529972,0.06671053849228414
Montenegro,2009,-0.0941543774499074,0.03407986518696937,-0.0618163482851628
Montenegro,2010,0.03181775595619385,0.006528111140926107,0.027377763616474482
Montenegro,2011,0.01842239314784777,0.033919601600154614,0.03352943432333788
Montenegro,2012,0.07613841918510644,0.04061634697443406,-0.025187855706953144
Montenegro,2013,0.028363446533614223,0.02181914845017463,0.03330058415642867
Montenegro,2014,0.08810785998651127,-0.007130502231754932,0.02342653266537198
Montenegro,2015,0.10540071052949074,0.015368217486811275,0.024917595472562226
Montenegro,2016,0.08766910276736084,-0.002717539401475122,0.0338148355865826
Montenegro,2017,0.12185800712747508,0.023523500083927118,0.03166033080661279
Montenegro,2018,0.030972144726746365,0.025777134358498266,0.04624331545744553
Montenegro,2019,-0.01682804800589821,0.0036091163427185435,0.04300120862628276
Montenegro,2020,-0.03820385928419867,-0.0025598305709042535,-0.16243209447220153
Morocco,1991,0.15531722619917687,0.07683294041218502,0.06967612744793783
Morocco,1992,0.08854707734991152,0.055815397223220486,-0.02120053921093401
Morocco,1993,0.07643912481143644,0.0505325877465328,-0.007433476962141583
Morocco,1994,0.09693280384232139,0.0501385074082199,0.10064140188072201
Morocco,1995,0.06807188874941872,0.05943409363307417,-0.05557030008720787
Morocco,1996,0.06368165925109537,0.029430728290233077,0.11665240802711097
Morocco,1997,0.1500631686811289,0.01032846678161814,-0.015730095247981524
Morocco,1998,0.0586248587556355,0.027158966760314485,0.06988563117632296
Morocco,1999,0.09748310357347023,0.00682448621689602,0.016828222620038247
Morocco,2000,0.08106531923523974,0.018769098954760643,0.025494056372856733
Morocco,2001,0.16648310308929481,0.006178890034163942,0.07438202570126151
Morocco,2002,0.09817773623955972,0.02757255590498975,0.03662308622890009
Morocco,2003,0.07571975824167865,0.011609682820114209,0.05988177797185301
Morocco,2004,0.0802332794913454,0.014824019607849515,0.04469971601634626
Morocco,2005,0.1315402684136231,0.009778451330411997,0.03142356472529073
Morocco,2006,0.1662650850822338,0.03231966395641894,0.07502231125774728
Morocco,2007,0.1616692003097313,0.02021514148220227,0.0338318709947778
Morocco,2008,0.12497028588655468,0.036475054153429554,0.055288427153293185
Morocco,2009,0.06772382392429321,0.009671707869781443,0.03677319543698232
Morocco,2010,0.04109785160284929,0.009886540711951497,0.034397147423462116
Morocco,2011,0.06239571952246692,0.009028370430636201,0.053774343752984066
Morocco,2012,0.0441892255972256,0.012789093797647588,0.030163897629837066
Morocco,2013,0.03041438743599656,0.018631889968646398,0.04039514697245039
Morocco,2014,0.06015063006886834,0.004413347375291643,0.026829294894188394
Morocco,2015,0.055344845065825155,0.015458963245958302,0.04252853412585722
Morocco,2016,0.0462757923423851,0.016220839397311337,0.005198320351237129
Morocco,2017,0.05397499290576846,0.007518299120648386,0.04934142326234792
Morocco,2018,0.03979871397305246,0.01787839196010843,0.030195893724204836
Morocco,2019,0.03708440074425923,0.0030292674986087675,0.02849974417504697
Morocco,2020,0.0803053631952153,0.007034883691323657,-0.07448874017092777
Mozambique,2005,0.23889154637888055,0.06229431210230452,0.06120820472451172
Mozambique,2006,0.20978700157187546,0.12438420354563551,0.09449782782514049
Mozambique,2007,0.21710377208437848,0.0814830860301603,0.07370903629901093
Mozambique,2008,0.18485618524506364,0.13542913714473404,0.06651808636988932
Mozambique,2009,0.28249750190817835,0.03718608035593007,0.05759860686763574
Mozambique,2010,0.21991100735024105,0.11712096919221437,0.06466097635802015
Mozambique,2011,0.07499489370253798,0.10585984148901417,0.06891074672951092
Mozambique,2012,0.2573810698233743,0.025691670142396816,0.07691014318411149
Mozambique,2013,0.15142712460723118,0.041730565734821035,0.06364512746140605
Mozambique,2014,0.200483574364565,0.02527535747810461,0.07420324606437845
Mozambique,2015,0.23180953560504491,0.03489173812371771,0.0713256895370975
Mozambique,2016,0.09627847455839245,0.1605703877907798,0.045900184982929915
Mozambique,2017,0.049623192193791965,0.14074587024575447,0.026040068978794295
Mozambique,2018,0.07901778403230963,0.03836779567551396,0.034255831811933035
Mozambique,2019,0.12562679118173392,0.027641461232815523,0.022913606201008463
Mozambique,2020,0.20926874677092755,0.03424620380065768,-0.012270196913945597
Myanmar,1991,0.3140160066799922,0.27969051197605166,-0.006527426457179075
Myanmar,1992,0.2940690860018229,0.19813921542966906,0.09222307827394971
Myanmar,1993,0.23875863401894293,0.2763552166839114,0.05864063361635985
Myanmar,1994,0.28668916767933084,0.21590772435111405,0.07211560202933143
Myanmar,1995,0.32883433816948937,0.2247000385375335,0.06717302999173924
Myanmar,1996,0.32965414309915886,0.15079130032018484,0.06243677038544604
Myanmar,1997,0.2474661984602342,0.26003256801455454,0.05497654104784644
Myanmar,1998,0.2901735911942147,0.41533325571908764,0.057005970891065516
Myanmar,1999,0.25880914890143103,0.16890734870475033,0.10386556861652352
Myanmar,2000,0.35375294338036767,-0.0010922514361659807,0.1287970958722262
Myanmar,2001,0.3621476294312025,0.19145724384335328,0.10745429579920085
Myanmar,2002,0.30443945851879306,0.4515501008026539,0.1135564578830035
Myanmar,2003,0.007306058712636343,0.31181148402832237,0.1296588768958955
Myanmar,2004,0.278318915728196,0.04434423605464444,0.12720219458343607
Myanmar,2005,0.24144346183560472,0.08955380857105055,0.12723995566400959
Myanmar,2006,0.24146385398356784,0.18229228416486087,0.12289086958251971
Myanmar,2007,0.26175644401591214,0.3002867763854651,0.11325221131343
Myanmar,2008,0.13882414794336384,0.23743720611406882,0.09762844865934639
Myanmar,2009,0.26725530058571323,0.014616093727002344,0.100297803596618
Myanmar,2010,0.3541698966359377,0.07435006103610853,0.09198136774341492
Myanmar,2011,0.266979292512584,0.048994525631034236,0.05440752273393201
Myanmar,2012,0.2818577710748613,0.014569184405650581,0.07076289490989396
Myanmar,2013,0.27326728379759047,0.05489566697045234,0.08089773610960549
Myanmar,2014,0.19026401495592182,0.04834529556190592,0.0785330221076812
Myanmar,2015,0.2675272011581171,0.09033575415943051,0.06759173305989918
Myanmar,2016,0.16083293567529822,0.06699324263727391,0.056970640410597184
Myanmar,2017,0.18683155766689907,0.04471077431563586,0.05955212448357727
Myanmar,2018,0.13601854692665682,0.06646474593076057,0.0608021327871171
Myanmar,2019,0.1444849114294442,0.08457151682380726,0.0637173409456473
Namibia,2003,0.020731681282704528,0.06893029859878119,0.04152377345569036
Namibia,2004,0.2030708717972658,0.04053362140662031,0.11573247338922954
Namibia,2005,0.049875927282691634,0.022562991143238342,0.02497806119423629
Namibia,2006,0.2598960968121595,0.048420256647690785,0.06834229621435739
Namibia,2007,0.14960047603833715,0.06342428883954199,0.05234615937156306
Namibia,2008,0.12489235225784512,0.08704560456320021,0.026153126377295166
Namibia,2009,0.46746556326197464,0.0903134123215743,0.002955337824008808
Namibia,2010,0.10004372806939443,0.04759821480794546,0.0586391176969947
Namibia,2011,0.11052128128564931,0.048843450186010884,0.049659673071676735
Namibia,2012,0.0406025155197689,0.06505711576927364,0.04937743997139421
Namibia,2013,0.12030196129117954,0.054496944932291846,0.05462756593514584
Namibia,2014,0.0755044776441558,0.05211956478379509,0.05914134969819429
Namibia,2015,0.08713909602941428,0.03337689611436723,0.041757632236052444
Namibia,2016,0.058766960126089174,0.06511881222925098,0.0003378874116855002
Namibia,2017,0.13085260808287558,0.05964343294790986,-0.01032560695496798
Namibia,2018,0.06194525120097438,0.04202055007793426,0.01054361520744962
Namibia,2019,0.1001496100211412,0.03654785717943643,-0.0084269286702785
Namibia,2020,0.07767419664851971,0.021853291573013855,-0.08448441261260342
Nepal,1991,0.20476566241465477,0.1445976482428981,0.06173600773844967
Nepal,1992,0.18649881678936708,0.1582809125839435,0.0402433306528458
Nepal,1993,0.2232942694003981,0.07237083884045425,0.03777592019524789
Nepal,1994,0.16538445577361927,0.08018995894384862,0.07895906868390412
Nepal,1995,0.14348339602651805,0.07346391021232357,0.03409656762542568
Nepal,1996,0.11513006284061333,0.08819828305575772,0.05191180273515528
Nepal,1997,0.2588452516992952,0.03931675282240077,0.04925303364952072
Nepal,1998,0.10599268996547906,0.10656000601829607,0.0297179107034502
Nepal,1999,0.1962274459393214,0.07186579171946184,0.043179915929325574
Nepal,2000,0.17265427184409887,0.024485959113074163,0.06015392264952979
Nepal,2001,0.15508109300780148,0.02652803678260085,0.04688255672421704
Nepal,2002,0.02624425675454134,0.02984419342767275,0.0012007106320801597
Nepal,2003,0.09728634315998264,0.055501018017257486,0.03869209038487753
Nepal,2004,0.12297024410637292,0.028021809172518175,0.04576276002654822
Nepal,2005,0.09297642723147348,0.06612787612099957,0.03420025719226416
Nepal,2006,0.15687570871403622,0.06691384600979244,0.03309250069429126
Nepal,2007,0.16998403422275743,0.022438554542262956,0.033546571382387924
Nepal,2008,0.32816111358437183,0.09447191995418525,0.05925558293360211
Nepal,2009,0.25943564046238876,0.1052139185612857,0.044333378147271674
Nepal,2010,0.091568850361881,0.08916866934526002,0.047040201944465565
Nepal,2011,0.1711779346375515,0.08825879037416495,0.03364566971858096
Nepal,2012,0.13851332189164722,0.09038726213774506,0.0456437138008674
Nepal,2013,0.19604372389368407,0.08654609735629393,0.0346444230009233
Nepal,2014,0.14962898683314663,0.08032717210134699,0.058377230959720805
Nepal,2015,0.2186137981086027,0.07574649791321075,0.03899042963650601
Nepal,2016,0.16010607978341085,0.08425238824510828,0.004321784813690499
Nepal,2017,0.11304172589169426,0.027391795618586734,0.08596922824186848
Nepal,2018,0.18028195916166823,0.04312264936004606,0.07345839647635088
Nepal,2019,0.12939037433261902,0.05416768272062544,0.06444841174444704
Nepal,2020,0.1997841476306057,0.04932676552921489,-0.02398147695664221
New Zealand,1991,0.01605890144958977,0.02569106869881921,-0.010967859936226176
New Zealand,1992,0.0386401082216814,0.010094481569016267,0.010878956536121365
New Zealand,1993,0.05995928433417674,0.012799809465257717,0.0619557684291685
New Zealand,1994,0.08727013704167774,0.017303211334639634,0.049925218940309435
New Zealand,1995,0.08976972793409388,0.036861626317651996,0.04613980886696112
New Zealand,1996,0.1321372872261577,0.022599819875555482,0.035481798089637806
New Zealand,1997,0.06415146290485652,0.011801570024885244,0.02057951060607266
New Zealand,1998,0.0028694946623204487,0.012573067669678473,0.008547429942737494
New Zealand,1999,0.06897507726212737,-0.0011433246443770528,0.052381127107118175
New Zealand,2000,0.014955984498307373,0.025816219765516735,0.028296365780569488
New Zealand,2001,0.08689793379193844,0.025919335993343395,0.033541086900022776
New Zealand,2002,0.002353132276837755,0.02641885423721746,0.04605765016712837
New Zealand,2003,0.090753307386791,0.017383767423678087,0.04619672839771738
New Zealand,2004,0.034667108085912446,0.02264416501179234,0.040066171424392394
New Zealand,2005,0.09064363027746225,0.02991818742359431,0.032979426821704294
New Zealand,2006,0.10676507786361,0.03310011624204012,0.027418460830144653
New Zealand,2007,0.10563766607426928,0.02348352196316128,0.030106384231448402
New Zealand,2008,0.09849452628694877,0.03882591766564936,-0.010222456416308034
New Zealand,2009,-0.006349151477579085,0.020935819359552355,-0.0003747313237276728
New Zealand,2010,0.08028128910802934,0.022759270347460614,0.01448100577937339
New Zealand,2013,0.1365530630514762,0.01128036343744565,0.025565811634422175
New Zealand,2014,0.06493789943147732,0.012200347230869824,0.03754994240054188
New Zealand,2015,0.09394859962462476,0.0029227708223409365,0.036239052069177546
New Zealand,2016,0.0738228864468482,0.0064416110478502375,0.03709451866775737
New Zealand,2017,0.07047568300874474,0.018338690327142082,0.033229070159507046
New Zealand,2018,0.06226818697534142,0.01585658757897157,0.03411715480540067
New Zealand,2019,0.046041516266413396,0.01606655787060607,0.022910258705326925
New Zealand,2020,0.11491619878793102,0.0170002897082977,-0.0030771986834565723
Nicaragua,2000,0.08961380437419564,0.0683118325094445,0.04019706569996018
Nicaragua,2001,0.04023165950534846,0.058137218913663524,0.029178569676602706
Nicaragua,2002,0.12487042848087171,0.03681565656982677,0.007511109618704381
Nicaragua,2003,0.1190532330326981,0.05166590841421437,0.02489486428747867
Nicaragua,2004,0.15885063587400694,0.08130539294322991,0.05175880643032471
Nicaragua,2005,0.09330472815774726,0.0916589755417716,0.04193240183178659
Nicaragua,2006,0.08084374087624013,0.08746310523301926,0.04069026358935801
Nicaragua,2007,0.16956632608618705,0.10550291821960656,0.04951706199231509
Nicaragua,2008,0.0707374223572863,0.1808721997227627,0.03378014135452645
Nicaragua,2009,0.13399708969130586,0.03620657524807136,-0.03348093489166715
Nicaragua,2010,0.19617005375299712,0.0531154087876855,0.043156219620684055
Nicaragua,2011,0.11886362832703767,0.07772360198852457,0.0612520535039387
Nicaragua,2012,0.14318065806687486,0.06946589790395219,0.06293852123657118
Nicaragua,2013,0.16821672953004807,0.06892390240231272,0.048095581426231604
Nicaragua,2014,0.14350062169677358,0.05860817715049027,0.04674483711242061
Nicaragua,2015,0.17363368581852612,0.039195520210403956,0.046809801529203554
Nicaragua,2016,0.10475778073390885,0.03462529707953177,0.0446209842066132
Nicaragua,2017,0.14857979774579633,0.0377838319380297,0.04527167272984656
Nicaragua,2018,-0.206452073993308,0.048287535781505575,-0.03421218605399545
Nicaragua,2019,0.06045150713097058,0.052367471382999575,-0.02939657503416271
Nicaragua,2020,0.14520617973306216,0.036156536974642606,-0.02261931642189907
Niger,1991,-0.09277927350201054,-0.081173632998226,-0.004404576927516501
Niger,1992,-0.009609473245053124,-0.04578866116567726,0.01981000336141392
Niger,1993,0.0007142221964926421,-0.012224768573637856,0.003211392698489135
Niger,1994,0.06509323269907696,0.30778655354893036,0.0183778754761299
Niger,1995,0.03683310940390783,0.10041791914949094,0.02427539505324461
Niger,1996,-0.06811808759663052,0.051537410958839125,0.0010048000621125652
Niger,1997,-0.23966877092998118,0.028912501530772516,0.015159272517259126
Niger,1998,-0.20428901195648663,0.04447626100905744,0.09506119386830392
Niger,1999,0.14330305245474761,-0.023290377825816222,-0.00219803909815397
Niger,2000,0.1205830547708473,0.02858891201111735,-0.012158392011109243
Niger,2001,0.39615736355274933,0.03927373370465492,0.07016144752250852
Niger,2002,-0.20409676667866705,0.025949052006821738,0.0480133918546386
Niger,2003,0.3691826245910015,-0.016275812281950408,0.021473880794733446
Niger,2004,0.08505273449103257,0.0026219971321630453,0.003631414214027018
Niger,2005,0.046575964332539854,0.07508426088035325,0.07075542647138278
Niger,2006,0.11049532139373852,0.0004047763665866455,0.057618224527228534
Niger,2007,0.3798075580352176,0.0005394470798387729,0.030943513802984768
Niger,2008,0.08968126876327887,0.10710498213532915,0.07447103835225022
Niger,2009,0.18808294856852825,0.005812142636063555,0.01943590228574621
Niger,2010,0.20386447502653127,0.008008576381253185,0.08230015841430216
Niger,2011,0.06616276171866886,0.02899927816561476,0.023303911581944448
Niger,2012,0.2754808523436232,0.004540574176910894,0.10028817424441172
Niger,2013,0.09297032920451542,0.022712420616429085,0.05178691356005771
Niger,2014,0.22245024981766548,-0.009346414573166761,0.0643085258308922
Niger,2015,0.04483223290994687,-0.005777561711653334,0.04298907349540926
Niger,2016,0.0831503681663186,0.01640361428771353,0.0558215114506595
Niger,2017,-0.050462372600232897,0.027579886145163712,0.048841217972405815
Niger,2018,-0.021264638212972642,0.029244225194991813,0.06963256842843535
Niger,2019,0.14025771536568854,-0.025213122702016477,0.05770131850220395
Niger,2020,0.15712784684519931,0.028569903347630543,0.034890592991928315
Nigeria,1991,0.31758217977626657,0.12227933970301552,0.003577120485616092
Nigeria,1992,0.4901753903995143,0.36872396111246997,0.04527153290802843
Nigeria,1993,0.43020954585318094,0.45212763162873726,-0.020561126378602523
Nigeria,1994,0.29635789457062955,0.45127756655964757,-0.01831596267947333
Nigeria,1995,0.17740712360024347,0.5471701023884301,-0.0007269117757395804
Nigeria,1996,0.1499546768277611,0.256719846847818,0.04110282593079617
Nigeria,1997,0.14875618092010257,0.08185528747013704,0.028947930447341008
Nigeria,1998,0.2014520431434832,0.09527725311559498,0.02548502149714338
Nigeria,1999,0.28608874027876396,0.06408566919183256,0.005824274863662993
Nigeria,2000,0.3924982181467911,0.06703501625801422,0.04894191226760114
Nigeria,2001,0.23409773793023447,0.1728909464583448,0.05749204653196216
Nigeria,2002,0.17244880004090035,0.12112481637641404,0.14262007784626718
Nigeria,2003,0.12673281303225892,0.13130702717196474,0.07089820821417092
Nigeria,2004,0.1879475804983528,0.13974484499704287,0.08847375762379528
Nigeria,2005,0.20378646611581175,0.16435693294645048,0.06239732283321331
Nigeria,2006,0.3100602126392715,0.07904425418628058,0.05882939283466726
Nigeria,2007,0.6300015483001431,0.052478667257020994,0.06383011741032973
Nigeria,2008,0.3522290825927854,0.10958127229275227,0.06545503330385216
Nigeria,2009,0.1385817064852759,0.11811922563125776,0.07730288178519729
Nigeria,2010,0.06508400367779288,0.12874541427246378,0.07701340936013779
Nigeria,2011,0.19627061670139057,0.10279245570476814,0.05171848390917333
Nigeria,2012,0.2396817815536494,0.11532883814965889,0.041430396685466775
Nigeria,2013,0.13367463544350144,0.08153868091036642,0.06458228948967815
Nigeria,2014,-0.007973373789411653,0.0773999344350349,0.06118652185283935
Nigeria,2015,0.040087228279737985,0.08626425194524501,0.026181194789057116
Nigeria,2016,0.27704193093749296,0.1458028993342113,-0.016300829035298392
Nigeria,2017,0.013782869459245006,0.15274053930884612,0.008026566943055258
Nigeria,2018,0.1396063652259052,0.11417749030351576,0.019045059453386415
Nigeria,2019,0.06249234525273906,0.10792502552988026,0.021843966630356704
Nigeria,2020,0.1100424490826164,0.1243924645370198,-0.0658075757012
North Macedonia,1994,-0.802089473254032,0.8179427633377734,-0.017738055041871092
North Macedonia,1995,0.01805769711640437,0.15163542470089109,-0.011209873454880892
North Macedonia,1996,-0.002107588094474977,0.024366706667626303,0.011781365255686183
North Macedonia,1997,0.21427326191205154,0.012860595600296065,0.01429712071610112
North Macedonia,1998,0.12231378774343682,0.005427242365990459,0.03322910355588249
North Macedonia,1999,0.2717064685789019,-0.012875399112051156,0.04247529503099656
North Macedonia,2000,0.2008769750612096,0.06398295662504516,0.04448697378723665
North Macedonia,2001,0.5105840486953639,0.050682517847213227,-0.031152815238019826
North Macedonia,2002,-0.08418202442717515,0.022882174158027624,0.01482620140365043
North Macedonia,2003,0.16970605612509004,0.00851922932286353,0.021982618577016666
North Macedonia,2004,0.15278181795867596,-0.004496596620054305,0.04568142828778221
North Macedonia,2005,0.14590556190444204,0.005241399343271169,0.046158978415352436
North Macedonia,2006,0.22159561188767185,0.03163072516163634,0.05009431493344607
North Macedonia,2007,0.2616869012654419,0.02226780177533083,0.06272581847365544
North Macedonia,2008,0.11170422901436794,0.0800294460749642,0.05327534203919271
North Macedonia,2009,0.016563812231748187,-0.007423828177537395,-0.0035925942152239543
North Macedonia,2010,0.10989398350598023,0.014986885697059193,0.033035768618471906
North Macedonia,2011,0.08551534083166956,0.03830446872853699,0.02312930389598833
North Macedonia,2012,0.030181708142904995,0.03262260561920183,-0.004572269145803887
North Macedonia,2013,0.025715240432901965,0.027469247508453698,0.028832885084753457
North Macedonia,2014,0.08545824650837375,-0.0028210256831640024,0.03564821931994544
North Macedonia,2015,0.07391827629031056,-0.0030037113840304386,0.03783383977745913
North Macedonia,2016,0.0578983755960536,-0.002395775456371929,0.02808397924041728
North Macedonia,2017,0.0448797522701021,0.013425660110157445,0.010759634349344793
North Macedonia,2018,0.10269649622741994,0.014477818622814276,0.02839887453924561
North Macedonia,2019,0.0787390738107625,0.00763517347261633,0.03835899138541521
North Macedonia,2020,0.0766871848655093,0.011929297039767306,-0.048019186549524306
Norway,1991,0.0289161683076955,0.03380410817543389,0.030378258833568594
Norway,1992,0.08158731098038885,0.023013985450851315,0.03512057824691084
Norway,1993,-0.006717522930475894,0.02262481110737191,0.028054590787682798
Norway,1994,0.04901935172633287,0.013662984681446666,0.04931644467743723
Norway,1995,0.037112845401718886,0.024305882082568786,0.04071616177990833
Norway,1996,0.0668141620650573,0.012546290033990104,0.04905596765878428
Norway,1997,0.014318232427335431,0.025345310356371442,0.05149703642373993
Norway,1998,0.14384896481529452,0.022274210611938017,0.026336982893987226
Norway,1999,0.016857906307848225,0.02338412143510915,0.020508722746363617
Norway,2000,0.08308435396526903,0.030388614078787235,0.032650577981367945
Norway,2001,0.15243757325781004,0.029599549372362866,0.020460552340157534
Norway,2002,0.07162864302483385,0.012785173087795698,0.013681549524999781
Norway,2003,0.02124446677309777,0.024573830264008834,0.009404730191160837
Norway,2004,0.06625346916668562,0.004534687766576617,0.03936097277673767
Norway,2005,0.10006590090629786,0.015205150332159967,0.026497060700464203
Norway,2006,0.06556971884218399,0.023026345211519583,0.0243166698971784
Norway,2007,0.16638744498200353,0.00710062154957658,0.028723890756555903
Norway,2008,0.030400817931827362,0.03685185980365713,0.004807620348664443
Norway,2009,0.008946318708300538,0.021735912868619423,-0.01959436918826185
Norway,2010,0.06268296770767634,0.023901142336602454,0.007839707643267246
Norway,2011,0.06223581409410528,0.01276766130048923,0.010995883417390218
Norway,2012,0.04397442911399807,0.006944472352802933,0.026816786631471246
Norway,2013,0.06531036314706995,0.020983167473850095,0.010110623356592185
Norway,2014,0.05933499078977533,0.02021139537708372,0.020274398390672133
Norway,2015,-0.05473530444836783,0.0214790316771305,0.01840301806701916
Norway,2016,0.10650653545664568,0.034884401853495284,0.011579935388397189
Norway,2017,0.059041709677089216,0.01857737301319151,0.024338855057177256
Norway,2018,0.050530714193815385,0.027273000964727956,0.00825514732148136
Norway,2019,0.038965855773717806,0.021445688819776265,0.011174798210582537
Norway,2020,0.11474530711036124,0.01278378714933126,-0.012864106678552645
Oman,2001,0.10259314747195702,-0.008200196565339546,0.04509923242384062
Oman,2002,0.05406182727300646,-0.0027997037412870185,-0.007872565346620064
Oman,2003,0.023935226916098173,0.0023106152939247337,-0.022191067283088728
Oman,2004,0.03999806302225295,0.006230242298478572,0.019729243326516155
Oman,2005,0.19601127678846098,0.018918271028409706,0.027415182086553358
Oman,2006,0.21873251999869225,0.034835978817779,0.04564058869201659
Oman,2007,0.29765855889835535,0.05666842218906698,0.04860590596173964
Oman,2008,0.20917604033493475,0.1166749477580522,0.08571941647682024
Oman,2009,0.046263155686276036,0.03410003094034231,0.05809877052917045
Oman,2010,0.10743720260701295,0.03204676867293976,0.024419390544995423
Oman,2011,0.11494475738873078,0.039626291195040686,0.02853507195615279
Oman,2012,0.1018976663866944,0.029051245811638537,0.08492114799165407
Oman,2013,0.08144454907094811,0.010480370581640308,0.050956426427774204
Oman,2014,0.11359077865892786,0.010089082011350392,0.012839739558870633
Oman,2015,0.13286941168293254,0.0006526882829351877,0.04895260809080426
Oman,2016,0.01814315778119635,0.01103101460576017,0.049232199273870236
Oman,2017,0.0409665166357982,0.01576600221054658,0.003035962457879293
Pakistan,1991,0.17348523862298038,0.11146328881435341,0.04937635193712708
Pakistan,1992,0.2569694509072278,0.09083693028803497,0.07423415820841228
Pakistan,1993,0.16664470668057518,0.09507073987080217,0.017424779886358266
Pakistan,1994,0.16016628100985741,0.11661074340086586,0.0366926699361656
Pakistan,1995,0.12935841096096112,0.11639165495326775,0.04843399738035714
Pakistan,1996,0.1828927357591077,0.09870267866260196,0.047327965075435685
Pakistan,1997,0.1815862598174327,0.10773712526121271,0.010092855456235839
Pakistan,1998,0.07565814957781569,0.060417580660144576,0.02518258324903755
Pakistan,1999,0.04223755471798896,0.040591284844713194,0.03594740729968038
Pakistan,2000,0.11444554550032748,0.042740133039781636,0.041718437502030525
Pakistan,2001,0.134795258302578,0.03099719876673257,0.03586267905909679
Pakistan,2002,0.1622587054620368,0.03237371748379925,0.025617225827758716
Pakistan,2003,0.16430985154831035,0.028724810883865803,0.05260488716842815
Pakistan,2004,0.17307392496353557,0.07180540972927796,0.07539737081113174
Pakistan,2005,0.15162927802020576,0.08675851258324174,0.07024012142101554
Pakistan,2006,0.35703699655890375,0.07623007405021376,0.058755937389932456
Pakistan,2007,0.16074336910099163,0.07323823499670379,0.04348865348555009
Pakistan,2008,0.0632067172595896,0.18470306120114532,0.02098272524884237
Pakistan,2009,0.16220436397364324,0.12793369903989937,0.03413617990650053
Pakistan,2010,0.13597928248463376,0.12167651788331835,0.014905533744958177
Pakistan,2011,0.1186948139456021,0.11257923231965083,0.026448308056828296
Pakistan,2012,0.16037430074996806,0.09241829196601437,0.02982657134825928
Pakistan,2013,0.12500708036240127,0.07410656468626442,0.042742054502685534
Pakistan,2014,0.10924638943413001,0.06942702815969248,0.040339588628739875
Pakistan,2015,0.11494327441359076,0.024978700176027324,0.04131411752682013
Pakistan,2016,0.12765458656529916,0.03695968938332328,0.06366787615911562
Pakistan,2017,0.09468563478690584,0.040041277170894674,0.04337194932598365
Pakistan,2018,0.09380351498234774,0.04953329044639254,0.05969904170277118
Pakistan,2019,0.11040503732600726,0.10055424020222503,0.02466955797762793
Pakistan,2020,0.1452486761703149,0.09294368312206647,-0.012822735438366095
Panama,1991,0.27900020703707895,0.01248435291893113,0.09001441630975293
Panama,1992,0.22765448231857732,0.018080768982924766,0.07882670859297747
Panama,1993,0.17344646695218202,0.0045290292346304994,0.053121194149618134
Panama,1994,0.14631494981763282,0.012604546897934554,0.028102860354199066
Panama,1995,0.08035187402549582,0.009892972603599226,0.017365137394786956
Panama,1996,0.07054304465368233,0.012478978761428117,0.03998679239625602
Panama,1997,0.12871585921336148,0.01315658355494076,0.07426333204169921
Panama,1998,0.14430766762275127,0.005575242347658715,0.08054232468526479
Panama,1999,0.08125448071655939,0.012394693137283141,0.05080381057156558
Panama,2000,0.08861969927767532,0.0148783771315939,0.04122836700551247
Panama,2001,0.0759402261415012,0.003065919621836777,0.009454246196629157
Panama,2002,-0.01722101040753543,0.010008060907452432,0.024778892656048157
Panama,2003,0.03460821664760516,0.003909016496715267,0.04971221643697277
Panama,2004,0.07738148090077246,0.004735998217018533,0.07858614133265363
Panama,2005,0.08219693674463002,0.028158630687915576,0.07951502900493068
Panama,2006,0.20111905979581124,0.024281732721734173,0.0940115072526595
Panama,2007,0.14842519930861542,0.04084087117078283,0.12357127643242904
Panama,2008,0.13613082037672086,0.08396132610162876,0.0971034123516219
Papua New Guinea,1991,0.16250506113534513,0.06733786130381825,0.09118256117134038
Papua New Guinea,1992,0.11791330849784032,0.042193353650275434,0.12970357196103777
Papua New Guinea,1993,0.16376809309049278,0.0485436033292963,0.16722725849850306
Papua New Guinea,1994,-0.012908017589772669,0.02812789717793862,0.05772261798824729
Papua New Guinea,1995,0.12880083170331247,0.15940200472315613,-0.033685527889424804
Papua New Guinea,1996,0.26803692173997007,0.10996749184526022,0.0744922164463766
Papua New Guinea,1997,0.07412332061633364,0.03887813575230625,-0.03982654906129568
Papua New Guinea,1998,0.024314139400626544,0.12728610932724171,-0.038419811426184225
Papua New Guinea,1999,0.08771866013396235,0.1391720444262674,0.018385486313199806
Papua New Guinea,2000,0.04887553517407639,0.14493024462567616,-0.025264906743583282
Papua New Guinea,2001,0.060619794910941494,0.0889094965921644,-0.0012136221972340877
Papua New Guinea,2002,0.0701251422862228,0.11153642925789331,-0.001590269138777245
Papua New Guinea,2003,-0.04548108761944647,0.13722898031929454,0.02141018254756233
Papua New Guinea,2004,0.13790662709593704,0.021359564763989702,0.026848099964595917
Papua New Guinea,2005,0.2584337127364833,0.01765133845496436,0.061516420968597885
Papua New Guinea,2006,0.32843712454393525,0.023408494650734468,0.05268679188396419
Papua New Guinea,2007,0.24502184850564745,0.009072227172310932,0.07524836449634265
Papua New Guinea,2008,0.07550779227154081,0.10220831678923492,-0.0029689815258322483
Papua New Guinea,2009,0.19784425407870287,0.0668950422906418,0.06579168700231719
Papua New Guinea,2010,0.09754481576911544,0.05839728606882222,0.09647726278907953
Papua New Guinea,2011,0.15986568966705406,0.043450543355667115,0.011014552746285489
Papua New Guinea,2012,0.10383962608560182,0.044372851542975766,0.045519293049085974
Papua New Guinea,2013,0.0648651247184695,0.04841216378693325,0.03753608658187346
Papua New Guinea,2014,0.03326828749184685,0.05090333178356676,0.12701822083538516
Papua New Guinea,2015,0.0772095656082854,0.05823077325789061,0.06371026875977748
Papua New Guinea,2016,0.10322081876898892,0.06460472657306582,0.05344192936870229
Papua New Guinea,2017,-0.009390387900332087,0.05280159029943654,0.03473577485062762
Papua New Guinea,2018,-0.038535605461206046,0.04281510341796313,-0.0027964292156354986
Papua New Guinea,2019,0.04322631926313747,0.03853464044956212,0.04383040457982901
Paraguay,1991,0.40382976456979947,0.21692708597143184,0.034340073675029004
Paraguay,1992,0.3157502318911902,0.14143657213163374,0.016821993649667633
Paraguay,1993,0.24631290477180556,0.16728119394155572,0.04818387960420978
Paraguay,1994,0.21696734405529128,0.18702875086568005,0.05181337689347032
Paraguay,1995,0.005269764445881009,0.12597529275906005,0.06600129735471327
Paraguay,1996,0.0935717403010976,0.09348745956916327,0.015615295506517413
Paraguay,1997,0.0508230400844667,0.06718719235903237,0.04154988413023375
Paraguay,1998,0.07343984887782185,0.10933203464573493,0.0006801462062000496
Paraguay,1999,0.12090429730968921,0.06534069175980095,-0.013754964396511582
Paraguay,2000,0.02801032222685862,0.08601401098755579,-0.023413371991590992
Paraguay,2001,0.3333941270402967,0.07016075191695403,-0.008375524151563951
Paraguay,2002,0.014516793964105545,0.0999380192324173,-0.00021406686066072211
Paraguay,2003,0.10366069176431836,0.13310327518207643,0.042300058306555144
Paraguay,2004,0.14061576319758728,0.04232420895582223,0.03977266045270156
Paraguay,2005,0.10399878246579064,0.0658568582912995,0.021110503658746893
Paraguay,2006,0.09372977512258984,0.09157000689957506,0.046951495736855975
Paraguay,2007,0.26207413145987957,0.07816840620884502,0.0527975796686313
Paraguay,2008,0.3043931689885895,0.09671632389202145,0.06293998277813628
Paraguay,2009,0.19190943923949888,0.025589251799564394,-0.0026147888639016514
Paraguay,2010,0.17409431943671905,0.04546237407675768,0.1052175868608991
Paraguay,2011,0.14923441469686693,0.0793098384578812,0.04197049832499289
Paraguay,2012,0.11116866685568993,0.036099684148909184,-0.007105616327297781
Paraguay,2013,0.1901010506820242,0.02648473638349369,0.07967103697603051
Paraguay,2014,0.13975769115127434,0.04906467576927209,0.0516549960907966
Paraguay,2015,0.12400863676976215,0.030810472407928557,0.029142712616870625
Paraguay,2016,0.07092888705664535,0.040055199543534314,0.041794569414108196
Paraguay,2017,0.08066412866576655,0.03539105680898924,0.04697975356010531
Paraguay,2018,0.07750820040471496,0.03898616793246479,0.031539851684161846
Paraguay,2019,0.09346208527085764,0.027197738244920444,-0.004026647080049628
Paraguay,2020,0.17582010998827258,0.017520770188040657,-0.00823164109546326
Peru,1991,1.1957239429934425,1.6283188732085474,0.021949919260730866
Peru,1992,0.632222875995339,0.551170479320513,-0.005419751603842116
Peru,1993,0.5411437394174392,0.3959532565179611,0.05110725865743859
Peru,1994,0.3163935035447878,0.2129873921364025,0.1160781715107646
Peru,1995,0.25668669200132754,0.1055188298618508,0.07149608959590736
Peru,1996,0.31659576633198583,0.10919463771259608,0.0276051774804138
Peru,1997,0.26836211810043054,0.08215299780913288,0.06275716440833179
Peru,1998,0.15979581838088563,0.06997206161037806,-0.003923060707940351
Peru,1999,0.13531919708148976,0.034108243288489604,0.014838469789218323
Peru,2000,-0.004002417515664547,0.03688470154617107,0.026587123193962725
Peru,2001,0.005623074079394996,0.01957808037192077,0.0061599119825466175
Peru,2002,0.04238544562339186,0.0019294873799635681,0.0531001858882334
Peru,2003,-0.02160061138218694,0.02234231654989749,0.04080621650773253
Peru,2004,0.0320791375234748,0.03596998526680295,0.048392020217001175
Peru,2005,0.15781767219469245,0.016033788437045615,0.060954546915475305
Peru,2006,0.07737911150574561,0.019824764428486574,0.07258945376860382
Peru,2007,0.25776786800954454,0.01764330201090214,0.08174944515980442
Peru,2008,0.2050942067410979,0.0562468271905896,0.08733819967403278
Peru,2009,0.04469110146198574,0.028939499211713127,0.010898630176615853
Peru,2010,0.1910719541183319,0.015167594238065796,0.08003463786400644
Peru,2011,0.11096892796022573,0.03313793274187571,0.06135087475196954
Peru,2012,0.1398925675131295,0.03547537108285148,0.059586197716981815
Peru,2013,0.1525406830337026,0.027302828968878146,0.05687660168154096
Peru,2014,0.060767205330773066,0.03355029937520548,0.023542267019031726
Peru,2015,0.12563715488982652,0.033416322796664844,0.032004786751674175
Peru,2016,0.027188394184520348,0.034953705444828564,0.03877175387852816
Peru,2017,0.0892090053339345,0.02950929090029053,0.024876356121485088
Peru,2018,0.0529080969817457,0.014978797887491346,0.03892597108038487
Peru,2019,0.07990462965856082,0.022271360930551154,0.022158983893852735
Peru,2020,0.32414872764962865,0.01982627464004061,-0.11578473173295123
Philippines,1991,0.16310898363371962,0.17614802743778846,-0.00437345041293824
Philippines,1992,0.12318604167716174,0.08297075747474958,0.004167594163469346
Philippines,1993,0.24799827008776276,0.06500382887544331,0.0215842743730974
Philippines,1994,0.23692635341013357,0.09881741706889091,0.04280721547911881
Philippines,1995,0.21409586730842278,0.0660872847141305,0.04521449447894099
Philippines,1996,0.21294377450621838,0.07209834643111046,0.056950566584447415
Philippines,1997,0.2078890338657864,0.054395940466257287,0.05056393937642767
Philippines,1998,0.08219096406622484,0.08833073754175125,-0.005154165917513609
Philippines,1999,0.15599627309452302,0.05769373347678641,0.032916761707681985
Philippines,2000,0.07807861019078999,0.039000737349732084,0.04289189879754929
Philippines,2001,0.09518010250355147,0.05207525715383898,0.03003666226801016
Philippines,2002,0.09502332589292095,0.026863642269547405,0.036488667219703785
Philippines,2003,0.04197917442211363,0.022633485520704433,0.04961754689041342
Philippines,2004,0.1018642921426256,0.047162276414837834,0.06362462095616905
Philippines,2005,0.06618280022469136,0.06313303952883675,0.04824244390070476
Philippines,2006,0.21069530547852366,0.05340077672711541,0.05179912623605887
Philippines,2007,0.0917192533697282,0.028587456851912663,0.06315592407361237
Philippines,2008,0.09568195696250825,0.07936968465317928,0.04252761724735521
Philippines,2009,0.08285467199928931,0.0413245612106623,0.014379350455218542
Philippines,2010,0.10343240297806844,0.03719786422686422,0.07077994002489874
Philippines,2011,0.05170733140953132,0.046104819448730794,0.037856637339714894
Philippines,2012,0.06745111508846335,0.029820553527789784,0.06669511629966607
Philippines,2013,0.25719324507791086,0.025498996267520724,0.06532444317076624
Philippines,2014,0.11722733003228214,0.03534613433707623,0.06154643194932774
Philippines,2015,0.08797264037853836,0.00671930022404954,0.06154946194207511
Philippines,2016,0.12510084425290202,0.012459050697325225,0.06905446592338293
Philippines,2017,0.10816470477263707,0.028132423562604814,0.0670134714745032
Philippines,2018,0.08616985900653162,0.05173199100074921,0.061485292006835834
Philippines,2019,0.0938902780307167,0.02363903674224499,0.05938645006595067
Philippines,2020,0.08303268301296285,0.023649750883591558,-0.10002250754585518
Poland,1991,0.321357252322958,0.5696764335451896,-0.07273822077020498
Poland,1992,0.44258784698580556,0.37911129085663653,0.024838734728671596
Poland,1993,0.3074296141139641,0.3145491480517677,0.03670129491563401
Poland,1994,0.3226443300664954,0.2851133506792163,0.0515748743731308
Poland,1995,0.3046809427226087,0.24648022894884658,0.07630952860662177
Poland,1996,0.2716786600513892,0.1806114864540409,0.05915415272513869
Poland,1997,0.25508023504292154,0.1390065146328494,0.06164909780570227
Poland,1998,0.22455804649219857,0.10973164715909789,0.04517995364820848
Poland,1999,0.17888755691304326,0.06909754651844935,0.045921145725575485
Poland,2000,0.10936480657910153,0.09440227131129841,0.04551177258661809
Poland,2001,0.13639066053474025,0.052671531011753814,0.012261960383661119
Poland,2002,-0.020172856395657135,0.01887358950634699,0.01883347526792889
Poland,2003,0.05230293954278764,0.006803815224073695,0.034627209654932045
Poland,2004,0.03717958470228311,0.033266936265431646,0.049654509221269905
Poland,2005,0.14013778473186633,0.021602954008632658,0.032087861151914865
Poland,2006,0.14811244583932748,0.012765117539036197,0.06017376357718618
Poland,2007,0.12565279555029463,0.024290025454303255,0.06541733348850443
Poland,2008,0.1708023694265357,0.04080572496628321,0.042904024241739336
Poland,2009,0.07793564917527362,0.03725139478770778,0.025815188051254268
Poland,2010,0.08438933449402342,0.025479558501397825,0.03119753143751325
Poland,2011,0.11766279303839866,0.04152000521818344,0.05122018609342405
Poland,2012,0.044284543101206,0.03498455634562525,0.015004681387502217
Poland,2013,0.06052528085044884,0.00987094756708462,0.006819103048865571
Poland,2014,0.07866478569698643,0.0005380683476552406,0.038456080741610776
Poland,2015,0.08674702485720331,-0.008779687652044288,0.04336372481070683
Poland,2016,0.0913584572712125,-0.006669867509105032,0.029861452321384263
Poland,2017,0.04548857382090432,0.020546816365249576,0.05024108948003203
Poland,2018,0.08768794836119653,0.01796713562942376,0.060585641973382565
Poland,2019,0.07940296012738557,0.022030328531918997,0.04478652383479442
Poland,2020,0.1521141160973194,0.03318783772892342,-0.02056572038246074
Qatar,1991,0.023248401167975885,0.043225119738038664,-0.016762026332152402
Qatar,1992,0.07653729399543963,0.030144126348710554,0.10733331780768296
Qatar,1993,0.11690777489862114,-0.00877198607283658,-0.013339943798346354
Qatar,1994,0.08670935968943994,0.01312929144179309,0.014087389319673349
Qatar,1995,0.01094494501823462,0.029136594086654366,0.023709067784629667
Qatar,1996,0.05412685627299041,0.047880556375050176,0.042809559478580894
Qatar,1997,0.0940783203044866,0.04721263308449419,0.2624568742285476
Qatar,1998,0.07735094961031308,0.02908673830183428,0.10632791956723509
Qatar,1999,0.10753873484949139,0.021582446439246006,0.04194837811616381
Qatar,2000,0.10143823046995948,0.0163686519100672,0.07722142808360388
Qatar,2001,0.32537263390977955,0.014606152389363025,0.03824125924428046
Qatar,2002,0.08477229120097718,0.002397124599720968,0.0693595532663096
Qatar,2003,0.05373196555556703,0.022393044207498214,0.03652437626876903
Qatar,2004,0.18879189530473894,0.06578152937716641,0.17579124179039596
Qatar,2005,0.3566786447731154,0.08447344963879289,0.07225329635985389
Qatar,2006,0.3338557335747403,0.11186162416085033,0.23246196508688755
Qatar,2007,0.33317970374609374,0.12890462817827952,0.16539287868292263
Qatar,2008,0.17973047594978908,0.14019789217900058,0.16265914874877296
Qatar,2009,0.1560548420611063,-0.049855150236198575,0.11294076301156153
Qatar,2010,0.2076388553787396,-0.024551504250696965,0.17891722259870946
Qatar,2011,0.15780458930601782,0.011319356036064043,0.1255327912393156
Qatar,2012,0.2064775114968782,0.02288951026398589,0.04621623671938124
Qatar,2013,0.17892841277356197,0.03171160531947681,0.05407241365644566
Qatar,2014,0.10075828324433544,0.032948399183891475,0.05196931101498592
Qatar,2015,0.0338592545939882,0.017978191862552784,0.046438102420832905
Qatar,2016,-0.04679331682932997,0.026413976057054533,0.03018098759698873
Qatar,2017,0.19277610332982675,0.003941013136801175,-0.015088887769618253
Qatar,2018,-0.06739936222600207,0.0025548873213789847,0.012272701075676906
Qatar,2019,0.024511555696378196,-0.006688731018562599,0.0068589822473583695
Qatar,2020,0.037161479352910476,-0.025731380981478758,-0.03622323963156049
Romania,1991,0.7130685690931209,1.1958070397343046,-0.13832240240313354
Romania,1992,0.6662668245816263,1.1352835612002052,-0.09175601630791164
Romania,1993,1.0012447064401968,1.2674175263709109,0.015172655860361317
Romania,1994,0.812914345321218,0.8618742192739607,0.03856610211168743
Romania,1995,0.5283797552080536,0.27946705686539186,0.06046942373819775
Romania,1996,0.5279493298445814,0.32807494454783326,0.03833283918829977
Romania,1997,0.7581372026325184,0.9351654010495949,-0.04970574193155031
Romania,1998,0.4301502144976581,0.464341270521063,-0.02050696692342413
Romania,1999,0.40812212760537747,0.3770915669445478,-0.0037737185851263177
Romania,2000,0.342239685545767,0.37615022188564984,0.024314623690614212
Romania,2001,0.16570300154304007,0.2962230865459756,0.05086549733443846
Romania,2002,0.3825177937012967,0.20326639312666828,0.05546300970836526
Romania,2003,0.1912179762497992,0.14213728417774085,0.023141628281603488
Romania,2004,0.39488384781576613,0.11220630204227788,0.09919456234094781
Romania,2005,0.18267891434738104,0.08631450186840883,0.045624664503943535
Romania,2006,0.1321394135853069,0.06352407666369242,0.07722777478169363
Romania,2007,0.29142913983638863,0.04723971792611881,0.06984138367250736
Romania,2008,0.16121468052367405,0.07557862823936734,0.08899452498318183
Romania,2009,0.08648335663710327,0.054369049803665526,-0.05674715186194845
Romania,2010,0.06595037274971816,0.05913095801839052,-0.03984134606555756
Romania,2011,0.06266502458767675,0.05627875255065806,0.043974674951403614
Romania,2012,0.02802804118638136,0.032805203449231435,0.01885724888047946
Romania,2013,0.08439054816856029,0.0390737057663193,0.0027838402931230632
Romania,2014,0.08001354123734217,0.010626437655731458,0.04033548668422071
Romania,2015,0.08978098205342988,-0.005959285698352801,0.031082263072796934
Romania,2016,0.09294998332384097,-0.01556852976673806,0.02819799835049963
Romania,2017,0.10802602506946002,0.013301355546913918,0.0787693890372978
Romania,2018,0.08514946007672108,0.04521697297931482,0.05254047800826811
Romania,2019,0.10350477348962528,0.037564094853168584,0.03883880932360739
Romania,2020,0.14248058489860682,0.025970557737320377,-0.0366435018048854
Russian Federation,2002,0.2908475812687783,0.14659705827923641,0.045928854611823056
Russian Federation,2003,0.325953070098155,0.1280703220361179,0.07045801952247999
Russian Federation,2004,0.2906911692618124,0.10335604965104794,0.06952557635696621
Russian Federation,2005,0.3084790886847877,0.11942882682756961,0.06203506618250998
Russian Federation,2006,0.3392449675581446,0.09229340252141593,0.07881181124260195
Russian Federation,2007,0.3442836401255356,0.08624465444527196,0.08157978209991867
Russian Federation,2008,0.13216224172177604,0.13199943789124813,0.05069282214864046
Russian Federation,2009,0.15970493443406752,0.11017487420112815,-0.08120998940290747
Russian Federation,2010,0.21921875931388612,0.06625010837250045,0.04401688540918869
Russian Federation,2011,0.17885427744479898,0.08103112542150992,0.042101455842921354
Russian Federation,2012,0.12273422750810425,0.049501749104155834,0.03945228400665357
Russian Federation,2013,0.14869000011183786,0.06536319667765333,0.017401925845948796
Russian Federation,2014,0.13826212149379202,0.07529455795496975,0.007335700057097938
Russian Federation,2015,0.17996071401517355,0.1443981004500312,-0.019924370809818015
Russian Federation,2016,-0.009287674583074335,0.06805517969666397,0.0019350273390550399
Russian Federation,2017,0.07149344939825752,0.03617117113213997,0.01809322655402923
Russian Federation,2018,0.1161738274915578,0.028376684652186235,0.027685645197145448
Russian Federation,2019,0.049779566545428366,0.043749158847997016,0.021742662967760396
Russian Federation,2020,0.15406279520885846,0.033262594624409836,-0.026894994689907747
Rwanda,1991,0.05393473697482065,0.17929335821554382,-0.025465302489429575
Rwanda,1992,0.11725093194331748,0.0913059177645219,0.057067481430824074
Rwanda,1993,0.02490845278866871,0.11648787519177484,-0.08456374087084484
Rwanda,1995,0.5279666122092941,0.687807430929686,0.3017630557651785
Rwanda,1996,0.08259933804461994,0.07149587256039158,0.11996461662860369
Rwanda,1997,0.25508872539735705,0.11346637689465755,0.12970943248136635
Rwanda,1998,0.03460665305661337,0.060248712061173215,0.08488024476733003
Rwanda,1999,0.07599491291042426,-0.024353474102910777,0.04259854338828717
Rwanda,2000,0.1451966667747122,0.0382541866289583,0.0803893792881567
Rwanda,2001,0.04208382031003666,0.03288196439228619,0.0814376758676083
Rwanda,2002,0.138855413157998,0.01972993273771939,0.12391595635260799
Rwanda,2003,0.161582392235065,0.0718526464038729,0.02178485267690533
Rwanda,2004,0.16251616487417309,0.11556466835981194,0.07183372788703224
Rwanda,2005,0.17472555189591787,0.08630694642846937,0.08963866501147777
Rwanda,2006,0.23375199632986465,0.0851021322292107,0.08825879318234087
Rwanda,2007,0.28827506004788717,0.08691799150104629,0.07355987660985974
Rwanda,2008,0.15826333213685828,0.14356525599924552,0.10581163980861419
Rwanda,2009,0.03870073536227636,0.12172545711393834,0.06060822174035252
Rwanda,2010,0.18380667350004742,-0.002464320880348758,0.07078139798677086
Rwanda,2011,0.25437160614527343,0.030336855716345035,0.07657567706396051
Rwanda,2012,0.12391859573817854,0.09777095172813688,0.08288335989054829
Rwanda,2013,0.11447517487769332,0.057554206368989114,0.04611848956383113
Rwanda,2014,0.1584395494127122,0.02327199939421387,0.05984470507025108
Rwanda,2015,0.18369961675193025,0.024970650440845787,0.08486358177122355
Rwanda,2016,0.08136768936020289,0.06928669650114294,0.05799288186535634
Rwanda,2017,0.08789912349164553,0.07954600023581548,0.0384335855292548
Rwanda,2018,0.173378415547905,-0.0031169542626967583,0.08173174714377751
Rwanda,2019,0.09721507455149236,0.03293055373003195,0.0902737472077817
Rwanda,2020,0.19415103973396342,0.09394924526872117,-0.03431909535592226
Samoa,1991,-0.018941698613325286,-0.01835948859937142,-0.02326875371981174
Samoa,1992,0.00713479335029632,0.08646332451946348,-0.0020018738637723743
Samoa,1993,0.01428358447832423,0.017005495798056547,0.04018170327489301
Samoa,1994,0.12973130544105516,0.11404612334192299,-0.025749701040869155
Samoa,1995,0.21797377999059364,-0.029465151798736322,0.06460392349719513
Samoa,1996,0.060943165696834,0.05235162150466666,0.06932985700072081
Samoa,1997,0.1410713884285819,0.06636644527623092,0.0064136386218685
Samoa,1998,0.02453591780537323,0.021945767251319914,0.021711487770716076
Samoa,1999,0.14605880841952157,0.002647693090692904,0.021618960821854216
Samoa,2000,0.15122322685747847,0.009621389134254699,0.04967591170727559
Samoa,2001,0.05922574049016305,0.037664547558105,0.07129808368529922
Samoa,2002,0.09725283949632768,0.07742680732992202,0.054980102141534815
Samoa,2003,0.13067736505269778,0.0011576308450811368,0.05081315393881525
Samoa,2004,0.07992921894015836,0.1511159435891818,0.030405630357762448
Samoa,2005,0.14538088914737202,0.018397365139716904,0.06428102185942208
Samoa,2006,0.12883945601002011,0.036332766330507305,0.021097153219873377
Samoa,2007,0.10442194814449834,0.05427096408147403,0.004848054668944002
Samoa,2008,0.07111236394890241,0.10944532300715082,0.03494335399266291
Samoa,2009,0.0854339079786719,0.061329816518565394,-0.005431499944439366
Samoa,2010,0.06216279721772011,0.00774004113756277,0.059444819512609826
Samoa,2011,-0.06329952686289175,0.05102971084290786,0.03776848559075319
Samoa,2012,-0.016573915538199202,0.02028308867193296,-0.03803556988566825
Samoa,2013,0.0619683373408364,0.006082322327281453,0.001072357583911554
Samoa,2014,0.09181546308460042,-0.0040764583620394035,0.006577558045936627
Samoa,2015,0.05868100896758932,0.007218584562948216,0.037780848359250996
Samoa,2016,0.087623801160845,0.012962805554145973,0.07681161218024712
Samoa,2017,0.14155553002574095,0.017347623836283077,0.013964859854421974
Samoa,2018,0.08396340741500552,0.04111755614933177,-0.006115130389467538
Samoa,2019,0.0453643308529017,0.009775331085049466,0.04355609904986224
Samoa,2020,0.05253312683008815,-0.015813501717667044,-0.031579885298647525
Sao Tome and Principe,1997,0.7721609980993556,0.306139517782134,0.009913903759418474
Sao Tome and Principe,1998,0.027707075900568867,0.40874728751700173,0.024692494573539392
Sao Tome and Principe,1999,0.07431954332502855,0.11978260862617152,0.024692673627583872
Sao Tome and Principe,2000,0.22217083654123115,0.11519253325292933,0.004473660857122752
Sao Tome and Principe,2001,0.3098302064698508,0.08821266168457242,0.03018465448998242
Sao Tome and Principe,2002,0.22620695489473164,0.09647971991857762,0.033049674557531716
Sao Tome and Principe,2003,0.43064821604411563,0.09342130381297276,0.0796566589619978
Sao Tome and Principe,2004,0.010130644799449584,0.12474440312277446,0.03476760066812545
Sao Tome and Principe,2005,0.3740493155104545,0.15830380026051127,0.06405050911346777
Sao Tome and Principe,2006,0.2734661940631504,0.2076402932070609,0.08494858669474681
Sao Tome and Principe,2007,0.294759579031485,0.17015208854997788,0.035767371184096675
Sao Tome and Principe,2008,0.31383739636720165,0.2775567637064986,0.06042493194666321
Sao Tome and Principe,2009,0.07890037045822851,0.15664022806532518,0.03249041993980839
Sao Tome and Principe,2010,0.19237401375312757,0.12522242667122185,0.014380653247215491
Sao Tome and Principe,2011,0.09809286842081377,0.13389403602615424,0.019797059666295524
Sao Tome and Principe,2012,0.16699806246189652,0.10109284015997666,0.02900469510360537
Sao Tome and Principe,2013,0.1636350001970115,0.07794049380418855,0.049929299434943175
Sao Tome and Principe,2014,0.1636044864904882,0.06764462444710695,0.047896531538221154
Sao Tome and Principe,2015,0.13395237622665945,0.051129125239665285,0.015279711203429969
Sao Tome and Principe,2016,-0.04932737944618282,0.052881968557525916,0.05047279239282432
Sao Tome and Principe,2017,-0.002183567523040608,0.05534289755824062,0.04030646642154778
Sao Tome and Principe,2018,0.1412063631285747,0.07574359932430053,0.042849966387976224
Sao Tome and Principe,2019,-0.021005423469684814,0.07436735870849454,0.019942977459319167
Sao Tome and Principe,2020,0.10079125750386453,0.0936663559695825,0.025910012676991556
Saudi Arabia,1991,0.1358753694830206,0.04746653723892713,0.07900312822334854
Saudi Arabia,1992,0.02033867517628707,-0.0007703567132439915,0.044787708464895104
Saudi Arabia,1993,0.033249440257165475,0.010502607176231749,0.003791163722063118
Saudi Arabia,1994,0.0294186507255354,0.005627391276279425,0.009484538954179556
Saudi Arabia,1995,0.03301495593679249,0.047536340656958664,0.0031122322620724674
Saudi Arabia,1996,0.07005756242292804,0.012146536721417966,0.03251251865791005
Saudi Arabia,1997,0.050792387515478765,0.0005713428032381174,0.026128843151330017
Saudi Arabia,1998,0.03566666114905459,-0.0037195765731539154,0.027652246501066458
Saudi Arabia,1999,0.0661056489555314,-0.013427292941325497,-0.0063540808920521386
Saudi Arabia,2000,0.04369105373143256,-0.01131374356830328,0.04610211862308944
Saudi Arabia,2001,0.04962123975008481,-0.011272780198540389,0.0034400083425722983
Saudi Arabia,2002,0.14148554847195882,0.0024688148904425944,-0.006907704654597779
Saudi Arabia,2003,0.0815094288642122,0.0061032905546269944,0.0840537341327412
Saudi Arabia,2004,0.15915518011472685,0.005141837047340836,0.08278668222623153
Saudi Arabia,2005,0.12434820032298433,0.004780870122455205,0.057748926158179614
Saudi Arabia,2006,0.18571903422856906,0.021849776932175047,0.0325977211751578
Saudi Arabia,2007,0.18349898477069004,0.04083310086801095,0.021895083285610184
Saudi Arabia,2008,0.1651725966331199,0.09412992146068078,0.06051155694527566
Saudi Arabia,2009,0.10264901840542606,0.04933499440327527,-0.010724473259351441
Saudi Arabia,2010,0.05043010528482483,0.05201749672670797,0.049166427491144304
Saudi Arabia,2011,0.12451983003278855,0.05662809455496376,0.11117297670979909
Saudi Arabia,2012,0.1526307667181328,0.02825961204817684,0.05601707108161946
Saudi Arabia,2013,0.0802148825936726,0.0345081079638625,0.029030875451748983
Saudi Arabia,2014,0.11174941734909183,0.02217093326975661,0.03945791178683322
Saudi Arabia,2015,0.02863414976531331,0.012152786690693418,0.04550021695196449
Saudi Arabia,2016,0.005462127827513541,0.020326713157230003,0.016896913639609323
Saudi Arabia,2017,0.001507394168395848,-0.008383500896331775,0.011751747513411459
Senegal,1991,0.05654473747846467,-0.017691138458864497,0.026252007393694043
Senegal,1992,0.035279022676238725,-0.0011000344870009116,0.013115939148793387
Senegal,1993,-0.13445564296588586,-0.005881608952203798,0.013510451507524834
Senegal,1994,0.3270621860804219,0.2798540144250925,-0.00047532243442915956
Senegal,1995,0.07161137363256742,0.07570106108065566,0.05324294872863078
Senegal,1996,0.11058261795600188,0.02717058023081176,0.019998463104794695
Senegal,1997,0.03664978334345648,0.01737974134940945,0.03000143275993139
Senegal,1998,0.08146042591643621,0.011501411502554681,0.057310706909863285
Senegal,1999,0.12344003057911124,0.008238476449037968,0.06093806210357755
Senegal,2000,0.1027316669212972,0.007293159956599737,0.038135614629140946
Senegal,2001,-0.09017411936102704,0.029311206924350408,0.04220521150976708
Senegal,2002,0.07045028816287058,0.02310405271204452,0.0006867298944577271
Senegal,2003,0.285496526944371,-0.0005201054741208466,0.05443090092139613
Senegal,2004,0.13782985103008727,0.005134613093722429,0.045387179979488934
Senegal,2005,0.08913522084231928,0.01696854899487299,0.042199335404067284
Senegal,2006,0.11559063944509518,0.02090286337101155,0.02304023336639105
Senegal,2007,0.12159683762246232,0.056884027777038604,0.02787893770288008
Senegal,2008,0.09011362823503788,0.0708982771287694,0.03636248870247272
Senegal,2009,0.12408130031690945,-0.02273674669884329,0.027149148779972876
Senegal,2010,0.10814621788525614,0.01221194174686957,0.033346660534562034
Senegal,2011,0.07230221478213039,0.03346599704827735,0.01325270448139193
Senegal,2012,0.06011361744816668,0.014082659345359794,0.03924951611255523
Senegal,2013,0.07732340127246573,0.007077351229268558,0.023837469264943678
Senegal,2014,0.10543815119165956,-0.010962419093869968,0.06038058675203928
Senegal,2015,0.17873109563029743,0.0013512060461646769,0.06172560281478923
Senegal,2016,0.12860728570066016,0.008337991559765001,0.06162241629456133
Senegal,2017,0.08849745101044704,0.01309541107240264,0.07145969744054881
Senegal,2018,0.132339300242446,0.004599263578374035,0.060240934419162784
Senegal,2019,0.07899093944197944,0.017448009435756973,0.045103644894997075
Senegal,2020,0.11634678506506546,0.025113468962458363,0.013331477365866817
Serbia,1998,0.28496426917838846,0.26359197052240124,0.05204808664063876
Serbia,1999,0.22871213245130306,0.35384829096678905,-0.10898380060929469
Serbia,2000,0.9586124232265227,0.5371985533623724,0.0587884875424578
Serbia,2001,0.6554896282585965,0.6678561712422098,0.06558662287775974
Serbia,2002,0.4236981438858507,0.17806946409711522,0.06336013339035773
Serbia,2003,0.24583293282855934,0.09418389940037963,0.04458791832109554
Serbia,2004,0.2771240430033082,0.1045974890921979,0.06472789416134006
Serbia,2005,0.3518357750438952,0.14945378651557473,0.05735808051580804
Serbia,2006,0.32706113736981735,0.11086156409042225,0.03826512640075208
Serbia,2007,0.3514266612424528,0.06195744092573641,0.07540492574112179
Serbia,2008,0.09228022261956781,0.11699149380468565,0.05032130824906034
Serbia,2009,0.19483334522818296,0.07804333415662157,-0.03193050327019975
Serbia,2010,0.1211034967808402,0.05961284993582083,0.01598134346735236
Serbia,2011,0.09770549812433771,0.10559706638541311,0.0005425776147234274
Serbia,2012,0.09003451206198676,0.07074160991456857,-0.004449444824413007
Serbia,2013,0.044714336908512564,0.07412613425776726,0.004505622474678006
Serbia,2014,0.07369697293450272,0.020610613912568354,-0.018207458506161345
Serbia,2015,0.06357700964085211,0.013827539607199846,0.012874157601814318
Serbia,2016,0.10933238384460608,0.011160627595806716,0.02931797782439105
Serbia,2017,0.03505068094949593,0.03083044468088847,0.023359071380923524
Serbia,2018,0.13559307363668083,0.0194088317584864,0.04544505509592511
Serbia,2019,0.08023337048726731,0.018323394997922016,0.04640835790994302
Serbia,2020,0.16640406217128856,0.01563250224982582,-0.00954565506316385
Seychelles,1991,0.11076885766708955,0.0196727655987039,0.027230134357083102
Seychelles,1992,0.13595563623603013,0.03195159980660245,0.06927457537422654
Seychelles,1993,0.21292199724267036,0.013741627852296379,0.0704898775807763
Seychelles,1994,0.17213012784862514,0.017220597751670397,-0.024667443215850682
Seychelles,1995,0.1344832154624065,-0.0024420036555525826,0.004838641861393711
Seychelles,1996,0.13365395238348654,-0.011063419544254494,0.09529150646814344
Seychelles,1997,0.15037069093143174,0.0061614489440491305,0.11505613661250536
Seychelles,1998,0.14665356266711882,0.025471358848313752,0.024374912716929487
Seychelles,1999,0.1722670988821733,0.0615400181413146,0.018546987437147777
Seychelles,2000,0.04541045005669275,0.0608012534516198,0.04165235382997423
Seychelles,2001,0.1187277714840036,0.05798228253834914,-0.022973510669867636
Seychelles,2002,0.09843705190275998,0.0017484705341161977,0.012055370163778889
Seychelles,2003,0.052192654284532125,0.03249191262058071,-0.060675363284985906
Seychelles,2004,0.13091303370169527,0.037847693239555724,-0.028918683123105637
Seychelles,2005,0.016379004443326295,0.009030974890537724,0.08623055482037856
Seychelles,2006,0.029853721226313468,-0.0035409166394178015,0.08989672215038169
Seychelles,2007,-0.08308621314107612,0.05183884813812556,0.08504004436698764
Seychelles,2008,0.2467721128586966,0.31455346797130357,-0.027637894859964263
Seychelles,2009,0.07536752055096585,0.2757697069330325,-0.025106301607301873
Seychelles,2010,0.12801437071259514,-0.024340221885863933,0.04406599467137795
Seychelles,2011,0.04312283607435319,0.025270667165691485,0.0908437049558799
Seychelles,2012,-0.02315635221613377,0.0686896179940577,0.030632773812264702
Seychelles,2013,0.22990827317201834,0.04247443792292227,0.012459407836011849
Seychelles,2014,0.2359226416784601,0.013763196650965703,0.03983294697252404
Seychelles,2015,0.028928118143735304,0.039623940569799565,0.08538847548502204
Seychelles,2016,0.11439540766561862,-0.010206731082361031,0.11437748552900828
Seychelles,2017,0.1519707039041691,0.028167502363492858,0.06723016592138364
Seychelles,2018,0.0743792991654999,0.03636007148509801,0.04821354769660857
Seychelles,2019,0.12831997562971154,0.01790960143811393,0.053676227646025865
Seychelles,2020,0.2407027446704184,0.01195490095214602,-0.12488160530874381
Sierra Leone,2007,0.15793777163834832,0.11019856347413981,0.036811641047865606
Sierra Leone,2008,0.235380345929034,0.07891398773551916,0.03619749108197112
Sierra Leone,2009,0.2966142511704213,0.0720324245587678,0.01519204664592877
Sierra Leone,2010,0.21635974013754478,0.06939231076282315,0.06161863075997687
Sierra Leone,2011,0.25949856384696446,0.06570705300875002,0.07789259957440464
Sierra Leone,2012,0.19872536264187346,0.06379851984719753,0.1005539676618099
Sierra Leone,2013,0.10143968364101852,0.05376944959277896,0.13683002945087352
Sierra Leone,2014,0.21442931568647694,0.04534912404336211,-0.08137292253335815
Sierra Leone,2015,-6.796601759581712,0.06475195734269601,-0.04461388947704137
Sierra Leone,2016,0.1643433946520929,0.1033330101294041,0.06238717610010269
Sierra Leone,2017,0.06757430039641932,0.1673898770506863,0.03157483544879369
Sierra Leone,2018,0.13497768160946677,0.1486746689763505,0.02852775062217816
Sierra Leone,2019,0.13373735441529533,0.13806484303465894,0.0535664478663449
Sierra Leone,2020,0.3233865705262886,0.12616444539604643,-0.012612697032864162
Singapore,1991,0.11729963176482272,0.03368331126057633,0.06474222732165913
Singapore,1992,0.08521708657209714,0.022378436334509644,0.06428666663891036
Singapore,1993,0.08115538458820737,0.022634883687286056,0.10849246386099054
Singapore,1994,0.13477863592256867,0.030530491416099537,0.10522170981494483
Singapore,1995,0.08157704489726925,0.01705900276170258,0.06929656916130611
Singapore,1996,0.09340223699210881,0.013737018874317108,0.07205449462565028
Singapore,1997,0.09772633637284756,0.01983778535841818,0.07988462543684349
Singapore,1998,0.26427423736970823,-0.0026786071960209767,-0.022153742064066506
Singapore,1999,0.08171388410003289,0.00016708437799728415,0.05560850216427582
Singapore,2000,-0.020708846103712375,0.013524371250878353,0.0865291603927858
Singapore,2001,0.05692725510455787,0.009922587459965548,-0.010766377513835579
Singapore,2002,-0.0033259788706274662,-0.003924459292412585,0.03848352579570857
Singapore,2003,0.07745100759958845,0.005066198121383536,0.044478553247401464
Singapore,2004,0.06049333628754994,0.016490552334526676,0.09476441894349819
Singapore,2005,0.06009416050450511,0.004242052524745965,0.07107637514840448
Singapore,2006,0.1770479099129929,0.009610248467535776,0.08623976843120573
Singapore,2007,0.1258562664688121,0.02087853523240568,0.08637510347688249
Singapore,2008,0.11376331928112648,0.06424573375408915,0.01846333333855199
Singapore,2009,0.1073897357653415,0.005874133641816215,0.0012787159219946886
Singapore,2010,0.08241208801965172,0.02789572374455851,0.13557710869017825
Singapore,2011,0.09520225937506765,0.05117927222801377,0.060294535989655174
Singapore,2012,0.06976211115660291,0.0447902207104951,0.04339944693450093
Singapore,2013,0.04225127764271264,0.023368789771552656,0.04705180639790285
Singapore,2014,0.03277423710318317,0.010278688408975611,0.03860071596676207
Singapore,2015,0.015124947563670332,-0.005233426637860639,0.029333527513255575
Singapore,2016,0.0773676010479889,-0.005312182292930068,0.03679063297494167
Singapore,2017,0.0314846756628242,0.005751062802024087,0.04379580029465657
Singapore,2018,0.03827679540052742,0.004378243639517443,0.03393731870609784
Singapore,2019,0.048326729230140586,0.005662239109180511,0.012995601993043948
Singapore,2020,0.1239067293995042,-0.001722601485630193,-0.03889373870836721
Solomon Islands,1991,0.21410266982178427,0.14019776718048638,0.05826892280643392
Solomon Islands,1992,0.2189124417741759,0.10211570024144034,0.11955921951406978
Solomon Islands,1993,0.14525682009483631,0.08772386116700259,0.03922070868074101
Solomon Islands,1994,0.22415181758190172,0.1244808448739283,0.07788655000047129
Solomon Islands,1995,0.08810784568458985,0.09193375610632382,0.09611544993492771
Solomon Islands,1996,0.1424794191677492,0.11131197799113979,0.015970860490906347
Solomon Islands,1997,0.06466346950920965,0.0777385291367696,-0.009182805076843437
Solomon Islands,1998,0.02509137718613985,0.11688933698494886,0.01283243349720209
Solomon Islands,1999,0.06738468514982188,0.07714961958528344,-0.00486914233689717
Solomon Islands,2000,0.005608612968213578,0.07593794267032505,-0.1540490135592094
Solomon Islands,2001,-0.10687418131712789,0.06696529900910608,-0.08291004731739093
Solomon Islands,2002,0.06175239027827217,0.10372588806722804,-0.028399298437864928
Solomon Islands,2003,0.21362475437895156,0.07945296605638141,0.06319512090333745
Solomon Islands,2004,0.16322280802975087,0.0675263222127791,0.07402749268666398
Solomon Islands,2005,0.37924565230274965,0.07074419557571066,0.07100891023146616
Solomon Islands,2006,0.23446819268423624,0.10633991907841,0.04053967367930511
Solomon Islands,2007,0.1963910739348762,0.07386384360893405,0.03575061273314617
Solomon Islands,2008,0.077010210432789,0.1597356138393602,0.06039783245440944
Solomon Islands,2009,0.1554600658780565,0.068524788861823,0.028245932030749543
Solomon Islands,2010,0.12505207864338175,0.01045992013119168,0.0926536758283838
Solomon Islands,2011,0.22953517769143517,0.07085639993373505,0.07167149762520708
Solomon Islands,2012,0.16030299826539007,0.05743843153327699,0.02436005366096694
Solomon Islands,2013,0.11677207125930167,0.05251051019554165,0.05104901149657337
Solomon Islands,2014,0.054107995654003815,0.050368939906440424,0.011824366774924044
Solomon Islands,2015,0.13985451387757664,-0.00576125707966213,0.01661899747245954
Solomon Islands,2016,0.12610029783797572,0.0051117688817479134,0.05406142266738456
Solomon Islands,2017,0.034380193482753896,0.004874965624974692,0.030291172453637216
Solomon Islands,2018,0.06604229653113336,0.03402913375086847,0.027088301106783064
Solomon Islands,2019,-0.031119482507605767,0.016216355678361438,0.017341291328357045
Solomon Islands,2020,0.06404364802034479,0.029204855345271064,-0.03439746004957556
South Africa,1991,0.15795400439247587,0.14266883130596408,-0.010234645438927714
South Africa,1992,0.02821042508383087,0.1299285680397122,-0.021601980180122382
South Africa,1993,0.06118714520190949,0.09273803192115349,0.01226011608234856
South Africa,1994,0.1681890721060526,0.08561390177545869,0.03149866708816873
South Africa,1995,0.14869040954527435,0.08324150189263912,0.030529205040096485
South Africa,1996,0.13347211566659922,0.07096271413367017,0.04210117599243901
South Africa,1997,0.16393020296472827,0.08248074351683066,0.025667746762845667
South Africa,1998,0.12797932357277375,0.06654162493219573,0.004987541514438476
South Africa,1999,0.10352409620151093,0.050517139242669984,0.023716526592540532
South Africa,2000,0.06966650968991317,0.05201314702344462,0.04114194333768495
South Africa,2001,0.18390260893499644,0.05545263322218208,0.026641930948279935
South Africa,2002,0.16793684714260593,0.0907060861305018,0.0363355396947469
South Africa,2003,0.12531549906976025,0.055240025126044756,0.029064267042684833
South Africa,2004,0.12357067999659677,-0.006944451361203363,0.044538853542999135
South Africa,2005,0.1881168143398142,0.02041864420736772,0.05142527942021147
South Africa,2006,0.2039445025320923,0.0319240383416064,0.054524230647295724
South Africa,2007,0.21455588425964223,0.059944975832655345,0.052217370809831465
South Africa,2008,0.1374829430501805,0.09449152261463123,0.03141187924621747
South Africa,2009,0.01745758526972807,0.06988136554806612,-0.015500404323059769
South Africa,2010,0.06704191518339542,0.03986949841105325,0.02994448398570526
South Africa,2011,0.08011610067799069,0.04879829164068905,0.031193933409806363
South Africa,2012,0.05042435440580917,0.05579387976112837,0.023679732821854316
South Africa,2013,0.05748171845077721,0.056192878255871825,0.024550827010155984
South Africa,2014,0.07026728016186468,0.05952123241763374,0.014039251418171972
South Africa,2015,0.09824809241409227,0.04419573017835976,0.013132018731532469
South Africa,2016,0.059018145550968626,0.0639406088981831,0.006623538933766326
South Africa,2017,0.06227536567537584,0.05056179918495651,0.011512940548584538
South Africa,2018,0.05448454571988037,0.04411135606120453,0.01544790283235642
South Africa,2019,0.05930841700835643,0.04020917402840585,0.002595983286482806
South Africa,2020,0.09009045764586787,0.03181245809459554,-0.06367401721866628
South Sudan,2012,0.2915828153844089,0.37518387679280263,-0.6177080816999165
South Sudan,2013,-0.015818218435068587,-0.0005810785776887428,0.12336503739565785
South Sudan,2014,0.1967558945647525,0.01660437188377184,0.0331798932887466
South Sudan,2015,0.7726849051962184,0.42373931580396196,-0.11421476158033528
Sri Lanka,1991,0.19779878032613496,0.11498473046266922,0.04497324369286915
Sri Lanka,1992,0.15532204619236367,0.1078084504800394,0.04305940566560906
Sri Lanka,1993,0.20950234980476878,0.11106484813069573,0.06672422373117826
Sri Lanka,1994,0.17954514420377166,0.0811071792639595,0.05448741563511561
Sri Lanka,1995,0.3062502062818524,0.07394584011708716,0.05354157483441924
Sri Lanka,1996,0.10670330672488859,0.1478666714084551,0.03729546880609291
Sri Lanka,1997,0.1449114650649186,0.09142716213102409,0.06208613865162249
Sri Lanka,1998,0.12406225397719339,0.08951380420122401,0.04591387014861681
Sri Lanka,1999,0.12565920474691694,0.045849708411089374,0.042106358154139656
Sri Lanka,2000,0.12102049197911313,0.05993050718750137,0.05826922093798004
Sri Lanka,2001,0.1274441032200997,0.1324172604520033,-0.015574740382316321
Sri Lanka,2002,0.12537657062047813,0.09122029735338177,0.038880998583081805
Sri Lanka,2003,0.1425302375821147,0.06123279327102482,0.057705250034654654
Sri Lanka,2004,0.17910650546618356,0.0730266990668027,0.053019885120647814
Sri Lanka,2005,0.17443052463282882,0.11010641093397577,0.06054695332986526
Sri Lanka,2006,0.16407805579865808,0.09549365029716217,0.07388494350898611
Sri Lanka,2007,0.1532371273014448,0.14705797014621336,0.06575802210885584
Sri Lanka,2008,0.08118830942680688,0.2034671995698396,0.057797930672439435
Sri Lanka,2009,0.1706711364494211,0.03406284980335972,0.034777317927837004
Sri Lanka,2010,0.14663868364073807,0.060320094446058015,0.07710887623160545
Sri Lanka,2011,0.40535322536182505,0.06500811494755876,0.0831408236623723
Sri Lanka,2012,0.16235467323626196,0.0727197794321448,0.08279750704971889
Sri Lanka,2013,0.15038818659407127,0.06680267801396589,0.03971815027898273
Sri Lanka,2014,0.13546313390442322,0.031295180101111875,0.06182840424795444
Sri Lanka,2015,0.15730193396576198,0.03699099678439044,0.04119909596369453
Sri Lanka,2016,0.1500233073525301,0.03882533178816505,0.0493007470373783
Sri Lanka,2017,0.16045509294926674,0.07421781599250199,0.06260554104712313
Sri Lanka,2018,0.10805093366106888,0.02112565109774689,0.02283805743343592
Sri Lanka,2019,0.07995234345261792,0.03467572322327861,-0.0022072731042541704
St. Kitts and Nevis,1991,0.07127542985121593,0.042328757440768694,-0.018822936464939488
St. Kitts and Nevis,1992,0.15915526267273705,0.028183553380811244,0.04180366125188684
St. Kitts and Nevis,1993,0.09891284194235439,0.01778944007965766,0.0658059933303683
St. Kitts and Nevis,1994,0.06287685245927221,0.014319678149763426,0.05165955829092894
St. Kitts and Nevis,1995,0.15378765037299402,0.029139299222904036,0.05243250048745551
St. Kitts and Nevis,1996,0.05051593650455999,0.02065103055221229,0.05678514776240107
St. Kitts and Nevis,1997,0.1081306040266341,0.08530744053305739,0.06601212337795559
St. Kitts and Nevis,1998,0.11288701613627694,0.033883018546285726,-0.004879342445580193
St. Kitts and Nevis,1999,0.0627623730929443,0.03307722961735138,0.03169134638131865
St. Kitts and Nevis,2000,0.21591178118243803,0.02126092941184332,0.09569927150899105
St. Kitts and Nevis,2001,0.048468820865210205,0.022773186142550195,0.05120106352045184
St. Kitts and Nevis,2002,0.053463493552243335,0.02020539937067678,0.013584462681979659
St. Kitts and Nevis,2003,0.09110369642634097,0.022108169878834794,-0.04012843155242862
St. Kitts and Nevis,2004,0.1519917658760619,0.022881750773081855,0.039185584279103125
St. Kitts and Nevis,2005,0.06597159591255064,0.03322023701908172,0.09287832253476935
St. Kitts and Nevis,2006,0.13550834580499327,0.08146464170869461,0.031017749108208648
St. Kitts and Nevis,2007,0.10603009440836786,0.04383396042048471,0.005988059001012402
St. Kitts and Nevis,2008,0.002324351104842748,0.05164605129341204,0.10721212281517722
St. Kitts and Nevis,2009,0.04755957000725175,0.020370476729544507,-0.03464051588831296
St. Kitts and Nevis,2010,0.06217563327633613,0.008472790816376197,-0.0005420889690093134
St. Kitts and Nevis,2011,0.09224093563639357,0.05671265246258006,0.016036793517400838
St. Kitts and Nevis,2012,0.11309437345266105,0.008127772800431643,-0.0074037073015063015
St. Kitts and Nevis,2013,0.10468296593383997,0.011009033002506108,0.055692770770736644
St. Kitts and Nevis,2014,0.10157828291691828,0.0024755871276562758,0.07303636840772043
St. Kitts and Nevis,2015,0.04742533959882422,-0.0232878249788655,0.006917374978780089
St. Kitts and Nevis,2016,-0.0044002331806396455,-0.006894080891890475,0.03857341901836975
St. Kitts and Nevis,2017,-0.024969792261600787,0.006925132935110767,0.0022069743126031938
St. Kitts and Nevis,2018,-0.026076677240613577,-0.01042537729715498,0.019837190404842886
St. Kitts and Nevis,2019,-0.16390326723053406,-0.0033010631552672365,0.028959074679395513
St. Kitts and Nevis,2020,-0.08472217631057433,-0.011741108016592783,-0.16607688887711092
St. Lucia,1991,0.07645349271593105,0.05967876787232651,0.0037497412754845527
St. Lucia,1992,0.027770976242194934,0.05011212617771044,0.0765264593158399
St. Lucia,1993,0.05908870410492639,0.008446047474060414,0.005815057316134187
St. Lucia,1994,0.06297586913819231,0.02776998628851235,0.015859177422637316
St. Lucia,1995,0.10226083986222889,0.05476900962880471,0.01733120196675131
St. Lucia,1996,0.04795457756234711,0.009205921271033368,0.028806946439889458
St. Lucia,1997,0.04108893395441626,-5.520439428075008e-05,-0.006965504318067417
St. Lucia,1998,0.109379003317013,0.03151749844010965,0.060967821411949785
St. Lucia,1999,0.07844970066965118,0.03443812016092718,0.026355653471224372
St. Lucia,2000,0.05965519170908706,0.03643593625058639,0.0004873667527292014
St. Lucia,2001,0.04382923223878166,0.051711804497688973,-0.034674926120487726
St. Lucia,2002,0.013277769882144241,-0.002558636790324975,0.0041558573799704845
St. Lucia,2003,0.10176086785734739,0.010289419141010114,0.04176182302192899
St. Lucia,2004,0.07687399960829566,0.014498074610777678,0.07015467911320528
St. Lucia,2005,0.11739383215386567,0.03824209703772041,-0.004111487857343832
St. Lucia,2006,0.16068832346768502,0.023673760324840032,0.060109263549566805
St. Lucia,2007,0.06714561865731383,0.027839886308645312,0.016774700438595858
St. Lucia,2008,0.074078498090131,0.054010303065784804,0.04830739946950047
St. Lucia,2009,0.029829006209574516,-0.001570593608366977,-0.028696839186011402
St. Lucia,2010,0.01804792599216043,0.031986378455743036,0.0032947518001194
St. Lucia,2011,0.03152478099609368,0.027317534626564388,0.04235946294081927
St. Lucia,2012,0.03226585488051725,0.04092729333798317,-0.0010881533067461646
St. Lucia,2013,0.02946583143157966,0.01457886117949947,-0.018355190918882158
St. Lucia,2014,0.02792131192564895,0.03456523468841066,0.013193484172262515
St. Lucia,2015,0.05276511836331821,-0.009884702628990105,0.0010186593544716516
St. Lucia,2016,0.009981905667107327,-0.03126590036950283,0.03370429629288907
St. Lucia,2017,0.02834321536317219,0.0010420776380319907,0.03323965233829185
St. Lucia,2018,0.04840877008042099,0.01917124106781909,0.028458964843192547
St. Lucia,2019,-0.08710229531960323,0.005376396834244623,-0.007027861632060706
St. Lucia,2020,-0.13570136671131294,-0.017714054901532883,-0.2792044190256924
St. Vincent and the Grenadines,1991,0.014555465293351944,0.053464971354322266,0.011291759452344508
St. Vincent and the Grenadines,1992,0.07525950128498238,0.03404900160141544,0.0618280444912358
St. Vincent and the Grenadines,1993,0.09119553945290448,0.042018483572541676,0.04162868448851498
St. Vincent and the Grenadines,1994,0.06547009553566241,0.010038936358500727,-0.01255471530124197
St. Vincent and the Grenadines,1995,0.05657394314670228,0.017234360540345328,0.0747980576893319
St. Vincent and the Grenadines,1996,0.06576102507772319,0.04313516799967054,0.01279688945076174
St. Vincent and the Grenadines,1997,0.11390875198701877,0.004426349543158459,0.03445119236505079
St. Vincent and the Grenadines,1998,0.1234407129607007,0.021197795485327298,0.040087596275149906
St. Vincent and the Grenadines,1999,0.12121563155518089,0.010084484669872218,0.026742322332466983
St. Vincent and the Grenadines,2000,0.046478328355540555,0.0016753921213874534,0.016257447663932112
St. Vincent and the Grenadines,2001,0.04900832604131722,0.008968249619385027,0.017331252633500327
St. Vincent and the Grenadines,2002,0.04452605795186315,0.018384995386280245,0.05204322032927422
St. Vincent and the Grenadines,2003,0.022314322214910476,0.0020576985736928677,0.06476977552303609
St. Vincent and the Grenadines,2004,0.04618986409697001,0.02917076062520163,0.04032297855519218
St. Vincent and the Grenadines,2005,0.03915301236644808,0.03665424147154983,0.024580970645288858
St. Vincent and the Grenadines,2006,0.04652348123801886,0.027037910576126478,0.06762992159006487
St. Vincent and the Grenadines,2007,0.0767359575279869,0.06986319812407427,0.032689513904731626
St. Vincent and the Grenadines,2008,0.03990935342380908,0.09591219696094289,0.004038243394891339
St. Vincent and the Grenadines,2009,-0.020329892775215797,0.004206531384972401,-0.01387778864525302
St. Vincent and the Grenadines,2010,0.026409586199434898,0.007443319899079981,-0.045734750023186166
St. Vincent and the Grenadines,2011,0.02138327859055522,0.03136330049002645,-0.006081219706473462
St. Vincent and the Grenadines,2012,0.047754346966474515,0.02565258232044254,0.011623308702073842
St. Vincent and the Grenadines,2013,0.06528233857494925,0.008019039429378871,0.024326537516525804
St. Vincent and the Grenadines,2014,0.08341539144494448,0.0019367089758137723,0.011392134397912201
St. Vincent and the Grenadines,2015,0.04080899912315772,-0.01748814965243195,0.027470194634275913
St. Vincent and the Grenadines,2016,0.01862674194482139,-0.0014975372256840203,0.04065891886924433
St. Vincent and the Grenadines,2017,0.013855510856934927,0.02130479737948221,0.015362408928083937
St. Vincent and the Grenadines,2018,0.012314156039934687,0.022975479196192694,0.031262315898072046
St. Vincent and the Grenadines,2019,0.05260500093900333,0.009089264453018053,0.006662044033241443
St. Vincent and the Grenadines,2020,-0.06783111731459002,-0.006301123541297748,-0.04362722074308323
Sudan,1991,0.5161109611875823,0.8045907280702487,0.07242214809419067
Sudan,1992,0.8745867032640042,0.7776007716441822,0.06370562486008424
Sudan,1993,0.7125563014323113,0.7000255887965608,0.04467455608531168
Sudan,1994,0.41327147260533437,0.767317963528738,0.010012004672915964
Sudan,1995,0.5462720780434118,0.5210245946870944,0.05824147624312559
Sudan,1996,0.5045106463231441,0.8451116611404623,0.0575056335391011
Sudan,1997,0.3221117450606208,0.3864082540141007,0.1681605715386425
Sudan,1998,0.26183024409551336,0.2201139952091946,0.042182709178419486
Sudan,1999,0.21080179345882755,0.15842534828698307,0.03056892893540919
Sudan,2000,0.3137738096276692,0.06879126823579362,0.061526496792911445
Sudan,2001,0.2192529732668973,0.01916807033055834,0.06297818445114345
Sudan,2002,0.26568747400515846,0.2006911655674708,0.05832995848973255
Sudan,2003,0.24810795573074174,0.06287556500529057,0.0609898084120708
Sudan,2004,0.2636350361493953,0.09219210808599909,0.05013106017239721
Sudan,2005,0.3605889143080816,0.08163390958771011,0.05490017912867273
Sudan,2006,0.2790610967790528,0.06951794602189221,0.06326970165252277
Sudan,2007,0.1022702636682773,0.1376229352689089,0.055768371524706595
Sudan,2008,0.15136104647314497,0.1336312090639522,0.03774601797091037
Sudan,2009,0.21339295851963058,0.10667048562909276,-0.028067270098556918
Sudan,2010,0.23327221321856584,0.12201997062225445,0.03785672519354932
Sudan,2011,0.16313954023124566,0.16633289262321949,-0.03266299582205434
Sudan,2012,0.33031476629473744,0.3042372074564632,-0.1863860665928918
Sudan,2013,0.12286861936498994,0.31131811424275035,0.019362772074291712
Sudan,2014,0.156919439599136,0.31412906803896856,0.04555999604909644
Sudan,2015,0.18960280967736054,0.15623054915671108,0.01892162060341107
Sudan,2016,0.24888059678952246,0.16339570258505898,0.03408874193405609
Sudan,2017,0.5234533410017264,0.2802920289476116,0.007067528923876409
Sudan,2018,0.750596539762082,0.49037293017750017,-0.027175229871463813
Sudan,2019,0.47049681778535657,0.412070256013096,-0.022023251720629133
Sudan,2020,0.6312259413776182,0.9679635271928566,-0.03697316934387729
Suriname,1991,0.21265273855958355,0.2308534535360356,0.02664192252772324
Suriname,1992,0.17788955022293607,0.36232221673237497,0.003992021354559228
Suriname,1993,0.5066591660943018,0.889994223512659,-0.06935005830323249
Suriname,1994,1.1169769460834864,1.5443191028684624,0.03343476542241319
Suriname,1995,1.035670000897177,1.2106270607929388,0.0
Suriname,1996,0.32605579740395996,-0.007043620670973194,0.009950342960241443
Suriname,1997,0.1743562718815248,0.06901391294807868,0.0554346849703613
Suriname,1998,0.32220710591915136,0.17374630418256176,0.022739503108823556
Suriname,1999,0.32097322706198383,0.6869937439986935,-0.014098929146822314
Suriname,2000,0.5908277281642107,0.4662571608959811,0.020782528090506958
Suriname,2001,0.24812641744901498,0.3263229628811768,0.04114194736990484
Suriname,2002,0.773581817214751,0.1443375359157244,0.027615173730509923
Suriname,2003,0.18124527776447152,0.2070323170068269,0.06109509402718061
Suriname,2004,0.28075948165224673,0.09518585498312149,0.08157998869559435
Suriname,2005,0.10562204772898909,0.09438252144063863,0.04401688743465826
Suriname,2006,0.24012533290921212,0.10689108268886383,0.05631930685411035
Suriname,2007,0.252978426263855,0.0622823467457696,0.049851389230248344
Suriname,2008,0.18953297664689828,0.1368633345439667,0.040598674978202354
Suriname,2009,0.1387868975056037,-0.0013372602011427759,0.02969179322952087
Suriname,2010,0.10146793690686096,0.06710786332793273,0.050396731541621165
Suriname,2011,0.1943816420100255,0.1630689051857921,0.05684683776039279
Suriname,2012,0.1917688198544525,0.04885552578257801,0.026547961065841008
Suriname,2013,0.10497002845449188,0.019051718386434047,0.02891239581117233
Suriname,2014,0.05307453737298218,0.03327434472162949,0.0025517717757637115
Suriname,2015,0.11113427053628655,0.06666660133982116,-0.03472647128359441
Suriname,2016,0.42007484011483953,0.4409119654755802,-0.05036383708851133
Suriname,2017,0.08337728003827749,0.1988258011962296,0.015539019901943618
Suriname,2019,0.05538232874116389,0.11007255589552045,0.011608260404742055
Suriname,2020,0.4827612754770314,0.29928784647878626,-0.1740580940202534
Sweden,1991,0.04070116939172763,0.090248548876815,-0.011525917428226506
Sweden,1992,0.03224758883742851,0.02346617546878882,-0.011653567412103882
Sweden,1993,0.040827757362027484,0.046197979228312924,-0.02087248635599792
Sweden,1994,0.006924553916366705,0.021351799329355714,0.03937229646217233
Sweden,1995,0.030445911587932528,0.02425494197957523,0.04012789699645225
Sweden,1996,0.08492152019989518,0.005317158611863881,0.016903525564185173
Sweden,1997,0.011170077730351835,0.0065625220329792455,0.030189592222509276
Sweden,1998,-0.0043750263094537445,-0.002674901043615563,0.04158169110183252
Sweden,1999,0.08170965952744424,0.004611110036159438,0.04115268509742975
Sweden,2000,0.019022768029255843,0.008951255052426887,0.04527084878520071
Sweden,2001,0.20235848771472575,0.02377471185278779,0.013516306060044059
Sweden,2002,0.07934311774478431,0.021355167911373485,0.022521757291748656
Sweden,2003,0.04317329313093765,0.01907349241373879,0.01863555139814821
Sweden,2004,0.03314224486747719,0.0037296345455839486,0.040945995088861764
Sweden,2005,0.15256598936428745,0.0045214712512580135,0.027548412162911262
Sweden,2006,0.13994914226228516,0.013510468079740434,0.045700394684832446
Sweden,2007,0.17050010921623837,0.02188055352280749,0.0317396083888255
Sweden,2008,0.026827586427621952,0.033793020477995483,-0.009274003439806222
Sweden,2009,0.005038267173887334,-0.004956870452399897,-0.04348818985060632
Sweden,2010,0.0344301714366928,0.011513346600031227,0.055914863834534145
Sweden,2011,0.06436950422791199,0.029181553793470094,0.031148660795615513
Sweden,2012,0.033134209345632826,0.00884454650016231,-0.0041525870921788055
Sweden,2013,0.03744985325413808,-0.00044302782382033,0.011312439573764266
Sweden,2014,0.04092508484336577,-0.001798000375486275,0.022698160480988605
Sweden,2015,0.06436658466424561,-0.00046795692459689064,0.042946903966669225
Sweden,2016,0.08477168930906132,0.009794568669180492,0.021087871088109722
Sweden,2017,0.09589108594625273,0.017785879798502435,0.018653161518017214
Sweden,2018,0.03747136586746436,0.01934698724596373,0.017547688347683277
Sweden,2019,0.068186633957243,0.017684218129894624,0.02574795921076145
Sweden,2020,0.1666465618305608,0.004961345335627421,-0.01952739498735312
Switzerland,1991,0.023042970510985583,0.05694347006878875,-0.009200359978777328
Switzerland,1992,0.025638164004796238,0.039576709469335114,-0.00043742574296601333
Switzerland,1993,0.08524127026496942,0.03239576264117883,-0.0012606288629370965
Switzerland,1994,0.04072088908811011,0.008485069715070459,0.012617639719398
Switzerland,1995,0.0450314844553894,0.01783822626709064,0.0047971390540695324
Switzerland,1996,0.09136345705728033,0.008083580296931459,0.004701729779792885
Switzerland,1997,0.06414037553025409,0.005188769250809244,0.022361363673105927
Switzerland,1998,0.049725314849659696,0.00017936829098452733,0.029849724058760074
Switzerland,1999,0.12469173969186542,0.008032099956380101,0.016490295118892107
Switzerland,2000,-0.18549290183663558,0.015465088632354629,0.038823710394741084
Switzerland,2001,0.03838631697738748,0.00984161533823169,0.015633773087099456
Switzerland,2002,0.05573848949197924,0.006406549233678227,-0.0007324407391848808
Switzerland,2003,0.08028080396229953,0.006362445955175211,-0.00032403674967795837
Switzerland,2004,0.02810369729643014,0.007997025690726467,0.026658572769875377
Switzerland,2005,0.06660854634914415,0.011651400078907415,0.027125738977030522
Switzerland,2006,0.04503137180809347,0.010539358166751889,0.03992842822000853
Switzerland,2007,0.032748051726343874,0.007296819374979613,0.038416310595543735
Switzerland,2008,0.039403102654848254,0.023970802593095364,0.027692825417840794
Switzerland,2009,0.07330396459309796,-0.004816399617702416,-0.023241754482707933
Switzerland,2010,0.05355199899014451,0.006858811555038535,0.0319190937506626
Switzerland,2011,0.10641988750178655,0.0023108200740260543,0.017968675109877097
Switzerland,2012,0.12226171283224474,-0.006949612896770319,0.011723548392144068
Switzerland,2013,0.03994821226492817,-0.002175596445774808,0.017762744297474597
Switzerland,2014,0.04468608534767782,-0.00013203410363438195,0.023226967496178474
Switzerland,2015,0.0007938299851204533,-0.011505016340648488,0.016312499846364403
Switzerland,2016,0.03253869750407645,-0.004355658767068782,0.020475828982277733
Syrian Arab Republic,1991,0.1237925280172334,0.08617769624105254,0.07386800510151659
Syrian Arab Republic,1992,0.17767468122586294,0.10444266336759611,0.12197680787487641
Syrian Arab Republic,1993,0.26489034979918813,0.12419038023138507,0.059691438989464274
Syrian Arab Republic,1994,0.11540198484422959,0.14261410719884138,0.06964759635706486
Syrian Arab Republic,1995,0.08767614185265415,0.07677544804356273,0.06790711800486449
Syrian Arab Republic,1996,0.09710019691369354,0.079272165643693,0.093723188515078
Syrian Arab Republic,1997,0.07912600318752894,0.01868544820738638,0.04901684807574824
Syrian Arab Republic,1998,0.0998937158050488,-0.00800359986052257,0.06565013298379796
Syrian Arab Republic,1999,0.126064174444533,-0.037740327982846544,-0.03618121576844047
Syrian Arab Republic,2000,0.17361736164274788,-0.039220713153280684,0.0067337035391936695
Syrian Arab Republic,2001,0.2113663055383732,0.029558802241544058,0.01041841041475422
Syrian Arab Republic,2002,0.16983389412450833,-0.0013059051472428251,0.03878631042010383
Syrian Arab Republic,2003,0.07518668548195606,0.05635036558687201,0.06956743355349815
Syrian Arab Republic,2004,0.10186352374437391,0.04337688513107274,0.06675131580275817
Syrian Arab Republic,2005,0.10774268697186784,0.06990238542625615,0.06029588859329138
Syrian Arab Republic,2006,0.07031922715879801,0.09552934249331102,0.04923002509124075
Syrian Arab Republic,2007,0.11718961673826911,0.0383329105619703,0.055194297451464536
Syrian Arab Republic,2008,0.22459691777893553,0.14622211931145745,0.043793633091894435
Syrian Arab Republic,2009,0.08262566561378648,0.028790518041695634,0.05743877869372227
Syrian Arab Republic,2010,0.12637609138691985,0.04303471742470233,0.05061617067818247
Syrian Arab Republic,2011,-0.08131723287353054,0.04643657654757405,0.028101457758708648
Tajikistan,2001,0.3117753417764355,0.32636338137048915,0.09149232085076875
Tajikistan,2002,0.3739031513496549,0.11555820508494152,0.10255662225258888
Tajikistan,2003,0.4510234394012329,0.15103289204511494,0.10436000701845316
Tajikistan,2004,0.348525331050368,0.06898454559690226,0.09803373067038379
Tajikistan,2005,0.4680665916804081,0.06851746127857616,0.06485095841665256
Tajikistan,2006,0.3740062571973617,0.09540894936868938,0.0676586784840012
Tajikistan,2007,0.5890212404348993,0.12353645036819128,0.07510747358811898
Tajikistan,2008,-0.020816069510050994,0.18623490557145228,0.07603467025699473
Tajikistan,2009,0.3417354715690415,0.062488622881047284,0.03825872316872392
Tajikistan,2010,0.1704961534564653,0.062461187546617225,0.06297479057784372
Tajikistan,2011,0.28573756724019006,0.11717439752301928,0.07139000166923282
Tajikistan,2012,0.1785659799332997,0.05667486482415818,0.07232065658628173
Tajikistan,2013,0.180043486108719,0.04888203093478172,0.07138999373102806
Tajikistan,2014,0.06828515224387388,0.059253589687584984,0.06485097878787016
Tajikistan,2015,0.17119710129935228,0.05557244098319014,0.05845099831541489
Tajikistan,2016,0.3152407069838752,0.05831212250362938,0.06672363204290832
Tanzania,1991,0.2629665586757248,0.2522801454008645,0.020508145160100355
Tanzania,1992,0.34068192843050227,0.19759471641426085,0.005826215913621979
Tanzania,1993,0.33089964431280805,0.22535920953228938,0.011985889467140964
Tanzania,1994,0.3026696705447023,0.29329154046895667,0.015555008769105427
Tanzania,1995,0.28523766064588685,0.24237962928521117,0.03507667567569683
Tanzania,1996,0.08070097171394153,0.19043240511211934,0.04444135803267102
Tanzania,1997,0.12090092812911024,0.14920120790266367,0.03464563061124437
Tanzania,1998,0.1023536339970832,0.1204439726476112,0.036414004939789635
Tanzania,1999,0.17019786486040545,0.075946020256207,0.04749278726006523
Tanzania,2000,0.13799576535707558,0.05755130255927332,0.0442157616781671
Tanzania,2001,0.29437910688423585,0.0501936360059867,0.05893668782024264
Tanzania,2002,0.22758368241530036,0.0518125793170201,0.06852925054455028
Tanzania,2003,0.16524950637225544,0.05167709976827073,0.06459592415125215
Tanzania,2004,0.12656981337141815,0.0462708165097796,0.07235614614630492
Tanzania,2005,0.2984874705056768,0.04911934895999881,0.07210035135727821
Tanzania,2006,0.1947101339236923,0.07000144050455948,0.06327730165151735
Tanzania,2007,0.18654699648424256,0.06789707210235907,0.06549308292600742
Tanzania,2008,0.18104504806770194,0.0978378349735971,0.05530619209354981
Tanzania,2009,0.16310099476740092,0.11459777141127514,0.0513497926544737
Tanzania,2010,0.22655312164553365,0.06015539133537384,0.06143862855638815
Tanzania,2011,0.1675423136915235,0.11947910292004593,0.07392082653820609
Tanzania,2012,0.11765453251648239,0.1484294348206623,0.044018354890347666
Tanzania,2013,0.094996878172811,0.07576332087529813,0.06561530620252043
Tanzania,2014,0.1446825370931002,0.05950978254228634,0.06515516099167584
Tanzania,2015,0.17234824774766366,0.05437614803836954,0.05978312690892906
Tanzania,2016,0.033899534799402886,0.05045322140867636,0.06641597196497884
Tanzania,2017,0.07721311855889113,0.051820957645549726,0.06510651575111481
Tanzania,2018,0.043900100799916686,0.034347884110637494,0.05356613147696976
Tanzania,2019,0.0920431210888033,0.03405625198220896,0.05638033343579707
Tanzania,2020,0.05521984522842516,0.03237319373530845,0.019723845825144082
Thailand,1991,0.1772713693148944,0.05552791540038138,0.08211680436629365
Thailand,1992,0.14421874096878184,0.04055775882047463,0.07773285453979284
Thailand,1993,0.17387730813973334,0.032585205286554064,0.07929087972399174
Thailand,1994,0.10152804781404967,0.04924481296107697,0.07693349137889527
Thailand,1995,0.16333181821793374,0.056552169504922034,0.07807445204792174
Thailand,1996,0.10093230602940295,0.05642858886322788,0.05497996268449512
Thailand,1997,0.17856904393359585,0.05473244968480273,-0.027921966665459763
Thailand,1998,0.09594282858833836,0.07691223207715758,-0.07941162244805611
Thailand,1999,0.037287333996189886,0.0028432188121856328,0.04470858633896668
Thailand,2000,0.0479131266456676,0.01579430247519298,0.043588535729774947
Thailand,2001,0.1516664368841134,0.016138165203017252,0.03386262467831003
Thailand,2002,0.012974417047669107,0.006948890207810088,0.0596739211223003
Thailand,2003,0.06058360391893913,0.017882647533267182,0.06942571529504349
Thailand,2004,0.05631226067187001,0.027217707339512565,0.060994832271692445
Thailand,2005,0.05917867617566941,0.04440311891801052,0.041023303173204795
Thailand,2006,0.07839701613477246,0.04533156496274238,0.04848355424046957
Thailand,2007,0.06065260820020768,0.022167876445275958,0.05292590201798575
Thailand,2008,0.08768832785714764,0.053242044556636614,0.017109777855548458
Thailand,2009,0.06545450929288776,-0.00849312562500959,-0.006930140369622251
Thailand,2010,0.10384551448299817,0.03195968891623391,0.0724452169163925
Thailand,2011,0.14081328531001702,0.03738046883993995,0.008366226158749157
Thailand,2012,0.09871753017806029,0.02970344715229345,0.0699252012890561
Thailand,2013,0.07065276270999021,0.02161359616161107,0.026520166602630013
Thailand,2014,0.045430713877323115,0.01877407713729884,0.009796545401261625
Thailand,2015,0.04340077687236388,-0.009045032888303162,0.030859385719143262
Thailand,2016,0.04135100499879485,0.001879729245980677,0.033774734898351255
Thailand,2017,0.048911785339253555,0.006634263458565215,0.04092772683855728
Thailand,2018,0.04561892814499657,0.010582779744210846,0.041361403772548044
Thailand,2019,0.03572322893718649,0.00704242978933145,0.02092511272346087
Thailand,2020,0.09676290716226532,-0.008495355032328789,-0.06240786958603195
Timor-Leste,2003,0.34435461727019145,0.06920099969467763,-0.02206430879412835
Timor-Leste,2004,0.06686750142626607,0.031862108177510784,0.003992021269535684
Timor-Leste,2005,0.16803835897317043,0.011055403242349549,0.0294091843746358
Timor-Leste,2006,0.2481224473889263,0.038606703527356956,-0.04203202624354674
Timor-Leste,2007,0.3637185107922143,0.09804191809367868,0.09771980551167303
Timor-Leste,2008,0.2930897105088839,0.08676684577296179,0.10791053746507373
Timor-Leste,2009,0.3313952130343729,0.006674487826257014,0.09664521020321715
Timor-Leste,2010,0.09474812191662352,0.06546912051778886,0.08921434757844438
Timor-Leste,2011,0.08881724594291995,0.12663124334274478,0.0578778412494394
Timor-Leste,2012,0.23280502450821672,0.1115441445873433,0.04746186657472862
Timor-Leste,2013,0.20623371995590745,0.10512466444607149,0.030571588323216048
Timor-Leste,2014,0.18171631913470065,0.007236503397285432,0.043753685513568286
Timor-Leste,2015,0.06835602668776986,0.005512737166456283,0.024497840976607677
Timor-Leste,2016,0.13335375008528771,-0.013475779445347946,0.029655240124586868
Timor-Leste,2017,0.1144870234762898,0.005556688346398886,-0.032341546569366386
Timor-Leste,2018,0.03074229560034425,0.026023161263217354,-0.004675938897875653
Timor-Leste,2019,-0.0737394557136426,0.009542453025909836,0.2168266731694075
Timor-Leste,2020,0.10087336957216664,0.004942756582433816,0.2755518704879165
Togo,1991,0.030936836692045944,0.0038633456392980214,-0.007024287595861267
Togo,1992,-0.19848684682033024,0.01384162751995266,-0.04062083573116837
Togo,1993,-0.1765852445827889,-0.010119850275131181,-0.16364694761173482
Togo,1994,0.3666530037201028,0.33047405041352285,0.13960901193640396
Togo,1995,0.20109630868868322,0.15215013824125823,0.07553254283010702
Togo,1996,-0.06560259911898214,0.04580953603129423,0.08467392053874079
Togo,1997,0.05128541477994375,0.0792808028747718,0.13433312491006433
Togo,1998,0.0006524348836585148,0.009706126593068909,-0.023267363584334788
Togo,1999,0.08047140946551323,-0.0005322778835665787,0.024514561992493356
Togo,2000,0.14296007216972484,0.01845471883078975,-0.007865649373844263
Togo,2001,-0.0950131883041152,0.0384472538851055,0.008200669921592407
Togo,2002,-0.02721379400737689,0.030139396531619234,0.03755223140325015
Togo,2003,0.1245662945010011,-0.009343523926865771,0.06504000246879116
Togo,2004,0.17122975065302626,0.003923081453319988,-0.009834857381147089
Togo,2005,0.02569571608411536,0.06562788628524174,-0.04778681122978412
Togo,2006,0.21415002402315864,0.02204499165170848,0.026156244367740555
Togo,2007,0.10079003467885883,0.009412297740349018,-0.01182096207987371
Togo,2008,0.22219866524652332,0.08337402783179293,0.0395630887090519
Togo,2009,0.13455258391562808,0.03646312527300566,0.053102860342480795
Togo,2010,0.13747047462254613,0.014355910774352942,0.05689375540047692
Togo,2011,0.15933123317163478,0.03501490737919699,0.056600122337023606
Togo,2012,0.09648559857135552,0.025445321824495437,0.06112063307570281
Togo,2013,0.15651338185537256,0.018089344377486327,0.05660951976855699
Togo,2014,0.035582312560901386,0.0019069314125159664,0.05480288378641518
Togo,2015,0.18878849735399683,0.025521575325469392,0.05323779573575749
Togo,2016,0.1167845666039149,0.01277256707568597,0.04128496452489827
Togo,2017,0.09491915526164263,-0.009867421966531786,0.03929679290980914
Togo,2018,0.08924589731802257,0.009234782101859906,0.04683762425924698
Togo,2019,0.04431998380417923,0.006723871725121455,0.04805497220686661
Togo,2020,0.10961727875040239,0.016850082951166634,0.021392407770793653
Tonga,1991,0.11417045054047037,0.10070875758350972,0.06217592207146794
Tonga,1992,-0.04840522567558381,0.07637735343405172,0.002516564751363859
Tonga,1993,0.22103807496734618,0.009563171366695933,0.036698863903779966
Tonga,1994,0.04389017172240628,0.010078560917960555,0.04833788327341537
Tonga,1995,0.04331683708876355,0.014494508278480644,0.06041904988921942
Tonga,1996,0.04819782791810567,0.029512978278160684,0.0009287503466133273
Tonga,1997,0.06775471002495337,0.021024736335056637,-0.0060234832404404415
Tonga,1998,0.1382570076889742,0.03221977853285063,0.02266691839328061
Tonga,1999,0.1137060590318697,0.04367572365603278,0.022763558993556643
Tonga,2000,0.170530497782849,0.061355042186155284,0.03685346583746707
Tonga,2001,0.13464040802564625,0.07964524274253737,0.014814533449008849
Tonga,2002,0.08004352900698208,0.09856905292110696,0.04333936982526865
Tonga,2003,0.13519104215161803,0.11009687898214793,0.0005179203068514937
Tonga,2004,0.12999465929956244,0.10412039533798545,-0.019875693478759615
Tonga,2005,0.2000219410047528,0.08310593928978616,-0.006598227539750923
Tonga,2006,0.06534648423893685,0.05967467489678757,-0.02189458085940643
Tonga,2007,0.11363579306005533,0.0567795802767046,-0.024951801034568177
Tonga,2008,0.034083424220487046,0.09936546883719455,0.04748303714405111
Tonga,2009,-0.02431670530282304,0.014167758856509671,-0.052653990151185326
Tonga,2010,0.0615081831980433,0.034738687634594534,0.008210173241739227
Tonga,2011,-0.015540496992151986,0.060819925378341466,0.0648856246000804
Tonga,2012,0.11990704593308266,0.01141004255013467,0.009155569816474696
Tonga,2013,0.030817293388864186,0.007726367821912383,0.0039314868690141225
Tonga,2014,0.08519690763485599,0.02479871752237628,0.019709841177665055
Tonga,2015,0.15003100821612136,-0.010595922231540378,0.011075875970327331
Tonga,2016,0.1289376859217981,0.02545481133530103,0.06390117145950214
Tonga,2017,0.09033367637020362,0.07247937303556107,0.031521113602291706
Tonga,2018,0.07668781912217781,0.04909580240824862,0.0052643914065662045
Tonga,2019,-0.005011655565805739,0.01172640960417759,-0.0028561629001053745
Tonga,2020,0.1611024222830011,-0.003503507087167179,0.01790069578439457
Trinidad and Tobago,1991,0.02498136818701724,0.037132979042222125,0.030649545667078115
Trinidad and Tobago,1992,-0.07155954407511089,0.062409890259319756,0.09615509106597386
Trinidad and Tobago,1993,0.1419673908612289,0.10287455149554692,-0.006713633754422688
Trinidad and Tobago,1994,0.15409153845247303,0.0844761946241741,0.03505030412977561
Trinidad and Tobago,1995,0.038827313329889535,0.050523949772001586,0.03739128253091906
Trinidad and Tobago,1996,0.2085913800728676,0.03347901522562413,0.06891465809991004
Trinidad and Tobago,1997,0.10732115741365433,0.03561883762723017,0.07253324015785623
Trinidad and Tobago,1998,0.1353227223386071,0.05460852914957748,0.07811374685392991
Trinidad and Tobago,1999,0.04146382546113969,0.033813194890929044,0.07719080773313891
Trinidad and Tobago,2000,0.11054878485756703,0.03493667665005473,0.06673635030373504
Trinidad and Tobago,2001,0.1294143320403478,0.0538881308861372,0.040839824587099116
Trinidad and Tobago,2002,0.01441522774267412,0.04066254452859441,0.07637484794322091
Trinidad and Tobago,2003,0.003888548866001429,0.037402775589998605,0.13488912894927552
Trinidad and Tobago,2004,0.17561793310668605,0.036539712769406485,0.07649844814444862
Trinidad and Tobago,2005,0.23658688427953933,0.06648538660049841,0.060238080102735125
Trinidad and Tobago,2006,0.18010501869752815,0.08000827798533461,0.12405716633880814
Trinidad and Tobago,2007,0.10981705350884496,0.0759826770233829,0.046446560082312516
Trinidad and Tobago,2008,0.15218677093139021,0.11359958207292653,0.033354860688771026
Trinidad and Tobago,2009,0.1591677371886675,0.06745383546849659,-0.04491085552497509
Trinidad and Tobago,2010,0.010120637036177271,0.10029048762116677,0.032691992653330004
Trinidad and Tobago,2011,0.007863326464534026,0.04980995726694015,-0.002947884836554948
Trinidad and Tobago,2012,0.18923450970955713,0.08856275221579768,0.06495168191072054
Trinidad and Tobago,2013,0.031570548475997384,0.05069137861682638,0.03312711674161761
Trinidad and Tobago,2014,0.06947955896982805,0.055287280183631715,0.036050968955553486
Trinidad and Tobago,2015,0.011264591133453905,0.04555843328120268,-0.0040711086157152465
Trinidad and Tobago,2016,0.027513994623504345,0.030244658489730902,-0.078354732854379
Trinidad and Tobago,2017,-0.0036110799998496645,0.018629237200415538,-0.04995471141790375
Trinidad and Tobago,2018,0.011666379579949648,0.010134168428148627,-0.009499474483703807
Trinidad and Tobago,2019,0.028423759944260496,0.009955706385968988,0.0046664404995055975
Trinidad and Tobago,2020,0.0688249699555783,0.0059719953924322056,-0.09199246945826545
Tunisia,1991,0.05640532265014997,0.07875309274315745,0.03830245806236121
Tunisia,1992,0.07999597463777164,0.056610412319229475,0.0751606146482402
Tunisia,1993,0.05954734458920896,0.03897987953174464,0.021661964925336008
Tunisia,1994,0.07759259692646836,0.04624627064255282,0.031289452560180564
Tunisia,1995,0.06363274259708618,0.060569564182875624,0.023244441089833145
Tunisia,1996,0.12530513691512368,0.03657437552422227,0.06902296006727937
Tunisia,1997,0.1527624398617533,0.035869201252851646,0.0529808329532635
Tunisia,1998,0.052987923919879165,0.030775205778607706,0.046728635710113764
Tunisia,1999,0.17287707045830203,0.026545771095516812,0.058784194953943825
Tunisia,2000,0.13224323260936544,0.029192793009947593,0.04602417963303651
Tunisia,2001,0.16862181912299334,0.019639215252349018,0.03725986562101369
Tunisia,2002,0.030607839692681438,0.02684670889234475,0.013138877163751062
Tunisia,2003,0.046307541862113055,0.026764537594898385,0.04595184980011169
Tunisia,2004,0.07839922985222003,0.03567867879525899,0.060490878494150024
Tunisia,2005,0.10588613549849413,0.01997698869798814,0.03427142351408463
Tunisia,2006,0.111249163593925,0.03174334036462234,0.05111222640418944
Tunisia,2007,0.12552789991460855,0.029237821847154066,0.0649401995902501
Tunisia,2008,0.12514670005143103,0.0425327997898286,0.041504463745415165
Tunisia,2009,0.12092307264893876,0.03599342747253598,0.02998055915091058
Tunisia,2010,0.11113414931100252,0.03284446296900434,0.029278498403446207
Tunisia,2011,0.09149167473977116,0.03188646414410279,-0.020678676648017813
Tunisia,2012,0.07756884863485425,0.04508659366877854,0.04130197961639581
Tunisia,2013,0.060553469891495126,0.05179740277960043,0.02400877848242544
Tunisia,2014,0.07646860419998092,0.04521760919086226,0.030435389098919075
Tunisia,2015,0.05271141603307683,0.043417387794311146,0.009631806918278585
Tunisia,2016,0.07733283784823897,0.0356508813198122,0.01111037026197792
Tunisia,2017,0.11301085282192247,0.05172725996961525,0.02227617707940155
Tunisia,2018,0.06872286555138274,0.0705292138047664,0.025735674788037954
Tunisia,2019,0.10388766502058289,0.06503910203202778,0.01538201833200148
Tunisia,2020,0.09814445865623611,0.054811534127865436,-0.09403737868226614
Turkiye,1991,0.6039333646663891,0.5066884855506779,0.00717697415332097
Turkiye,1992,0.577402947812395,0.531075820705794,0.04912948696406261
Turkiye,1993,0.49604887323030056,0.5073827618044489,0.07372679068415167
Turkiye,1994,0.8952582611467825,0.7188879581173515,-0.047806195746638025
Turkiye,1995,0.7138786672949173,0.6371762114422841,0.07583324686137871
Turkiye,1996,0.7726039603637851,0.5900737760173322,0.06913231423790478
Turkiye,1997,0.6820658233797658,0.618797280336177,0.07099757622096803
Turkiye,1998,0.638250228511474,0.6132450735434289,0.01890585907906228
Turkiye,1999,0.7030524786990746,0.49997186000874194,-0.031003381887700243
Turkiye,2000,0.3411609443632031,0.43770878557104487,0.06752113414224326
Turkiye,2001,0.6437895619740637,0.43437767415304895,-0.05614090282187689
Turkiye,2002,0.24596479321066056,0.37131608407569017,0.06236906492389238
Turkiye,2003,0.1348527938468287,0.19558683637792784,0.056371762609067844
Turkiye,2004,0.18889732482108101,0.08248521476441617,0.09463181812530053
Turkiye,2005,0.30724535931824803,0.0786185589906081,0.08720081908165866
Turkiye,2006,0.2002783273002784,0.09164202509685815,0.06829046823777318
Turkiye,2007,0.1417223393888385,0.08393831831710763,0.04981996839648062
Turkiye,2008,0.22173206973664605,0.09933958154587064,0.009159109220522765
Turkiye,2009,0.11919934368254559,0.060633813594485275,-0.050059256305495126
Turkiye,2010,0.17013813178510517,0.08219218854986021,0.08196883750631301
Turkiye,2011,0.14153451491167957,0.06271072365005015,0.10417948125741816
Turkiye,2012,0.099141690944208,0.08518243016585014,0.046956359647097656
Turkiye,2013,0.19188255246480068,0.07225638328570394,0.08147174973392168
Turkiye,2014,0.1060111313184855,0.08484261012238914,0.044980960955239624
Turkiye,2015,0.15284688003313818,0.07390873618610705,0.0564330150945942
Turkiye,2016,0.16253362936740956,0.07487677939759418,0.032696254723095564
Turkiye,2017,0.15144922634840796,0.10565927078275728,0.07534730736072603
Turkiye,2018,0.1687298327063118,0.151281973869815,0.03409367947353559
Turkiye,2019,0.23919866737868745,0.14129834039800926,0.0129322533182048
Turkiye,2020,0.2944805502180081,0.11581628016018097,0.017870000886773596
Uganda,1994,0.30604660845142817,0.09564430469854424,0.06206956082507986
Uganda,1995,0.13054237294086946,0.0634454882732074,0.10906284786753062
Uganda,1996,0.17686163134939292,0.0694481361453807,0.08683907912222821
Uganda,1997,0.1774561841741935,0.0785248311221971,0.0497421096375632
Uganda,1998,0.20650062672202552,0.0006878051277960928,0.047887523431022316
Uganda,1999,0.12714652995141051,0.056166406839745164,0.07746043842803729
Uganda,2000,0.1667183126752576,0.03335761242380153,0.030935595174486963
Uganda,2001,0.09338835873050044,0.01847945072371715,0.050537789752354456
Uganda,2002,0.21935232268322125,-0.0028792261139178876,0.08372225994339999
Uganda,2003,0.16494500383068456,0.08324198313597542,0.06272367534760903
Uganda,2004,0.08409953336526144,0.036537187252677406,0.06585546618107685
Uganda,2005,0.15856537233705836,0.08110730776720043,0.06140140349030787
Uganda,2006,0.15632780285763914,0.07055795670100107,0.10241889279626548
Uganda,2007,0.19857252349060417,0.05957476109701432,0.08077252712600114
Uganda,2008,0.2686231777505874,0.11378264964503249,0.08350211917161943
Uganda,2009,0.16119041614429008,0.1223703307017665,0.0658019478210079
Uganda,2010,0.32268909695833514,0.038995234703981474,0.05484429267994173
Uganda,2011,0.12308493668039944,0.1532732917558981,0.08976442588701161
Uganda,2012,0.14414932451607143,0.11937321706940018,0.03765656364410219
Uganda,2013,0.09443015234235119,0.04788698268042335,0.035240744210490504
Uganda,2014,0.13635274929791308,0.030293548653029134,0.049802102704958884
Uganda,2015,0.11096534436764927,0.05439051065153411,0.05057770708625142
Uganda,2016,0.10558450626195537,0.05549501771044163,0.04670227454447584
Uganda,2017,0.11955989224654573,0.05078547753224427,0.03083377084428207
Uganda,2018,0.07910829988960444,0.02582379606857188,0.06113201102692045
Uganda,2019,0.1473516756651101,0.028272422145929177,0.06239946967951582
Uganda,2020,0.15813408596069678,0.03259615467160604,0.02908593727581632
Ukraine,1993,2.949244358015207,3.8784485066329557,-0.15315117948676615
Ukraine,1994,1.8989830727512143,2.2937337836105214,-0.26006690540879873
Ukraine,1995,0.7678103699668029,1.561814034901169,-0.13010868535543096
Ukraine,1996,0.30106161347476146,0.5895933732388956,-0.10536051565782856
Ukraine,1997,0.2920707018072939,0.14790779995448888,-0.030459207468453542
Ukraine,1998,0.2154724500085763,0.10054338221243997,-0.019182819438608334
Ukraine,1999,0.340603691952424,0.20443908275899858,-0.002002002671737557
Ukraine,2000,0.3684203567989677,0.24844551763609113,0.05732506662161896
Ukraine,2001,0.36982312955060337,0.11296083675764557,0.08434114846750163
Ukraine,2002,0.35306183540522085,0.007545668169828268,0.052019678974691175
Ukraine,2003,0.38102039263545606,0.050499919029825424,0.09090604002399161
Ukraine,2004,0.2765493897287037,0.0866185885796944,0.11149980435289208
Ukraine,2005,0.43428448332991465,0.12724547185087776,0.03025012043432085
Ukraine,2006,0.29654144553685313,0.08665946009469039,0.0729848201703085
Ukraine,2007,0.41704593313466276,0.12078988494204168,0.07895760641011051
Ukraine,2008,0.2637687302210736,0.22495360583577018,0.022186955038854705
Ukraine,2009,-0.05670145907460977,0.14739527732824875,-0.16412572452707863
Ukraine,2010,0.2044996044983698,0.08959324240371025,0.040104979446510924
Ukraine,2011,0.1367938283272423,0.07655100025443762,0.053021967071195775
Ukraine,2012,0.12036621642963041,0.005671168201009991,0.0015219908560943907
Ukraine,2013,0.16180283295171094,-0.0023923456386203412,0.0004542877406237267
Ukraine,2014,0.05118003136077931,0.113970053581264,-0.1062375110402769
Ukraine,2015,0.038280728798202546,0.3967597572115791,-0.1028413271779236
Ukraine,2016,0.10371760811020536,0.13026226910649363,0.024116660858798156
Ukraine,2017,0.0919152995777317,0.1348658259248916,0.023325554504268098
Ukraine,2018,0.05533380038614055,0.10392619092359023,0.034288979238123574
Ukraine,2019,0.11845842900618919,0.07591157819907757,0.03149385952398731
Ukraine,2020,0.25172018534069807,0.026958259625824432,-0.03825049054573526
United Arab Emirates,2008,0.192858633162313,0.1155620844563412,0.03141955805163121
United Arab Emirates,2009,0.07769626374635763,0.015497423923468645,-0.05385364195393194
United Arab Emirates,2010,0.060879544383873,0.008741514274118067,0.015901400403731003
United Arab Emirates,2011,0.04954410468518233,0.008735202742211179,0.06519269339406364
United Arab Emirates,2012,0.04389260166235687,0.0066008553432226336,0.045769088187661566
United Arab Emirates,2013,0.20493284689214875,0.010951001933207749,0.04801346325534439
United Arab Emirates,2014,0.07615427815369813,0.02319166875426859,0.04528767044869042
United Arab Emirates,2015,0.053111525814980354,0.03989323776190101,0.06847769133928594
United Arab Emirates,2016,0.03203727004043344,0.01604546120480954,0.05503664557422283
United Arab Emirates,2017,0.04052690955337823,0.01947733496484183,-0.010670493916311585
United Arab Emirates,2018,0.02499036057652404,0.030224927830817983,0.01525472114991544
United Arab Emirates,2019,0.07700310360444718,-0.019499700890798444,0.012633286996610593
United Arab Emirates,2020,0.04526785099773534,-0.021013272261134475,-0.0909473985570024
United Kingdom,1991,0.016478623239610357,0.07196509099952131,-0.013008644179389961
United Kingdom,1992,-0.33728946805831583,0.04489257170761807,0.012864185373942405
United Kingdom,1993,0.045882051577532224,0.025263941734175788,0.034309513764338107
United Kingdom,1994,0.07376006535794843,0.02194750779689869,0.04834636025548278
United Kingdom,1995,0.18474638343142047,0.026617540999955835,0.034723992691017
United Kingdom,1996,0.1354610454939298,0.028118759702841167,0.025813116976109995
United Kingdom,1997,0.22717715007375006,0.021772676993994544,0.047646513343416075
United Kingdom,1998,0.1893405731714104,0.01804187845316374,0.03194735348549216
United Kingdom,1999,0.04302791577307019,0.017377638410561502,0.029019420865132872
United Kingdom,2000,0.10493294648921392,0.011760140101609196,0.04425016679890348
United Kingdom,2001,0.0845679783362776,0.015207277012594389,0.02362884988347247
United Kingdom,2002,0.04873344521481471,0.01508960174700924,0.01694587775427081
United Kingdom,2003,0.09346983966139177,0.013671126687357926,0.03167807079788432
United Kingdom,2004,0.09368722909485783,0.01380820213257472,0.02299379024515602
United Kingdom,2005,0.12970754713443355,0.020676132838426398,0.027524255483029947
United Kingdom,2006,0.131882895280782,0.024259949877484033,0.021661891167493508
United Kingdom,2007,0.1467940878322196,0.023585282729171375,0.02888781344903535
United Kingdom,2008,0.16384725119980104,0.03460825135107637,-0.0004942388432986888
United Kingdom,2009,-0.0006515630491428226,0.01942737783617332,-0.046959626644795804
United Kingdom,2010,0.039124899371980604,0.024620948799857878,0.022353729381205056
United Kingdom,2011,-0.0451861869910708,0.03783622102108364,0.008478334522909137
United Kingdom,2012,0.007669913664422268,0.025406843286846836,0.015167000806318498
United Kingdom,2013,0.020805122739506743,0.022658023892589085,0.01703870935910956
United Kingdom,2014,-0.025670708862850944,0.014406921749957391,0.03111267701938658
United Kingdom,2015,0.019549798863756962,0.0036737120719569916,0.021178206246954545
United Kingdom,2016,0.08357650119376103,0.010033667658916556,0.02182528824308605
United Kingdom,2017,0.0797010949865431,0.02525592488145545,0.0297842350665789
United Kingdom,2018,0.05164158119761453,0.022669493351463288,0.015394208311725777
United Kingdom,2019,-0.013735482515926378,0.017231723400719545,0.012484730385509124
United Kingdom,2020,0.09263788674802242,0.009846233393364656,-0.10589284217802586
United States,1991,0.014893619592989182,0.041477433732606706,-0.0010837158316228113
United States,1992,-0.0015328765254452037,0.029838565804551465,0.034618767087675195
United States,1993,0.005946570354936398,0.02908934222151416,0.02714614526080439
United States,1994,0.004038523761579427,0.0257402742563535,0.03949973893190872
United States,1995,0.06643565054212885,0.027667886348894832,0.026490319958231368
United States,1996,0.07571479688465743,0.028890658694361804,0.03703344485577631
United States,1997,0.07699342500478323,0.02310784470207583,0.04351080461072243
United States,1998,0.09168450652324722,0.015403544905549182,0.043855469076426346
United States,1999,0.09083228336635685,0.021644334204288462,0.04677313177661446
United States,2000,0.0779833377216157,0.03321093354502924,0.03996645191357473
United States,2001,0.0763385897312645,0.027869717500483837,0.009510019557520621
United States,2002,0.043559300412173485,0.015735855713416846,0.01686151554679327
United States,2003,0.04309486876150359,0.022447117482583323,0.02757242257081316
United States,2004,0.05583241139636286,0.02642025782073265,0.03775590715216026
United States,2005,0.07764142185624223,0.0333646270639143,0.03424247626466226
United States,2006,0.08620360354276713,0.031750031789260724,0.027464763081880506
United States,2007,0.11076727717849266,0.028127414036793752,0.01984045303028381
United States,2008,0.07858106615726257,0.0376724026066837,0.0011352278837364338
United States,2009,0.05366020201599042,-0.0035617983423428257,-0.02610273369721483
United States,2010,-0.02790926460844645,0.016267399878085342,0.026595119504573717
United States,2011,0.06469496404095665,0.031080377734149067,0.015522961573356753
United States,2012,0.04785347212919078,0.020482173462768927,0.022633062799290116
United States,2013,0.0440275409922144,0.014542076157733952,0.020957157607735866
United States,2014,0.05048776580126102,0.016092055330955368,0.024924974018119883
United States,2015,0.03094657440792048,0.0011855682916221966,0.02903002610330674
United States,2016,0.03777189257373692,0.012536915486799138,0.018030975296984053
United States,2017,0.04690223041710695,0.0210774026958207,0.024279086110084336
United States,2018,0.039513170610465664,0.02413229268368955,0.029233555849941695
United States,2019,0.08058316793842124,0.017959852736082027,0.025510086505342144
United States,2020,0.15870747909943717,0.012260377434968106,-0.02186765523115497
Uruguay,1991,0.5980280045672579,0.7029573194208695,0.03477631783313839
Uruguay,1992,0.4088462726073452,0.52152336141657,0.07632739981632497
Uruguay,1993,0.3112333033705106,0.4324366987161885,0.026228467750897266
Uruguay,1994,0.3519551571176862,0.3697414985423264,0.07028456823234563
Uruguay,1995,0.31392757278891636,0.35240407533787543,-0.014581789103644383
Uruguay,1996,0.2934494896926303,0.2495287684979135,0.054279430199450474
Uruguay,1997,0.251913868933201,0.18081049336558008,0.0820193669588889
Uruguay,1998,0.23624783887254708,0.10265649583923953,0.044197635556948
Uruguay,1999,0.12196735907108902,0.055043788855535514,-0.015326309356240131
Uruguay,2000,0.09116108491691577,0.04653834240967525,-0.019487969288224605
Uruguay,2001,0.1360620376541526,0.042669956247566976,-0.039199664952594304
Uruguay,2002,0.23053166220898547,0.1307867647512766,-0.0804728783505162
Uruguay,2003,0.14146548962727223,0.177139236525361,0.00802058807584416
Uruguay,2004,-0.030960627620899572,0.08762257003102913,0.04882978581919417
Uruguay,2005,0.00027482572778225745,0.04592203014878926,0.07194972888792606
Uruguay,2006,0.11003510487552859,0.06201330180191178,0.04016812339587261
Uruguay,2007,0.037443286253626695,0.07802201155044575,0.06336449641248976
Uruguay,2008,0.251266912693751,0.07582218684425346,0.06930350677062691
Uruguay,2009,-0.026854299694196726,0.06823996306545954,0.041559266936534556
Uruguay,2010,0.2000770800994509,0.06483887168203051,0.07513910139956437
Uruguay,2011,0.1654373300409766,0.07782022806847078,0.05033309727986435
Uruguay,2012,0.09489280656546839,0.07786587059646077,0.03477023522634326
Uruguay,2013,0.1755443298931958,0.08227223618107171,0.0453321791679997
Uruguay,2014,0.1767759014459287,0.08505186394338438,0.03187448043968644
Uruguay,2015,0.2136390772269472,0.08311125520807394,0.0037005570617303363
Uruguay,2016,0.03869258474712822,0.09202673589142218,0.01675679964264276
Uruguay,2017,0.018925956418158307,0.06032428331339901,0.017254053357831367
Uruguay,2018,0.11190078283740235,0.07331118112076496,0.001646419995871895
Uruguay,2019,0.14784178038923557,0.07586774656658779,0.009240684472811012
Uruguay,2020,0.21774086135846815,0.09309323657139768,-0.07642031965269425
Uzbekistan,2014,0.14617192654103306,0.08877151801374872,0.06647887281974718
Uzbekistan,2015,0.21745689718437688,0.0838987892780878,0.06970117332524595
Uzbekistan,2016,0.21104447934856552,0.07817222120611067,0.05762861638788053
Uzbekistan,2017,0.3379422320087393,0.1299376902659546,0.043014226304787684
Uzbekistan,2018,0.13211874756592223,0.16147391069272476,0.05410170653116708
Uzbekistan,2019,0.13000096203721512,0.1356293799248922,0.06559974530762958
Uzbekistan,2020,0.16297432868727668,0.1210464138076377,0.015512484570269436
Vanuatu,1991,-0.003437009134547253,0.06268495248824824,0.03099115923196294
Vanuatu,1992,-0.04690576538125768,0.039782493387149565,0.02552557024367985
Vanuatu,1993,0.05083532530881385,0.035037523108996105,0.007327567637034349
Vanuatu,1994,0.02831134538793023,0.022764518835161063,0.08692481242787409
Vanuatu,1995,0.1248697810611219,0.02205206897439904,0.009989389907094193
Vanuatu,1996,0.09596268554782483,0.009022617599637961,0.023006659647560213
Vanuatu,1997,-0.0034374446051046448,0.02791378228638397,0.04790227180190598
Vanuatu,1998,0.11874790918951916,0.03229447312160172,0.01169983286024845
Vanuatu,1999,-0.09645487232222649,0.019792577095426367,0.0033672566417095595
Vanuatu,2000,0.05389777754571057,0.025060237127322083,0.05755930789396402
Vanuatu,2001,0.053298890255739195,0.03515046516098508,-0.03456641909293623
Vanuatu,2002,-0.016287169123838652,0.019445382531002586,-0.053383042278468906
Vanuatu,2003,-0.008623219609777522,0.029716472328477295,0.04198933004171579
Vanuatu,2004,0.09446782949480692,0.014089464875301161,0.03909948274911201
Vanuatu,2005,0.10949401207467346,0.01192067096231142,0.05169381565782416
Vanuatu,2006,0.0679678194868778,0.02020270731751861,0.08121768608877034
Vanuatu,2007,0.1480437584316654,0.03860017326368226,0.028353146485539327
Vanuatu,2008,0.12532175669514345,0.047281533630825656,0.05449757748874973
Vanuatu,2009,0.00455040039771859,0.04207304263683298,0.029920906974645334
Vanuatu,2010,-0.06183399555738234,0.02725220909752224,0.01251009348036547
Vanuatu,2011,0.013149242264589134,0.008699976265575948,0.030915191640399797
Vanuatu,2012,-0.006257287616591611,0.013384068710804442,0.010049807953873113
Vanuatu,2013,-0.05707018003690578,0.014483936708064249,0.004623200670707206
Vanuatu,2014,0.08240793577062533,0.007956898138209212,0.025424445382128624
Vanuatu,2015,0.10815248352762197,0.024529367623750353,0.038892961991511044
Vanuatu,2016,0.10091911718629731,0.008385434606206665,0.0341264586315404
Vanuatu,2017,0.08890657122560697,0.030379108844038605,0.04318080380366851
Vanuatu,2018,0.12299296658535752,0.02304211757172503,0.02858969467802197
Vanuatu,2019,0.06681821172508151,0.027250511000166178,0.03189769262610653
Vanuatu,2020,-0.005606250467952378,0.051921928700253694,-0.05121425992027895
"Venezuela, RB",2009,0.2097061618567515,0.2396540316845952,-0.03254697977248
"Venezuela, RB",2010,0.21144480409380295,0.24832357453840626,-0.014999849875852789
"Venezuela, RB",2011,0.4001481510066536,0.23182743554125995,0.04091567358093329
"Venezuela, RB",2012,0.42715956442640346,0.19119040894417338,0.054733959767361284
"Venezuela, RB",2013,0.4627465519009437,0.3410291773784824,0.013341544835711261
Viet Nam,1996,0.22948544034639085,0.05519816046476356,0.089292267524403
Viet Nam,1997,0.2254777002571231,0.031590969607631525,0.07836823708386831
Viet Nam,1998,0.21357349712365092,0.07014339112942114,0.056044317239351216
Viet Nam,1999,0.5095343741131231,0.040346063917337194,0.0466315205781882
Viet Nam,2000,0.30320584148317664,-0.017251324878571506,0.06566897322918663
Viet Nam,2001,0.24166270712716909,-0.0043247835265076695,0.060087002617677854
Viet Nam,2002,0.12464419864919307,0.037592738545322746,0.06129095027957021
Viet Nam,2003,0.2855701764509462,0.03183434882181979,0.06671487139229626
Viet Nam,2004,0.2704085643475125,0.07468945829520068,0.07265930757124295
Viet Nam,2005,0.2693147496283217,0.07959250571356602,0.07276007877950619
Viet Nam,2006,0.2598287132368142,0.07155773947585153,0.06745259743897236
Viet Nam,2007,0.39948725877610514,0.08014530761987526,0.06886823892381244
Viet Nam,2008,0.1881174535926462,0.20795233362139864,0.055072968894659624
Viet Nam,2009,0.2329566087384265,0.06501012272749218,0.05257250248323331
Viet Nam,2010,0.2601665192039704,0.08807924941554646,0.06225383343504021
Viet Nam,2011,0.11281467858663063,0.171241501374241,0.06215915108807479
Viet Nam,2012,0.21949488461337552,0.0870461575108532,0.05358384376436831
Viet Nam,2013,0.19391632816727622,0.06384460629990141,0.05404784981143962
Viet Nam,2014,0.18015269388848054,0.040033406543686034,0.06224442096199212
Viet Nam,2015,0.13896545064051935,0.006292171754325615,0.06753858805176449
Viet Nam,2016,0.1644999991547138,0.02633271244896207,0.06475733088388935
Viet Nam,2017,0.1332745823774033,0.03459712629268452,0.06709952372159478
Viet Nam,2018,0.11954489518240052,0.03478423323878488,0.07199509096612644
Viet Nam,2019,0.1277008229454637,0.027574540473509046,0.07101061967304645
Viet Nam,2020,0.1278080832225612,0.03170149887641571,0.02825127993409282
West Bank and Gaza,1999,0.17186210787177458,0.053961453817294114,0.07955574097939078
West Bank and Gaza,2000,0.22271809290136346,0.027597646688418465,-0.0894387499552316
West Bank and Gaza,2001,-0.03516987146048933,0.01215369136158806,-0.09773500989010842
West Bank and Gaza,2002,-0.045744385859094905,0.05552472989140789,-0.13339862635050181
West Bank and Gaza,2003,0.08504309887340256,0.04308853326576845,0.13116551333267523
West Bank and Gaza,2004,0.04240020940451217,0.029599335268478022,0.19823170088188746
West Bank and Gaza,2005,0.038032859585388934,0.040251438572891374,0.10697507220599434
West Bank and Gaza,2006,0.059235105773424834,0.0377036134801525,-0.010015549624984743
West Bank and Gaza,2007,0.18574345553559368,0.01842662018453467,0.03718288358119537
West Bank and Gaza,2008,0.12361688091480971,0.09430966024168086,0.07166167477903329
West Bank and Gaza,2009,0.05852747722179075,0.027166962040224618,0.08244128305744525
West Bank and Gaza,2010,0.09137608656049778,0.03680585044848428,0.0561663413192548
West Bank and Gaza,2011,0.03887103278905002,0.028366281616620803,0.09167456522430939
West Bank and Gaza,2012,0.06544552682920113,0.02741171912898288,0.05917846193241161
West Bank and Gaza,2013,0.10194312423002572,0.0170970031023705,0.04591527244002336
West Bank and Gaza,2014,0.06934320662412219,0.017181401750610448,-0.0015799139155241448
West Bank and Gaza,2015,0.09851583330078029,0.0142146066649671,0.03653730517798337
West Bank and Gaza,2016,0.09559924050473612,-0.002193469946334403,0.08493489510887287
West Bank and Gaza,2017,0.1191497832133237,0.002123453218868754,0.014093888537487942
West Bank and Gaza,2018,0.03751485704187019,-0.001952983568832778,0.012196098098677055
West Bank and Gaza,2019,0.09518680137716018,0.015678284230732586,0.013534863737827862
West Bank and Gaza,2020,0.13002637454254184,-0.007380488938323104,-0.12011850444001482
"Yemen, Rep.",1991,0.10674529303630109,0.30748469974796033,0.06103389202976217
"Yemen, Rep.",1992,0.18938698059352532,0.2578291093020999,0.07888140103849395
"Yemen, Rep.",1993,0.2710686120823702,0.3056617009806384,0.039239620486711146
"Yemen, Rep.",1994,0.281255097940349,0.40141796533846996,0.06505665990221843
"Yemen, Rep.",1995,0.4102509055303649,0.4387780642035919,0.05514489500345121
"Yemen, Rep.",1996,0.07747405413320863,0.2679924982941575,0.04530760534906264
"Yemen, Rep.",1997,0.10603871996580594,0.021533742499557196,0.05098881242145481
"Yemen, Rep.",1998,0.11159182166457171,0.058047265840673656,0.05833206272136948
"Yemen, Rep.",1999,0.12916234018632267,0.08305557513732653,0.0370600199218174
"Yemen, Rep.",2000,0.2251599159928368,0.044877758778083976,0.05998362200009666
"Yemen, Rep.",2001,0.1719555183755226,0.11253901014013756,0.03733090813342699
"Yemen, Rep.",2002,0.16126536020850324,0.11545618787985168,0.03859774516129377
"Yemen, Rep.",2003,0.1794010466781728,0.10284860978307364,0.03678889507227723
"Yemen, Rep.",2004,0.13603998653953298,0.11791720576202325,0.038958144081028934
"Yemen, Rep.",2005,0.13452606550425372,0.11164212044049027,0.05441003900755348
"Yemen, Rep.",2006,0.23188620299662333,0.10296082692938313,0.031211894928897976
"Yemen, Rep.",2007,0.1569994396385681,0.07608211601205461,0.03283912440814163
"Yemen, Rep.",2008,0.12419859424390722,0.17375376983742985,0.03582620322296748
"Yemen, Rep.",2009,0.12052525611509779,0.05266608100204362,0.03793363056270138
"Yemen, Rep.",2010,0.1113039286757953,0.10593385601136962,0.07419133937760591
"Yemen, Rep.",2011,0.0040267139822915965,0.1785106521215365,-0.13599037806423553
"Yemen, Rep.",2012,0.19891047179376997,0.09426770156583153,0.02364806932931529
"Yemen, Rep.",2013,0.12866590074301953,0.10407566994714834,0.04710797947014811
Zambia,1991,0.6795897065783123,0.6812887624955523,-0.000361399135623941
Zambia,1993,1.4523583431353053,1.0413787242316965,0.06576221632716184
Zambia,1994,0.4649104737555234,0.4356795002017808,-0.09020310461726311
Zambia,1995,0.4413008217824057,0.299582881691586,0.028564802498287634
Zambia,1996,0.30017057362394084,0.35818548847968135,0.0603285449447597
Zambia,1997,0.22362108290646177,0.21848247792094266,0.03743072262552616
Zambia,1998,0.22804610658861435,0.21880179030943836,-0.0038649206508978295
Zambia,1999,0.24446355341735426,0.23734382196197945,0.04545307605443938
Zambia,2000,0.5525201324409217,0.2313530552431975,0.03823294608177008
Zambia,2001,0.08354380236744419,0.19386947369182161,0.05180341285974421
Zambia,2002,0.24816010731044358,0.2007616929470748,0.04407443668245037
Zambia,2003,0.222964348748949,0.193933694119504,0.0671442543473546
Zambia,2004,0.2773032135947062,0.1652414275586418,0.06796136073737102
Zambia,2005,0.03203115135046275,0.16826015453988408,0.06985808780718017
Zambia,2006,0.36497700261765686,0.08635724408710566,0.07606892521533837
Zambia,2007,0.225272939134463,0.1012683003547723,0.08021902669279513
Zambia,2008,0.2088711804258061,0.11729917947302937,0.07486528931704228
Zambia,2009,0.07381936313681692,0.12570935815651918,0.08819720067649683
Zambia,2010,0.2612796389378609,0.08159622035054781,0.09801763247274664
Zambia,2011,0.19640508640409138,0.062311638574620964,0.05419697046687233
Zambia,2012,0.16432243328270246,0.06368721864094429,0.07322612175025611
Zambia,2013,0.1888963910546586,0.06744999170559751,0.049337985045053045
Zambia,2014,0.11883213226275302,0.07517125093216936,0.04586477666686051
Zambia,2015,0.301529291813587,0.09631506465621431,0.02878544611546019
Zambia,2016,-0.058713095192853615,0.1644098462632595,0.036863131594323306
Zambia,2017,0.1935593890358156,0.06370046577403343,0.03465127735229956
Zambia,2018,0.15253229499051102,0.07227016660510355,0.039552330245637535
Zambia,2019,0.11818495210837554,0.08755579616227482,0.014310179480304441
Zambia,2020,0.3814698394791911,0.1461161504555868,-0.028245731870043755
Zimbabwe,2010,0.4766874248874231,0.0297788753556123,0.17961295602737337
Zimbabwe,2011,0.2714977962050469,0.03407412415655209,0.13272783205718852
Zimbabwe,2012,0.2427866824885232,0.03657612952553624,0.15414007155128218
Zimbabwe,2013,0.044507870143849715,0.016217290153753616,0.019699539044065517
Zimbabwe,2014,0.11850421406551348,-0.0019798066256937474,0.023491751519728155
Zimbabwe,2015,0.07882869301658424,-0.024610042343688576,0.01764199642054365
Zimbabwe,2016,0.17435699286275508,-0.015557082315424076,0.007529522451136472
Zimbabwe,2017,0.3267572596292414,0.008899901286243406,0.04625754243239655
Zimbabwe,2018,0.24723863496063103,0.10092046601239169,0.04888465059093505
Zimbabwe,2019,1.2522922239467285,1.2678063635427064,-0.0654183722027355
Zimbabwe,2020,1.7673763448032034,1.8828209654816828,-0.08139391833474718
