country,year,inflation,pred,model
Afghanistan,2016,0.0429051859388271,0.012742251686067393,naive_ar1
Afghanistan,2017,0.0485611046567191,0.042481804538406456,naive_ar1
Afghanistan,2018,0.0062419698013895,0.045876838955038246,naive_ar1
Afghanistan,2019,0.0227626784421914,0.02047426043823196,naive_ar1
Afghanistan,2020,0.0545060631055278,0.03039101794842,naive_ar1
Albania,2016,0.0126736655815733,0.02968453047568572,naive_ar1
Albania,2017,0.0196718474871522,0.026016603114751534,naive_ar1
Albania,2018,0.0200776838833824,0.030217347433818653,naive_ar1
Albania,2019,0.0140122758105096,0.030460955696498364,naive_ar1
Albania,2020,0.0160789049689027,0.02682012028399896,naive_ar1
Albania,2021,0.0202091292845763,0.028060639723743376,naive_ar1
Albania,2022,0.0650871460713293,0.030539857406940128,naive_ar1
Albania,2023,0.0464860407766218,0.05747843611374165,naive_ar1
Algeria,2016,0.0620137252964774,0.05460761266588973,naive_ar1
Algeria,2017,0.054404052101189,0.06377875335455868,naive_ar1
Algeria,2018,0.0418134088714374,0.05921095390659324,naive_ar1
Algeria,2019,0.019329654781222,0.05165326624794345,naive_ar1
Algeria,2020,0.0238642787955125,0.03815711774250367,naive_ar1
Algeria,2021,0.0697691587900903,0.040879081293058214,naive_ar1
Algeria,2022,0.0886106563525954,0.06843404720512661,naive_ar1
Algeria,2023,0.0891290592436719,0.07974388666290261,naive_ar1
Angola,2016,0.267691702900267,0.11880424648312218,naive_ar1
Angola,2017,0.2611672398698479,0.22580310791405409,naive_ar1
Angola,2018,0.1792245825339167,0.22188671914625893,naive_ar1
Angola,2019,0.1576954253021991,0.17269963642427844,naive_ar1
Angola,2020,0.2010741170071517,0.15977649636366587,naive_ar1
Angola,2021,0.2291597765571396,0.18581508684427012,naive_ar1
Angola,2022,0.1935523392358291,0.20267384764724544,naive_ar1
Angola,2023,0.1279014648270706,0.18130004770003472,naive_ar1
Antigua and Barbuda,2016,-0.0049063946556566,0.013616859761500535,naive_ar1
Antigua and Barbuda,2017,0.0240337408543815,0.004883234558493452,naive_ar1
Antigua and Barbuda,2018,0.011999298933853,0.02225490501191655,naive_ar1
Antigua and Barbuda,2019,0.014212087957099,0.015031083994846057,naive_ar1
Antigua and Barbuda,2020,0.0062403853002459,0.01635933768189076,naive_ar1
Antigua and Barbuda,2021,0.0204200482747092,0.011574225619803287,naive_ar1
Antigua and Barbuda,2022,0.0726097206942304,0.020085741823573033,naive_ar1
Antigua and Barbuda,2023,0.049429375579252,0.051413231289873504,naive_ar1
Armenia,2016,-0.0141355128684192,-0.039335144033373765,naive_ar1
Armenia,2017,0.0096488326231476,-0.06981225853682371,naive_ar1
Armenia,2018,0.0248899962310478,-0.055535414128595376,naive_ar1
Armenia,2019,0.0143312809346207,-0.04638671918100912,naive_ar1
Armenia,2020,0.0120415662437496,-0.052724717234868525,naive_ar1
Armenia,2021,0.069384600165967,-0.05409914649517305,naive_ar1
Armenia,2022,0.0828778641065222,-0.019678288729987316,naive_ar1
Armenia,2023,0.019610636084252,-0.0115787919451475,naive_ar1
Aruba,2016,-0.0093555872177342,0.013045688897577927,naive_ar1
Aruba,2017,-0.0103360512886965,0.004586800242877527,naive_ar1
Aruba,2018,0.03561847724586,0.003998264687255442,naive_ar1
Aruba,2019,0.0416932504827354,0.03158303274294907,naive_ar1
Australia,2016,0.0126890884877761,0.018521150106435087,naive_ar1
Australia,2017,0.0192990013867246,0.017151373133107974,naive_ar1
Australia,2018,0.018933622646343,0.021119054230058467,naive_ar1
Australia,2019,0.0159793566192565,0.020899731170344583,naive_ar1
Australia,2020,0.0084333465032004,0.019126396838980125,naive_ar1
Australia,2021,0.0282366941474334,0.01459681193330976,naive_ar1
Australia,2022,0.0638579451030336,0.02648401367190782,naive_ar1
Australia,2023,0.0544599455194889,0.04786610542212556,naive_ar1
Azerbaijan,2016,0.1172795743493368,0.056628327690660965,naive_ar1
Azerbaijan,2017,0.1216503782263078,0.10332434030513178,naive_ar1
Azerbaijan,2018,0.0224319802976795,0.10594796881374563,naive_ar1
Azerbaijan,2019,0.025770780699581,0.046390911413828215,naive_ar1
Azerbaijan,2020,0.0272241321265447,0.04839506720886489,naive_ar1
Azerbaijan,2021,0.0643850636800236,0.04926745918620959,naive_ar1
Azerbaijan,2022,0.129731448348755,0.07157376305494353,naive_ar1
Azerbaijan,2023,0.0842072286074318,0.11079873003528393,naive_ar1
"Bahamas, The",2016,-0.0034697820372837,0.01801705884343066,naive_ar1
"Bahamas, The",2017,0.0150679757900684,0.004863226211570797,naive_ar1
"Bahamas, The",2018,0.0224057408306999,0.015990742176740555,naive_ar1
"Bahamas, The",2019,0.0246070994091542,0.020395325427785993,naive_ar1
"Bahamas, The",2020,0.0003851368053577,0.02171671785048076,naive_ar1
"Bahamas, The",2021,0.0286351974935019,0.007177188415922942,naive_ar1
"Bahamas, The",2022,0.054539380335612,0.02413463301370043,naive_ar1
Bangladesh,2016,0.0536689646528154,0.05999767023920401,naive_ar1
Bangladesh,2017,0.0554542919108156,0.056137324828966655,naive_ar1
Bangladesh,2018,0.0539541544087542,0.057208989360970505,naive_ar1
Bangladesh,2019,0.0544123907385012,0.05630851346957073,naive_ar1
Bangladesh,2020,0.0553502638475986,0.05658357543351315,naive_ar1
Bangladesh,2021,0.0539734155755144,0.05714654524312984,naive_ar1
Bangladesh,2022,0.0741511189607386,0.056320075220599515,naive_ar1
Bangladesh,2023,0.0942505553077301,0.06843198857337057,naive_ar1
Barbados,2016,0.0127378098511572,0.0022317245520134107,naive_ar1
Barbados,2017,0.0455485791390133,0.016594851778105688,naive_ar1
Barbados,2018,0.0305874547854729,0.03628991751800973,naive_ar1
Barbados,2019,0.0166272453457745,0.02730931955943285,naive_ar1
Barbados,2023,0.0313745222871233,0.018929533025154537,naive_ar1
Belarus,2016,0.1118685194741706,0.15728357181309316,naive_ar1
Belarus,2017,0.0585692144593812,0.14823884452255215,naive_ar1
Belarus,2018,0.0475732545638312,0.11624528451339988,naive_ar1
Belarus,2019,0.0544707225406737,0.10964482503876145,naive_ar1
Belarus,2020,0.053997000037544,0.11378511458976187,naive_ar1
Belarus,2021,0.0903915933313994,0.11350075686075657,naive_ar1
Belize,2016,0.0066123617497151,0.0016754555863855974,naive_ar1
Belize,2017,0.0114111780788297,0.01083877842398573,naive_ar1
Belize,2018,0.0026961882421154,0.013719326644189095,naive_ar1
Belize,2019,0.0018689462831789,0.008488047357476,naive_ar1
Belize,2020,0.001213609723865,0.007991485249433883,naive_ar1
Belize,2021,0.0318439232691289,0.007598111460961728,naive_ar1
Belize,2022,0.0608777022074846,0.025984331961165792,naive_ar1
Belize,2023,0.0429621683923038,0.04341221302826407,naive_ar1
Benin,2016,-0.0079647359245953,0.020013855493059736,naive_ar1
Benin,2017,0.0004325549897039,0.013921070574443738,naive_ar1
Benin,2018,0.0091497205283177,0.018961647195590927,naive_ar1
Benin,2019,0.0073017707821545,0.024194232473991238,naive_ar1
Benin,2020,0.0297793720563461,0.0230849780272144,naive_ar1
Benin,2021,0.0171868525397984,0.03657743322954961,naive_ar1
Benin,2022,0.0134173695230845,0.029018619306792087,naive_ar1
Benin,2023,0.0270186933029821,0.026755941002351666,naive_ar1
Bhutan,2016,0.0316913509554614,0.05201394911423536,naive_ar1
Bhutan,2017,0.048362298074946,0.04433891450927832,naive_ar1
Bhutan,2018,0.0268752422066569,0.054345854504624196,naive_ar1
Bhutan,2019,0.0268992529861042,0.04144798630256484,naive_ar1
Bhutan,2020,0.0547662264217931,0.041462399066725664,naive_ar1
Bhutan,2021,0.0708946630508906,0.05818989085373443,naive_ar1
Bhutan,2022,0.0548590134313498,0.06787118228902914,naive_ar1
Bhutan,2023,0.0414235178820048,0.05824558739156918,naive_ar1
Bolivia,2016,0.0355911951610332,0.04384022755296828,naive_ar1
Bolivia,2017,0.0278365243941882,0.0413176070050175,naive_ar1
Bolivia,2018,0.0224663301377159,0.03666277099052478,naive_ar1
Bolivia,2019,0.0182283009463892,0.03343924617800466,naive_ar1
Bolivia,2020,0.0093634473180594,0.030895317299089134,naive_ar1
Bolivia,2021,0.0073467833891553,0.025574080437715002,naive_ar1
Bolivia,2022,0.017312556400717,0.024363553238349395,naive_ar1
Bolivia,2023,0.0254424582628161,0.030345630430435075,naive_ar1
Bosnia and Herzegovina,2016,-0.0159678096175364,-0.004759722279115161,naive_ar1
Bosnia and Herzegovina,2017,0.0080686935841054,-0.008093301726083416,naive_ar1
Bosnia and Herzegovina,2018,0.0140716102686466,0.00633490343303682,naive_ar1
Bosnia and Herzegovina,2019,0.0056120445188039,0.009938227625041186,naive_ar1
Bosnia and Herzegovina,2020,-0.0105686116264553,0.0048602697718597675,naive_ar1
Bosnia and Herzegovina,2021,0.019622601346164,-0.004852367066972644,naive_ar1
Bosnia and Herzegovina,2022,0.1312110885231927,0.013270277941636172,naive_ar1
Bosnia and Herzegovina,2023,0.0592674766382854,0.08025263277418337,naive_ar1
Botswana,2016,0.0277606614444465,0.0492181756599189,naive_ar1
Botswana,2017,0.0325473492449246,0.04777742084364144,naive_ar1
Botswana,2018,0.0318669673435856,0.05065068876612522,naive_ar1
Botswana,2019,0.0273511674861488,0.05024228120464594,naive_ar1
Botswana,2020,0.0187271390507,0.047531617084576525,naive_ar1
Botswana,2021,0.0699082438607181,0.042354938491983116,naive_ar1
Botswana,2022,0.110338213647001,0.07307702290977552,naive_ar1
Botswana,2023,0.049433913998409,0.09734560697793057,naive_ar1
Brazil,2016,0.0837816493265251,0.1834079218646144,naive_ar1
Brazil,2017,0.0338831605597249,0.1818050232368723,naive_ar1
Brazil,2018,0.0359929159910823,0.1518528447932011,naive_ar1
Brazil,2019,0.0366498749573631,0.1531192513059884,naive_ar1
Brazil,2020,0.0316126919345878,0.15351359896409433,naive_ar1
Brazil,2021,0.0797502934402585,0.15048996821934962,naive_ar1
Brazil,2022,0.0887441806389013,0.17938515253818813,naive_ar1
Brazil,2023,0.0449118228583067,0.18478384337900644,naive_ar1
Brunei Darussalam,2016,-0.0027908233848279,-0.002390516634900591,naive_ar1
Brunei Darussalam,2017,-0.0126851741578226,-0.0011271963613707458,naive_ar1
Brunei Darussalam,2018,0.0101983376504257,-0.007066401480829073,naive_ar1
Brunei Darussalam,2019,-0.0039128659768223,0.0066697064863233645,naive_ar1
Brunei Darussalam,2020,0.0192173576874816,-0.0018007161566070372,naive_ar1
Brunei Darussalam,2021,0.0171856165412016,0.012083483620926306,naive_ar1
Brunei Darussalam,2022,0.0361607507210184,0.010863906137344932,naive_ar1
Brunei Darussalam,2023,0.0035642835033513,0.022253962609849274,naive_ar1
Bulgaria,2016,-0.0080185617742936,0.08470527915817998,naive_ar1
Bulgaria,2017,0.0204063292905836,0.0805204421061919,naive_ar1
Bulgaria,2018,0.0277566428054312,0.09758283077684009,naive_ar1
Bulgaria,2019,0.0305653774937608,0.10199494640307774,naive_ar1
Bulgaria,2020,0.0165860967503972,0.10368092376762172,naive_ar1
Bulgaria,2021,0.0324453540132765,0.09528968944996058,naive_ar1
Bulgaria,2022,0.1425862886424065,0.10480940267698524,naive_ar1
Bulgaria,2023,0.0902322306420062,0.170922846380302,naive_ar1
Burkina Faso,2016,0.0044007171051507,0.016693320467809157,naive_ar1
Burkina Faso,2017,0.0147211006478098,0.01499966293096987,naive_ar1
Burkina Faso,2018,0.019370602876533,0.021194599433386026,naive_ar1
Burkina Faso,2019,-0.0328681824046368,0.023985520037811674,naive_ar1
Burkina Faso,2020,0.0186716022930673,-0.007371450024641776,naive_ar1
Burkina Faso,2021,0.0358811778985144,0.023565936384566347,naive_ar1
Burkina Faso,2022,0.133570951857485,0.03389619471930705,naive_ar1
Burkina Faso,2023,0.0074016444091,0.0925356768770876,naive_ar1
Burundi,2016,0.0540874384617913,0.07490961819200294,naive_ar1
Burundi,2017,0.1488727931377482,0.07498355227237449,naive_ar1
Burundi,2018,-0.0285507007365124,0.13187962121684854,naive_ar1
Burundi,2019,-0.0068914130413348,0.02537899805254018,naive_ar1
Burundi,2020,0.0706551491896458,0.03838025051613004,naive_ar1
Burundi,2021,0.0806997697679943,0.08492852336043669,naive_ar1
Burundi,2022,0.1722786170957162,0.09095792976927047,naive_ar1
Burundi,2023,0.2385560350461828,0.14592925344291824,naive_ar1
Cabo Verde,2016,-0.0141782010605275,0.01060352933063268,naive_ar1
Cabo Verde,2017,0.0078135470915725,0.0013059347252749303,naive_ar1
Cabo Verde,2018,0.0124832772501646,0.014506750646141868,naive_ar1
Cabo Verde,2019,0.0110142132991777,0.017309813312981686,naive_ar1
Cabo Verde,2020,0.0060396861777336,0.01642798970083252,naive_ar1
Cabo Verde,2021,0.0184502678578724,0.013441968927523829,naive_ar1
Cabo Verde,2022,0.076321292844451,0.020891572437772815,naive_ar1
Cabo Verde,2023,0.0365669581217371,0.05562936329987696,naive_ar1
Cambodia,2016,0.0297446078076557,0.027309425529929855,naive_ar1
Cambodia,2017,0.0287102440043689,0.03786178540866742,naive_ar1
Cambodia,2018,0.0242933636699262,0.037240895879196656,naive_ar1
Cambodia,2019,0.0192394786433363,0.034589609413190656,naive_ar1
Cambodia,2020,0.0289789753650993,0.03155595308628932,naive_ar1
Cambodia,2021,0.0287889406919372,0.03740220516669081,naive_ar1
Cambodia,2022,0.0520581769553532,0.03728813452884771,naive_ar1
Cambodia,2023,0.02105153302925,0.05125577831996597,naive_ar1
Cameroon,2016,0.0087039146296774,0.031098058199871638,naive_ar1
Cameroon,2017,0.0063836724355255,0.020469460618934,naive_ar1
Cameroon,2018,0.0106318620543355,0.01907670685124851,naive_ar1
Central African Republic,2016,0.0482703410949696,0.026279702506909985,naive_ar1
Central African Republic,2017,0.0409569292757909,0.04689159404150563,naive_ar1
Central African Republic,2018,0.0159929962297482,0.04250162910962495,naive_ar1
Central African Republic,2019,0.0264995016477405,0.027516722838306612,naive_ar1
Central African Republic,2020,0.0169569802729645,0.03382338127379181,naive_ar1
Central African Republic,2021,0.0417114948816035,0.02809536605562339,naive_ar1
Central African Republic,2022,0.054328772501182,0.04295456634743151,naive_ar1
Chad,2016,-0.0079559702179752,0.04190575135668399,naive_ar1
Chad,2017,-0.0154903547468618,0.011414625349846831,naive_ar1
Chad,2018,0.0418578289251243,0.006892018845126456,naive_ar1
Chad,2019,-0.0097669333432559,0.04131596781062355,naive_ar1
Chad,2020,0.0436737104847262,0.010327572574825597,naive_ar1
Chad,2021,-0.0077584628923954,0.042405972936028394,naive_ar1
Chile,2016,0.0371627658675173,0.041276279670226255,naive_ar1
Chile,2017,0.0215923822649619,0.038031305124850076,naive_ar1
Chile,2018,0.0240571894204109,0.02868499184711314,naive_ar1
Chile,2019,0.0252538673212052,0.030164522501724193,naive_ar1
Chile,2020,0.030000363457904,0.030882843054310487,naive_ar1
Chile,2021,0.0442519619237566,0.033731985438822734,naive_ar1
Chile,2022,0.1101438576145943,0.042286681801506604,naive_ar1
Chile,2023,0.0730802103896621,0.08183909844777734,naive_ar1
China,2016,0.0198026451581316,0.024860903421956834,naive_ar1
China,2017,0.0158057878259887,0.02818316299868323,naive_ar1
China,2018,0.0205355978199577,0.025784000479238525,naive_ar1
China,2019,0.0285800142934276,0.0286231268024044,naive_ar1
China,2020,0.0239061755720566,0.033451886222647456,naive_ar1
China,2021,0.0097623442297853,0.03064635734072694,naive_ar1
China,2022,0.0195435305706856,0.022156349512618797,naive_ar1
China,2023,0.0023456151814889,0.02802762629702455,naive_ar1
Colombia,2016,0.0724458653345871,0.06147224813666411,naive_ar1
Colombia,2017,0.0422383982134952,0.075730008091312,naive_ar1
Colombia,2018,0.0318917034665044,0.057597606331195594,naive_ar1
Colombia,2019,0.0346238109486511,0.051386876206433604,naive_ar1
Colombia,2020,0.0249524325010561,0.053026857152850444,naive_ar1
Colombia,2021,0.0343536726688613,0.04722149390001826,naive_ar1
Colombia,2022,0.0969200773564447,0.05286470334497573,naive_ar1
Colombia,2023,0.1109679052758894,0.09042095332560252,naive_ar1
Comoros,2016,0.007943540684062,0.00898023755552579,naive_ar1
Comoros,2017,-0.0023764437484983,0.014452208019953366,naive_ar1
Comoros,2018,0.0212873171880048,0.008257511088257551,naive_ar1
Comoros,2019,0.0351946911756355,0.02246197314182785,naive_ar1
Comoros,2020,0.0078356403268751,0.03081004454950424,naive_ar1
Comoros,2021,-4.41803441750821e-05,0.014387439510275608,naive_ar1
Comoros,2022,0.1180677191932915,0.00965748073444074,naive_ar1
Comoros,2023,0.0804156186404574,0.0805555936572708,naive_ar1
"Congo, Dem. Rep.",2016,0.028449945676602,0.26537014842015233,naive_ar1
"Congo, Rep.",2016,0.0314072074239462,0.0383464974681102,naive_ar1
"Congo, Rep.",2017,0.0044905406463247,0.03847136612208307,naive_ar1
"Congo, Rep.",2018,0.0114618509383843,0.022314307534598014,naive_ar1
"Congo, Rep.",2019,0.0218209132823119,0.02649892183884723,naive_ar1
"Congo, Rep.",2020,0.0177944502069715,0.032717075765001324,naive_ar1
"Congo, Rep.",2021,0.0170109179671893,0.030300142035944368,naive_ar1
"Congo, Rep.",2022,0.0299804933851497,0.029829817221659803,naive_ar1
"Congo, Rep.",2023,0.0421179125603652,0.03761496356292268,naive_ar1
Costa Rica,2016,-0.0001748037831923,0.038674390225958005,naive_ar1
Costa Rica,2017,0.0161283061196844,0.033774668095537405,naive_ar1
Costa Rica,2018,0.0219680713746299,0.04356080930073247,naive_ar1
Costa Rica,2019,0.0207438151543932,0.047066199850789706,naive_ar1
Costa Rica,2020,0.0072229662418914,0.04633132507450787,naive_ar1
Costa Rica,2021,0.0171174327496155,0.03821527007272547,naive_ar1
Costa Rica,2022,0.0795020221663289,0.04415454466337125,naive_ar1
Costa Rica,2023,0.0052381917741763,0.08160165780295395,naive_ar1
Cote d'Ivoire,2016,0.0072057606122095,0.02330216706104214,naive_ar1
Cote d'Ivoire,2017,0.0068353960146616,0.02016185337950844,naive_ar1
Cote d'Ivoire,2018,0.0040049476527608,0.019939537498023185,naive_ar1
Cote d'Ivoire,2019,0.0078774464075017,0.01824052623522806,naive_ar1
Cote d'Ivoire,2020,0.0238388450334809,0.020565040996926964,naive_ar1
Cote d'Ivoire,2021,0.0407502791083,0.030146065826961214,naive_ar1
Cote d'Ivoire,2022,0.0510117760945743,0.04029736105986183,naive_ar1
Cote d'Ivoire,2023,0.0427694334966988,0.046456950186267984,naive_ar1
Czechia,2016,0.0068117890903467,0.01320418451450605,naive_ar1
Czechia,2017,0.0242099008316136,0.015438912246199636,naive_ar1
Czechia,2018,0.0212671910586665,0.025882341703407516,naive_ar1
Czechia,2019,0.0280807780666103,0.024115944154993366,naive_ar1
Czechia,2020,0.0311235510239518,0.028205883128038935,naive_ar1
Czechia,2021,0.0376795734669741,0.030032344827265946,naive_ar1
Czechia,2022,0.1406325645505086,0.03396767751863934,naive_ar1
Czechia,2023,0.1013036388853398,0.09576647015653234,naive_ar1
Denmark,2016,0.0024968801985876,0.0098738500037341,naive_ar1
Denmark,2017,0.0114060249704088,0.00866535688275681,naive_ar1
Denmark,2018,0.0081031750936171,0.014013180044961188,naive_ar1
Denmark,2019,0.0075527219789348,0.012030603992514814,naive_ar1
Denmark,2020,0.0041982945565886,0.011700187775043943,naive_ar1
Denmark,2021,0.018360857463973,0.009686651669772024,naive_ar1
Denmark,2022,0.0741475220756147,0.018187903349040045,naive_ar1
Denmark,2023,0.0325173158161007,0.05167453139170895,naive_ar1
Djibouti,2016,0.0237412241087069,-0.01637907159017342,naive_ar1
Djibouti,2017,0.0057562581573566,0.001014469028354838,naive_ar1
Djibouti,2018,0.0013874011139369,-0.00978122684924477,naive_ar1
Djibouti,2019,0.0326378632099295,-0.01240368674719787,naive_ar1
Djibouti,2020,0.0176336626394801,0.006354785508762147,naive_ar1
Djibouti,2021,0.011739500021564,-0.0026516694760979655,naive_ar1
Djibouti,2022,0.0504290194310481,-0.006189712708888247,naive_ar1
Djibouti,2023,0.0143865245996659,0.017034144724320764,naive_ar1
Dominica,2016,0.0014171576149486,-7.401103155871714e-05,naive_ar1
Dominica,2017,0.0029581492518193,0.005863321536308654,naive_ar1
Dominica,2018,0.0098433065043863,0.006788320622021767,naive_ar1
Dominica,2019,0.0149341635605297,0.01092122051014093,naive_ar1
Dominica,2020,0.0121287921479664,0.013977069750174096,naive_ar1
Dominica,2021,0.0220443608407672,0.01229311123306211,naive_ar1
Dominica,2022,0.0284407237187513,0.018245052668508004,naive_ar1
Dominica,2023,0.0496162498341385,0.022084547752361613,naive_ar1
Dominican Republic,2016,0.0160127692838285,0.027687571450184592,naive_ar1
Dominican Republic,2017,0.032269270715231,0.032297656839569484,naive_ar1
Dominican Republic,2018,0.0350237862494768,0.04205582073945764,naive_ar1
Dominican Republic,2019,0.0179440754781277,0.04370925239333347,naive_ar1
Dominican Republic,2020,0.0371130300793298,0.03345694701429529,naive_ar1
Dominican Republic,2021,0.0792085458248097,0.04496334656633639,naive_ar1
Dominican Republic,2022,0.0844430926195825,0.07023169497623633,naive_ar1
Dominican Republic,2023,0.0467462941294547,0.07337379574007949,naive_ar1
Ecuador,2016,0.017135000117511,0.08302333682765559,naive_ar1
Ecuador,2017,0.0041646715903809,0.0699586578949993,naive_ar1
Ecuador,2018,-0.0022435473312745,0.06217305949074221,naive_ar1
Ecuador,2019,0.0026565932838371,0.05832644767160352,naive_ar1
Ecuador,2020,-0.0033944786550197,0.06126781703428763,naive_ar1
Ecuador,2021,0.0013316268522522,0.057635587061649264,naive_ar1
Ecuador,2022,0.0340745106980042,0.06047248972134684,naive_ar1
Ecuador,2023,0.0219149794377919,0.08012680639397687,naive_ar1
"Egypt, Arab Rep.",2016,0.1293918910775744,0.08921029363660872,naive_ar1
"Egypt, Arab Rep.",2017,0.2585617239190405,0.10764991527863496,naive_ar1
"Egypt, Arab Rep.",2018,0.1345437056442486,0.18518568797283624,naive_ar1
"Egypt, Arab Rep.",2019,0.0875785457238045,0.11074235501024461,naive_ar1
"Egypt, Arab Rep.",2020,0.0492180049161037,0.08255094309901562,naive_ar1
"Egypt, Arab Rep.",2021,0.0508266548770057,0.05952455909693222,naive_ar1
"Egypt, Arab Rep.",2022,0.1301125887220076,0.060490170919517104,naive_ar1
"Egypt, Arab Rep.",2023,0.2918093657834539,0.10808252285821279,naive_ar1
El Salvador,2016,0.0060223202412803,0.010003823318129924,naive_ar1
El Salvador,2017,0.0100726405330018,0.01802515303565847,naive_ar1
El Salvador,2018,0.0108442876479539,0.02045640735076675,naive_ar1
El Salvador,2019,0.0007529578061289,0.02091959797344483,naive_ar1
El Salvador,2020,-0.0037228232383146,0.014862153757671448,naive_ar1
El Salvador,2021,0.0340818186735445,0.012175511419774257,naive_ar1
El Salvador,2022,0.0695131535736672,0.03486821030761089,naive_ar1
El Salvador,2023,0.0396585686481198,0.05613630262170213,naive_ar1
Equatorial Guinea,2016,0.0140206413816956,0.03489643266921935,naive_ar1
Equatorial Guinea,2017,0.0074159809771474,0.0333317506126103,naive_ar1
Equatorial Guinea,2018,0.0105449471687064,0.02936722238969348,naive_ar1
Equatorial Guinea,2019,0.0151868467331857,0.03124542263242599,naive_ar1
Equatorial Guinea,2020,0.0465657418750149,0.0340317796446125,naive_ar1
Equatorial Guinea,2021,-0.0009714793979789,0.05286734540785168,naive_ar1
Equatorial Guinea,2022,0.0467568321322318,0.024332546669971988,naive_ar1
Equatorial Guinea,2023,0.0281937453477345,0.052982049672939874,naive_ar1
Eswatini,2016,0.0755459161601974,0.05813076985623808,naive_ar1
Eswatini,2017,0.0603551764777128,0.07447002422888216,naive_ar1
Eswatini,2018,0.0470272938415963,0.0653515968595173,naive_ar1
Eswatini,2019,0.0256484113093193,0.05735137222628403,naive_ar1
Fiji,2016,0.0379047070413252,0.020008028393688024,naive_ar1
Fiji,2017,0.0329276682984263,0.03456409396536534,naive_ar1
Fiji,2018,0.0400038331313652,0.03157656556054603,naive_ar1
Fiji,2019,0.0177798620533433,0.03582412008596554,naive_ar1
Fiji,2020,-0.0171476001226125,0.02248390951231801,naive_ar1
Fiji,2021,0.0152289342576912,0.0015182729663298661,naive_ar1
Fiji,2022,0.0590122573874474,0.02095268388964687,naive_ar1
Fiji,2023,0.029320335034245,0.04723415933408789,naive_ar1
Gabon,2016,0.0208482287765372,0.011660371370205359,naive_ar1
Gabon,2017,0.0261737184449346,0.026211888140566818,naive_ar1
Gabon,2018,0.0463974612788149,0.02940857847708651,naive_ar1
Gabon,2019,0.0243468705017511,0.04154812757225531,naive_ar1
"Gambia, The",2018,0.0631716646597144,0.05503209290022629,naive_ar1
"Gambia, The",2019,0.0687391510282173,0.058269576662915594,naive_ar1
"Gambia, The",2020,0.0576203616898389,0.06161152847976216,naive_ar1
"Gambia, The",2021,0.0711138647514575,0.054937339129116323,naive_ar1
"Gambia, The",2022,0.1089720646988734,0.06303697944930034,naive_ar1
"Gambia, The",2023,0.1567833224939168,0.08576182720331982,naive_ar1
Georgia,2016,0.0211245682391707,0.03652244064079907,naive_ar1
Georgia,2017,0.0586020342607476,0.02563935606159269,naive_ar1
Georgia,2018,0.0258163196679674,0.048135663617940354,naive_ar1
Georgia,2019,0.0473882125321063,0.028455637265326628,naive_ar1
Georgia,2020,0.0507165445519861,0.04140442991221624,naive_ar1
Georgia,2021,0.0913652664761066,0.04340230193285252,naive_ar1
Georgia,2022,0.1124190343814524,0.06780219464841107,naive_ar1
Georgia,2023,0.0245731963462647,0.08043997644897188,naive_ar1
Ghana,2016,0.1608819854458554,0.16827645404376643,naive_ar1
Ghana,2017,0.1166439119964684,0.16983549523486874,naive_ar1
Ghana,2018,0.0751887786999825,0.14328105034671257,naive_ar1
Ghana,2019,0.0690001784378022,0.11839709933758574,naive_ar1
Ghana,2020,0.0942850141624562,0.11468231630606626,naive_ar1
Ghana,2021,0.0950473150315351,0.12985984833680866,naive_ar1
Ghana,2022,0.2719786295599551,0.13031742876104002,naive_ar1
Ghana,2023,0.3228583121823067,0.23652261525066667,naive_ar1
Grenada,2016,0.0163691902256406,0.005100041378299566,naive_ar1
Grenada,2017,0.0090435659638767,0.0180278895767668,naive_ar1
Grenada,2018,0.0080088663734132,0.013630593976792059,naive_ar1
Grenada,2019,0.0059636795077731,0.013009502886959765,naive_ar1
Grenada,2020,-0.0074348964428327,0.011781854445809729,naive_ar1
Grenada,2021,0.0121213580036458,0.003739195285545914,naive_ar1
Grenada,2022,0.0254780529204126,0.015478076308742178,naive_ar1
Grenada,2023,0.0266041765642635,0.023495595865984875,naive_ar1
Guatemala,2016,0.0435233856699008,0.034431600466244536,naive_ar1
Guatemala,2017,0.0432944862893016,0.046387034324550235,naive_ar1
Guatemala,2018,0.0368319186681578,0.04624963467051672,naive_ar1
Guatemala,2019,0.0363317747641165,0.04237039937949563,naive_ar1
Guatemala,2020,0.0316385857777881,0.042070181881299046,naive_ar1
Guatemala,2021,0.0417276764990734,0.03925303776606666,naive_ar1
Guatemala,2022,0.0665845038752612,0.045309137922338046,naive_ar1
Guatemala,2023,0.0602158410790538,0.06022975270477351,naive_ar1
Guinea,2016,0.078558663542287,0.1161820614765189,naive_ar1
Guinea,2017,0.0853916945706458,0.09649073350555012,naive_ar1
Guinea,2018,0.0937418325230767,0.1005923439897682,naive_ar1
Guinea,2019,0.090480448063329,0.105604616468587,naive_ar1
Guinea,2020,0.1007645534333017,0.10364693054009502,naive_ar1
Guinea,2021,0.1186474464496454,0.10982009062545392,naive_ar1
Guinea,2022,0.0997823555968961,0.12055451597484423,naive_ar1
Guinea,2023,0.0751536302274535,0.10923051435591002,naive_ar1
Guinea-Bissau,2016,0.0149193564409628,0.042930166506405826,naive_ar1
Guinea-Bissau,2017,0.0167697446971866,0.04308630974468518,naive_ar1
Guinea-Bissau,2018,0.0038059950313806,0.04419702793696367,naive_ar1
Guinea-Bissau,2019,0.0024629670863722,0.03641537857471577,naive_ar1
Guinea-Bissau,2020,0.0113356025442215,0.03560920961734059,naive_ar1
Guinea-Bissau,2021,0.0221771470265554,0.04093511761710282,naive_ar1
Guinea-Bissau,2022,0.0897562337033113,0.04744288735052049,naive_ar1
Guinea-Bissau,2023,0.0686134195028103,0.08800806103067557,naive_ar1
Guyana,2016,0.0083253286926945,0.009028357731911775,naive_ar1
Guyana,2017,0.0188674465740614,0.02006909098511945,naive_ar1
Guyana,2018,0.0127468415678926,0.026397126237501845,naive_ar1
Guyana,2019,0.0206574666366972,0.022723158190397975,naive_ar1
Guyana,2020,0.0098843586061487,0.0274716076829097,naive_ar1
Guyana,2021,0.0491030270919301,0.021004917767069423,naive_ar1
Guyana,2022,0.0593537487272204,0.04454640340803101,naive_ar1
Guyana,2023,0.0278204314803121,0.050699524498161064,naive_ar1
Haiti,2016,0.1088804798570333,0.08618329347163028,naive_ar1
Haiti,2017,0.1014737705589521,0.11243344462004956,naive_ar1
Haiti,2018,0.1176177874884931,0.1079874767348632,naive_ar1
Haiti,2019,0.1714609817352199,0.11767812043614075,naive_ar1
Haiti,2020,0.2053567915234255,0.14999815661183014,naive_ar1
Haiti,2021,0.1556483350947752,0.17034453118870044,naive_ar1
Haiti,2022,0.2925496959301803,0.14050642198125268,naive_ar1
Haiti,2023,0.3134486175220221,0.22268313895733327,naive_ar1
Honduras,2016,0.0268815539672795,0.051607604325379794,naive_ar1
Honduras,2017,0.0385893681702445,0.04908145053356827,naive_ar1
Honduras,2018,0.0425550459453774,0.056109209266531665,naive_ar1
Honduras,2019,0.0427325356164063,0.058489655875365885,naive_ar1
Honduras,2020,0.0340961799363217,0.058596196222177016,naive_ar1
Honduras,2021,0.0438338986674349,0.05341211805015394,naive_ar1
Honduras,2022,0.0869997354783311,0.05925730286991228,naive_ar1
Honduras,2023,0.0645065062826768,0.08516812459585178,naive_ar1
"Hong Kong SAR, China",2016,0.0238074154420981,0.02597513710782243,naive_ar1
"Hong Kong SAR, China",2017,0.0148282406161861,0.022576133972792678,naive_ar1
"Hong Kong SAR, China",2018,0.0237764302963467,0.017186274413727658,naive_ar1
"Hong Kong SAR, China",2019,0.028424261201339,0.022557534759918986,naive_ar1
"Hong Kong SAR, China",2020,0.0025064763728073,0.025347452131824728,naive_ar1
"Hong Kong SAR, China",2021,0.0155658052598566,0.009789984656670228,naive_ar1
"Hong Kong SAR, China",2022,0.018638882485912,0.017629006615983454,naive_ar1
"Hong Kong SAR, China",2023,0.0207492880174768,0.019473658823311132,naive_ar1
Hungary,2016,0.0039399213733819,0.028649092415858893,naive_ar1
Hungary,2017,0.0232109575448751,0.031384222263070465,naive_ar1
Hungary,2018,0.0281038406665175,0.04295189752675604,naive_ar1
Hungary,2019,0.0328406572130246,0.04588891049018207,naive_ar1
Hungary,2020,0.0327260516703074,0.0487322425822416,naive_ar1
Hungary,2021,0.0498464189342806,0.04866344920290416,naive_ar1
Hungary,2022,0.1363486798971322,0.05894015913911564,naive_ar1
Hungary,2023,0.1580712640080097,0.11086419972978409,naive_ar1
Iceland,2016,0.0168269063837058,0.025399612505124125,naive_ar1
Iceland,2017,0.0174509976343575,0.02577673321411346,naive_ar1
Iceland,2018,0.0264755849079243,0.026151351623741347,naive_ar1
Iceland,2019,0.0296944415038806,0.03156847056018105,naive_ar1
Iceland,2020,0.0280812453197665,0.03350062861805832,naive_ar1
Iceland,2021,0.0434831516368419,0.03253228786936246,naive_ar1
Iceland,2022,0.0798158060772102,0.041777470594990165,naive_ar1
Iceland,2023,0.0837555266173586,0.06358659099172277,naive_ar1
India,2016,0.0482968648089379,0.05544948920082288,naive_ar1
India,2017,0.0327398864917993,0.05568542861532412,naive_ar1
India,2018,0.0386323330427682,0.046347162024186636,naive_ar1
India,2019,0.0366164185295252,0.04988417516679394,naive_ar1
India,2020,0.0641331587670199,0.04867409781334882,naive_ar1
India,2021,0.0500408814275035,0.06519135783766361,naive_ar1
Indonesia,2016,0.0346507147550845,0.07391621409833671,naive_ar1
Indonesia,2017,0.0373805458615823,0.05768632058338108,naive_ar1
Indonesia,2018,0.0314826549084079,0.05932493510746078,naive_ar1
Indonesia,2019,0.029855696119692,0.05578465389581153,naive_ar1
Indonesia,2020,0.019016389593367,0.05480805197530325,naive_ar1
Indonesia,2021,0.0154803470378537,0.0483016256023637,naive_ar1
Indonesia,2022,0.0412327706568094,0.046179072791152756,naive_ar1
Indonesia,2023,0.0360366739820445,0.06163728017688794,naive_ar1
"Iran, Islamic Rep.",2016,0.0699497181321024,0.14313812614688354,naive_ar1
Iraq,2016,0.00554978538407,0.01843155813967466,naive_ar1
Iraq,2017,0.0018388971802014,0.013456980079547346,naive_ar1
Iraq,2018,0.0036676807180269,0.011229474028487545,naive_ar1
Iraq,2019,-0.0019916357907785,0.012327223724190612,naive_ar1
Iraq,2020,0.0057252064780328,0.008930149741987447,naive_ar1
Iraq,2021,0.0586637819489741,0.013562278737663296,naive_ar1
Iraq,2022,0.0487403149632728,0.04533930642420881,naive_ar1
Iraq,2023,0.0426604971427169,0.039382623941805334,naive_ar1
Israel,2016,-0.0053660535046429,0.008643154000563058,naive_ar1
Israel,2017,0.0024949633899975,0.009139274733499837,naive_ar1
Israel,2018,0.0080183705669529,0.013857946312460408,naive_ar1
Israel,2019,0.0081432132596255,0.017173439055224518,naive_ar1
Israel,2020,-0.0057691558319685,0.017248377409085167,naive_ar1
Israel,2021,0.0146881465616584,0.008897307629134366,naive_ar1
Israel,2022,0.0431708554322414,0.021177053707892177,naive_ar1
Israel,2023,0.0413840064661661,0.03827414822387799,naive_ar1
Jamaica,2016,0.0232381111681219,0.06600987113257838,naive_ar1
Jamaica,2017,0.0428525585681578,0.05819910564762942,naive_ar1
Jamaica,2018,0.0366851823863854,0.06997291770325156,naive_ar1
Jamaica,2019,0.0383077966550482,0.06627087468569626,naive_ar1
Jamaica,2020,0.0509476236831982,0.06724486875488281,naive_ar1
Jamaica,2021,0.0569735641319484,0.07483207959033764,naive_ar1
Jamaica,2022,0.0984830394947637,0.07844922407852885,naive_ar1
Jamaica,2023,0.0627319278547693,0.10336579457790324,naive_ar1
Japan,2016,-0.0012733988732103,0.005144171902945744,naive_ar1
Japan,2017,0.0048303131923779,-0.0003750823076073786,naive_ar1
Japan,2018,0.0098423507465126,0.0032887455452097836,naive_ar1
Japan,2019,0.0046768082572103,0.006297282414721286,naive_ar1
Japan,2020,-0.00024998958507,0.003196602329578306,naive_ar1
Japan,2021,-0.0023362547130156,0.00023923164010648308,naive_ar1
Japan,2022,0.0246702004535803,-0.0010130745306289222,naive_ar1
Japan,2023,0.0321586590939571,0.015197880635995033,naive_ar1
Jordan,2016,-0.0078147604845524,0.006098200118427243,naive_ar1
Jordan,2017,0.0326984748679324,0.006693914013815564,naive_ar1
Jordan,2018,0.043656160887477,0.031012479256926608,naive_ar1
Jordan,2019,0.0075862916564002,0.037589964369170975,naive_ar1
Jordan,2020,0.0033274015606599,0.015938584009773802,naive_ar1
Jordan,2021,0.0133711442079205,0.013382133117728527,naive_ar1
Jordan,2022,0.0414217092695308,0.01941101253768439,naive_ar1
Jordan,2023,0.0206343388113001,0.03624870744459245,naive_ar1
Kazakhstan,2016,0.1341907497887708,0.011038741457783031,naive_ar1
Kazakhstan,2017,0.0717871538298435,0.052782961030019004,naive_ar1
Kazakhstan,2018,0.0598117030242004,0.015324438980907046,naive_ar1
Kazakhstan,2019,0.0519619002179307,0.008136028102365925,naive_ar1
Kazakhstan,2020,0.0650211035691992,0.003424087917166231,naive_ar1
Kazakhstan,2021,0.0773449613208603,0.011263034522090966,naive_ar1
Kazakhstan,2022,0.1400042125391554,0.018660580933111154,naive_ar1
Kazakhstan,2023,0.1356453048346022,0.05627256317987428,naive_ar1
Kenya,2016,0.0610692245015078,0.07973709269659743,naive_ar1
Kenya,2017,0.0770133515929085,0.07813038331887012,naive_ar1
Kenya,2018,0.0458315677194693,0.08770104069893792,naive_ar1
Kenya,2019,0.0510698300188998,0.06898379338641711,naive_ar1
Kenya,2020,0.0526414250046434,0.07212812442739422,naive_ar1
Kenya,2021,0.0592866545404993,0.07307149354773301,naive_ar1
Kenya,2022,0.0738066516722568,0.077060373888124,naive_ar1
Kenya,2023,0.0739137764588298,0.08577617983416216,naive_ar1
"Korea, Rep.",2016,0.0096699523420014,0.015711284810772174,naive_ar1
"Korea, Rep.",2017,0.0192567166264439,0.01729085267577069,naive_ar1
"Korea, Rep.",2018,0.0146505481983707,0.023045425241825766,naive_ar1
"Korea, Rep.",2019,0.0038226872481601,0.020280516281475695,naive_ar1
"Korea, Rep.",2020,0.0053584978068217,0.01378096025564769,naive_ar1
"Korea, Rep.",2021,0.0246763522955717,0.014702849335769756,naive_ar1
"Korea, Rep.",2022,0.0496423119467239,0.026298627867260928,naive_ar1
"Korea, Rep.",2023,0.0353425899672172,0.04128475063309392,naive_ar1
Kosovo,2016,0.0027279700144342,0.008390333694030671,naive_ar1
Kosovo,2017,0.014772687606479,0.013259499126445232,naive_ar1
Kosovo,2018,0.0104828399019867,0.020489488241077217,naive_ar1
Kosovo,2019,0.0264081356184062,0.017914454665579088,naive_ar1
Kosovo,2020,0.0019803171070389,0.0274738082823924,naive_ar1
Kosovo,2021,0.0329868168901272,0.012810711320447922,naive_ar1
Kosovo,2022,0.1095762112010536,0.031422742212947205,naive_ar1
Kosovo,2023,0.0482597796157717,0.07739646330126769,naive_ar1
Kuwait,2016,0.0314831414212513,0.03195055612411524,naive_ar1
Kuwait,2017,0.0214858469955627,0.03152432916439182,naive_ar1
Kuwait,2018,0.0054166349914881,0.025523330857778255,naive_ar1
Kuwait,2019,0.0108593040134401,0.015877589728330203,naive_ar1
Kuwait,2020,0.0207994787870786,0.01914461840563581,naive_ar1
Kuwait,2021,0.0336632748922491,0.025111329942186254,naive_ar1
Kuwait,2022,0.0390346344946328,0.03283298095662393,naive_ar1
Kuwait,2023,0.0357740497493752,0.03605720528228662,naive_ar1
Kyrgyz Republic,2016,0.0038808427477565,0.07083614902851842,naive_ar1
Kyrgyz Republic,2017,0.0312593929297815,0.03534557557936764,naive_ar1
Kyrgyz Republic,2018,0.0153088340640081,0.051779885331983556,naive_ar1
Kyrgyz Republic,2019,0.0112724522790665,0.04220536720064891,naive_ar1
Kyrgyz Republic,2020,0.0613342331675017,0.03978247964478781,naive_ar1
Kyrgyz Republic,2021,0.1124804669082042,0.06983267618252426,naive_ar1
Kyrgyz Republic,2022,0.1303517995992811,0.10053382881427513,naive_ar1
Lesotho,2016,0.0638805382170817,0.03818394174732943,naive_ar1
Lesotho,2017,0.0435162756710214,0.05751427968715878,naive_ar1
Lesotho,2018,0.0464235852316292,0.04529038191534491,naive_ar1
Lesotho,2019,0.0505703272335766,0.04703553005314291,naive_ar1
Lesotho,2020,0.0485815401472713,0.04952466267963708,naive_ar1
Liberia,2016,0.0846558845918181,0.07742185067090115,naive_ar1
Liberia,2017,0.1170684016170886,0.08343914081476561,naive_ar1
Liberia,2018,0.2115851285286307,0.10289515076101012,naive_ar1
Liberia,2019,0.2387513220563972,0.15962997260294604,naive_ar1
Liberia,2020,0.1566252511168722,0.17593681267543243,naive_ar1
Liberia,2021,0.0752521174851983,0.12663963369363307,naive_ar1
Liberia,2022,0.0731852631978862,0.0777944145438649,naive_ar1
Liberia,2023,0.0961684801460478,0.07655375996773214,naive_ar1
Libya,2016,0.2299513194852842,0.0721507436002788,naive_ar1
Libya,2017,0.2295519216072969,0.15077945326115672,naive_ar1
Libya,2018,0.1237227282930071,0.1505397097978345,naive_ar1
Libya,2019,-0.0218589642224937,0.0870144415775189,naive_ar1
Libya,2020,0.0143666691127561,-0.00037275070268482334,naive_ar1
Libya,2021,0.0282796376389455,0.021372128966182673,naive_ar1
"Macao SAR, China",2016,0.0234133312154503,0.03901604040186006,naive_ar1
"Macao SAR, China",2017,0.0122064377954931,0.02630072134899139,naive_ar1
"Macao SAR, China",2018,0.0296021307365386,0.01957364644533017,naive_ar1
"Macao SAR, China",2019,0.0271474585549515,0.030015623988108545,naive_ar1
"Macao SAR, China",2020,0.0080813627613656,0.02854217697557035,naive_ar1
"Macao SAR, China",2021,0.0002645086615515,0.017097519681388434,naive_ar1
"Macao SAR, China",2022,0.0103960535208873,0.012405357360401395,naive_ar1
"Macao SAR, China",2023,0.0047525337574709,0.0184869411325094,naive_ar1
Madagascar,2016,0.0586061963448436,0.08853258577807675,naive_ar1
Madagascar,2017,0.0825845583174889,0.08083552622868088,naive_ar1
Madagascar,2018,0.0824480855577398,0.09522883140367583,naive_ar1
Madagascar,2019,0.0545877486506167,0.0951469119597462,naive_ar1
Madagascar,2020,0.0411591516466929,0.07842340383021408,naive_ar1
Madagascar,2021,0.0564961224589311,0.07036272416535642,naive_ar1
Madagascar,2022,0.07844688413115,0.07956892855965023,naive_ar1
Madagascar,2023,0.0941670425850418,0.09274514184445509,naive_ar1
Malawi,2016,0.1964801263001403,0.1983897228777643,naive_ar1
Malawi,2017,0.1092435123289154,0.19761969101856008,naive_ar1
Malawi,2018,0.1170732559016158,0.14525484604902078,naive_ar1
Malawi,2019,0.0895740876203694,0.1499547454338243,naive_ar1
Malawi,2020,0.0827361358739766,0.13344803319125925,naive_ar1
Malawi,2021,0.089201963561817,0.12934346898583102,naive_ar1
Malawi,2022,0.1902398717775311,0.13322466117177717,naive_ar1
Malawi,2023,0.2530109880570501,0.193873901885173,naive_ar1
Malaysia,2016,0.0206901411358737,0.022665730048732402,naive_ar1
Malaysia,2017,0.0379814952335051,0.022584459194853475,naive_ar1
Malaysia,2018,0.0088081853936046,0.03296380607017515,naive_ar1
Malaysia,2019,0.0066070439933909,0.015452169872114733,naive_ar1
Malaysia,2020,-0.0114523500741805,0.014130907813316298,naive_ar1
Malaysia,2021,0.0244691965583285,0.0032905355482473345,naive_ar1
Malaysia,2022,0.0332287454388113,0.024852883452968495,naive_ar1
Malaysia,2023,0.0245839784094767,0.030110909850931206,naive_ar1
Maldives,2016,0.0050125104889762,0.022183323326805414,naive_ar1
Maldives,2017,0.0277851271253757,0.01949750241487899,naive_ar1
Maldives,2018,-0.001334624075814,0.0331670441982081,naive_ar1
Maldives,2019,0.002197880201451,0.015687557228381097,naive_ar1
Maldives,2020,-0.0137924222252365,0.01780798614477888,naive_ar1
Maldives,2021,0.0054167995033322,0.008209611454700548,naive_ar1
Maldives,2022,0.0230634166710856,0.01974018184265484,naive_ar1
Maldives,2023,0.0288543349807044,0.030332779722841027,naive_ar1
Mali,2016,-0.0181603766507603,0.02051067674493661,naive_ar1
Mali,2017,0.0174455125539125,0.0009642991532693244,naive_ar1
Mali,2018,0.0029909876075446,0.022337169824525435,naive_ar1
Mali,2019,-0.0167217011014546,0.013660664358889634,naive_ar1
Mali,2020,0.0043713212417522,0.00182788175547474,naive_ar1
Mali,2021,0.0385050997692655,0.014489226512681662,naive_ar1
Mali,2022,0.0918631190098544,0.034978444737123554,naive_ar1
Mali,2023,0.0203789541560022,0.06700724867874334,naive_ar1
Mauritania,2016,0.014609858931303,0.03763866194644104,naive_ar1
Mauritania,2017,0.0222924322103157,0.027182713981849946,naive_ar1
Mauritania,2018,0.0302125686895236,0.031794272597081424,naive_ar1
Mauritania,2019,0.0227403923569529,0.036548431430070014,naive_ar1
Mauritius,2016,0.0097292681504965,0.02832379384630559,naive_ar1
Mauritius,2017,0.0360136242712627,0.026490490047271636,naive_ar1
Mauritius,2018,0.0316542153433312,0.04226799642598188,naive_ar1
Mauritius,2019,0.0040483462799647,0.03965120787495837,naive_ar1
Mauritius,2020,0.0254806022579101,0.023080447182327483,naive_ar1
Mauritius,2021,0.039494991704454,0.03594542107967274,naive_ar1
Mauritius,2022,0.1023196579514591,0.04435772982601042,naive_ar1
Mauritius,2023,0.0681536883937328,0.08206900446778659,naive_ar1
Mexico,2016,0.0278263105720899,0.0468868837975816,naive_ar1
Mexico,2017,0.0586599377014742,0.04747719355612046,naive_ar1
Mexico,2018,0.047831134481389,0.06598545552295204,naive_ar1
Mexico,2019,0.0357142015717162,0.05948533388810212,naive_ar1
Mexico,2020,0.0334041581678068,0.05221199664543225,naive_ar1
Mexico,2021,0.0553326059033851,0.05082536482638293,naive_ar1
Mexico,2022,0.0760001740185991,0.0639881838976844,naive_ar1
Mexico,2023,0.0538057637861904,0.07639414454865094,naive_ar1
"Micronesia, Fed. Sts.",2016,-0.0104288727830388,0.009015165130145721,naive_ar1
"Micronesia, Fed. Sts.",2017,0.0058056518943692,0.004547256095198112,naive_ar1
"Micronesia, Fed. Sts.",2018,0.0148728511472508,0.014292228179591969,naive_ar1
"Micronesia, Fed. Sts.",2019,0.0190557966040145,0.019734925478018542,naive_ar1
"Micronesia, Fed. Sts.",2020,0.0055306241726995,0.022245789671254197,naive_ar1
"Micronesia, Fed. Sts.",2021,0.0314142067676463,0.014127139424401289,naive_ar1
Moldova,2016,0.0616528833778335,0.11790761490901697,naive_ar1
Moldova,2017,0.0636340182095684,0.09947374965804448,naive_ar1
Moldova,2018,0.0299961238197123,0.10066295008209775,naive_ar1
Moldova,2019,0.0472440506401108,0.08047139237895759,naive_ar1
Moldova,2020,0.0369679007687775,0.09082467149974102,naive_ar1
Moldova,2021,0.0498030918423477,0.08465628679978447,naive_ar1
Moldova,2022,0.252603689866314,0.0923607672939909,naive_ar1
Moldova,2023,0.125901197919684,0.21409430774018184,naive_ar1
Mongolia,2016,0.0073059685705469,0.05321630013431699,naive_ar1
Mongolia,2017,0.0421148964712374,0.024123830240084534,naive_ar1
Mongolia,2018,0.0660147550440566,0.045018315136951,naive_ar1
Mongolia,2019,0.0704684313109771,0.05936449768562724,naive_ar1
Mongolia,2020,0.0365606693466959,0.06203787136034064,naive_ar1
Mongolia,2021,0.0710076751424475,0.041684322343533295,naive_ar1
Mongolia,2022,0.1410738885284628,0.062361559068406,naive_ar1
Mongolia,2023,0.0984650446300738,0.10441966098845044,naive_ar1
Montenegro,2016,-0.0027175394014751,0.020395729179223256,naive_ar1
Montenegro,2017,0.0235235000839271,0.009539532308442853,naive_ar1
Montenegro,2018,0.0257771343584982,0.025291037346750467,naive_ar1
Montenegro,2019,0.0036091163427185,0.026643808895688417,naive_ar1
Montenegro,2020,-0.0025598305709042,0.013337184832297354,naive_ar1
Montenegro,2021,0.0238220091791498,0.00963419896372932,naive_ar1
Montenegro,2022,0.1225742384664885,0.025470221083736064,naive_ar1
Montenegro,2023,0.0823609640200873,0.0847474550526473,naive_ar1
Morocco,2016,0.0162208393973113,0.016859860322793498,naive_ar1
Morocco,2017,0.0075182991206483,0.017317185805013024,naive_ar1
Morocco,2018,0.0178783919601084,0.012093379519054412,naive_ar1
Morocco,2019,0.0030292674986087,0.018312152012761103,naive_ar1
Morocco,2020,0.0070348836913236,0.009398783359820166,naive_ar1
Morocco,2021,0.0139222229273743,0.011803203492497248,naive_ar1
Morocco,2022,0.0644482860751773,0.015937413142901403,naive_ar1
Morocco,2023,0.0591283643935369,0.04626630078781359,naive_ar1
Mozambique,2016,0.1605703877907798,0.04844230729278054,naive_ar1
Mozambique,2017,0.1407458702457544,0.12388245456818428,naive_ar1
Mozambique,2018,0.0383677956755139,0.11198254533759919,naive_ar1
Mozambique,2019,0.0276414612328155,0.0505288533715296,naive_ar1
Mozambique,2020,0.0342462038006576,0.04409023987412124,naive_ar1
Mozambique,2021,0.0621150543792872,0.04805481741656058,naive_ar1
Mozambique,2022,0.0978469758631837,0.06478343598158837,naive_ar1
Mozambique,2023,0.0688446254980332,0.08623195907058828,naive_ar1
Myanmar,2016,0.0669932426372739,0.11717670178474851,naive_ar1
Myanmar,2017,0.0447107743156358,0.10316507362297,naive_ar1
Myanmar,2018,0.0664647459307605,0.0897897493630655,naive_ar1
Myanmar,2019,0.0845715168238072,0.10284783700816266,naive_ar1
Namibia,2016,0.0651188122292509,0.040035234610649555,naive_ar1
Namibia,2017,0.0596434329479098,0.05908870815491471,naive_ar1
Namibia,2018,0.0420205500779342,0.05580204474416578,naive_ar1
Namibia,2019,0.0365478571794364,0.04522369366663524,naive_ar1
Namibia,2020,0.0218532915730138,0.041938642790058774,naive_ar1
Namibia,2021,0.0355303091070453,0.03311804998107083,naive_ar1
Nepal,2016,0.0842523882451082,0.0723974029930074,naive_ar1
Nepal,2017,0.0273917956185867,0.07750316774339802,naive_ar1
Nepal,2018,0.043122649360046,0.04337190126913921,naive_ar1
Nepal,2019,0.0541676827206254,0.052814538711277045,naive_ar1
Nepal,2020,0.0493267655292148,0.059444455133765735,naive_ar1
Nepal,2021,0.0404388886108666,0.0565386353558201,naive_ar1
Nepal,2022,0.0739027191760799,0.05120357848289783,naive_ar1
Nepal,2023,0.068740984175549,0.07129065224543901,naive_ar1
New Zealand,2016,0.0064416110478502,0.009197712997043379,naive_ar1
New Zealand,2017,0.018338690327142,0.01130993989918051,naive_ar1
New Zealand,2018,0.0158565875789715,0.018451307310069782,naive_ar1
New Zealand,2019,0.016066557870606,0.016961394764297567,naive_ar1
New Zealand,2020,0.0170002897082977,0.01708743200106235,naive_ar1
New Zealand,2021,0.0386544048289394,0.01764791596184489,naive_ar1
New Zealand,2022,0.0692669316905609,0.030646063524277588,naive_ar1
New Zealand,2023,0.0557484025276799,0.049021607349986195,naive_ar1
Nicaragua,2016,0.0346252970795317,0.051587535741700136,naive_ar1
Nicaragua,2017,0.0377838319380297,0.04884420338582414,naive_ar1
Nicaragua,2018,0.0482875357815055,0.05074015258269106,naive_ar1
Nicaragua,2019,0.0523674713829995,0.057045129338792466,naive_ar1
Nicaragua,2020,0.0361565369746426,0.05949416060596669,naive_ar1
Nicaragua,2021,0.0481081599382635,0.04976334886922294,naive_ar1
Nicaragua,2022,0.0995504901190029,0.05693745679403109,naive_ar1
Niger,2016,0.0164036142877135,0.011243712733251008,naive_ar1
Niger,2017,0.0275798861451637,0.024558235037292233,naive_ar1
Niger,2018,0.0292442251949918,0.03126692897337104,naive_ar1
Niger,2019,-0.0252131227020164,0.03226596885299941,naive_ar1
Niger,2020,0.0285699033476305,-0.0004227205660984161,naive_ar1
Niger,2021,0.0376605354434067,0.031861198913071494,naive_ar1
Niger,2022,0.0413935231906004,0.03731796206217146,naive_ar1
Niger,2023,0.0363413136224339,0.039558733634523696,naive_ar1
Nigeria,2016,0.1458028993342113,0.11858581755048297,naive_ar1
Nigeria,2017,0.1527405393088461,0.15432461916476473,naive_ar1
Nigeria,2018,0.1141774903035157,0.15848902244898733,naive_ar1
Nigeria,2019,0.1079250255298802,0.1353410804233723,naive_ar1
Nigeria,2020,0.1243924645370198,0.13158796193740122,naive_ar1
Nigeria,2021,0.156600639556327,0.14147274369817248,naive_ar1
Nigeria,2022,0.172668345647776,0.16080609485499442,naive_ar1
Nigeria,2023,0.2204162371967424,0.1704509320419625,naive_ar1
North Macedonia,2016,-0.0023957754563808,-0.014565637014018683,naive_ar1
North Macedonia,2017,0.0134256601101574,-0.014200716034705812,naive_ar1
North Macedonia,2018,0.0144778186228142,-0.004703705743698812,naive_ar1
North Macedonia,2019,0.0076351734726163,-0.0040721347221913985,naive_ar1
North Macedonia,2020,0.0119292970397673,-0.008179516200682451,naive_ar1
North Macedonia,2021,0.0317965792811447,-0.005601915986303682,naive_ar1
North Macedonia,2022,0.1328224179076844,0.006323663276538508,naive_ar1
North Macedonia,2023,0.0894921286081018,0.06696565907134808,naive_ar1
Norway,2016,0.0348844018535041,0.020566990359117195,naive_ar1
Norway,2017,0.0185773730131826,0.02861372783653275,naive_ar1
Norway,2018,0.0272730009647368,0.018825234241184055,naive_ar1
Norway,2019,0.0214456888197673,0.024044891319416416,naive_ar1
Norway,2020,0.0127837871493312,0.020546975900999395,naive_ar1
Norway,2021,0.0342456711355625,0.015347563435685309,naive_ar1
Norway,2022,0.0560411755365306,0.028230321907534557,naive_ar1
Norway,2023,0.053709945706986,0.04131334011553231,naive_ar1
Oman,2016,0.0110310146057601,0.011875082211806672,naive_ar1
Oman,2017,0.0157660022105465,0.018104799577009324,naive_ar1
Pakistan,2016,0.0369596893833232,0.04575994057173553,naive_ar1
Pakistan,2017,0.0400412771708946,0.05295167594363701,naive_ar1
Pakistan,2018,0.0495332904463925,0.0548014367196505,naive_ar1
Pakistan,2019,0.1005512447359882,0.06049913383320661,naive_ar1
Pakistan,2020,0.0929448044466401,0.09112328515479429,naive_ar1
Pakistan,2021,0.090721630064718,0.08655742629817757,naive_ar1
Pakistan,2022,0.1812698369693759,0.08522293867251156,naive_ar1
Pakistan,2023,0.2682555541203664,0.13957560782122683,naive_ar1
Papua New Guinea,2016,0.0646047265730658,0.06338278674270004,naive_ar1
Papua New Guinea,2017,0.0528015902994365,0.06720883021227263,naive_ar1
Papua New Guinea,2018,0.0428151034179631,0.060123853240025456,naive_ar1
Papua New Guinea,2019,0.0385346404495621,0.05412934229406892,naive_ar1
Paraguay,2016,0.0400551995435343,0.047379779004444664,naive_ar1
Paraguay,2017,0.0353910568089892,0.05292903958672003,naive_ar1
Paraguay,2018,0.0389861679324647,0.05012933083953253,naive_ar1
Paraguay,2019,0.0271977382449204,0.052287340281429916,naive_ar1
Paraguay,2020,0.0175207701880406,0.04521119111743109,naive_ar1
Paraguay,2021,0.0467689142597658,0.03940247263323085,naive_ar1
Paraguay,2022,0.0931766934640361,0.056959028994620936,naive_ar1
Paraguay,2023,0.0452794646217205,0.08481586631081718,naive_ar1
Peru,2016,0.0349537054448285,0.01338845658541548,naive_ar1
Peru,2017,0.0295092909002905,0.014311289331497376,naive_ar1
Peru,2018,0.0149787978874913,0.011043212882901186,naive_ar1
Peru,2019,0.0222713609305511,0.0023211066558394226,naive_ar1
Peru,2020,0.0198262746400406,0.006698556854747644,naive_ar1
Peru,2021,0.0418294594844912,0.0052308638906218095,naive_ar1
Peru,2022,0.0800461504457228,0.01843854482601236,naive_ar1
Philippines,2016,0.0124590506973252,0.02010972356630122,naive_ar1
Philippines,2017,0.0281324235626048,0.023555079019873297,naive_ar1
Philippines,2018,0.0517319910007492,0.03296321286274426,naive_ar1
Philippines,2019,0.0236390367422449,0.04712914198344861,naive_ar1
Philippines,2020,0.0236497508835915,0.030266002442427734,naive_ar1
Philippines,2021,0.0385202777229825,0.030272433736870018,naive_ar1
Philippines,2022,0.0565802955986756,0.039198649429021196,naive_ar1
Poland,2016,-0.006669867509105,0.01640591751792266,naive_ar1
Poland,2017,0.0205468163652398,0.017672362874628783,naive_ar1
Poland,2018,0.0179671356294335,0.03400951039545219,naive_ar1
Poland,2019,0.0220303285319189,0.0324610254686305,naive_ar1
Poland,2020,0.0331878377289234,0.03490000672585998,naive_ar1
Poland,2021,0.049314094010338,0.041597438145425034,naive_ar1
Poland,2022,0.1347882965185682,0.051277420800344184,naive_ar1
Poland,2023,0.1091136788861124,0.10258435672423094,naive_ar1
Qatar,2016,0.0264139760570545,0.024131430248037412,naive_ar1
Qatar,2017,0.0039410131368011,0.02919511293163268,naive_ar1
Qatar,2018,0.0025548873213789,0.015705441958004097,naive_ar1
Qatar,2019,-0.0066887310185625,0.01487340297656447,naive_ar1
Qatar,2020,-0.0257313809814787,0.009324807962453961,naive_ar1
Qatar,2021,0.0227831385819454,-0.0021057756849836382,naive_ar1
Qatar,2022,0.0487451682752952,0.027015658310017086,naive_ar1
Qatar,2023,0.0298272030342534,0.04259968430666192,naive_ar1
Romania,2016,-0.015568529766738,0.08791384815403164,naive_ar1
Romania,2017,0.0133013555469139,0.08214578182260074,naive_ar1
Romania,2018,0.0452169729793148,0.0994752837360567,naive_ar1
Romania,2019,0.0375640948531685,0.11863302362158304,naive_ar1
Romania,2020,0.0259705577373203,0.11403928988521157,naive_ar1
Romania,2021,0.0492884091768255,0.10708012737209247,naive_ar1
Romania,2022,0.1292326929434395,0.12107695301751698,naive_ar1
Romania,2023,0.098914471774048,0.16906448755227604,naive_ar1
Russian Federation,2016,0.0680551796966639,0.12511625916103733,naive_ar1
Russian Federation,2017,0.0361711711321399,0.07929048684150938,naive_ar1
Russian Federation,2018,0.0283766846521862,0.06015172056569448,naive_ar1
Russian Federation,2019,0.043749158847997,0.055472984682220415,naive_ar1
Russian Federation,2020,0.0332625946244098,0.06470050041692556,naive_ar1
Rwanda,2016,0.0692866965011429,0.03734255851884581,naive_ar1
Rwanda,2017,0.0795460002358154,0.06394380742077911,naive_ar1
Rwanda,2018,-0.0031169542626967,0.07010208002107451,naive_ar1
Rwanda,2019,0.0329305537300319,0.02048263011364835,naive_ar1
Rwanda,2020,0.0939492452687211,0.04212058786611334,naive_ar1
Rwanda,2021,-0.0039211451342522,0.07874780409119002,naive_ar1
Rwanda,2022,0.1628771465803025,0.019999904702861396,naive_ar1
Rwanda,2023,0.1805662400136825,0.12012262026008934,naive_ar1
Samoa,2016,0.0129628055541459,0.02123545906379435,naive_ar1
Samoa,2017,0.017347623836283,0.02468349800045068,naive_ar1
Samoa,2018,0.0411175561493317,0.027315538827246733,naive_ar1
Samoa,2019,0.0097753310850494,0.041583731548708924,naive_ar1
Samoa,2020,-0.015813501717667,0.02277017744821491,naive_ar1
Samoa,2021,0.0308512165370489,0.007410167451636045,naive_ar1
Samoa,2022,0.1040165530026238,0.03542123557678645,naive_ar1
Samoa,2023,0.0762352856936789,0.07933962404642336,naive_ar1
Sao Tome and Principe,2016,0.0528819685575259,0.0793448188395441,naive_ar1
Sao Tome and Principe,2017,0.0553428975582406,0.08039698448900345,naive_ar1
Sao Tome and Principe,2018,0.0757435993243005,0.08187418723378187,naive_ar1
Sao Tome and Principe,2019,0.0743673587084945,0.09411995809327334,naive_ar1
Sao Tome and Principe,2020,0.0936663559695825,0.09329385282385932,naive_ar1
Sao Tome and Principe,2021,0.0782358798855202,0.10487831207370804,naive_ar1
Sao Tome and Principe,2022,0.165562192526175,0.09561597999586477,naive_ar1
Sao Tome and Principe,2023,0.1927578573937047,0.14803466768928855,naive_ar1
Saudi Arabia,2016,0.02032671315723,0.014177536471068935,naive_ar1
Saudi Arabia,2017,-0.0083835008963317,0.019084035849343615,naive_ar1
Senegal,2016,0.008337991559765,0.012568781718719791,naive_ar1
Senegal,2017,0.0130954110724026,0.016762685214054766,naive_ar1
Senegal,2018,0.004599263578374,0.019618384488633466,naive_ar1
Senegal,2019,0.0174480094357569,0.014518467995887678,naive_ar1
Senegal,2020,0.0251134689624583,0.022231084914934963,naive_ar1
Senegal,2021,0.0215689368534137,0.026832370790936515,naive_ar1
Senegal,2022,0.0925501835236231,0.024704722021339637,naive_ar1
Senegal,2023,0.0576977826829985,0.06731208386663287,naive_ar1
Serbia,2016,0.0111606275958067,0.06526327567914494,naive_ar1
Serbia,2017,0.0308304446808884,0.06366242911178428,naive_ar1
Serbia,2018,0.0194088317584864,0.07546947749836251,naive_ar1
Serbia,2019,0.018323394997922,0.06861351458603594,naive_ar1
Serbia,2020,0.0156325022498258,0.06796196788902703,naive_ar1
Serbia,2021,0.040038675197934,0.06634672659103036,naive_ar1
Serbia,2022,0.1131635978814493,0.08099683053877194,naive_ar1
Serbia,2023,0.1166437589737743,0.1248909601412217,naive_ar1
Seychelles,2016,-0.010206731082361,0.043381000361784085,naive_ar1
Seychelles,2017,0.0281675023634928,0.0134695299709903,naive_ar1
Seychelles,2018,0.036360071485098,0.036504133146669115,naive_ar1
Seychelles,2019,0.0179096014381139,0.041421823006761546,naive_ar1
Seychelles,2020,0.011954900952146,0.030346702599817074,naive_ar1
Seychelles,2021,0.0932088769743222,0.02677232077098311,naive_ar1
Seychelles,2022,0.0259214799407079,0.07554601410762944,naive_ar1
Seychelles,2023,-0.0104069740304257,0.035155930704904984,naive_ar1
Sierra Leone,2016,0.1033330101294041,0.06112707155208615,naive_ar1
Sierra Leone,2017,0.1673898770506863,0.08428582056776868,naive_ar1
Sierra Leone,2018,0.1486746689763505,0.12273673874157334,naive_ar1
Sierra Leone,2019,0.1380648430346589,0.11150270609435797,naive_ar1
Sierra Leone,2020,0.1261644453960464,0.10513402825028512,naive_ar1
Sierra Leone,2021,0.1122026844990298,0.09799066895360992,naive_ar1
Sierra Leone,2022,0.2406556230267416,0.08960995113809261,naive_ar1
Sierra Leone,2023,0.3896261536838548,0.1667153992484939,naive_ar1
Singapore,2016,-0.00531218229293,0.002911873619770385,naive_ar1
Singapore,2017,0.005751062802024,0.002864599574155272,naive_ar1
Singapore,2018,0.0043782436395174,0.009505447813042366,naive_ar1
Singapore,2019,0.0056622391091805,0.008681396312836468,naive_ar1
Singapore,2020,-0.0017226014856301,0.009452130304560137,naive_ar1
Solomon Islands,2016,0.0051117688817479,0.024504314809109286,naive_ar1
Solomon Islands,2017,0.0048749656249746,0.03103098168555197,naive_ar1
Solomon Islands,2018,0.0340291337508684,0.03088883763313258,naive_ar1
Solomon Islands,2019,0.0162163556783614,0.04838898378314112,naive_ar1
Solomon Islands,2020,0.029204855345271,0.037696645786720134,naive_ar1
Solomon Islands,2021,-0.0011550457527151,0.04549315163997321,naive_ar1
Solomon Islands,2022,0.0537125937362334,0.027269249520033265,naive_ar1
Solomon Islands,2023,0.0571915257901682,0.06020422148754988,naive_ar1
South Africa,2016,0.0639406088981831,0.04887524442156371,naive_ar1
South Africa,2017,0.0505617991849565,0.060727349472855054,naive_ar1
South Africa,2018,0.0441113560612045,0.05269655523843917,naive_ar1
South Africa,2019,0.0402091740284058,0.0488245978253337,naive_ar1
South Africa,2020,0.0318124580945955,0.04648226531277394,naive_ar1
South Africa,2021,0.0451525603786651,0.04144203383070071,naive_ar1
South Africa,2022,0.0680312213539835,0.0494495934571383,naive_ar1
South Africa,2023,0.0589785039031802,0.06318278965246943,naive_ar1
Sri Lanka,2016,0.038825331788165,0.05505970516128372,naive_ar1
Sri Lanka,2017,0.0742178159925019,0.05616078719235086,naive_ar1
Sri Lanka,2018,0.0211256510977468,0.07740555890091684,naive_ar1
Sri Lanka,2019,0.0346757232232786,0.04553633728339616,naive_ar1
St. Kitts and Nevis,2016,-0.0068940808918904,-0.004533447973284454,naive_ar1
St. Kitts and Nevis,2017,0.0069251329351107,0.005307097509921889,naive_ar1
St. Kitts and Nevis,2018,-0.0104253772971549,0.013602249702446466,naive_ar1
St. Kitts and Nevis,2019,-0.0033010631552672,0.003187393633472013,naive_ar1
St. Kitts and Nevis,2020,-0.0117411080165927,0.007463850370746355,naive_ar1
St. Kitts and Nevis,2021,0.0118859698628446,0.0023976101697563423,naive_ar1
St. Kitts and Nevis,2022,0.0263320029929756,0.016580052769466443,naive_ar1
St. Kitts and Nevis,2023,0.0349530842701097,0.02525146091849959,naive_ar1
St. Lucia,2016,-0.0312659003695028,0.002457862486192194,naive_ar1
St. Lucia,2017,0.0010420776380319,-0.010376463079381917,naive_ar1
St. Lucia,2018,0.019171241067819,0.009016796042319924,naive_ar1
St. Lucia,2019,0.0053763968342446,0.019899048220761658,naive_ar1
St. Lucia,2020,-0.0177140549015328,0.011618524174879508,naive_ar1
St. Lucia,2021,0.0238210438284784,-0.002241802015903703,naive_ar1
St. Lucia,2022,0.0618299840291642,0.022690149223159338,naive_ar1
St. Lucia,2023,0.0398994079730554,0.04550548065867236,naive_ar1
St. Vincent and the Grenadines,2016,-0.001497537225684,-0.0033938607995107582,naive_ar1
St. Vincent and the Grenadines,2017,0.0213047973794822,0.006204699971897013,naive_ar1
St. Vincent and the Grenadines,2018,0.0229754791961926,0.019892080329609485,naive_ar1
St. Vincent and the Grenadines,2019,0.009089264453018,0.020894927532669492,naive_ar1
St. Vincent and the Grenadines,2020,-0.0063011235412977,0.012559557220383872,naive_ar1
St. Vincent and the Grenadines,2021,0.015604900971847,0.003321288508931677,naive_ar1
St. Vincent and the Grenadines,2022,0.0550571312848964,0.01647064776659525,naive_ar1
St. Vincent and the Grenadines,2023,0.0446346581745338,0.0401523317522533,naive_ar1
Sudan,2016,0.1633957025850589,0.1895412608315942,naive_ar1
Sudan,2017,0.2802920289476116,0.19384223185027863,naive_ar1
Sudan,2018,0.4903729301775001,0.26401068210102824,naive_ar1
Sudan,2019,0.412070256013096,0.3901143136288733,naive_ar1
Sudan,2020,0.9679635271928566,0.3431121753446907,naive_ar1
Suriname,2016,0.4409119654755802,0.15193845752175827,naive_ar1
Suriname,2017,0.1988258011962296,0.37658381663670515,naive_ar1
Suriname,2020,0.2992878464787862,0.23126863434478265,naive_ar1
Suriname,2021,0.4644863283014659,0.2915722062862516,naive_ar1
Suriname,2022,0.4216404279150296,0.3907346163804958,naive_ar1
Suriname,2023,0.4159916159103769,0.36501584040810275,naive_ar1
Sweden,2016,0.0097945686691804,0.002805855053324379,naive_ar1
Sweden,2017,0.0177858797985024,0.008966061613970266,naive_ar1
Sweden,2018,0.0193469872459637,0.01376294390158784,naive_ar1
Sweden,2019,0.0176842181298946,0.014700017748746425,naive_ar1
Sweden,2020,0.0049613453356274,0.013701920241066718,naive_ar1
Sweden,2021,0.021401322862629,0.00606486016834624,naive_ar1
Sweden,2022,0.0803745694200346,0.015933157839644097,naive_ar1
Sweden,2023,0.0820280423378623,0.051332570686497395,naive_ar1
Switzerland,2016,-0.0043556587670687,-0.005238509516824624,naive_ar1
Tajikistan,2016,0.0583121225036293,0.05806040449998626,naive_ar1
Tanzania,2016,0.0504532214086763,0.0721496992741107,naive_ar1
Tanzania,2017,0.0518209576455497,0.06979491456343268,naive_ar1
Tanzania,2018,0.0343478841106374,0.0706159149753322,naive_ar1
Tanzania,2019,0.0340562519822089,0.060127488784250935,naive_ar1
Tanzania,2020,0.0323731937353084,0.0599524330307306,naive_ar1
Tanzania,2021,0.0362443611706169,0.05894215672401012,naive_ar1
Tanzania,2022,0.0425830545531971,0.06126587234492961,naive_ar1
Tanzania,2023,0.0372883946764046,0.06507075060851905,naive_ar1
Thailand,2016,0.0018797292459806,0.005295415109458483,naive_ar1
Thailand,2017,0.0066342634585652,0.011853137256716034,naive_ar1
Thailand,2018,0.0105827797442108,0.014707104594633189,naive_ar1
Thailand,2019,0.0070424297893314,0.017077249809413466,naive_ar1
Thailand,2020,-0.0084953550323287,0.014952111429027378,naive_ar1
Thailand,2021,0.0122288757019068,0.005625365968403816,naive_ar1
Thailand,2022,-0.0162379275043536,0.01806533904976579,naive_ar1
Thailand,2023,0.0813776784576862,0.0009777921034124382,naive_ar1
Timor-Leste,2016,-0.0134757794453479,0.023258968223839577,naive_ar1
Timor-Leste,2017,0.0055566883463988,0.011860878782786485,naive_ar1
Timor-Leste,2018,0.0260231612632173,0.023285350457389834,naive_ar1
Timor-Leste,2019,0.0095424530259098,0.03557060125490456,naive_ar1
Timor-Leste,2020,0.0049427565824338,0.025677854476361773,naive_ar1
Timor-Leste,2021,0.0363118803161137,0.02291683040395783,naive_ar1
Timor-Leste,2022,0.0677082683081291,0.04174653075989175,naive_ar1
Timor-Leste,2023,0.0808456255542635,0.060592596820498924,naive_ar1
Togo,2016,0.0127725670756859,0.03317476230439611,naive_ar1
Togo,2017,-0.0098674219665317,0.025522014104706767,naive_ar1
Togo,2018,0.0092347821018599,0.01193208365762586,naive_ar1
Togo,2019,0.0067238717251214,0.023398415385583272,naive_ar1
Togo,2020,0.0168500829511666,0.021891210708270957,naive_ar1
Togo,2021,0.0410096415397038,0.02796959290173357,naive_ar1
Togo,2022,0.0766607517591566,0.042471663562552095,naive_ar1
Togo,2023,0.0534392042485469,0.0638716787012574,naive_ar1
Tonga,2016,0.025454811335301,0.009722202539147021,naive_ar1
Tonga,2017,0.072479373035561,0.031362096481941514,naive_ar1
Tonga,2018,0.0490958024082486,0.05958916503834934,naive_ar1
Tonga,2019,0.0117264096041775,0.045552890646298985,naive_ar1
Tonga,2020,-0.0035035070871671,0.023121455361150622,naive_ar1
Tonga,2021,0.0548717424587268,0.01397951151284492,naive_ar1
Tonga,2022,0.1041020116865265,0.04901996933640505,naive_ar1
Tonga,2023,0.0615759790389791,0.07857104082541021,naive_ar1
Trinidad and Tobago,2016,0.0302446584897309,0.05179123864440362,naive_ar1
Trinidad and Tobago,2017,0.0186292372004155,0.04259895794540304,naive_ar1
Trinidad and Tobago,2018,0.0101341684281486,0.03562665918938397,naive_ar1
Trinidad and Tobago,2019,0.0099557063859689,0.03052739021257496,naive_ar1
Trinidad and Tobago,2020,0.0059719953924322,0.03042026618808256,naive_ar1
Trinidad and Tobago,2021,0.0203831202398481,0.028028994919245744,naive_ar1
Trinidad and Tobago,2022,0.0566485997668602,0.03667944894443896,naive_ar1
Trinidad and Tobago,2023,0.0452534643100994,0.05844824677747257,naive_ar1
Tunisia,2016,0.0356508813198122,0.03983553915555289,naive_ar1
Tunisia,2017,0.0517272599696152,0.03517359861271837,naive_ar1
Tunisia,2018,0.0705292138047664,0.044823641608956466,naive_ar1
Tunisia,2019,0.0650391020320277,0.05610974446052847,naive_ar1
Tunisia,2020,0.0548115341278654,0.05281423769155033,naive_ar1
Tunisia,2021,0.0554947827401548,0.04667501491184052,naive_ar1
Tunisia,2022,0.0797946268530411,0.047085143251645055,naive_ar1
Tunisia,2023,0.0891914619813869,0.06167142201499762,naive_ar1
Turkiye,2016,0.0748767793975941,0.15201852180468406,naive_ar1
Turkiye,2017,0.1056592707827572,0.15259960158742367,naive_ar1
Turkiye,2018,0.151281973869815,0.17107716869808592,naive_ar1
Turkiye,2019,0.1412983403980092,0.19846275446867906,naive_ar1
Turkiye,2020,0.1158162801601809,0.19246995631679004,naive_ar1
Turkiye,2021,0.178953329775136,0.17717403785876182,naive_ar1
Turkiye,2022,0.5441182388142893,0.21507282443949471,naive_ar1
Turkiye,2023,0.430869069316814,0.4342675292736201,naive_ar1
Uganda,2016,0.0554950177104416,0.056759744829597364,naive_ar1
Uganda,2017,0.0507854775322442,0.057422738706532236,naive_ar1
Uganda,2018,0.0258237960685718,0.05459577958830615,naive_ar1
Uganda,2019,0.0282724221459291,0.03961222485685611,naive_ar1
Uganda,2020,0.032596154671606,0.04108204262134981,naive_ar1
Uganda,2021,0.0218062270585086,0.04367741597538104,naive_ar1
Uganda,2022,0.0694867788523669,0.037200629899310195,naive_ar1
Uganda,2023,0.0521269532040928,0.06582146453614107,naive_ar1
Ukraine,2016,0.1302622691064936,0.2665604548506463,naive_ar1
Ukraine,2017,0.1348658259248916,0.10659207673366038,naive_ar1
Ukraine,2018,0.1039261909235902,0.10935541804334706,naive_ar1
Ukraine,2019,0.0759115781990775,0.09078352355427752,naive_ar1
Ukraine,2020,0.0269582596258244,0.07396740947762759,naive_ar1
Ukraine,2021,0.089503710998728,0.04458258100780163,naive_ar1
Ukraine,2022,0.1838506925842393,0.08212625350490563,naive_ar1
Ukraine,2023,0.1208806533731081,0.1387591836378759,naive_ar1
United Arab Emirates,2016,0.0160454612048095,0.023945463802766107,naive_ar1
United Arab Emirates,2017,0.0194773349648418,0.009630544121309072,naive_ar1
United Arab Emirates,2018,0.0302249278308188,0.011690568338415877,naive_ar1
United Arab Emirates,2019,-0.0194997008907993,0.018141942464516773,naive_ar1
United Arab Emirates,2020,-0.0210132722611255,-0.01170587435967022,naive_ar1
United Arab Emirates,2021,0.0017977364647761,-0.012614414094873697,naive_ar1
United Arab Emirates,2022,0.051559906259242,0.001078173009947346,naive_ar1
United Arab Emirates,2023,0.016136192288477,0.030948524322466423,naive_ar1
United Kingdom,2016,0.0100336676589165,0.00923690199829866,naive_ar1
United Kingdom,2017,0.0252559248814554,0.013054543160232659,naive_ar1
United Kingdom,2018,0.0226694933514632,0.022191889318665944,naive_ar1
United Kingdom,2019,0.0172317234007195,0.02063935214503098,naive_ar1
United Kingdom,2020,0.0098462333933646,0.017375264195163536,naive_ar1
United Kingdom,2021,0.024871826736815,0.012942033448876344,naive_ar1
United Kingdom,2022,0.0762390104558106,0.021961329707493774,naive_ar1
United Kingdom,2023,0.0657312508145793,0.052795110267274466,naive_ar1
United States,2016,0.0125369154867991,0.008932338642515438,naive_ar1
United States,2017,0.0210774026958207,0.015746123692298844,naive_ar1
United States,2018,0.0241322926836895,0.020872655641513034,naive_ar1
United States,2019,0.017959852736082,0.022706390736578888,naive_ar1
United States,2020,0.0122603774349681,0.01900130813162047,naive_ar1
United States,2021,0.045908481475255,0.015580128342948337,naive_ar1
United States,2022,0.076986965064183,0.03577781451368558,naive_ar1
United States,2023,0.0403387262489092,0.05443305456643902,naive_ar1
Uruguay,2016,0.0920267358914221,0.09351153357114404,naive_ar1
Uruguay,2017,0.060324283313399,0.09886315994176917,naive_ar1
Uruguay,2018,0.0733111811207649,0.07983337486838318,naive_ar1
Uruguay,2019,0.0758677465665877,0.08762891918584467,naive_ar1
Uruguay,2020,0.0930932365713976,0.08916352887701345,naive_ar1
Uruguay,2021,0.0746241833944294,0.09950334002470139,naive_ar1
Uruguay,2022,0.0871348511482947,0.08841706486659948,naive_ar1
Uruguay,2023,0.0570332733337268,0.095926746267263,naive_ar1
Uzbekistan,2016,0.0781722212061106,0.08097387423145765,naive_ar1
Uzbekistan,2017,0.1299376902659546,0.07753643167556577,naive_ar1
Uzbekistan,2018,0.1614739106927247,0.108609287884638,naive_ar1
Uzbekistan,2019,0.1356293799248922,0.12753929007520617,naive_ar1
Uzbekistan,2020,0.1210464138076377,0.11202579424632816,naive_ar1
Uzbekistan,2021,0.1030008916908755,0.10327219039625252,naive_ar1
Uzbekistan,2022,0.1083757585395712,0.09244014493939495,naive_ar1
Uzbekistan,2023,0.0949154720318254,0.09566647453257132,naive_ar1
Vanuatu,2016,0.0083854346062066,0.023571760557197164,naive_ar1
Vanuatu,2017,0.0303791088440386,0.01388116722512274,naive_ar1
Vanuatu,2018,0.023042117571725,0.02708313930251803,naive_ar1
Vanuatu,2019,0.0272505110001661,0.022679020515373294,naive_ar1
Vanuatu,2020,0.0519219287002536,0.02520516016499147,naive_ar1
Vanuatu,2021,0.0231625019053032,0.04001448052066196,naive_ar1
Vanuatu,2022,0.0646570061698632,0.022751282684634735,naive_ar1
Vanuatu,2023,0.1060028247125499,0.04765886659909397,naive_ar1
Viet Nam,2016,0.026332712448962,0.02801319620174353,naive_ar1
Viet Nam,2017,0.0345971262926845,0.04004277597115699,naive_ar1
Viet Nam,2018,0.0347842332387848,0.04500359150479738,naive_ar1
Viet Nam,2019,0.027574540473509,0.045115904738647766,naive_ar1
Viet Nam,2020,0.0317014988764157,0.04078819843798591,naive_ar1
Viet Nam,2021,0.0181808771671452,0.04326545571708239,naive_ar1
Viet Nam,2022,0.0310771392719537,0.035149537096819644,naive_ar1
West Bank and Gaza,2016,-0.0021934699463344,0.020205174968248512,naive_ar1
West Bank and Gaza,2017,0.0021234532188687,0.010356026211941476,naive_ar1
West Bank and Gaza,2018,-0.0019529835688327,0.012947312164028495,naive_ar1
West Bank and Gaza,2019,0.0156782842307325,0.01050038110264501,naive_ar1
West Bank and Gaza,2020,-0.0073804889383231,0.021083765336760284,naive_ar1
West Bank and Gaza,2021,0.0122988681891822,0.007242454593272994,naive_ar1
West Bank and Gaza,2022,0.036729380807734,0.01905522950704861,naive_ar1
West Bank and Gaza,2023,0.0570521471968703,0.033719943639795864,naive_ar1
Zambia,2016,0.1644098462632595,0.11087477809682694,naive_ar1
Zambia,2017,0.0637004657740334,0.15174950396896741,naive_ar1
Zambia,2018,0.0722701666051035,0.09129746604328426,naive_ar1
Zambia,2019,0.0875557961622748,0.09644153382659298,naive_ar1
Zambia,2020,0.1461161504555868,0.10561692000431767,naive_ar1
Zambia,2021,0.1990210706892554,0.14076848921747015,naive_ar1
Zambia,2022,0.1042987875121435,0.1725253149360349,naive_ar1
Zambia,2023,0.1033192188499549,0.11566710543048984,naive_ar1
Zimbabwe,2016,-0.015557082315424,-0.016482947525965116,naive_ar1
Zimbabwe,2017,0.0088999012862434,-0.01104879749634711,naive_ar1
Zimbabwe,2018,0.1009204660123916,0.003631806167916086,naive_ar1
Zimbabwe,2019,1.2678063635427064,0.05886827611485421,naive_ar1
Zimbabwe,2020,1.8828209654816828,0.7593058142049022,naive_ar1
Zimbabwe,2021,0.6858511546355492,1.1284758543804678,naive_ar1
Zimbabwe,2022,0.7164005659041894,0.4099800792137318,naive_ar1
Afghanistan,2016,0.0429051859388271,0.013571458607820648,phillips
Afghanistan,2017,0.0485611046567191,0.04278686346496981,phillips
Afghanistan,2018,0.0062419698013895,0.046424526508534444,phillips
Afghanistan,2019,0.0227626784421914,0.01940211506628422,phillips
Afghanistan,2020,0.0545060631055278,0.031575733146612855,phillips
Albania,2016,0.0126736655815733,0.029430388356080334,phillips
Albania,2017,0.0196718474871522,0.025412892343013735,phillips
Albania,2018,0.0200776838833824,0.028972761276767456,phillips
Albania,2019,0.0140122758105096,0.02956508771170467,phillips
Albania,2020,0.0160789049689027,0.029972067138669393,phillips
Albania,2021,0.0202091292845763,0.027887702594648484,phillips
Albania,2022,0.0650871460713293,0.02984833344502552,phillips
Albania,2023,0.0464860407766218,0.056843607335753374,phillips
Algeria,2016,0.0620137252964774,0.05361856529057591,phillips
Algeria,2017,0.054404052101189,0.0629957272918529,phillips
Algeria,2018,0.0418134088714374,0.058280456065905366,phillips
Algeria,2019,0.019329654781222,0.05059799042639296,phillips
Algeria,2020,0.0238642787955125,0.0408958581116467,phillips
Algeria,2021,0.0697691587900903,0.041988831411208946,phillips
Algeria,2022,0.0886106563525954,0.06840771005226004,phillips
Algeria,2023,0.0891290592436719,0.07847333979421942,phillips
Angola,2016,0.267691702900267,0.11945600803529195,phillips
Angola,2017,0.2611672398698479,0.2262296103026221,phillips
Angola,2018,0.1792245825339167,0.22224593850958704,phillips
Angola,2019,0.1576954253021991,0.1727814303529161,phillips
Angola,2020,0.2010741170071517,0.16235789175197182,phillips
Angola,2021,0.2291597765571396,0.18729771187556965,phillips
Angola,2022,0.1935523392358291,0.20213316001420556,phillips
Angola,2023,0.1279014648270706,0.18078551169323376,phillips
Antigua and Barbuda,2016,-0.0049063946556566,0.013177700349930882,phillips
Antigua and Barbuda,2017,0.0240337408543815,0.0041942821034580266,phillips
Antigua and Barbuda,2018,0.011999298933853,0.0182719122063302,phillips
Antigua and Barbuda,2019,0.014212087957099,0.009179125781010714,phillips
Antigua and Barbuda,2020,0.0062403853002459,0.023917663891057827,phillips
Antigua and Barbuda,2021,0.0204200482747092,0.014436020493991683,phillips
Antigua and Barbuda,2022,0.0726097206942304,0.018424838197482224,phillips
Antigua and Barbuda,2023,0.049429375579252,0.04960606016728446,phillips
Armenia,2016,-0.0141355128684192,-0.0374207374760972,phillips
Armenia,2017,0.0096488326231476,-0.07008213659704927,phillips
Armenia,2018,0.0248899962310478,-0.056602153568315425,phillips
Armenia,2019,0.0143312809346207,-0.04982194455507143,phillips
Armenia,2020,0.0120415662437496,-0.04882317474973034,phillips
Armenia,2021,0.069384600165967,-0.050794165425671,phillips
Armenia,2022,0.0828778641065222,-0.020342431582306898,phillips
Armenia,2023,0.019610636084252,-0.013339190137110664,phillips
Aruba,2016,-0.0093555872177342,0.013271337582948935,phillips
Aruba,2017,-0.0103360512886965,0.004403715474704794,phillips
Aruba,2018,0.03561847724586,0.0035280842286111317,phillips
Aruba,2019,0.0416932504827354,0.032011766871910693,phillips
Australia,2016,0.0126890884877761,0.018424362104573367,phillips
Australia,2017,0.0192990013867246,0.017069196271782217,phillips
Australia,2018,0.018933622646343,0.020586720181139384,phillips
Australia,2019,0.0159793566192565,0.02026540721618665,phillips
Australia,2020,0.0084333465032004,0.019889890497841824,phillips
Australia,2021,0.0282366941474334,0.015532971366122833,phillips
Australia,2022,0.0638579451030336,0.026360659257795474,phillips
Australia,2023,0.0544599455194889,0.04719522456838386,phillips
Azerbaijan,2016,0.1172795743493368,0.05736981714589699,phillips
Azerbaijan,2017,0.1216503782263078,0.10397113700036455,phillips
Azerbaijan,2018,0.0224319802976795,0.10585679875700107,phillips
Azerbaijan,2019,0.025770780699581,0.04523360765033286,phillips
Azerbaijan,2020,0.0272241321265447,0.05083580479955041,phillips
Azerbaijan,2021,0.0643850636800236,0.04941940698193913,phillips
Azerbaijan,2022,0.129731448348755,0.07028587979561782,phillips
Azerbaijan,2023,0.0842072286074318,0.11025470119214689,phillips
"Bahamas, The",2016,-0.0034697820372837,0.01870389712161749,phillips
"Bahamas, The",2017,0.0150679757900684,0.0034128286232136484,phillips
"Bahamas, The",2018,0.0224057408306999,0.012600052512980891,phillips
"Bahamas, The",2019,0.0246070994091542,0.016804103749621414,phillips
"Bahamas, The",2020,0.0003851368053577,0.03227927961058681,phillips
"Bahamas, The",2021,0.0286351974935019,0.007890630856073258,phillips
"Bahamas, The",2022,0.054539380335612,0.019537319597628833,phillips
Bangladesh,2016,0.0536689646528154,0.06000098802029256,phillips
Bangladesh,2017,0.0554542919108156,0.05625108455702858,phillips
Bangladesh,2018,0.0539541544087542,0.05695046828872705,phillips
Bangladesh,2019,0.0544123907385012,0.05522592070241167,phillips
Bangladesh,2020,0.0553502638475986,0.057276065480330464,phillips
Bangladesh,2021,0.0539734155755144,0.057425803689315755,phillips
Bangladesh,2022,0.0741511189607386,0.05609765748175212,phillips
Bangladesh,2023,0.0942505553077301,0.06849996807137781,phillips
Barbados,2016,0.0127378098511572,0.0018781475642148408,phillips
Barbados,2017,0.0455485791390133,0.015856163061950444,phillips
Barbados,2018,0.0305874547854729,0.03657234533379218,phillips
Barbados,2019,0.0166272453457745,0.02779487513409377,phillips
Barbados,2023,0.0313745222871233,0.018009773079877264,phillips
Belarus,2016,0.1118685194741706,0.15987948180421208,phillips
Belarus,2017,0.0585692144593812,0.14941004069272956,phillips
Belarus,2018,0.0475732545638312,0.11596783049616156,phillips
Belarus,2019,0.0544707225406737,0.10914293779433377,phillips
Belarus,2020,0.053997000037544,0.11447649001897353,phillips
Belarus,2021,0.0903915933313994,0.11342268920086586,phillips
Belize,2016,0.0066123617497151,0.0006913835486495618,phillips
Belize,2017,0.0114111780788297,0.011281597037106895,phillips
Belize,2018,0.0026961882421154,0.013810559055758212,phillips
Belize,2019,0.0018689462831789,0.006307173937025788,phillips
Belize,2020,0.001213609723865,0.016376998497818557,phillips
Belize,2021,0.0318439232691289,0.0074597010815415,phillips
Belize,2022,0.0608777022074846,0.022991432798780458,phillips
Belize,2023,0.0429621683923038,0.04310609197164176,phillips
Benin,2016,-0.0079647359245953,0.021010516531688027,phillips
Benin,2017,0.0004325549897039,0.014587992668199145,phillips
Benin,2018,0.0091497205283177,0.018912089940952947,phillips
Benin,2019,0.0073017707821545,0.023484955435958015,phillips
Benin,2020,0.0297793720563461,0.023675980935789237,phillips
Benin,2021,0.0171868525397984,0.03652060479256856,phillips
Benin,2022,0.0134173695230845,0.028948703255025174,phillips
Benin,2023,0.0270186933029821,0.026631688603085887,phillips
Bhutan,2016,0.0316913509554614,0.050324292800016365,phillips
Bhutan,2017,0.048362298074946,0.043739391315391236,phillips
Bhutan,2018,0.0268752422066569,0.053223413044997885,phillips
Bhutan,2019,0.0268992529861042,0.03774003279290855,phillips
Bhutan,2020,0.0547662264217931,0.04541626145343185,phillips
Bhutan,2021,0.0708946630508906,0.06018576729485463,phillips
Bhutan,2022,0.0548590134313498,0.06784352972544833,phillips
Bhutan,2023,0.0414235178820048,0.05679065891848494,phillips
Bolivia,2016,0.0355911951610332,0.04340668114081808,phillips
Bolivia,2017,0.0278365243941882,0.04002467531361249,phillips
Bolivia,2018,0.0224663301377159,0.034558537221890534,phillips
Bolivia,2019,0.0182283009463892,0.030698841490395975,phillips
Bolivia,2020,0.0093634473180594,0.037148180992641035,phillips
Bolivia,2021,0.0073467833891553,0.02622203634807191,phillips
Bolivia,2022,0.017312556400717,0.02368197239043151,phillips
Bolivia,2023,0.0254424582628161,0.029274308277218566,phillips
Bosnia and Herzegovina,2016,-0.0159678096175364,-0.004919011345156425,phillips
Bosnia and Herzegovina,2017,0.0080686935841054,-0.008393755623549314,phillips
Bosnia and Herzegovina,2018,0.0140716102686466,0.005432964962315425,phillips
Bosnia and Herzegovina,2019,0.0056120445188039,0.008908420258265833,phillips
Bosnia and Herzegovina,2020,-0.0105686116264553,0.007549691138207141,phillips
Bosnia and Herzegovina,2021,0.019622601346164,-0.0048691597527515,phillips
Bosnia and Herzegovina,2022,0.1312110885231927,0.012598852551534076,phillips
Bosnia and Herzegovina,2023,0.0592674766382854,0.08030352413565728,phillips
Botswana,2016,0.0277606614444465,0.049232427954265426,phillips
Botswana,2017,0.0325473492449246,0.04712037388808035,phillips
Botswana,2018,0.0318669673435856,0.04901126825311079,phillips
Botswana,2019,0.0273511674861488,0.04809970411457299,phillips
Botswana,2020,0.0187271390507,0.052841590914187025,phillips
Botswana,2021,0.0699082438607181,0.04236495545232166,phillips
Botswana,2022,0.110338213647001,0.07198804169415032,phillips
Botswana,2023,0.049433913998409,0.096686989999831,phillips
Brazil,2016,0.0837816493265251,0.18557993656382882,phillips
Brazil,2017,0.0338831605597249,0.18280722990522796,phillips
Brazil,2018,0.0359929159910823,0.15175334867347273,phillips
Brazil,2019,0.0366498749573631,0.15256329388508721,phillips
Brazil,2020,0.0316126919345878,0.15581066354200276,phillips
Brazil,2021,0.0797502934402585,0.15089665574192632,phillips
Brazil,2022,0.0887441806389013,0.1792970032596357,phillips
Brazil,2023,0.0449118228583067,0.1842086422864451,phillips
Brunei Darussalam,2016,-0.0027908233848279,-0.0008792391002936017,phillips
Brunei Darussalam,2017,-0.0126851741578226,-0.0004447253519027114,phillips
Brunei Darussalam,2018,0.0101983376504257,-0.006062401405402099,phillips
Brunei Darussalam,2019,-0.0039128659768223,0.005691328856022273,phillips
Brunei Darussalam,2020,0.0192173576874816,-0.0031253619786652436,phillips
Brunei Darussalam,2021,0.0171856165412016,0.011931078829681507,phillips
Brunei Darussalam,2022,0.0361607507210184,0.011770172802403082,phillips
Brunei Darussalam,2023,0.0035642835033513,0.022388628433090148,phillips
Bulgaria,2016,-0.0080185617742936,0.08451155961500774,phillips
Bulgaria,2017,0.0204063292905836,0.08015356137104358,phillips
Bulgaria,2018,0.0277566428054312,0.09731476241604975,phillips
Bulgaria,2019,0.0305653774937608,0.1009163164576851,phillips
Bulgaria,2020,0.0165860967503972,0.1063776150137795,phillips
Bulgaria,2021,0.0324453540132765,0.09503714244471075,phillips
Bulgaria,2022,0.1425862886424065,0.1040182598888835,phillips
Bulgaria,2023,0.0902322306420062,0.17106286412586091,phillips
Burkina Faso,2016,0.0044007171051507,0.017240075090365972,phillips
Burkina Faso,2017,0.0147211006478098,0.015155810777235667,phillips
Burkina Faso,2018,0.019370602876533,0.020633058526369066,phillips
Burkina Faso,2019,-0.0328681824046368,0.022915344976538222,phillips
Burkina Faso,2020,0.0186716022930673,-0.006795219923237748,phillips
Burkina Faso,2021,0.0358811778985144,0.022408640748322446,phillips
Burkina Faso,2022,0.133570951857485,0.03410205402651893,phillips
Burkina Faso,2023,0.0074016444091,0.09308012498652259,phillips
Burundi,2016,0.0540874384617913,0.0760074306849445,phillips
Burundi,2017,0.1488727931377482,0.07577131288915001,phillips
Burundi,2018,-0.0285507007365124,0.13142181316946827,phillips
Burundi,2019,-0.0068914130413348,0.024234610936777944,phillips
Burundi,2020,0.0706551491896458,0.038902083084014064,phillips
Burundi,2021,0.0806997697679943,0.08510825283779326,phillips
Burundi,2022,0.1722786170957162,0.09137461184070021,phillips
Burundi,2023,0.2385560350461828,0.14595289492757363,phillips
Cabo Verde,2016,-0.0141782010605275,0.010824311875592851,phillips
Cabo Verde,2017,0.0078135470915725,-5.95208732298326e-05,phillips
Cabo Verde,2018,0.0124832772501646,0.011626112297464831,phillips
Cabo Verde,2019,0.0110142132991777,0.010321421018239687,phillips
Cabo Verde,2020,0.0060396861777336,0.02475776137946236,phillips
Cabo Verde,2021,0.0184502678578724,0.018453315849489574,phillips
Cabo Verde,2022,0.076321292844451,0.018572134351955823,phillips
Cabo Verde,2023,0.0365669581217371,0.05293096496848009,phillips
Cambodia,2016,0.0297446078076557,0.027600804751830115,phillips
Cambodia,2017,0.0287102440043689,0.03765240211004767,phillips
Cambodia,2018,0.0242933636699262,0.035565702618227155,phillips
Cambodia,2019,0.0192394786433363,0.031155007110280297,phillips
Cambodia,2020,0.0289789753650993,0.032936404661704936,phillips
Cambodia,2021,0.0287889406919372,0.03895393481173051,phillips
Cambodia,2022,0.0520581769553532,0.0377593247932913,phillips
Cambodia,2023,0.02105153302925,0.05077127757460122,phillips
Cameroon,2016,0.0087039146296774,0.030464689353248527,phillips
Cameroon,2017,0.0063836724355255,0.020467868362942263,phillips
Cameroon,2018,0.0106318620543355,0.019377028967371913,phillips
Central African Republic,2016,0.0482703410949696,0.026198541320168738,phillips
Central African Republic,2017,0.0409569292757909,0.04535077637381684,phillips
Central African Republic,2018,0.0159929962297482,0.04049110650826933,phillips
Central African Republic,2019,0.0264995016477405,0.02544808942019587,phillips
Central African Republic,2020,0.0169569802729645,0.03279426700934432,phillips
Central African Republic,2021,0.0417114948816035,0.02778189911097754,phillips
Central African Republic,2022,0.054328772501182,0.04354293293904174,phillips
Chad,2016,-0.0079559702179752,0.043454914531123386,phillips
Chad,2017,-0.0154903547468618,0.014699525990183811,phillips
Chad,2018,0.0418578289251243,0.007541102950312892,phillips
Chad,2019,-0.0097669333432559,0.03970350394154905,phillips
Chad,2020,0.0436737104847262,0.010112164380693784,phillips
Chad,2021,-0.0077584628923954,0.04301357608528627,phillips
Chile,2016,0.0371627658675173,0.04148607798175501,phillips
Chile,2017,0.0215923822649619,0.038442923666024253,phillips
Chile,2018,0.0240571894204109,0.027507061975401325,phillips
Chile,2019,0.0252538673212052,0.029437761869563133,phillips
Chile,2020,0.030000363457904,0.035297348026259154,phillips
Chile,2021,0.0442519619237566,0.03257480825848106,phillips
Chile,2022,0.1101438576145943,0.04130066108293999,phillips
Chile,2023,0.0730802103896621,0.08203194276501956,phillips
China,2016,0.0198026451581316,0.025128757871501907,phillips
China,2017,0.0158057878259887,0.028195854418440407,phillips
China,2018,0.0205355978199577,0.025398720965092957,phillips
China,2019,0.0285800142934276,0.028001529368800897,phillips
China,2020,0.0239061755720566,0.03472112798935216,phillips
China,2021,0.0097623442297853,0.02987642345065272,phillips
China,2022,0.0195435305706856,0.02260603054650659,phillips
China,2023,0.0023456151814889,0.02822905925164417,phillips
Colombia,2016,0.0724458653345871,0.06117781465154819,phillips
Colombia,2017,0.0422383982134952,0.07582772018973255,phillips
Colombia,2018,0.0318917034665044,0.05718295036558316,phillips
Colombia,2019,0.0346238109486511,0.05005198800012244,phillips
Colombia,2020,0.0249524325010561,0.05793860093559297,phillips
Colombia,2021,0.0343536726688613,0.04746117640868051,phillips
Colombia,2022,0.0969200773564447,0.0508719302229537,phillips
Colombia,2023,0.1109679052758894,0.09035556785702253,phillips
Comoros,2016,0.007943540684062,0.009526645248835636,phillips
Comoros,2017,-0.0023764437484983,0.014306990234520058,phillips
Comoros,2018,0.0212873171880048,0.007385587032211486,phillips
Comoros,2019,0.0351946911756355,0.021815013656314282,phillips
Comoros,2020,0.0078356403268751,0.0314991318299946,phillips
Comoros,2021,-4.41803441750821e-05,0.015016591652195486,phillips
Comoros,2022,0.1180677191932915,0.009912620542697743,phillips
Comoros,2023,0.0804156186404574,0.08018490595883111,phillips
"Congo, Dem. Rep.",2016,0.028449945676602,0.26781816962197563,phillips
"Congo, Rep.",2016,0.0314072074239462,0.03929236634956322,phillips
"Congo, Rep.",2017,0.0044905406463247,0.040896927620243134,phillips
"Congo, Rep.",2018,0.0114618509383843,0.024121790690021724,phillips
"Congo, Rep.",2019,0.0218209132823119,0.02583673938272212,phillips
"Congo, Rep.",2020,0.0177944502069715,0.035024569614523375,phillips
"Congo, Rep.",2021,0.0170109179671893,0.03132717981327184,phillips
"Congo, Rep.",2022,0.0299804933851497,0.029777951388281886,phillips
"Congo, Rep.",2023,0.0421179125603652,0.03642693436249986,phillips
Costa Rica,2016,-0.0001748037831923,0.03850309476596991,phillips
Costa Rica,2017,0.0161283061196844,0.03289886296730524,phillips
Costa Rica,2018,0.0219680713746299,0.04266618745318282,phillips
Costa Rica,2019,0.0207438151543932,0.04609393396538369,phillips
Costa Rica,2020,0.0072229662418914,0.04976693170716105,phillips
Costa Rica,2021,0.0171174327496155,0.038664244965918186,phillips
Costa Rica,2022,0.0795020221663289,0.044031677490550626,phillips
Costa Rica,2023,0.0052381917741763,0.08068584383897441,phillips
Cote d'Ivoire,2016,0.0072057606122095,0.022639560029410165,phillips
Cote d'Ivoire,2017,0.0068353960146616,0.01907155273094207,phillips
Cote d'Ivoire,2018,0.0040049476527608,0.019561479733415706,phillips
Cote d'Ivoire,2019,0.0078774464075017,0.017067838554292013,phillips
Cote d'Ivoire,2020,0.0238388450334809,0.0221962613116509,phillips
Cote d'Ivoire,2021,0.0407502791083,0.030670948753516274,phillips
Cote d'Ivoire,2022,0.0510117760945743,0.04026834774644927,phillips
Cote d'Ivoire,2023,0.0427694334966988,0.045834102828516965,phillips
Czechia,2016,0.0068117890903467,0.013523217244781898,phillips
Czechia,2017,0.0242099008316136,0.014468908100517899,phillips
Czechia,2018,0.0212671910586665,0.024774817918556822,phillips
Czechia,2019,0.0280807780666103,0.02196107640209038,phillips
Czechia,2020,0.0311235510239518,0.030459481453765886,phillips
Czechia,2021,0.0376795734669741,0.030515462717029332,phillips
Czechia,2022,0.1406325645505086,0.03343755541305746,phillips
Czechia,2023,0.1013036388853398,0.09594904883518635,phillips
Denmark,2016,0.0024968801985876,0.009633645297793711,phillips
Denmark,2017,0.0114060249704088,0.007925281116281206,phillips
Denmark,2018,0.0081031750936171,0.013407061710011787,phillips
Denmark,2019,0.0075527219789348,0.011515748083437237,phillips
Denmark,2020,0.0041982945565886,0.013490206070278067,phillips
Denmark,2021,0.018360857463973,0.008548124589233297,phillips
Denmark,2022,0.0741475220756147,0.017864672761386,phillips
Denmark,2023,0.0325173158161007,0.05197937256985322,phillips
Djibouti,2016,0.0237412241087069,-0.01706964714271003,phillips
Djibouti,2017,0.0057562581573566,0.0003635680348981832,phillips
Djibouti,2018,0.0013874011139369,-0.010269969341186189,phillips
Djibouti,2019,0.0326378632099295,-0.013509410135885176,phillips
Djibouti,2020,0.0176336626394801,0.007169321691050275,phillips
Djibouti,2021,0.011739500021564,-0.0018834159330798003,phillips
Djibouti,2022,0.0504290194310481,-0.005788776184070747,phillips
Djibouti,2023,0.0143865245996659,0.01615281634324901,phillips
Dominica,2016,0.0014171576149486,-0.0018396132410037121,phillips
Dominica,2017,0.0029581492518193,0.008005706764494526,phillips
Dominica,2018,0.0098433065043863,0.005918788665342454,phillips
Dominica,2019,0.0149341635605297,0.006555703272340834,phillips
Dominica,2020,0.0121287921479664,0.020153907712360898,phillips
Dominica,2021,0.0220443608407672,0.015519616159982612,phillips
Dominica,2022,0.0284407237187513,0.01648020704661663,phillips
Dominica,2023,0.0496162498341385,0.019822077761488505,phillips
Dominican Republic,2016,0.0160127692838285,0.026836053137130028,phillips
Dominican Republic,2017,0.032269270715231,0.032224176364630125,phillips
Dominican Republic,2018,0.0350237862494768,0.040399133855715044,phillips
Dominican Republic,2019,0.0179440754781277,0.041398848892760194,phillips
Dominican Republic,2020,0.0371130300793298,0.03883557371095527,phillips
Dominican Republic,2021,0.0792085458248097,0.044394641634098064,phillips
Dominican Republic,2022,0.0844430926195825,0.06907996184476717,phillips
Dominican Republic,2023,0.0467462941294547,0.07355306094917728,phillips
Ecuador,2016,0.017135000117511,0.08476198634922402,phillips
Ecuador,2017,0.0041646715903809,0.06878594590843161,phillips
Ecuador,2018,-0.0022435473312745,0.06081216074198989,phillips
Ecuador,2019,0.0026565932838371,0.057108191356049484,phillips
Ecuador,2020,-0.0033944786550197,0.0668091237758716,phillips
Ecuador,2021,0.0013316268522522,0.05844397449770979,phillips
Ecuador,2022,0.0340745106980042,0.0592098265966678,phillips
Ecuador,2023,0.0219149794377919,0.0793667847583186,phillips
"Egypt, Arab Rep.",2016,0.1293918910775744,0.08928740148781447,phillips
"Egypt, Arab Rep.",2017,0.2585617239190405,0.10784285226629399,phillips
"Egypt, Arab Rep.",2018,0.1345437056442486,0.1848750831563919,phillips
"Egypt, Arab Rep.",2019,0.0875785457238045,0.10994310010116969,phillips
"Egypt, Arab Rep.",2020,0.0492180049161037,0.08243386490939307,phillips
"Egypt, Arab Rep.",2021,0.0508266548770057,0.06024278369540313,phillips
"Egypt, Arab Rep.",2022,0.1301125887220076,0.06001404982007748,phillips
"Egypt, Arab Rep.",2023,0.2918093657834539,0.1081229851915987,phillips
El Salvador,2016,0.0060223202412803,0.009820541579429713,phillips
El Salvador,2017,0.0100726405330018,0.017592893625321862,phillips
El Salvador,2018,0.0108442876479539,0.01952294421985248,phillips
El Salvador,2019,0.0007529578061289,0.01938680831012236,phillips
El Salvador,2020,-0.0037228232383146,0.019845115976501154,phillips
El Salvador,2021,0.0340818186735445,0.011532248343836256,phillips
El Salvador,2022,0.0695131535736672,0.03434632182382849,phillips
El Salvador,2023,0.0396585686481198,0.05547521420311394,phillips
Equatorial Guinea,2016,0.0140206413816956,0.03616560526296984,phillips
Equatorial Guinea,2017,0.0074159809771474,0.03407619363580176,phillips
Equatorial Guinea,2018,0.0105449471687064,0.030373441097793868,phillips
Equatorial Guinea,2019,0.0151868467331857,0.03271352697990104,phillips
Equatorial Guinea,2020,0.0465657418750149,0.03640559028172313,phillips
Equatorial Guinea,2021,-0.0009714793979789,0.053242843675708786,phillips
Equatorial Guinea,2022,0.0467568321322318,0.021713731407056583,phillips
Equatorial Guinea,2023,0.0281937453477345,0.05285463902648159,phillips
Eswatini,2016,0.0755459161601974,0.05825166730170794,phillips
Eswatini,2017,0.0603551764777128,0.07405351042621819,phillips
Eswatini,2018,0.0470272938415963,0.06669388285489472,phillips
Eswatini,2019,0.0256484113093193,0.056542647647155594,phillips
Fiji,2016,0.0379047070413252,0.02009003617221871,phillips
Fiji,2017,0.0329276682984263,0.03248390840020916,phillips
Fiji,2018,0.0400038331313652,0.027189958751453733,phillips
Fiji,2019,0.0177798620533433,0.030843737753829766,phillips
Fiji,2020,-0.0171476001226125,0.028495834919671694,phillips
Fiji,2021,0.0152289342576912,0.010150545432130884,phillips
Fiji,2022,0.0590122573874474,0.020165366356893935,phillips
Fiji,2023,0.029320335034245,0.042548801823109814,phillips
Gabon,2016,0.0208482287765372,0.01105653167215949,phillips
Gabon,2017,0.0261737184449346,0.02665395067459957,phillips
Gabon,2018,0.0463974612788149,0.030522851377389526,phillips
Gabon,2019,0.0243468705017511,0.04137432742822048,phillips
"Gambia, The",2018,0.0631716646597144,0.05489442579602108,phillips
"Gambia, The",2019,0.0687391510282173,0.05669319215531069,phillips
"Gambia, The",2020,0.0576203616898389,0.06233247660462533,phillips
"Gambia, The",2021,0.0711138647514575,0.05523639686022523,phillips
"Gambia, The",2022,0.1089720646988734,0.06295069282020989,phillips
"Gambia, The",2023,0.1567833224939168,0.08511045852557315,phillips
Georgia,2016,0.0211245682391707,0.037188429944263246,phillips
Georgia,2017,0.0586020342607476,0.025633814368296592,phillips
Georgia,2018,0.0258163196679674,0.04683179116249175,phillips
Georgia,2019,0.0473882125321063,0.02627419806645508,phillips
Georgia,2020,0.0507165445519861,0.046211353282858435,phillips
Georgia,2021,0.0913652664761066,0.04512060435662569,phillips
Georgia,2022,0.1124190343814524,0.06687881131113069,phillips
Georgia,2023,0.0245731963462647,0.07899934548666217,phillips
Ghana,2016,0.1608819854458554,0.17049259146315893,phillips
Ghana,2017,0.1166439119964684,0.17013420499919008,phillips
Ghana,2018,0.0751887786999825,0.14285056974834923,phillips
Ghana,2019,0.0690001784378022,0.11684607822025365,phillips
Ghana,2020,0.0942850141624562,0.1154823268584935,phillips
Ghana,2021,0.0950473150315351,0.12993912423290377,phillips
Ghana,2022,0.2719786295599551,0.13038354643423675,phillips
Ghana,2023,0.3228583121823067,0.23686073110121145,phillips
Grenada,2016,0.0163691902256406,0.004220532374533887,phillips
Grenada,2017,0.0090435659638767,0.016308299865712084,phillips
Grenada,2018,0.0080088663734132,0.010219759625254007,phillips
Grenada,2019,0.0059636795077731,0.009315214256318795,phillips
Grenada,2020,-0.0074348964428327,0.017497254202472452,phillips
Grenada,2021,0.0121213580036458,0.006753612722566804,phillips
Grenada,2022,0.0254780529204126,0.014874860242134125,phillips
Grenada,2023,0.0266041765642635,0.021320437979455077,phillips
Guatemala,2016,0.0435233856699008,0.03434363573884633,phillips
Guatemala,2017,0.0432944862893016,0.046362177429129243,phillips
Guatemala,2018,0.0368319186681578,0.04602775972116826,phillips
Guatemala,2019,0.0363317747641165,0.04155616490181971,phillips
Guatemala,2020,0.0316385857777881,0.04450041658729507,phillips
Guatemala,2021,0.0417276764990734,0.03898421540120968,phillips
Guatemala,2022,0.0665845038752612,0.04485938358505266,phillips
Guatemala,2023,0.0602158410790538,0.06003665466600395,phillips
Guinea,2016,0.078558663542287,0.11617150320325728,phillips
Guinea,2017,0.0853916945706458,0.09476899592311375,phillips
Guinea,2018,0.0937418325230767,0.09928185948705716,phillips
Guinea,2019,0.090480448063329,0.10476278429878357,phillips
Guinea,2020,0.1007645534333017,0.10346299951614946,phillips
Guinea,2021,0.1186474464496454,0.10947038822274666,phillips
Guinea,2022,0.0997823555968961,0.12087900362338175,phillips
Guinea,2023,0.0751536302274535,0.10922867151557486,phillips
Guinea-Bissau,2016,0.0149193564409628,0.042530344921788754,phillips
Guinea-Bissau,2017,0.0167697446971866,0.04255961981873821,phillips
Guinea-Bissau,2018,0.0038059950313806,0.04413751449207701,phillips
Guinea-Bissau,2019,0.0024629670863722,0.03587451524286979,phillips
Guinea-Bissau,2020,0.0113356025442215,0.03614552657990093,phillips
Guinea-Bissau,2021,0.0221771470265554,0.04130439766130604,phillips
Guinea-Bissau,2022,0.0897562337033113,0.047470010467477515,phillips
Guinea-Bissau,2023,0.0686134195028103,0.08754749097644536,phillips
Guyana,2016,0.0083253286926945,0.008051755834899185,phillips
Guyana,2017,0.0188674465740614,0.02021897654794689,phillips
Guyana,2018,0.0127468415678926,0.029824632117973655,phillips
Guyana,2019,0.0206574666366972,0.03256196483279353,phillips
Guyana,2020,0.0098843586061487,0.027825466862882803,phillips
Guyana,2021,0.0491030270919301,0.0269464753382326,phillips
Guyana,2022,0.0593537487272204,0.038472643604158446,phillips
Guyana,2023,0.0278204314803121,0.04639494193376695,phillips
Haiti,2016,0.1088804798570333,0.08632645015040796,phillips
Haiti,2017,0.1014737705589521,0.1117384449582397,phillips
Haiti,2018,0.1176177874884931,0.1064483721806303,phillips
Haiti,2019,0.1714609817352199,0.11684676127208997,phillips
Haiti,2020,0.2053567915234255,0.1503986084795027,phillips
Haiti,2021,0.1556483350947752,0.17070077762828198,phillips
Haiti,2022,0.2925496959301803,0.1406715448580437,phillips
Haiti,2023,0.3134486175220221,0.2226609818749566,phillips
Honduras,2016,0.0268815539672795,0.05147962631264305,phillips
Honduras,2017,0.0385893681702445,0.047922275746625304,phillips
Honduras,2018,0.0425550459453774,0.05419674342886276,phillips
Honduras,2019,0.0427325356164063,0.056315246732013734,phillips
Honduras,2020,0.0340961799363217,0.0639420812785621,phillips
Honduras,2021,0.0438338986674349,0.05295308944541423,phillips
Honduras,2022,0.0869997354783311,0.058395049101119076,phillips
Honduras,2023,0.0645065062826768,0.08434768339875227,phillips
"Hong Kong SAR, China",2016,0.0238074154420981,0.026406078823666197,phillips
"Hong Kong SAR, China",2017,0.0148282406161861,0.02171968069328367,phillips
"Hong Kong SAR, China",2018,0.0237764302963467,0.015115104788323092,phillips
"Hong Kong SAR, China",2019,0.028424261201339,0.021620789615293658,phillips
"Hong Kong SAR, China",2020,0.0025064763728073,0.028570095911036267,phillips
"Hong Kong SAR, China",2021,0.0155658052598566,0.008772276722783518,phillips
"Hong Kong SAR, China",2022,0.018638882485912,0.018949737333477865,phillips
"Hong Kong SAR, China",2023,0.0207492880174768,0.01872144771414252,phillips
Hungary,2016,0.0039399213733819,0.028989913980366232,phillips
Hungary,2017,0.0232109575448751,0.031513668755193756,phillips
Hungary,2018,0.0281038406665175,0.04186908253155645,phillips
Hungary,2019,0.0328406572130246,0.04365875227730435,phillips
Hungary,2020,0.0327260516703074,0.05119931162813586,phillips
Hungary,2021,0.0498464189342806,0.04835611744778273,phillips
Hungary,2022,0.1363486798971322,0.05766370925485588,phillips
Hungary,2023,0.1580712640080097,0.11164761984592497,phillips
Iceland,2016,0.0168269063837058,0.024217247505854553,phillips
Iceland,2017,0.0174509976343575,0.02450637472456243,phillips
Iceland,2018,0.0264755849079243,0.023630810603412763,phillips
Iceland,2019,0.0296944415038806,0.02959684308272639,phillips
Iceland,2020,0.0280812453197665,0.037251046459692974,phillips
Iceland,2021,0.0434831516368419,0.03475892225817909,phillips
Iceland,2022,0.0798158060772102,0.04083764517777376,phillips
Iceland,2023,0.0837555266173586,0.06193043411216752,phillips
India,2016,0.0482968648089379,0.054833498012474224,phillips
India,2017,0.0327398864917993,0.05463920000836274,phillips
India,2018,0.0386323330427682,0.0443809525630936,phillips
India,2019,0.0366164185295252,0.047833874516853586,phillips
India,2020,0.0641331587670199,0.05241854219705939,phillips
India,2021,0.0500408814275035,0.06480448670269809,phillips
Indonesia,2016,0.0346507147550845,0.07409972878029834,phillips
Indonesia,2017,0.0373805458615823,0.05755858562428979,phillips
Indonesia,2018,0.0314826549084079,0.05850991997247845,phillips
Indonesia,2019,0.029855696119692,0.054028439319061414,phillips
Indonesia,2020,0.019016389593367,0.05640843686153081,phillips
Indonesia,2021,0.0154803470378537,0.04959911227404624,phillips
Indonesia,2022,0.0412327706568094,0.04636432687361744,phillips
Indonesia,2023,0.0360366739820445,0.06096878755837988,phillips
"Iran, Islamic Rep.",2016,0.0699497181321024,0.1410387911227834,phillips
Iraq,2016,0.00554978538407,0.014999712918156386,phillips
Iraq,2017,0.0018388971802014,0.013158541082658954,phillips
Iraq,2018,0.0036676807180269,0.010275272249424731,phillips
Iraq,2019,-0.0019916357907785,0.008132625358791525,phillips
Iraq,2020,0.0057252064780328,0.012879433255130402,phillips
Iraq,2021,0.0586637819489741,0.01656732498459921,phillips
Iraq,2022,0.0487403149632728,0.04382508591512076,phillips
Iraq,2023,0.0426604971427169,0.038201971044345195,phillips
Israel,2016,-0.0053660535046429,0.008757276992136326,phillips
Israel,2017,0.0024949633899975,0.008791053391885156,phillips
Israel,2018,0.0080183705669529,0.01322071910425328,phillips
Israel,2019,0.0081432132596255,0.0164114196531126,phillips
Israel,2020,-0.0057691558319685,0.02019201341765944,phillips
Israel,2021,0.0146881465616584,0.008688378566401788,phillips
Israel,2022,0.0431708554322414,0.01983347235008554,phillips
Israel,2023,0.0413840064661661,0.03854467241991943,phillips
Jamaica,2016,0.0232381111681219,0.0658267094371939,phillips
Jamaica,2017,0.0428525585681578,0.05750382290056209,phillips
Jamaica,2018,0.0366851823863854,0.06842173334357278,phillips
Jamaica,2019,0.0383077966550482,0.06410551747781212,phillips
Jamaica,2020,0.0509476236831982,0.07131325742655009,phillips
Jamaica,2021,0.0569735641319484,0.07636922123644768,phillips
Jamaica,2022,0.0984830394947637,0.07748598172056623,phillips
Jamaica,2023,0.0627319278547693,0.10236035409551797,phillips
Japan,2016,-0.0012733988732103,0.005132822117223792,phillips
Japan,2017,0.0048303131923779,-0.0010392181082182629,phillips
Japan,2018,0.0098423507465126,0.0023715427743121586,phillips
Japan,2019,0.0046768082572103,0.005580066927433098,phillips
Japan,2020,-0.00024998958507,0.005150954987571202,phillips
Japan,2021,-0.0023362547130156,0.0005505449223158524,phillips
Japan,2022,0.0246702004535803,-0.0010332975688505917,phillips
Japan,2023,0.0321586590939571,0.014579722351393437,phillips
Jordan,2016,-0.0078147604845524,0.00623714999897136,phillips
Jordan,2017,0.0326984748679324,0.006517638522068544,phillips
Jordan,2018,0.043656160887477,0.030727524510657557,phillips
Jordan,2019,0.0075862916564002,0.03722715140627478,phillips
Jordan,2020,0.0033274015606599,0.017395204218741075,phillips
Jordan,2021,0.0133711442079205,0.013750293858229038,phillips
Jordan,2022,0.0414217092695308,0.019472431906426918,phillips
Jordan,2023,0.0206343388113001,0.0359138180057965,phillips
Kazakhstan,2016,0.1341907497887708,0.01226388949345189,phillips
Kazakhstan,2017,0.0717871538298435,0.053149817454530277,phillips
Kazakhstan,2018,0.0598117030242004,0.014862261818941305,phillips
Kazakhstan,2019,0.0519619002179307,0.006465971614329984,phillips
Kazakhstan,2020,0.0650211035691992,0.004986737977719577,phillips
Kazakhstan,2021,0.0773449613208603,0.011799966154823587,phillips
Kazakhstan,2022,0.1400042125391554,0.019058267050099657,phillips
Kazakhstan,2023,0.1356453048346022,0.05544002868793339,phillips
Kenya,2016,0.0610692245015078,0.07967766700333948,phillips
Kenya,2017,0.0770133515929085,0.07841657998731907,phillips
Kenya,2018,0.0458315677194693,0.08716342194003027,phillips
Kenya,2019,0.0510698300188998,0.06792071338775148,phillips
Kenya,2020,0.0526414250046434,0.07396886853338158,phillips
Kenya,2021,0.0592866545404993,0.07306849284088522,phillips
Kenya,2022,0.0738066516722568,0.07704473029177158,phillips
Kenya,2023,0.0739137764588298,0.0852841076326824,phillips
"Korea, Rep.",2016,0.0096699523420014,0.01581924056588654,phillips
"Korea, Rep.",2017,0.0192567166264439,0.01704204857642947,phillips
"Korea, Rep.",2018,0.0146505481983707,0.022447049941012723,phillips
"Korea, Rep.",2019,0.0038226872481601,0.01971820088548145,phillips
"Korea, Rep.",2020,0.0053584978068217,0.015121430377079206,phillips
"Korea, Rep.",2021,0.0246763522955717,0.014592453324627608,phillips
"Korea, Rep.",2022,0.0496423119467239,0.025936087646376248,phillips
"Korea, Rep.",2023,0.0353425899672172,0.04138161310561066,phillips
Kosovo,2016,0.0027279700144342,0.007771506185312629,phillips
Kosovo,2017,0.014772687606479,0.012232417747534804,phillips
Kosovo,2018,0.0104828399019867,0.019625818092034855,phillips
Kosovo,2019,0.0264081356184062,0.01611703649307602,phillips
Kosovo,2020,0.0019803171070389,0.031303477491019645,phillips
Kosovo,2021,0.0329868168901272,0.012380995178872513,phillips
Kosovo,2022,0.1095762112010536,0.030843332996195485,phillips
Kosovo,2023,0.0482597796157717,0.07684038902396931,phillips
Kuwait,2016,0.0314831414212513,0.030731009678822238,phillips
Kuwait,2017,0.0214858469955627,0.03352341994367621,phillips
Kuwait,2018,0.0054166349914881,0.025819315939714725,phillips
Kuwait,2019,0.0108593040134401,0.014826855387735788,phillips
Kuwait,2020,0.0207994787870786,0.021530213890181067,phillips
Kuwait,2021,0.0336632748922491,0.026964040101111676,phillips
Kuwait,2022,0.0390346344946328,0.031249692165441975,phillips
Kuwait,2023,0.0357740497493752,0.0364229441725365,phillips
Kyrgyz Republic,2016,0.0038808427477565,0.0708874503477338,phillips
Kyrgyz Republic,2017,0.0312593929297815,0.03479346255805462,phillips
Kyrgyz Republic,2018,0.0153088340640081,0.050772667432494555,phillips
Kyrgyz Republic,2019,0.0112724522790665,0.039808139906013375,phillips
Kyrgyz Republic,2020,0.0613342331675017,0.043550057135883155,phillips
Kyrgyz Republic,2021,0.1124804669082042,0.07168644753520864,phillips
Kyrgyz Republic,2022,0.1303517995992811,0.09866439265533863,phillips
Lesotho,2016,0.0638805382170817,0.03626123313950427,phillips
Lesotho,2017,0.0435162756710214,0.05731131937968422,phillips
Lesotho,2018,0.0464235852316292,0.04496331134173605,phillips
Lesotho,2019,0.0505703272335766,0.045936282024290905,phillips
Lesotho,2020,0.0485815401472713,0.05191039674578832,phillips
Liberia,2016,0.0846558845918181,0.07798608630298565,phillips
Liberia,2017,0.1170684016170886,0.08247097826164121,phillips
Liberia,2018,0.2115851285286307,0.10107630267171538,phillips
Liberia,2019,0.2387513220563972,0.15938391690150575,phillips
Liberia,2020,0.1566252511168722,0.1780819624860388,phillips
Liberia,2021,0.0752521174851983,0.1267881271879778,phillips
Liberia,2022,0.0731852631978862,0.07661706931958273,phillips
Liberia,2023,0.0961684801460478,0.07433323927710508,phillips
Libya,2016,0.2299513194852842,0.0804935061584583,phillips
Libya,2017,0.2295519216072969,0.14253627430937688,phillips
Libya,2018,0.1237227282930071,0.13809202769967371,phillips
Libya,2019,-0.0218589642224937,0.08108188021874273,phillips
Libya,2020,0.0143666691127561,0.014122911445128014,phillips
Libya,2021,0.0282796376389455,0.017557640924106162,phillips
"Macao SAR, China",2016,0.0234133312154503,0.046042312349208796,phillips
"Macao SAR, China",2017,0.0122064377954931,0.02362146656009607,phillips
"Macao SAR, China",2018,0.0296021307365386,0.007498762562008653,phillips
"Macao SAR, China",2019,0.0271474585549515,0.011732826955284076,phillips
"Macao SAR, China",2020,0.0080813627613656,0.052953301551706106,phillips
"Macao SAR, China",2021,0.0002645086615515,0.022402459989418897,phillips
"Macao SAR, China",2022,0.0103960535208873,0.029177199455383156,phillips
"Macao SAR, China",2023,0.0047525337574709,-0.000671431404637126,phillips
Madagascar,2016,0.0586061963448436,0.08837283009350624,phillips
Madagascar,2017,0.0825845583174889,0.08011831270396642,phillips
Madagascar,2018,0.0824480855577398,0.094067789712101,phillips
Madagascar,2019,0.0545877486506167,0.0923801312039974,phillips
Madagascar,2020,0.0411591516466929,0.08145183755010019,phillips
Madagascar,2021,0.0564961224589311,0.07159530702179959,phillips
Madagascar,2022,0.07844688413115,0.07960682888000131,phillips
Madagascar,2023,0.0941670425850418,0.09171366343609058,phillips
Malawi,2016,0.1964801263001403,0.19904619206577895,phillips
Malawi,2017,0.1092435123289154,0.19809310347296163,phillips
Malawi,2018,0.1170732559016158,0.14536552666002328,phillips
Malawi,2019,0.0895740876203694,0.14869727114394593,phillips
Malawi,2020,0.0827361358739766,0.1337121181300101,phillips
Malawi,2021,0.089201963561817,0.1285144292401263,phillips
Malawi,2022,0.1902398717775311,0.13341143304773603,phillips
Malawi,2023,0.2530109880570501,0.19428719693158852,phillips
Malaysia,2016,0.0206901411358737,0.02289098830530078,phillips
Malaysia,2017,0.0379814952335051,0.021904245641010588,phillips
Malaysia,2018,0.0088081853936046,0.03151791860366407,phillips
Malaysia,2019,0.0066070439933909,0.013040689375584695,phillips
Malaysia,2020,-0.0114523500741805,0.01695129553677851,phillips
Malaysia,2021,0.0244691965583285,0.005814433426534865,phillips
Malaysia,2022,0.0332287454388113,0.023934259110803907,phillips
Malaysia,2023,0.0245839784094767,0.029280097870778805,phillips
Maldives,2016,0.0050125104889762,0.02211065664057535,phillips
Maldives,2017,0.0277851271253757,0.017744356201981205,phillips
Maldives,2018,-0.001334624075814,0.027925767772555524,phillips
Maldives,2019,0.002197880201451,0.007075733501000868,phillips
Maldives,2020,-0.0137924222252365,0.03630165471589278,phillips
Maldives,2021,0.0054167995033322,0.008831087852564732,phillips
Maldives,2022,0.0230634166710856,0.016092973882270024,phillips
Maldives,2023,0.0288543349807044,0.028083394765431608,phillips
Mali,2016,-0.0181603766507603,0.019927691987891627,phillips
Mali,2017,0.0174455125539125,0.00018687517161105997,phillips
Mali,2018,0.0029909876075446,0.02127949419328927,phillips
Mali,2019,-0.0167217011014546,0.011801860757926256,phillips
Mali,2020,0.0043713212417522,0.002727382558001987,phillips
Mali,2021,0.0385050997692655,0.015269010270663862,phillips
Mali,2022,0.0918631190098544,0.03532017743092152,phillips
Mali,2023,0.0203789541560022,0.06633515026379799,phillips
Mauritania,2016,0.014609858931303,0.03907960660491283,phillips
Mauritania,2017,0.0222924322103157,0.027432089556554417,phillips
Mauritania,2018,0.0302125686895236,0.03176959008406868,phillips
Mauritania,2019,0.0227403923569529,0.03723893911682782,phillips
Mauritius,2016,0.0097292681504965,0.02831027971055539,phillips
Mauritius,2017,0.0360136242712627,0.025528489294804425,phillips
Mauritius,2018,0.0316542153433312,0.03960016597752405,phillips
Mauritius,2019,0.0040483462799647,0.035230889247383185,phillips
Mauritius,2020,0.0254806022579101,0.028684078905742576,phillips
Mauritius,2021,0.039494991704454,0.03969061945303337,phillips
Mauritius,2022,0.1023196579514591,0.04378342306410615,phillips
Mauritius,2023,0.0681536883937328,0.07976937674946993,phillips
Mexico,2016,0.0278263105720899,0.04663342499574552,phillips
Mexico,2017,0.0586599377014742,0.04674830879720545,phillips
Mexico,2018,0.047831134481389,0.06429202755821423,phillips
Mexico,2019,0.0357142015717162,0.05804456315541502,phillips
Mexico,2020,0.0334041581678068,0.056488749986219756,phillips
Mexico,2021,0.0553326059033851,0.051824305989728175,phillips
Mexico,2022,0.0760001740185991,0.0636283976903616,phillips
Mexico,2023,0.0538057637861904,0.07510713280259476,phillips
"Micronesia, Fed. Sts.",2016,-0.0104288727830388,0.009006756512943307,phillips
"Micronesia, Fed. Sts.",2017,0.0058056518943692,0.004010789367584868,phillips
"Micronesia, Fed. Sts.",2018,0.0148728511472508,0.014700601720432045,phillips
"Micronesia, Fed. Sts.",2019,0.0190557966040145,0.018509325916317994,phillips
"Micronesia, Fed. Sts.",2020,0.0055306241726995,0.02305503217184263,phillips
"Micronesia, Fed. Sts.",2021,0.0314142067676463,0.013908407849778735,phillips
Moldova,2016,0.0616528833778335,0.11838724955255567,phillips
Moldova,2017,0.0636340182095684,0.09935603991537298,phillips
Moldova,2018,0.0299961238197123,0.09965941747739421,phillips
Moldova,2019,0.0472440506401108,0.0784872881600007,phillips
Moldova,2020,0.0369679007687775,0.09541743134310869,phillips
Moldova,2021,0.0498030918423477,0.08167213759282921,phillips
Moldova,2022,0.252603689866314,0.0931482853709685,phillips
Moldova,2023,0.125901197919684,0.21461476354764214,phillips
Mongolia,2016,0.0073059685705469,0.05535791559872566,phillips
Mongolia,2017,0.0421148964712374,0.025464966302918612,phillips
Mongolia,2018,0.0660147550440566,0.043891916471487824,phillips
Mongolia,2019,0.0704684313109771,0.05660516906360869,phillips
Mongolia,2020,0.0365606693466959,0.06385276685078133,phillips
Mongolia,2021,0.0710076751424475,0.04405926532053202,phillips
Mongolia,2022,0.1410738885284628,0.06345620699409543,phillips
Mongolia,2023,0.0984650446300738,0.10299172927258207,phillips
Montenegro,2016,-0.0027175394014751,0.020333269032111845,phillips
Montenegro,2017,0.0235235000839271,0.009011442013504916,phillips
Montenegro,2018,0.0257771343584982,0.023049139301438537,phillips
Montenegro,2019,0.0036091163427185,0.022580124883506296,phillips
Montenegro,2020,-0.0025598305709042,0.02091766836128748,phillips
Montenegro,2021,0.0238220091791498,0.011127789248764508,phillips
Montenegro,2022,0.1225742384664885,0.02475575465896586,phillips
Montenegro,2023,0.0823609640200873,0.08287028967629534,phillips
Morocco,2016,0.0162208393973113,0.017799624923008052,phillips
Morocco,2017,0.0075182991206483,0.016678967603510765,phillips
Morocco,2018,0.0178783919601084,0.010847895731418665,phillips
Morocco,2019,0.0030292674986087,0.01624419197155038,phillips
Morocco,2020,0.0070348836913236,0.013115682472490061,phillips
Morocco,2021,0.0139222229273743,0.011604352854785789,phillips
Morocco,2022,0.0644482860751773,0.01598826851926313,phillips
Morocco,2023,0.0591283643935369,0.04548355857983334,phillips
Mozambique,2016,0.1605703877907798,0.04758588898355333,phillips
Mozambique,2017,0.1407458702457544,0.12369593483532082,phillips
Mozambique,2018,0.0383677956755139,0.11143086441072961,phillips
Mozambique,2019,0.0276414612328155,0.04998376843567074,phillips
Mozambique,2020,0.0342462038006576,0.04565225948646966,phillips
Mozambique,2021,0.0621150543792872,0.049557663735463484,phillips
Mozambique,2022,0.0978469758631837,0.06525484573190311,phillips
Mozambique,2023,0.0688446254980332,0.08515173010067514,phillips
Myanmar,2016,0.0669932426372739,0.1172945942802989,phillips
Myanmar,2017,0.0447107743156358,0.10344863960782937,phillips
Myanmar,2018,0.0664647459307605,0.09011071115590147,phillips
Myanmar,2019,0.0845715168238072,0.10298830306427686,phillips
Namibia,2016,0.0651188122292509,0.03966241104110702,phillips
Namibia,2017,0.0596434329479098,0.059643007827481345,phillips
Namibia,2018,0.0420205500779342,0.05525864392790566,phillips
Namibia,2019,0.0365478571794364,0.04426703915173305,phillips
Namibia,2020,0.0218532915730138,0.045213618036673946,phillips
Namibia,2021,0.0355303091070453,0.03284715551991617,phillips
Nepal,2016,0.0842523882451082,0.07494426953712238,phillips
Nepal,2017,0.0273917956185867,0.07771670414873759,phillips
Nepal,2018,0.043122649360046,0.042076182467889356,phillips
Nepal,2019,0.0541676827206254,0.05022322344861769,phillips
Nepal,2020,0.0493267655292148,0.060909344329751265,phillips
Nepal,2021,0.0404388886108666,0.05727214894883811,phillips
Nepal,2022,0.0739027191760799,0.050673948710200215,phillips
Nepal,2023,0.068740984175549,0.07171587166931159,phillips
New Zealand,2016,0.0064416110478502,0.008796148697663679,phillips
New Zealand,2017,0.018338690327142,0.010785044346240743,phillips
New Zealand,2018,0.0158565875789715,0.017601441893603527,phillips
New Zealand,2019,0.016066557870606,0.016341073819089183,phillips
New Zealand,2020,0.0170002897082977,0.01828838488694664,phillips
New Zealand,2021,0.0386544048289394,0.017615297974162197,phillips
New Zealand,2022,0.0692669316905609,0.030037136372428233,phillips
New Zealand,2023,0.0557484025276799,0.04914126670339402,phillips
Nicaragua,2016,0.0346252970795317,0.050195640350690435,phillips
Nicaragua,2017,0.0377838319380297,0.04574327536712134,phillips
Nicaragua,2018,0.0482875357815055,0.05040091284332028,phillips
Nicaragua,2019,0.0523674713829995,0.05895628789387862,phillips
Nicaragua,2020,0.0361565369746426,0.06360717934306462,phillips
Nicaragua,2021,0.0481081599382635,0.04875091765651426,phillips
Nicaragua,2022,0.0995504901190029,0.05526808899122575,phillips
Niger,2016,0.0164036142877135,0.011455325092832036,phillips
Niger,2017,0.0275798861451637,0.025116398292801906,phillips
Niger,2018,0.0292442251949918,0.030756685055300874,phillips
Niger,2019,-0.0252131227020164,0.03132715133144334,phillips
Niger,2020,0.0285699033476305,-0.00042085464690323586,phillips
Niger,2021,0.0376605354434067,0.03413263849315612,phillips
Niger,2022,0.0413935231906004,0.035559948804566935,phillips
Niger,2023,0.0363413136224339,0.039986012135482446,phillips
Nigeria,2016,0.1458028993342113,0.11935543407143467,phillips
Nigeria,2017,0.1527405393088461,0.15505727851048506,phillips
Nigeria,2018,0.1141774903035157,0.15818015038543592,phillips
Nigeria,2019,0.1079250255298802,0.13360346365895165,phillips
Nigeria,2020,0.1243924645370198,0.13407677166797685,phillips
Nigeria,2021,0.156600639556327,0.14351373520538735,phillips
Nigeria,2022,0.172668345647776,0.16079067084559887,phillips
Nigeria,2023,0.2204162371967424,0.16922556076923573,phillips
North Macedonia,2016,-0.0023957754563808,-0.015223544846148088,phillips
North Macedonia,2017,0.0134256601101574,-0.014085695687795687,phillips
North Macedonia,2018,0.0144778186228142,-0.00516571908214244,phillips
North Macedonia,2019,0.0076351734726163,-0.005965067970339893,phillips
North Macedonia,2020,0.0119292970397673,-0.0060024395526600965,phillips
North Macedonia,2021,0.0317965792811447,-0.005224375885339065,phillips
North Macedonia,2022,0.1328224179076844,0.006158337504851688,phillips
North Macedonia,2023,0.0894921286081018,0.06641937323356983,phillips
Norway,2016,0.0348844018535041,0.02060216864155208,phillips
Norway,2017,0.0185773730131826,0.02800725033162585,phillips
Norway,2018,0.0272730009647368,0.018537514894429098,phillips
Norway,2019,0.0214456888197673,0.0238264574715617,phillips
Norway,2020,0.0127837871493312,0.0220379642633459,phillips
Norway,2021,0.0342456711355625,0.015387104809594904,phillips
Norway,2022,0.0560411755365306,0.027310374383903047,phillips
Norway,2023,0.053709945706986,0.041451915478386246,phillips
Oman,2016,0.0110310146057601,0.010848171116430834,phillips
Oman,2017,0.0157660022105465,0.019027887623274058,phillips
Pakistan,2016,0.0369596893833232,0.045338455004075406,phillips
Pakistan,2017,0.0400412771708946,0.05265731559578066,phillips
Pakistan,2018,0.0495332904463925,0.05328939431742161,phillips
Pakistan,2019,0.1005512447359882,0.05966493466648989,phillips
Pakistan,2020,0.0929448044466401,0.09313321627237686,phillips
Pakistan,2021,0.090721630064718,0.08645068447131476,phillips
Pakistan,2022,0.1812698369693759,0.08399119627041149,phillips
Pakistan,2023,0.2682555541203664,0.14036836800659533,phillips
Papua New Guinea,2016,0.0646047265730658,0.06197139850348926,phillips
Papua New Guinea,2017,0.0528015902994365,0.06628950985670723,phillips
Papua New Guinea,2018,0.0428151034179631,0.0616988164420542,phillips
Papua New Guinea,2019,0.0385346404495621,0.055023822528508924,phillips
Paraguay,2016,0.0400551995435343,0.047399835323460975,phillips
Paraguay,2017,0.0353910568089892,0.05195158716709554,phillips
Paraguay,2018,0.0389861679324647,0.04868665768591226,phillips
Paraguay,2019,0.0271977382449204,0.05225912889125481,phillips
Paraguay,2020,0.0175207701880406,0.04669895692494318,phillips
Paraguay,2021,0.0467689142597658,0.039370089153849486,phillips
Paraguay,2022,0.0931766934640361,0.05796324506626731,phillips
Paraguay,2023,0.0452794646217205,0.08390510412546907,phillips
Peru,2016,0.0349537054448285,0.013218515088767587,phillips
Peru,2017,0.0295092909002905,0.014077123815491376,phillips
Peru,2018,0.0149787978874913,0.009436164022455312,phillips
Peru,2019,0.0222713609305511,7.535076861549771e-05,phillips
Peru,2020,0.0198262746400406,0.012755894649826231,phillips
Peru,2021,0.0418294594844912,0.0043279922686004,phillips
Peru,2022,0.0800461504457228,0.017162544978080833,phillips
Philippines,2016,0.0124590506973252,0.020029635615232855,phillips
Philippines,2017,0.0281324235626048,0.02267958701236289,phillips
Philippines,2018,0.0517319910007492,0.030938712477483834,phillips
Philippines,2019,0.0236390367422449,0.04323741411903369,phillips
Philippines,2020,0.0236497508835915,0.034295651566912916,phillips
Philippines,2021,0.0385202777229825,0.03209664599431186,phillips
Philippines,2022,0.0565802955986756,0.03786125129966982,phillips
Poland,2016,-0.006669867509105,0.01710382639778377,phillips
Poland,2017,0.0205468163652398,0.017786797463839783,phillips
Poland,2018,0.0179671356294335,0.03283920498897795,phillips
Poland,2019,0.0220303285319189,0.0308470455685547,phillips
Poland,2020,0.0331878377289234,0.03690231500755093,phillips
Poland,2021,0.049314094010338,0.04150112736714465,phillips
Poland,2022,0.1347882965185682,0.05005749846082541,phillips
Poland,2023,0.1091136788861124,0.10327832288897618,phillips
Qatar,2016,0.0264139760570545,0.023170560590961713,phillips
Qatar,2017,0.0039410131368011,0.029830059711888256,phillips
Qatar,2018,0.0025548873213789,0.015747666643874513,phillips
Qatar,2019,-0.0066887310185625,0.01448215306635198,phillips
Qatar,2020,-0.0257313809814787,0.011372063547634191,phillips
Qatar,2021,0.0227831385819454,-0.0006980048560947371,phillips
Qatar,2022,0.0487451682752952,0.02646357845100198,phillips
Qatar,2023,0.0298272030342534,0.04190376941431487,phillips
Romania,2016,-0.015568529766738,0.08922444488329043,phillips
Romania,2017,0.0133013555469139,0.08115628378928888,phillips
Romania,2018,0.0452169729793148,0.09769261133598442,phillips
Romania,2019,0.0375640948531685,0.1165248790002661,phillips
Romania,2020,0.0259705577373203,0.11619022333830294,phillips
Romania,2021,0.0492884091768255,0.10752694471217109,phillips
Romania,2022,0.1292326929434395,0.12070854439451392,phillips
Romania,2023,0.098914471774048,0.16906778380198434,phillips
Russian Federation,2016,0.0680551796966639,0.12635017907161405,phillips
Russian Federation,2017,0.0361711711321399,0.07997698726371802,phillips
Russian Federation,2018,0.0283766846521862,0.05972910663822006,phillips
Russian Federation,2019,0.043749158847997,0.054248503114263956,phillips
Russian Federation,2020,0.0332625946244098,0.0657079236039664,phillips
Rwanda,2016,0.0692866965011429,0.03686998543011939,phillips
Rwanda,2017,0.0795460002358154,0.06482856894307873,phillips
Rwanda,2018,-0.0031169542626967,0.06949188865657141,phillips
Rwanda,2019,0.0329305537300319,0.017766219936672985,phillips
Rwanda,2020,0.0939492452687211,0.04533152594464318,phillips
Rwanda,2021,-0.0039211451342522,0.07924864953517367,phillips
Rwanda,2022,0.1628771465803025,0.01978209950639493,phillips
Rwanda,2023,0.1805662400136825,0.11914546590399361,phillips
Samoa,2016,0.0129628055541459,0.019066901309364212,phillips
Samoa,2017,0.017347623836283,0.023033138670854082,phillips
Samoa,2018,0.0411175561493317,0.027017703169207954,phillips
Samoa,2019,0.0097753310850494,0.03897551336134469,phillips
Samoa,2020,-0.015813501717667,0.022509154808700926,phillips
Samoa,2021,0.0308512165370489,0.011021843474258265,phillips
Samoa,2022,0.1040165530026238,0.03873179926301591,phillips
Samoa,2023,0.0762352856936789,0.075157827788319,phillips
Sao Tome and Principe,2016,0.0528819685575259,0.07940973529722749,phillips
Sao Tome and Principe,2017,0.0553428975582406,0.0802601482017074,phillips
Sao Tome and Principe,2018,0.0757435993243005,0.08113788359757848,phillips
Sao Tome and Principe,2019,0.0743673587084945,0.09391878491435462,phillips
Sao Tome and Principe,2020,0.0936663559695825,0.09287733086333899,phillips
Sao Tome and Principe,2021,0.0782358798855202,0.10434773318619492,phillips
Sao Tome and Principe,2022,0.165562192526175,0.09583463670199366,phillips
Sao Tome and Principe,2023,0.1927578573937047,0.14870310500787048,phillips
Saudi Arabia,2016,0.02032671315723,0.014284861010357155,phillips
Saudi Arabia,2017,-0.0083835008963317,0.020217017431812048,phillips
Senegal,2016,0.008337991559765,0.012526105061529806,phillips
Senegal,2017,0.0130954110724026,0.015890501746829554,phillips
Senegal,2018,0.004599263578374,0.0183941798739738,phillips
Senegal,2019,0.0174480094357569,0.013568285134352615,phillips
Senegal,2020,0.0251134689624583,0.023324771727722637,phillips
Senegal,2021,0.0215689368534137,0.026601366351223468,phillips
Senegal,2022,0.0925501835236231,0.02476229298126928,phillips
Senegal,2023,0.0576977826829985,0.06734339866372763,phillips
Serbia,2016,0.0111606275958067,0.06527972713843487,phillips
Serbia,2017,0.0308304446808884,0.06385437495163332,phillips
Serbia,2018,0.0194088317584864,0.07474116367719776,phillips
Serbia,2019,0.018323394997922,0.06709361799012971,phillips
Serbia,2020,0.0156325022498258,0.06938530682010714,phillips
Serbia,2021,0.040038675197934,0.06525491838815364,phillips
Serbia,2022,0.1131635978814493,0.08065932197671434,phillips
Serbia,2023,0.1166437589737743,0.1246227632748054,phillips
Seychelles,2016,-0.010206731082361,0.04163969209677916,phillips
Seychelles,2017,0.0281675023634928,0.01114108844640758,phillips
Seychelles,2018,0.036360071485098,0.03372306788609293,phillips
Seychelles,2019,0.0179096014381139,0.03667870721082761,phillips
Seychelles,2020,0.011954900952146,0.03452099877550579,phillips
Seychelles,2021,0.0932088769743222,0.03152995541470269,phillips
Seychelles,2022,0.0259214799407079,0.0739645143412106,phillips
Seychelles,2023,-0.0104069740304257,0.03386283352335057,phillips
Sierra Leone,2016,0.1033330101294041,0.06196897788609241,phillips
Sierra Leone,2017,0.1673898770506863,0.08450197375605381,phillips
Sierra Leone,2018,0.1486746689763505,0.12279225428595834,phillips
Sierra Leone,2019,0.1380648430346589,0.11004381728454993,phillips
Sierra Leone,2020,0.1261644453960464,0.1066902320976674,phillips
Sierra Leone,2021,0.1122026844990298,0.09835122803316548,phillips
Sierra Leone,2022,0.2406556230267416,0.08942058424111152,phillips
Sierra Leone,2023,0.3896261536838548,0.16579310882243814,phillips
Singapore,2016,-0.00531218229293,0.003355650176654208,phillips
Singapore,2017,0.005751062802024,0.002357070291885984,phillips
Singapore,2018,0.0043782436395174,0.00824415442223532,phillips
Singapore,2019,0.0056622391091805,0.0075558074708665934,phillips
Singapore,2020,-0.0017226014856301,0.011528513042019906,phillips
Solomon Islands,2016,0.0051117688817479,0.024589908635481775,phillips
Solomon Islands,2017,0.0048749656249746,0.030742236117977214,phillips
Solomon Islands,2018,0.0340291337508684,0.029948219762890013,phillips
Solomon Islands,2019,0.0162163556783614,0.04680235788845993,phillips
Solomon Islands,2020,0.029204855345271,0.03829396641085105,phillips
Solomon Islands,2021,-0.0011550457527151,0.04587027357251082,phillips
Solomon Islands,2022,0.0537125937362334,0.028942705061438853,phillips
Solomon Islands,2023,0.0571915257901682,0.05967436412725597,phillips
South Africa,2016,0.0639406088981831,0.048948730624718356,phillips
South Africa,2017,0.0505617991849565,0.06047488930397755,phillips
South Africa,2018,0.0441113560612045,0.05165257489950862,phillips
South Africa,2019,0.0402091740284058,0.04762599696353714,phillips
South Africa,2020,0.0318124580945955,0.04945064692278592,phillips
South Africa,2021,0.0451525603786651,0.041639384730557075,phillips
South Africa,2022,0.0680312213539835,0.04886456425239475,phillips
South Africa,2023,0.0589785039031802,0.06268940498947087,phillips
Sri Lanka,2016,0.038825331788165,0.055205401737969895,phillips
Sri Lanka,2017,0.0742178159925019,0.05485125861418727,phillips
Sri Lanka,2018,0.0211256510977468,0.07682322814406685,phillips
Sri Lanka,2019,0.0346757232232786,0.047114569003762284,phillips
St. Kitts and Nevis,2016,-0.0068940808918904,-0.005704728653811296,phillips
St. Kitts and Nevis,2017,0.0069251329351107,0.004714498428846982,phillips
St. Kitts and Nevis,2018,-0.0104253772971549,0.01168706624327728,phillips
St. Kitts and Nevis,2019,-0.0033010631552672,-0.0013321270980621164,phillips
St. Kitts and Nevis,2020,-0.0117411080165927,0.012767001125708772,phillips
St. Kitts and Nevis,2021,0.0118859698628446,0.0071063455516270505,phillips
St. Kitts and Nevis,2022,0.0263320029929756,0.015306020401816037,phillips
St. Kitts and Nevis,2023,0.0349530842701097,0.02293750141606244,phillips
St. Lucia,2016,-0.0312659003695028,0.0021527247219559568,phillips
St. Lucia,2017,0.0010420776380319,-0.012668006801071423,phillips
St. Lucia,2018,0.019171241067819,0.004322042026175518,phillips
St. Lucia,2019,0.0053763968342446,0.014484611977889004,phillips
St. Lucia,2020,-0.0177140549015328,0.02351837918687788,phillips
St. Lucia,2021,0.0238210438284784,0.0032856226973575035,phillips
St. Lucia,2022,0.0618299840291642,0.018432907153946392,phillips
St. Lucia,2023,0.0398994079730554,0.042634039280894265,phillips
St. Vincent and the Grenadines,2016,-0.001497537225684,-0.004289288546843054,phillips
St. Vincent and the Grenadines,2017,0.0213047973794822,0.005643761243133502,phillips
St. Vincent and the Grenadines,2018,0.0229754791961926,0.01829837805560588,phillips
St. Vincent and the Grenadines,2019,0.009089264453018,0.019527224591205414,phillips
St. Vincent and the Grenadines,2020,-0.0063011235412977,0.01456749279617864,phillips
St. Vincent and the Grenadines,2021,0.015604900971847,0.004756437616515728,phillips
St. Vincent and the Grenadines,2022,0.0550571312848964,0.017031226183356583,phillips
St. Vincent and the Grenadines,2023,0.0446346581745338,0.038667303015787975,phillips
Sudan,2016,0.1633957025850589,0.18764112187687798,phillips
Sudan,2017,0.2802920289476116,0.19169367324951803,phillips
Sudan,2018,0.4903729301775001,0.2632389772933133,phillips
Sudan,2019,0.412070256013096,0.38989018792145436,phillips
Sudan,2020,0.9679635271928566,0.34432744940924553,phillips
Suriname,2016,0.4409119654755802,0.15234546032116458,phillips
Suriname,2017,0.1988258011962296,0.3728735393243091,phillips
Suriname,2020,0.2992878464787862,0.23589024433987224,phillips
Suriname,2021,0.4644863283014659,0.29519169437487786,phillips
Suriname,2022,0.4216404279150296,0.39095890472112893,phillips
Suriname,2023,0.4159916159103769,0.3623613799885347,phillips
Sweden,2016,0.0097945686691804,0.002320417500503244,phillips
Sweden,2017,0.0177858797985024,0.008659668215611387,phillips
Sweden,2018,0.0193469872459637,0.01355885190750013,phillips
Sweden,2019,0.0176842181298946,0.013926444077752174,phillips
Sweden,2020,0.0049613453356274,0.015222321695976633,phillips
Sweden,2021,0.021401322862629,0.005304486285546464,phillips
Sweden,2022,0.0803745694200346,0.015322184193426637,phillips
Sweden,2023,0.0820280423378623,0.0517222589586999,phillips
Switzerland,2016,-0.0043556587670687,-0.00534397372156415,phillips
Tajikistan,2016,0.0583121225036293,0.058224451710965755,phillips
Tanzania,2016,0.0504532214086763,0.07207362803652587,phillips
Tanzania,2017,0.0518209576455497,0.06928271114657678,phillips
Tanzania,2018,0.0343478841106374,0.07010792719572702,phillips
Tanzania,2019,0.0340562519822089,0.059097373891063905,phillips
Tanzania,2020,0.0323731937353084,0.06048090117193123,phillips
Tanzania,2021,0.0362443611706169,0.05943670333723763,phillips
Tanzania,2022,0.0425830545531971,0.06156743095550658,phillips
Tanzania,2023,0.0372883946764046,0.0648881357189792,phillips
Thailand,2016,0.0018797292459806,0.005842484201045792,phillips
Thailand,2017,0.0066342634585652,0.011496529930688741,phillips
Thailand,2018,0.0105827797442108,0.013000948481140591,phillips
Thailand,2019,0.0070424297893314,0.014774556429314217,phillips
Thailand,2020,-0.0084953550323287,0.017043638532548533,phillips
Thailand,2021,0.0122288757019068,0.0070235612310459855,phillips
Thailand,2022,-0.0162379275043536,0.01825269651993931,phillips
Thailand,2023,0.0813776784576862,0.0004309328738012763,phillips
Timor-Leste,2016,-0.0134757794453479,0.023355275841807528,phillips
Timor-Leste,2017,0.0055566883463988,0.017299615363319934,phillips
Timor-Leste,2018,0.0260231612632173,0.033623994873605755,phillips
Timor-Leste,2019,0.0095424530259098,0.03740082789189294,phillips
Timor-Leste,2020,0.0049427565824338,0.01434584741591066,phillips
Timor-Leste,2021,0.0363118803161137,0.009995568623164213,phillips
Timor-Leste,2022,0.0677082683081291,0.04232834882169792,phillips
Timor-Leste,2023,0.0808456255542635,0.07107574504049574,phillips
Togo,2016,0.0127725670756859,0.03287180092169492,phillips
Togo,2017,-0.0098674219665317,0.025543237689538728,phillips
Togo,2018,0.0092347821018599,0.011694824545875348,phillips
Togo,2019,0.0067238717251214,0.02277535617315173,phillips
Togo,2020,0.0168500829511666,0.022691846077767232,phillips
Togo,2021,0.0410096415397038,0.028520900332947106,phillips
Togo,2022,0.0766607517591566,0.042256559652138426,phillips
Togo,2023,0.0534392042485469,0.06304987198230463,phillips
Tonga,2016,0.025454811335301,0.008806124211316107,phillips
Tonga,2017,0.072479373035561,0.029912235058475893,phillips
Tonga,2018,0.0490958024082486,0.05886571325331301,phillips
Tonga,2019,0.0117264096041775,0.04567770868043424,phillips
Tonga,2020,-0.0035035070871671,0.022404724822699274,phillips
Tonga,2021,0.0548717424587268,0.013932464899682827,phillips
Tonga,2022,0.1041020116865265,0.05030374045100572,phillips
Tonga,2023,0.0615759790389791,0.07803907390360373,phillips
Trinidad and Tobago,2016,0.0302446584897309,0.05263595806054917,phillips
Trinidad and Tobago,2017,0.0186292372004155,0.04468009747114295,phillips
Trinidad and Tobago,2018,0.0101341684281486,0.03625234245952133,phillips
Trinidad and Tobago,2019,0.0099557063859689,0.028856285014686282,phillips
Trinidad and Tobago,2020,0.0059719953924322,0.03293230414041617,phillips
Trinidad and Tobago,2021,0.0203831202398481,0.029668774900457082,phillips
Trinidad and Tobago,2022,0.0566485997668602,0.03689486480548166,phillips
Trinidad and Tobago,2023,0.0452534643100994,0.05708367470488577,phillips
Tunisia,2016,0.0356508813198122,0.04027158503623683,phillips
Tunisia,2017,0.0517272599696152,0.03496182934879358,phillips
Tunisia,2018,0.0705292138047664,0.043402046474785724,phillips
Tunisia,2019,0.0650391020320277,0.05375581614356269,phillips
Tunisia,2020,0.0548115341278654,0.0564675853923266,phillips
Tunisia,2021,0.0554947827401548,0.04742519482059683,phillips
Tunisia,2022,0.0797946268530411,0.04641238173270666,phillips
Tunisia,2023,0.0891914619813869,0.06128494453213233,phillips
Turkiye,2016,0.0748767793975941,0.1527270986833082,phillips
Turkiye,2017,0.1056592707827572,0.15137620112621042,phillips
Turkiye,2018,0.151281973869815,0.1703699581564122,phillips
Turkiye,2019,0.1412983403980092,0.19961461770474645,phillips
Turkiye,2020,0.1158162801601809,0.19548462231732366,phillips
Turkiye,2021,0.178953329775136,0.17638972335424696,phillips
Turkiye,2022,0.5441182388142893,0.21446908718963592,phillips
Turkiye,2023,0.430869069316814,0.4339825997164322,phillips
Uganda,2016,0.0554950177104416,0.056796192284721166,phillips
Uganda,2017,0.0507854775322442,0.058438399227105524,phillips
Uganda,2018,0.0258237960685718,0.054673229473808115,phillips
Uganda,2019,0.0282724221459291,0.03863834062587303,phillips
Uganda,2020,0.032596154671606,0.041084908943777414,phillips
Uganda,2021,0.0218062270585086,0.0442144226438693,phillips
Uganda,2022,0.0694867788523669,0.03763384630529959,phillips
Uganda,2023,0.0521269532040928,0.0656904704732253,phillips
Ukraine,2016,0.1302622691064936,0.26923840177085917,phillips
Ukraine,2017,0.1348658259248916,0.10782892315690694,phillips
Ukraine,2018,0.1039261909235902,0.1085271827283301,phillips
Ukraine,2019,0.0759115781990775,0.0874451109691901,phillips
Ukraine,2020,0.0269582596258244,0.07127940060426985,phillips
Ukraine,2021,0.089503710998728,0.0361611640844044,phillips
Ukraine,2022,0.1838506925842393,0.09088099316138465,phillips
Ukraine,2023,0.1208806533731081,0.13883800315947467,phillips
United Arab Emirates,2016,0.0160454612048095,0.020784505244104367,phillips
United Arab Emirates,2017,0.0194773349648418,0.008470232629405825,phillips
United Arab Emirates,2018,0.0302249278308188,0.010109305325139076,phillips
United Arab Emirates,2019,-0.0194997008907993,0.0158781096238225,phillips
United Arab Emirates,2020,-0.0210132722611255,-0.00782834124196713,phillips
United Arab Emirates,2021,0.0017977364647761,-0.01079714756263136,phillips
United Arab Emirates,2022,0.051559906259242,-0.00032312806116801033,phillips
United Arab Emirates,2023,0.016136192288477,0.02858130669386174,phillips
United Kingdom,2016,0.0100336676589165,0.008987712437473615,phillips
United Kingdom,2017,0.0252559248814554,0.011882238009076986,phillips
United Kingdom,2018,0.0226694933514632,0.020634023995698275,phillips
United Kingdom,2019,0.0172317234007195,0.018552566397080465,phillips
United Kingdom,2020,0.0098462333933646,0.02247768544731074,phillips
United Kingdom,2021,0.024871826736815,0.013496064232362524,phillips
United Kingdom,2022,0.0762390104558106,0.020406519480889666,phillips
United Kingdom,2023,0.0657312508145793,0.052292588307254424,phillips
United States,2016,0.0125369154867991,0.008942924082539777,phillips
United States,2017,0.0210774026958207,0.015670815085177207,phillips
United States,2018,0.0241322926836895,0.02032718874592633,phillips
United States,2019,0.017959852736082,0.021867985063905436,phillips
United States,2020,0.0122603774349681,0.020987691483774336,phillips
United States,2021,0.045908481475255,0.015324849754569351,phillips
United States,2022,0.076986965064183,0.03559853609985783,phillips
United States,2023,0.0403387262489092,0.054134056379687504,phillips
Uruguay,2016,0.0920267358914221,0.09367216903651787,phillips
Uruguay,2017,0.060324283313399,0.0983359899856148,phillips
Uruguay,2018,0.0733111811207649,0.07934401803252278,phillips
Uruguay,2019,0.0758677465665877,0.0864986855691412,phillips
Uruguay,2020,0.0930932365713976,0.09310516541653621,phillips
Uruguay,2021,0.0746241833944294,0.10031897733899706,phillips
Uruguay,2022,0.0871348511482947,0.08734454973040032,phillips
Uruguay,2023,0.0570332733337268,0.09543613993581118,phillips
Uzbekistan,2016,0.0781722212061106,0.080796397490243,phillips
Uzbekistan,2017,0.1299376902659546,0.07802431530908685,phillips
Uzbekistan,2018,0.1614739106927247,0.1089497611509737,phillips
Uzbekistan,2019,0.1356293799248922,0.12696368308771283,phillips
Uzbekistan,2020,0.1210464138076377,0.11385017816436135,phillips
Uzbekistan,2021,0.1030008916908755,0.10362821001789073,phillips
Uzbekistan,2022,0.1083757585395712,0.0926934290015996,phillips
Uzbekistan,2023,0.0949154720318254,0.09567953995329675,phillips
Vanuatu,2016,0.0083854346062066,0.02367624565356201,phillips
Vanuatu,2017,0.0303791088440386,0.012989074823931857,phillips
Vanuatu,2018,0.023042117571725,0.025717986774710645,phillips
Vanuatu,2019,0.0272505110001661,0.02008423349567315,phillips
Vanuatu,2020,0.0519219287002536,0.026335534406765324,phillips
Vanuatu,2021,0.0231625019053032,0.04251033292156188,phillips
Vanuatu,2022,0.0646570061698632,0.022557025381826835,phillips
Vanuatu,2023,0.1060028247125499,0.04681586353835753,phillips
Viet Nam,2016,0.026332712448962,0.028231027216384857,phillips
Viet Nam,2017,0.0345971262926845,0.0400828769855919,phillips
Viet Nam,2018,0.0347842332387848,0.04438262276537791,phillips
Viet Nam,2019,0.027574540473509,0.04359538541979003,phillips
Viet Nam,2020,0.0317014988764157,0.04082763712110352,phillips
Viet Nam,2021,0.0181808771671452,0.044919421893860306,phillips
Viet Nam,2022,0.0310771392719537,0.034774005991896124,phillips
West Bank and Gaza,2016,-0.0021934699463344,0.018127930986787336,phillips
West Bank and Gaza,2017,0.0021234532188687,0.008766083218621556,phillips
West Bank and Gaza,2018,-0.0019529835688327,0.01117891387120889,phillips
West Bank and Gaza,2019,0.0156782842307325,0.007777794765848781,phillips
West Bank and Gaza,2020,-0.0073804889383231,0.02577007806166101,phillips
West Bank and Gaza,2021,0.0122988681891822,0.007315913358916567,phillips
West Bank and Gaza,2022,0.036729380807734,0.016435919790481847,phillips
West Bank and Gaza,2023,0.0570521471968703,0.033971359857290585,phillips
Zambia,2016,0.1644098462632595,0.11094346401025953,phillips
Zambia,2017,0.0637004657740334,0.15141147619742246,phillips
Zambia,2018,0.0722701666051035,0.09005817432979815,phillips
Zambia,2019,0.0875557961622748,0.09572428913208159,phillips
Zambia,2020,0.1461161504555868,0.10829008664196296,phillips
Zambia,2021,0.1990210706892554,0.14144467913179004,phillips
Zambia,2022,0.1042987875121435,0.17221323651492793,phillips
Zambia,2023,0.1033192188499549,0.11451013179498018,phillips
Zimbabwe,2016,-0.015557082315424,-0.014066519693665685,phillips
Zimbabwe,2017,0.0088999012862434,-0.010860022523310402,phillips
Zimbabwe,2018,0.1009204660123916,0.0008439878198911147,phillips
Zimbabwe,2019,1.2678063635427064,0.0600330193882367,phillips
Zimbabwe,2020,1.8828209654816828,0.7650633013418134,phillips
Zimbabwe,2021,0.6858511546355492,1.1291031793437178,phillips
Zimbabwe,2022,0.7164005659041894,0.4081396848171129,phillips
Afghanistan,2016,0.0429051859388271,0.0020562630315757446,phillips_augmented
Afghanistan,2017,0.0485611046567191,0.0037324806025061663,phillips_augmented
Afghanistan,2018,0.0062419698013895,0.0015357912570996765,phillips_augmented
Afghanistan,2019,0.0227626784421914,-0.010699446548537227,phillips_augmented
Afghanistan,2020,0.0545060631055278,0.023884946856651733,phillips_augmented
Albania,2016,0.0126736655815733,0.003841982100058948,phillips_augmented
Albania,2017,0.0196718474871522,-0.012727515751125077,phillips_augmented
Albania,2018,0.0200776838833824,-0.013048669386339131,phillips_augmented
Albania,2019,0.0140122758105096,0.004257419485926117,phillips_augmented
Albania,2020,0.0160789049689027,0.0329962954783715,phillips_augmented
Albania,2021,0.0202091292845763,0.019032385033213826,phillips_augmented
Albania,2022,0.0650871460713293,0.006769991604901073,phillips_augmented
Albania,2023,0.0464860407766218,0.018210757220348144,phillips_augmented
Algeria,2016,0.0620137252964774,0.007677148467259625,phillips_augmented
Algeria,2017,0.054404052101189,0.04148551112615445,phillips_augmented
Algeria,2018,0.0418134088714374,0.046736059060344545,phillips_augmented
Algeria,2019,0.019329654781222,-0.0004467886039193972,phillips_augmented
Algeria,2020,0.0238642787955125,0.028248683935008734,phillips_augmented
Algeria,2021,0.0697691587900903,0.045063267647203725,phillips_augmented
Algeria,2022,0.0886106563525954,0.06641996410987404,phillips_augmented
Algeria,2023,0.0891290592436719,0.04404190257012034,phillips_augmented
Angola,2016,0.267691702900267,0.05600403836527856,phillips_augmented
Angola,2017,0.2611672398698479,0.09168435531908041,phillips_augmented
Angola,2018,0.1792245825339167,0.1541481032186964,phillips_augmented
Angola,2019,0.1576954253021991,0.1448421327142635,phillips_augmented
Angola,2020,0.2010741170071517,0.12494880748875278,phillips_augmented
Angola,2021,0.2291597765571396,0.026485111296114555,phillips_augmented
Angola,2022,0.1935523392358291,0.06439675905674001,phillips_augmented
Angola,2023,0.1279014648270706,0.17059303478546442,phillips_augmented
Antigua and Barbuda,2016,-0.0049063946556566,-0.007006433785653506,phillips_augmented
Antigua and Barbuda,2017,0.0240337408543815,0.015918733182223154,phillips_augmented
Antigua and Barbuda,2018,0.011999298933853,0.02027362992229325,phillips_augmented
Antigua and Barbuda,2019,0.014212087957099,-0.01701494424247478,phillips_augmented
Antigua and Barbuda,2020,0.0062403853002459,-0.012996270059795003,phillips_augmented
Antigua and Barbuda,2021,0.0204200482747092,0.05196691983255454,phillips_augmented
Antigua and Barbuda,2022,0.0726097206942304,0.01565172196977585,phillips_augmented
Antigua and Barbuda,2023,0.049429375579252,0.03431813938353684,phillips_augmented
Armenia,2016,-0.0141355128684192,-0.01635524150683558,phillips_augmented
Armenia,2017,0.0096488326231476,-0.041763401493208084,phillips_augmented
Armenia,2018,0.0248899962310478,-0.06878836888093418,phillips_augmented
Armenia,2019,0.0143312809346207,-0.055582060126696683,phillips_augmented
Armenia,2020,0.0120415662437496,-0.048715012418645516,phillips_augmented
Armenia,2021,0.069384600165967,-0.03767480405422386,phillips_augmented
Armenia,2022,0.0828778641065222,-0.012616724883117422,phillips_augmented
Armenia,2023,0.019610636084252,-0.00534854700903184,phillips_augmented
Aruba,2016,-0.0093555872177342,0.028563973428846215,phillips_augmented
Aruba,2017,-0.0103360512886965,-0.005570735091917859,phillips_augmented
Aruba,2018,0.03561847724586,-0.0015294602535692947,phillips_augmented
Aruba,2019,0.0416932504827354,0.025549285459654236,phillips_augmented
Australia,2016,0.0126890884877761,0.011225056178602148,phillips_augmented
Australia,2017,0.0192990013867246,0.0028255613702377613,phillips_augmented
Australia,2018,0.018933622646343,-0.0029478047848491493,phillips_augmented
Australia,2019,0.0159793566192565,0.03607598050925365,phillips_augmented
Australia,2020,0.0084333465032004,0.037109129408922914,phillips_augmented
Australia,2021,0.0282366941474334,0.011073566322710903,phillips_augmented
Australia,2022,0.0638579451030336,0.02111582519956162,phillips_augmented
Australia,2023,0.0544599455194889,0.022235831588298543,phillips_augmented
Azerbaijan,2016,0.1172795743493368,-0.018191891734128253,phillips_augmented
Azerbaijan,2017,0.1216503782263078,0.05541875897237504,phillips_augmented
Azerbaijan,2018,0.0224319802976795,0.04407844077920256,phillips_augmented
Azerbaijan,2019,0.025770780699581,0.0431152586080729,phillips_augmented
Azerbaijan,2020,0.0272241321265447,-0.008529193240316667,phillips_augmented
Azerbaijan,2021,0.0643850636800236,0.044789649412518215,phillips_augmented
Azerbaijan,2022,0.129731448348755,0.07251172441417854,phillips_augmented
Azerbaijan,2023,0.0842072286074318,0.045130207326281466,phillips_augmented
"Bahamas, The",2016,-0.0034697820372837,0.026172347688709508,phillips_augmented
"Bahamas, The",2017,0.0150679757900684,-0.013440220388184425,phillips_augmented
"Bahamas, The",2018,0.0224057408306999,-0.012844933733528465,phillips_augmented
"Bahamas, The",2019,0.0246070994091542,0.022864145623672266,phillips_augmented
"Bahamas, The",2020,0.0003851368053577,0.02273012026355588,phillips_augmented
"Bahamas, The",2021,0.0286351974935019,0.0028532573057783936,phillips_augmented
"Bahamas, The",2022,0.054539380335612,0.01897449907590044,phillips_augmented
Bangladesh,2016,0.0536689646528154,0.061499477251684205,phillips_augmented
Bangladesh,2017,0.0554542919108156,0.04952298472844851,phillips_augmented
Bangladesh,2018,0.0539541544087542,0.042124733377492195,phillips_augmented
Bangladesh,2019,0.0544123907385012,0.040623378293450314,phillips_augmented
Bangladesh,2020,0.0553502638475986,0.04924739956482332,phillips_augmented
Bangladesh,2021,0.0539734155755144,0.03575970373095675,phillips_augmented
Bangladesh,2022,0.0741511189607386,0.028205721759071954,phillips_augmented
Bangladesh,2023,0.0942505553077301,0.0363601691755937,phillips_augmented
Barbados,2016,0.0127378098511572,-0.00883034231297331,phillips_augmented
Barbados,2017,0.0455485791390133,-0.009516606268150667,phillips_augmented
Barbados,2018,0.0305874547854729,0.0029909249767560604,phillips_augmented
Barbados,2019,0.0166272453457745,0.007920571963448815,phillips_augmented
Barbados,2023,0.0313745222871233,-0.009238329331780858,phillips_augmented
Belarus,2016,0.1118685194741706,0.04707343744212164,phillips_augmented
Belarus,2017,0.0585692144593812,0.0816508180017099,phillips_augmented
Belarus,2018,0.0475732545638312,0.0250727030812661,phillips_augmented
Belarus,2019,0.0544707225406737,0.0318311727436706,phillips_augmented
Belarus,2020,0.053997000037544,0.012826599775827958,phillips_augmented
Belarus,2021,0.0903915933313994,0.018440493300461144,phillips_augmented
Belize,2016,0.0066123617497151,-0.01858938697088358,phillips_augmented
Belize,2017,0.0114111780788297,-0.018929478835056315,phillips_augmented
Belize,2018,0.0026961882421154,-0.006781731520384885,phillips_augmented
Belize,2019,0.0018689462831789,-0.009568526634395863,phillips_augmented
Belize,2020,0.001213609723865,0.04193974333882189,phillips_augmented
Belize,2021,0.0318439232691289,0.021126243675869797,phillips_augmented
Belize,2022,0.0608777022074846,-0.002639556200441248,phillips_augmented
Belize,2023,0.0429621683923038,0.033681333789670004,phillips_augmented
Benin,2016,-0.0079647359245953,-0.011538288321663516,phillips_augmented
Benin,2017,0.0004325549897039,-0.013801971540580977,phillips_augmented
Benin,2018,0.0091497205283177,0.0014365635241382207,phillips_augmented
Benin,2019,0.0073017707821545,0.007846873845561902,phillips_augmented
Benin,2020,0.0297793720563461,0.04731749798151851,phillips_augmented
Benin,2021,0.0171868525397984,0.05376072400993954,phillips_augmented
Benin,2022,0.0134173695230845,0.03644897889433264,phillips_augmented
Benin,2023,0.0270186933029821,-0.011616749082620496,phillips_augmented
Bhutan,2016,0.0316913509554614,0.0676126359637196,phillips_augmented
Bhutan,2017,0.048362298074946,0.04587001239248341,phillips_augmented
Bhutan,2018,0.0268752422066569,0.016842322044579396,phillips_augmented
Bhutan,2019,0.0268992529861042,0.02009295805785196,phillips_augmented
Bhutan,2020,0.0547662264217931,0.08727429110691311,phillips_augmented
Bhutan,2021,0.0708946630508906,0.0161375431725237,phillips_augmented
Bhutan,2022,0.0548590134313498,0.04321450950733624,phillips_augmented
Bhutan,2023,0.0414235178820048,0.017002031526484107,phillips_augmented
Bolivia,2016,0.0355911951610332,-0.008743428608789499,phillips_augmented
Bolivia,2017,0.0278365243941882,0.021891097513677626,phillips_augmented
Bolivia,2018,0.0224663301377159,-0.003673724819606188,phillips_augmented
Bolivia,2019,0.0182283009463892,-0.02824953740077002,phillips_augmented
Bolivia,2020,0.0093634473180594,0.031237108663954558,phillips_augmented
Bolivia,2021,0.0073467833891553,-0.14458861980207538,phillips_augmented
Bolivia,2022,0.017312556400717,-0.005808137172046205,phillips_augmented
Bolivia,2023,0.0254424582628161,-0.016411406808993497,phillips_augmented
Bosnia and Herzegovina,2016,-0.0159678096175364,0.0033724865900166025,phillips_augmented
Bosnia and Herzegovina,2017,0.0080686935841054,0.004485556048576929,phillips_augmented
Bosnia and Herzegovina,2018,0.0140716102686466,0.01333620203790497,phillips_augmented
Bosnia and Herzegovina,2019,0.0056120445188039,0.013935910362652966,phillips_augmented
Bosnia and Herzegovina,2020,-0.0105686116264553,0.01443111605611877,phillips_augmented
Bosnia and Herzegovina,2021,0.019622601346164,0.014460473831163924,phillips_augmented
Bosnia and Herzegovina,2022,0.1312110885231927,0.005839639326870122,phillips_augmented
Bosnia and Herzegovina,2023,0.0592674766382854,0.06539708442163197,phillips_augmented
Botswana,2016,0.0277606614444465,0.02486721453424605,phillips_augmented
Botswana,2017,0.0325473492449246,0.012671863347775848,phillips_augmented
Botswana,2018,0.0318669673435856,0.031664429648946536,phillips_augmented
Botswana,2019,0.0273511674861488,0.028947565886463474,phillips_augmented
Botswana,2020,0.0187271390507,0.03903279848238955,phillips_augmented
Botswana,2021,0.0699082438607181,0.01843204565699348,phillips_augmented
Botswana,2022,0.110338213647001,0.04467460822193557,phillips_augmented
Botswana,2023,0.049433913998409,0.07261127997182465,phillips_augmented
Brazil,2016,0.0837816493265251,0.10091699675570451,phillips_augmented
Brazil,2017,0.0338831605597249,0.07230040707662944,phillips_augmented
Brazil,2018,0.0359929159910823,0.05709524257933251,phillips_augmented
Brazil,2019,0.0366498749573631,0.06036320838555024,phillips_augmented
Brazil,2020,0.0316126919345878,0.09686741502873925,phillips_augmented
Brazil,2021,0.0797502934402585,0.07454182777684976,phillips_augmented
Brazil,2022,0.0887441806389013,0.09648625863987961,phillips_augmented
Brazil,2023,0.0449118228583067,0.10549980202435215,phillips_augmented
Brunei Darussalam,2016,-0.0027908233848279,-0.00329104791368523,phillips_augmented
Brunei Darussalam,2017,-0.0126851741578226,-0.011571609372480937,phillips_augmented
Brunei Darussalam,2018,0.0101983376504257,-0.003358662683612363,phillips_augmented
Brunei Darussalam,2019,-0.0039128659768223,0.006843470287568548,phillips_augmented
Brunei Darussalam,2020,0.0192173576874816,-0.017223030861999836,phillips_augmented
Brunei Darussalam,2021,0.0171856165412016,0.007518690304519354,phillips_augmented
Brunei Darussalam,2022,0.0361607507210184,0.004139191684471773,phillips_augmented
Brunei Darussalam,2023,0.0035642835033513,0.015817486840675028,phillips_augmented
Bulgaria,2016,-0.0080185617742936,0.055944979565182976,phillips_augmented
Bulgaria,2017,0.0204063292905836,0.05269948556160106,phillips_augmented
Bulgaria,2018,0.0277566428054312,0.06934541821377714,phillips_augmented
Bulgaria,2019,0.0305653774937608,0.07423823620824739,phillips_augmented
Bulgaria,2020,0.0165860967503972,0.08857676252882311,phillips_augmented
Bulgaria,2021,0.0324453540132765,0.07405629788539667,phillips_augmented
Bulgaria,2022,0.1425862886424065,0.08792985300388698,phillips_augmented
Bulgaria,2023,0.0902322306420062,0.1250382956458726,phillips_augmented
Burkina Faso,2016,0.0044007171051507,0.020467805904846703,phillips_augmented
Burkina Faso,2017,0.0147211006478098,0.04772411949635021,phillips_augmented
Burkina Faso,2018,0.019370602876533,0.01694781262651817,phillips_augmented
Burkina Faso,2019,-0.0328681824046368,0.01324030966186368,phillips_augmented
Burkina Faso,2020,0.0186716022930673,0.02210413988296913,phillips_augmented
Burkina Faso,2021,0.0358811778985144,0.03780698636467096,phillips_augmented
Burkina Faso,2022,0.133570951857485,0.0007024184340762608,phillips_augmented
Burkina Faso,2023,0.0074016444091,0.026286608565366014,phillips_augmented
Burundi,2016,0.0540874384617913,0.05981274805001808,phillips_augmented
Burundi,2017,0.1488727931377482,0.11863431239376573,phillips_augmented
Burundi,2018,-0.0285507007365124,0.13888777666617924,phillips_augmented
Burundi,2019,-0.0068914130413348,0.06545352211330731,phillips_augmented
Burundi,2020,0.0706551491896458,0.0841001013736833,phillips_augmented
Burundi,2021,0.0806997697679943,0.10681808024855487,phillips_augmented
Burundi,2022,0.1722786170957162,0.1596930859852677,phillips_augmented
Burundi,2023,0.2385560350461828,0.14307709507944366,phillips_augmented
Cabo Verde,2016,-0.0141782010605275,7.359263269554606e-05,phillips_augmented
Cabo Verde,2017,0.0078135470915725,-0.017277528197224716,phillips_augmented
Cabo Verde,2018,0.0124832772501646,-0.02926286410308418,phillips_augmented
Cabo Verde,2019,0.0110142132991777,-0.01324081322577969,phillips_augmented
Cabo Verde,2020,0.0060396861777336,0.009637859571143326,phillips_augmented
Cabo Verde,2021,0.0184502678578724,-0.0037853933857558072,phillips_augmented
Cabo Verde,2022,0.076321292844451,-0.007501760597132562,phillips_augmented
Cabo Verde,2023,0.0365669581217371,0.019138347118556255,phillips_augmented
Cambodia,2016,0.0297446078076557,0.022575076402355634,phillips_augmented
Cambodia,2017,0.0287102440043689,0.03558770557055005,phillips_augmented
Cambodia,2018,0.0242933636699262,0.041296709453865946,phillips_augmented
Cambodia,2019,0.0192394786433363,0.00969657632166887,phillips_augmented
Cambodia,2020,0.0289789753650993,0.010918549840432515,phillips_augmented
Cambodia,2021,0.0287889406919372,0.0192534868357791,phillips_augmented
Cambodia,2022,0.0520581769553532,-0.010319584445803436,phillips_augmented
Cambodia,2023,0.02105153302925,0.012048897945431111,phillips_augmented
Cameroon,2016,0.0087039146296774,0.023519191059841914,phillips_augmented
Cameroon,2017,0.0063836724355255,0.018692140511039373,phillips_augmented
Cameroon,2018,0.0106318620543355,0.04674788568221026,phillips_augmented
Central African Republic,2016,0.0482703410949696,0.02810706146697716,phillips_augmented
Central African Republic,2017,0.0409569292757909,0.055148537700633125,phillips_augmented
Central African Republic,2018,0.0159929962297482,0.0628348283067851,phillips_augmented
Central African Republic,2019,0.0264995016477405,0.03466104556178816,phillips_augmented
Central African Republic,2020,0.0169569802729645,0.0505300881620656,phillips_augmented
Central African Republic,2021,0.0417114948816035,0.05810100762088227,phillips_augmented
Central African Republic,2022,0.054328772501182,0.03089417590177157,phillips_augmented
Chad,2016,-0.0079559702179752,-0.024166067719314982,phillips_augmented
Chad,2017,-0.0154903547468618,-0.029577422994501758,phillips_augmented
Chad,2018,0.0418578289251243,-0.021121751290839822,phillips_augmented
Chad,2019,-0.0097669333432559,0.07110273053520733,phillips_augmented
Chad,2020,0.0436737104847262,0.035827075676110265,phillips_augmented
Chad,2021,-0.0077584628923954,0.049634432357490654,phillips_augmented
Chile,2016,0.0371627658675173,0.010568745194292052,phillips_augmented
Chile,2017,0.0215923822649619,-0.006781392180363634,phillips_augmented
Chile,2018,0.0240571894204109,-0.004971286723114816,phillips_augmented
Chile,2019,0.0252538673212052,0.02424644394516575,phillips_augmented
Chile,2020,0.030000363457904,0.04422975836301229,phillips_augmented
Chile,2021,0.0442519619237566,0.048284173328405046,phillips_augmented
Chile,2022,0.1101438576145943,0.004349801061471287,phillips_augmented
Chile,2023,0.0730802103896621,0.032838257991593185,phillips_augmented
China,2016,0.0198026451581316,0.003429793489417972,phillips_augmented
China,2017,0.0158057878259887,-0.0054662091097631565,phillips_augmented
China,2018,0.0205355978199577,-0.012088187594581898,phillips_augmented
China,2019,0.0285800142934276,-0.004178463683724244,phillips_augmented
China,2020,0.0239061755720566,0.008099423344640283,phillips_augmented
China,2021,0.0097623442297853,-0.002399443979977864,phillips_augmented
China,2022,0.0195435305706856,0.0029561257081392803,phillips_augmented
China,2023,0.0023456151814889,0.0007300177377696851,phillips_augmented
Colombia,2016,0.0724458653345871,0.03441457614467034,phillips_augmented
Colombia,2017,0.0422383982134952,0.04474916966188226,phillips_augmented
Colombia,2018,0.0318917034665044,-0.07195921385595028,phillips_augmented
Colombia,2019,0.0346238109486511,0.024180908852490995,phillips_augmented
Colombia,2020,0.0249524325010561,0.0825617070945129,phillips_augmented
Colombia,2021,0.0343536726688613,0.05590654115808538,phillips_augmented
Colombia,2022,0.0969200773564447,0.04087435063125104,phillips_augmented
Colombia,2023,0.1109679052758894,0.046677412611465026,phillips_augmented
Comoros,2016,0.007943540684062,0.018793480145430138,phillips_augmented
Comoros,2017,-0.0023764437484983,-0.0079749287438505,phillips_augmented
Comoros,2018,0.0212873171880048,0.008616470803749696,phillips_augmented
Comoros,2019,0.0351946911756355,0.011098609909301005,phillips_augmented
Comoros,2020,0.0078356403268751,0.04413311152258147,phillips_augmented
Comoros,2021,-4.41803441750821e-05,0.04949033137663471,phillips_augmented
Comoros,2022,0.1180677191932915,0.00888233665100411,phillips_augmented
Comoros,2023,0.0804156186404574,0.06700733130121861,phillips_augmented
"Congo, Dem. Rep.",2016,0.028449945676602,0.1711614198405011,phillips_augmented
"Congo, Rep.",2016,0.0314072074239462,-0.06181663339227075,phillips_augmented
"Congo, Rep.",2017,0.0044905406463247,-0.04326626834949714,phillips_augmented
"Congo, Rep.",2018,0.0114618509383843,-0.03475785690041198,phillips_augmented
"Congo, Rep.",2019,0.0218209132823119,0.03243157488099041,phillips_augmented
"Congo, Rep.",2020,0.0177944502069715,0.04512605023158252,phillips_augmented
"Congo, Rep.",2021,0.0170109179671893,0.017644898333412644,phillips_augmented
"Congo, Rep.",2022,0.0299804933851497,0.01992293121054598,phillips_augmented
"Congo, Rep.",2023,0.0421179125603652,0.025162988986025474,phillips_augmented
Costa Rica,2016,-0.0001748037831923,0.004938892107087044,phillips_augmented
Costa Rica,2017,0.0161283061196844,-0.006039776496309965,phillips_augmented
Costa Rica,2018,0.0219680713746299,0.00342969085746557,phillips_augmented
Costa Rica,2019,0.0207438151543932,0.012508822035389965,phillips_augmented
Costa Rica,2020,0.0072229662418914,0.06862676223277678,phillips_augmented
Costa Rica,2021,0.0171174327496155,0.025785016425491844,phillips_augmented
Costa Rica,2022,0.0795020221663289,-0.01062560160035384,phillips_augmented
Costa Rica,2023,0.0052381917741763,0.04177214404728304,phillips_augmented
Cote d'Ivoire,2016,0.0072057606122095,0.031687226175515365,phillips_augmented
Cote d'Ivoire,2017,0.0068353960146616,0.022114299255231534,phillips_augmented
Cote d'Ivoire,2018,0.0040049476527608,0.03757622638879651,phillips_augmented
Cote d'Ivoire,2019,0.0078774464075017,0.025665373637027616,phillips_augmented
Cote d'Ivoire,2020,0.0238388450334809,0.06723199883535605,phillips_augmented
Cote d'Ivoire,2021,0.0407502791083,0.06437350355490223,phillips_augmented
Cote d'Ivoire,2022,0.0510117760945743,0.03922947381215069,phillips_augmented
Cote d'Ivoire,2023,0.0427694334966988,0.02285142763936957,phillips_augmented
Czechia,2016,0.0068117890903467,0.017311889438766905,phillips_augmented
Czechia,2017,0.0242099008316136,0.028541051691606804,phillips_augmented
Czechia,2018,0.0212671910586665,0.02237175900152684,phillips_augmented
Czechia,2019,0.0280807780666103,0.018502135064154688,phillips_augmented
Czechia,2020,0.0311235510239518,0.04510799603551584,phillips_augmented
Czechia,2021,0.0376795734669741,0.03116159587563437,phillips_augmented
Czechia,2022,0.1406325645505086,0.029211869352897407,phillips_augmented
Czechia,2023,0.1013036388853398,0.0895801101650206,phillips_augmented
Denmark,2016,0.0024968801985876,-0.030937718627335874,phillips_augmented
Denmark,2017,0.0114060249704088,0.012525368496294872,phillips_augmented
Denmark,2018,0.0081031750936171,0.003945100149880993,phillips_augmented
Denmark,2019,0.0075527219789348,0.017864492964529178,phillips_augmented
Denmark,2020,0.0041982945565886,0.03722756822415398,phillips_augmented
Denmark,2021,0.018360857463973,-0.009948219343729837,phillips_augmented
Denmark,2022,0.0741475220756147,0.03657088082155744,phillips_augmented
Denmark,2023,0.0325173158161007,0.04621917072453814,phillips_augmented
Djibouti,2016,0.0237412241087069,-0.048263075189132795,phillips_augmented
Djibouti,2017,0.0057562581573566,0.006527852417500993,phillips_augmented
Djibouti,2018,0.0013874011139369,-0.09443641800475823,phillips_augmented
Djibouti,2019,0.0326378632099295,-0.04631092334447327,phillips_augmented
Djibouti,2020,0.0176336626394801,0.00663276598844105,phillips_augmented
Djibouti,2021,0.011739500021564,-0.04604842187856145,phillips_augmented
Djibouti,2022,0.0504290194310481,-0.07469881733046542,phillips_augmented
Djibouti,2023,0.0143865245996659,-0.027417678760444236,phillips_augmented
Dominica,2016,0.0014171576149486,-0.0018239967658554568,phillips_augmented
Dominica,2017,0.0029581492518193,0.04900850540854983,phillips_augmented
Dominica,2018,0.0098433065043863,-0.01036556069668852,phillips_augmented
Dominica,2019,0.0149341635605297,-0.06774864137752257,phillips_augmented
Dominica,2020,0.0121287921479664,-0.03809617089761003,phillips_augmented
Dominica,2021,0.0220443608407672,0.005299248922131277,phillips_augmented
Dominica,2022,0.0284407237187513,-0.01439112462779147,phillips_augmented
Dominica,2023,0.0496162498341385,-0.00983283849503993,phillips_augmented
Dominican Republic,2016,0.0160127692838285,0.014477530812162347,phillips_augmented
Dominican Republic,2017,0.032269270715231,0.01980190739942142,phillips_augmented
Dominican Republic,2018,0.0350237862494768,0.012641907568637208,phillips_augmented
Dominican Republic,2019,0.0179440754781277,0.02901807226963808,phillips_augmented
Dominican Republic,2020,0.0371130300793298,0.0727776871291677,phillips_augmented
Dominican Republic,2021,0.0792085458248097,0.041054070312429136,phillips_augmented
Dominican Republic,2022,0.0844430926195825,0.03136528711978602,phillips_augmented
Dominican Republic,2023,0.0467462941294547,0.06674817046349382,phillips_augmented
Ecuador,2016,0.017135000117511,0.12549924477646002,phillips_augmented
Ecuador,2017,0.0041646715903809,-0.033199239130266886,phillips_augmented
Ecuador,2018,-0.0022435473312745,0.05865942143859623,phillips_augmented
Ecuador,2019,0.0026565932838371,0.07043492377467685,phillips_augmented
Ecuador,2020,-0.0033944786550197,0.09379977324327657,phillips_augmented
Ecuador,2021,0.0013316268522522,0.08752008986778423,phillips_augmented
Ecuador,2022,0.0340745106980042,0.07614531626225955,phillips_augmented
Ecuador,2023,0.0219149794377919,0.0755293657508201,phillips_augmented
"Egypt, Arab Rep.",2016,0.1293918910775744,0.16358685838500547,phillips_augmented
"Egypt, Arab Rep.",2017,0.2585617239190405,0.12407718728514085,phillips_augmented
"Egypt, Arab Rep.",2018,0.1345437056442486,0.15849172764388814,phillips_augmented
"Egypt, Arab Rep.",2019,0.0875785457238045,0.101419720185048,phillips_augmented
"Egypt, Arab Rep.",2020,0.0492180049161037,0.10222139925500738,phillips_augmented
"Egypt, Arab Rep.",2021,0.0508266548770057,0.08293583806214463,phillips_augmented
"Egypt, Arab Rep.",2022,0.1301125887220076,0.10675974528176527,phillips_augmented
"Egypt, Arab Rep.",2023,0.2918093657834539,0.12240500911053621,phillips_augmented
El Salvador,2016,0.0060223202412803,-0.0006157500195654551,phillips_augmented
El Salvador,2017,0.0100726405330018,0.032277228369464575,phillips_augmented
El Salvador,2018,0.0108442876479539,0.015816633236699802,phillips_augmented
El Salvador,2019,0.0007529578061289,0.03220197831002112,phillips_augmented
El Salvador,2020,-0.0037228232383146,0.03645213395027032,phillips_augmented
El Salvador,2021,0.0340818186735445,-0.0029865782108079494,phillips_augmented
El Salvador,2022,0.0695131535736672,0.022754408622446872,phillips_augmented
El Salvador,2023,0.0396585686481198,0.05279296146063745,phillips_augmented
Equatorial Guinea,2016,0.0140206413816956,-0.131383104800031,phillips_augmented
Equatorial Guinea,2017,0.0074159809771474,-0.0671214027759023,phillips_augmented
Equatorial Guinea,2018,0.0105449471687064,-0.052948132382078045,phillips_augmented
Equatorial Guinea,2019,0.0151868467331857,-0.07502353443651502,phillips_augmented
Equatorial Guinea,2020,0.0465657418750149,-0.06202865973328333,phillips_augmented
Equatorial Guinea,2021,-0.0009714793979789,-0.03646565372063569,phillips_augmented
Equatorial Guinea,2022,0.0467568321322318,0.009282556710656448,phillips_augmented
Equatorial Guinea,2023,0.0281937453477345,-0.004823094379333023,phillips_augmented
Eswatini,2016,0.0755459161601974,0.10507021796978654,phillips_augmented
Eswatini,2017,0.0603551764777128,0.044034105335062135,phillips_augmented
Eswatini,2018,0.0470272938415963,0.04267789335330263,phillips_augmented
Eswatini,2019,0.0256484113093193,0.023024233217640935,phillips_augmented
Fiji,2016,0.0379047070413252,0.014127022375349196,phillips_augmented
Fiji,2017,0.0329276682984263,0.028777625637879424,phillips_augmented
Fiji,2018,0.0400038331313652,0.0010964039093333024,phillips_augmented
Fiji,2019,0.0177798620533433,0.005291164128065892,phillips_augmented
Fiji,2020,-0.0171476001226125,0.015892927821087647,phillips_augmented
Fiji,2021,0.0152289342576912,0.04286563255744288,phillips_augmented
Fiji,2022,0.0590122573874474,0.011669529741267656,phillips_augmented
Fiji,2023,0.029320335034245,0.03381429993618293,phillips_augmented
Gabon,2016,0.0208482287765372,-0.0314371565825574,phillips_augmented
Gabon,2017,0.0261737184449346,-0.07274217381318293,phillips_augmented
Gabon,2018,0.0463974612788149,0.10593268157528032,phillips_augmented
Gabon,2019,0.0243468705017511,0.011907103696030267,phillips_augmented
"Gambia, The",2018,0.0631716646597144,0.06123800815669058,phillips_augmented
"Gambia, The",2019,0.0687391510282173,0.08603085909153849,phillips_augmented
"Gambia, The",2020,0.0576203616898389,0.08129929278441825,phillips_augmented
"Gambia, The",2021,0.0711138647514575,0.07291612686348764,phillips_augmented
"Gambia, The",2022,0.1089720646988734,0.03338422393921105,phillips_augmented
"Gambia, The",2023,0.1567833224939168,0.05408135703641518,phillips_augmented
Georgia,2016,0.0211245682391707,0.037814965937265375,phillips_augmented
Georgia,2017,0.0586020342607476,0.0078106978847355055,phillips_augmented
Georgia,2018,0.0258163196679674,0.019159315786050853,phillips_augmented
Georgia,2019,0.0473882125321063,0.009616067087126902,phillips_augmented
Georgia,2020,0.0507165445519861,0.06666571862422471,phillips_augmented
Georgia,2021,0.0913652664761066,0.01530032792100839,phillips_augmented
Georgia,2022,0.1124190343814524,0.025508314348435833,phillips_augmented
Georgia,2023,0.0245731963462647,0.047696563229699986,phillips_augmented
Ghana,2016,0.1608819854458554,0.14355541038300684,phillips_augmented
Ghana,2017,0.1166439119964684,0.12007342437568794,phillips_augmented
Ghana,2018,0.0751887786999825,0.09734802549656121,phillips_augmented
Ghana,2019,0.0690001784378022,0.09304452354223121,phillips_augmented
Ghana,2020,0.0942850141624562,0.11683110579040126,phillips_augmented
Ghana,2021,0.0950473150315351,0.10568861858774672,phillips_augmented
Ghana,2022,0.2719786295599551,0.13691629059242202,phillips_augmented
Ghana,2023,0.3228583121823067,0.23171808085827675,phillips_augmented
Grenada,2016,0.0163691902256406,-0.004332735199896957,phillips_augmented
Grenada,2017,0.0090435659638767,-0.0017177156240365601,phillips_augmented
Grenada,2018,0.0080088663734132,0.011781904086199672,phillips_augmented
Grenada,2019,0.0059636795077731,-0.029177911450825156,phillips_augmented
Grenada,2020,-0.0074348964428327,-0.002708314812389737,phillips_augmented
Grenada,2021,0.0121213580036458,0.01847764419174983,phillips_augmented
Grenada,2022,0.0254780529204126,0.022558437025781617,phillips_augmented
Grenada,2023,0.0266041765642635,-0.004979541840560604,phillips_augmented
Guatemala,2016,0.0435233856699008,0.018131839407967656,phillips_augmented
Guatemala,2017,0.0432944862893016,0.03050402971687015,phillips_augmented
Guatemala,2018,0.0368319186681578,0.03779004907425913,phillips_augmented
Guatemala,2019,0.0363317747641165,0.030343903614415135,phillips_augmented
Guatemala,2020,0.0316385857777881,0.06850868977367833,phillips_augmented
Guatemala,2021,0.0417276764990734,0.0269765567079848,phillips_augmented
Guatemala,2022,0.0665845038752612,0.02759363611758709,phillips_augmented
Guatemala,2023,0.0602158410790538,0.036176464966389474,phillips_augmented
Guinea,2016,0.078558663542287,0.09157859572560637,phillips_augmented
Guinea,2017,0.0853916945706458,0.08517347806048357,phillips_augmented
Guinea,2018,0.0937418325230767,0.06678665711160921,phillips_augmented
Guinea,2019,0.090480448063329,0.11381194777884664,phillips_augmented
Guinea,2020,0.1007645534333017,0.11246547730616248,phillips_augmented
Guinea,2021,0.1186474464496454,0.07213849089909631,phillips_augmented
Guinea,2022,0.0997823555968961,0.10500296419920732,phillips_augmented
Guinea,2023,0.0751536302274535,0.060397382372043215,phillips_augmented
Guinea-Bissau,2016,0.0149193564409628,0.014338532236176586,phillips_augmented
Guinea-Bissau,2017,0.0167697446971866,-0.008322834097737363,phillips_augmented
Guinea-Bissau,2018,0.0038059950313806,0.0050393821401428125,phillips_augmented
Guinea-Bissau,2019,0.0024629670863722,-0.022567166909765998,phillips_augmented
Guinea-Bissau,2020,0.0113356025442215,0.010457041484673281,phillips_augmented
Guinea-Bissau,2021,0.0221771470265554,0.051500979343092265,phillips_augmented
Guinea-Bissau,2022,0.0897562337033113,-0.001187287312850848,phillips_augmented
Guinea-Bissau,2023,0.0686134195028103,0.011321192625560209,phillips_augmented
Guyana,2016,0.0083253286926945,-0.0020548757376059983,phillips_augmented
Guyana,2017,0.0188674465740614,-0.012705499787534444,phillips_augmented
Guyana,2018,0.0127468415678926,0.024248539574740803,phillips_augmented
Guyana,2019,0.0206574666366972,0.0659101760071504,phillips_augmented
Guyana,2020,0.0098843586061487,0.045326397036273676,phillips_augmented
Guyana,2021,0.0491030270919301,0.05259619492400144,phillips_augmented
Guyana,2022,0.0593537487272204,0.04464426398052856,phillips_augmented
Guyana,2023,0.0278204314803121,0.07407436991701807,phillips_augmented
Haiti,2016,0.1088804798570333,0.1029885783148999,phillips_augmented
Haiti,2017,0.1014737705589521,0.0863884011332012,phillips_augmented
Haiti,2018,0.1176177874884931,0.11507774490338792,phillips_augmented
Haiti,2019,0.1714609817352199,0.10715607234249844,phillips_augmented
Haiti,2020,0.2053567915234255,0.10267289030955615,phillips_augmented
Haiti,2021,0.1556483350947752,0.21355887210764257,phillips_augmented
Haiti,2022,0.2925496959301803,0.17987016251058288,phillips_augmented
Haiti,2023,0.3134486175220221,0.10389349834346455,phillips_augmented
Honduras,2016,0.0268815539672795,0.06402842350356101,phillips_augmented
Honduras,2017,0.0385893681702445,0.04232624004932678,phillips_augmented
Honduras,2018,0.0425550459453774,0.031657208502619764,phillips_augmented
Honduras,2019,0.0427325356164063,0.03964691971506618,phillips_augmented
Honduras,2020,0.0340961799363217,0.0867357838919104,phillips_augmented
Honduras,2021,0.0438338986674349,0.03783843769621743,phillips_augmented
Honduras,2022,0.0869997354783311,0.05059238292749238,phillips_augmented
Honduras,2023,0.0645065062826768,0.06533074887733477,phillips_augmented
"Hong Kong SAR, China",2016,0.0238074154420981,0.019828752480451625,phillips_augmented
"Hong Kong SAR, China",2017,0.0148282406161861,0.03480679542495908,phillips_augmented
"Hong Kong SAR, China",2018,0.0237764302963467,-0.002341495214620107,phillips_augmented
"Hong Kong SAR, China",2019,0.028424261201339,0.007785654807517594,phillips_augmented
"Hong Kong SAR, China",2020,0.0025064763728073,0.02486697612018954,phillips_augmented
"Hong Kong SAR, China",2021,0.0155658052598566,-0.007649419520018675,phillips_augmented
"Hong Kong SAR, China",2022,0.018638882485912,0.00452248886841174,phillips_augmented
"Hong Kong SAR, China",2023,0.0207492880174768,0.0026661673647177288,phillips_augmented
Hungary,2016,0.0039399213733819,0.027917208892849033,phillips_augmented
Hungary,2017,0.0232109575448751,0.031281969984455024,phillips_augmented
Hungary,2018,0.0281038406665175,0.05019920397065096,phillips_augmented
Hungary,2019,0.0328406572130246,0.03726423676004572,phillips_augmented
Hungary,2020,0.0327260516703074,0.0927910441863704,phillips_augmented
Hungary,2021,0.0498464189342806,0.0776691655237872,phillips_augmented
Hungary,2022,0.1363486798971322,0.050540277723353,phillips_augmented
Hungary,2023,0.1580712640080097,0.0774694214913864,phillips_augmented
Iceland,2016,0.0168269063837058,-0.02802931851993063,phillips_augmented
Iceland,2017,0.0174509976343575,0.007275254435707795,phillips_augmented
Iceland,2018,0.0264755849079243,0.011062472749913517,phillips_augmented
Iceland,2019,0.0296944415038806,0.015178040316985046,phillips_augmented
Iceland,2020,0.0280812453197665,0.03405483197769749,phillips_augmented
Iceland,2021,0.0434831516368419,0.04110362435741915,phillips_augmented
Iceland,2022,0.0798158060772102,0.03319313478613838,phillips_augmented
Iceland,2023,0.0837555266173586,0.04582868927353624,phillips_augmented
India,2016,0.0482968648089379,0.026945200055056177,phillips_augmented
India,2017,0.0327398864917993,0.03820877699587366,phillips_augmented
India,2018,0.0386323330427682,0.02913102810769374,phillips_augmented
India,2019,0.0366164185295252,0.03153058864528174,phillips_augmented
India,2020,0.0641331587670199,0.05205677065715643,phillips_augmented
India,2021,0.0500408814275035,0.04988195718566041,phillips_augmented
Indonesia,2016,0.0346507147550845,0.05632510304719339,phillips_augmented
Indonesia,2017,0.0373805458615823,0.037507749704809155,phillips_augmented
Indonesia,2018,0.0314826549084079,0.03020278206019844,phillips_augmented
Indonesia,2019,0.029855696119692,0.025976053892971807,phillips_augmented
Indonesia,2020,0.019016389593367,0.053901142797406876,phillips_augmented
Indonesia,2021,0.0154803470378537,0.05286445709898122,phillips_augmented
Indonesia,2022,0.0412327706568094,0.029969794910975255,phillips_augmented
Indonesia,2023,0.0360366739820445,0.022604398793546535,phillips_augmented
"Iran, Islamic Rep.",2016,0.0699497181321024,0.14831637555301277,phillips_augmented
Iraq,2016,0.00554978538407,-0.01595828389101641,phillips_augmented
Iraq,2017,0.0018388971802014,-0.026843092472316078,phillips_augmented
Iraq,2018,0.0036676807180269,-0.029901110231961493,phillips_augmented
Iraq,2019,-0.0019916357907785,-0.017713226852027877,phillips_augmented
Iraq,2020,0.0057252064780328,0.025145422689519498,phillips_augmented
Iraq,2021,0.0586637819489741,0.028510774650311085,phillips_augmented
Iraq,2022,0.0487403149632728,0.05183698589148823,phillips_augmented
Iraq,2023,0.0426604971427169,0.007286805261617388,phillips_augmented
Israel,2016,-0.0053660535046429,0.0011048901466178679,phillips_augmented
Israel,2017,0.0024949633899975,-0.0016265068090152573,phillips_augmented
Israel,2018,0.0080183705669529,-0.0023247420610271324,phillips_augmented
Israel,2019,0.0081432132596255,0.011243942278646724,phillips_augmented
Israel,2020,-0.0057691558319685,0.06724699000689291,phillips_augmented
Israel,2021,0.0146881465616584,0.03263727178093502,phillips_augmented
Israel,2022,0.0431708554322414,0.00666180590727836,phillips_augmented
Israel,2023,0.0413840064661661,0.01982204746744949,phillips_augmented
Jamaica,2016,0.0232381111681219,0.07912295781983808,phillips_augmented
Jamaica,2017,0.0428525585681578,0.06487262372550143,phillips_augmented
Jamaica,2018,0.0366851823863854,0.06697983153132407,phillips_augmented
Jamaica,2019,0.0383077966550482,0.06188930698884309,phillips_augmented
Jamaica,2020,0.0509476236831982,0.10692898550412216,phillips_augmented
Jamaica,2021,0.0569735641319484,0.09031030366195816,phillips_augmented
Jamaica,2022,0.0984830394947637,0.0702671634629535,phillips_augmented
Jamaica,2023,0.0627319278547693,0.10014492767267966,phillips_augmented
Japan,2016,-0.0012733988732103,0.012986184533237844,phillips_augmented
Japan,2017,0.0048303131923779,0.005877885103178771,phillips_augmented
Japan,2018,0.0098423507465126,0.0038369886121501834,phillips_augmented
Japan,2019,0.0046768082572103,0.005692560545394376,phillips_augmented
Japan,2020,-0.00024998958507,0.028724417430750476,phillips_augmented
Japan,2021,-0.0023362547130156,0.006942795837481292,phillips_augmented
Japan,2022,0.0246702004535803,0.002748844994056218,phillips_augmented
Japan,2023,0.0321586590939571,0.012854773744363907,phillips_augmented
Jordan,2016,-0.0078147604845524,-0.001744370837115079,phillips_augmented
Jordan,2017,0.0326984748679324,-0.017794805892004745,phillips_augmented
Jordan,2018,0.043656160887477,0.0008635818230166761,phillips_augmented
Jordan,2019,0.0075862916564002,0.0232769957465203,phillips_augmented
Jordan,2020,0.0033274015606599,0.013866999740565367,phillips_augmented
Jordan,2021,0.0133711442079205,0.013599680979880596,phillips_augmented
Jordan,2022,0.0414217092695308,0.011624432930253382,phillips_augmented
Jordan,2023,0.0206343388113001,0.01162110810183744,phillips_augmented
Kazakhstan,2016,0.1341907497887708,-0.00026987020550303664,phillips_augmented
Kazakhstan,2017,0.0717871538298435,-0.030533771718969642,phillips_augmented
Kazakhstan,2018,0.0598117030242004,-0.02974750689794181,phillips_augmented
Kazakhstan,2019,0.0519619002179307,-0.05404837977198611,phillips_augmented
Kazakhstan,2020,0.0650211035691992,-0.0011489855453066383,phillips_augmented
Kazakhstan,2021,0.0773449613208603,0.014141094686062464,phillips_augmented
Kazakhstan,2022,0.1400042125391554,-0.0019941609736692234,phillips_augmented
Kazakhstan,2023,0.1356453048346022,0.0156599171687285,phillips_augmented
Kenya,2016,0.0610692245015078,0.044427070587025656,phillips_augmented
Kenya,2017,0.0770133515929085,0.06166966097455644,phillips_augmented
Kenya,2018,0.0458315677194693,0.0704174043945453,phillips_augmented
Kenya,2019,0.0510698300188998,0.04117840188323049,phillips_augmented
Kenya,2020,0.0526414250046434,0.07520451131576131,phillips_augmented
Kenya,2021,0.0592866545404993,0.04767270371756988,phillips_augmented
Kenya,2022,0.0738066516722568,0.05509446091400099,phillips_augmented
Kenya,2023,0.0739137764588298,0.10006030201746445,phillips_augmented
"Korea, Rep.",2016,0.0096699523420014,-0.004359070102602152,phillips_augmented
"Korea, Rep.",2017,0.0192567166264439,-0.011041975011562594,phillips_augmented
"Korea, Rep.",2018,0.0146505481983707,-0.002075512181779756,phillips_augmented
"Korea, Rep.",2019,0.0038226872481601,-4.4657734073173805e-05,phillips_augmented
"Korea, Rep.",2020,0.0053584978068217,0.006470824409264324,phillips_augmented
"Korea, Rep.",2021,0.0246763522955717,0.013600224980983594,phillips_augmented
"Korea, Rep.",2022,0.0496423119467239,-0.008449081238399672,phillips_augmented
"Korea, Rep.",2023,0.0353425899672172,0.0035835235954396194,phillips_augmented
Kosovo,2016,0.0027279700144342,0.014091904982183448,phillips_augmented
Kosovo,2017,0.014772687606479,0.00810715047821782,phillips_augmented
Kosovo,2018,0.0104828399019867,0.019694538447079666,phillips_augmented
Kosovo,2019,0.0264081356184062,0.030327419231251696,phillips_augmented
Kosovo,2020,0.0019803171070389,0.060830092753097614,phillips_augmented
Kosovo,2021,0.0329868168901272,0.02813040175357265,phillips_augmented
Kosovo,2022,0.1095762112010536,0.040684181865843175,phillips_augmented
Kosovo,2023,0.0482597796157717,0.07384592184319301,phillips_augmented
Kuwait,2016,0.0314831414212513,0.012942768222414476,phillips_augmented
Kuwait,2017,0.0214858469955627,0.02220613149905304,phillips_augmented
Kuwait,2018,0.0054166349914881,0.014226931029076254,phillips_augmented
Kuwait,2019,0.0108593040134401,-0.016391084258944345,phillips_augmented
Kuwait,2020,0.0207994787870786,-0.02752286408083812,phillips_augmented
Kuwait,2021,0.0336632748922491,0.017015458341502886,phillips_augmented
Kuwait,2022,0.0390346344946328,0.023146038627580863,phillips_augmented
Kuwait,2023,0.0357740497493752,0.011438307542933426,phillips_augmented
Kyrgyz Republic,2016,0.0038808427477565,0.05478379585414307,phillips_augmented
Kyrgyz Republic,2017,0.0312593929297815,0.03709601610902878,phillips_augmented
Kyrgyz Republic,2018,0.0153088340640081,0.007714493707002206,phillips_augmented
Kyrgyz Republic,2019,0.0112724522790665,0.02140121737186757,phillips_augmented
Kyrgyz Republic,2020,0.0613342331675017,0.06962290248985036,phillips_augmented
Kyrgyz Republic,2021,0.1124804669082042,0.07285765716665364,phillips_augmented
Kyrgyz Republic,2022,0.1303517995992811,0.11978194929310486,phillips_augmented
Lesotho,2016,0.0638805382170817,-0.022761204032958456,phillips_augmented
Lesotho,2017,0.0435162756710214,0.09723855571611031,phillips_augmented
Lesotho,2018,0.0464235852316292,0.04187094920974674,phillips_augmented
Lesotho,2019,0.0505703272335766,-0.03030508438175304,phillips_augmented
Lesotho,2020,0.0485815401472713,0.07264923526810896,phillips_augmented
Liberia,2016,0.0846558845918181,-0.023144635825937485,phillips_augmented
Liberia,2017,0.1170684016170886,0.04524587730078154,phillips_augmented
Liberia,2018,0.2115851285286307,0.03161499160721302,phillips_augmented
Liberia,2019,0.2387513220563972,0.0391930883592676,phillips_augmented
Liberia,2020,0.1566252511168722,0.09431478200818275,phillips_augmented
Liberia,2021,0.0752521174851983,0.08927981361913319,phillips_augmented
Liberia,2022,0.0731852631978862,0.1087871734598492,phillips_augmented
Liberia,2023,0.0961684801460478,0.08505746595348168,phillips_augmented
Libya,2016,0.2299513194852842,0.11691342991843201,phillips_augmented
Libya,2017,0.2295519216072969,0.14079350605992613,phillips_augmented
Libya,2018,0.1237227282930071,0.04672934454455343,phillips_augmented
Libya,2019,-0.0218589642224937,0.011493168801929285,phillips_augmented
Libya,2020,0.0143666691127561,0.05731557032397864,phillips_augmented
Libya,2021,0.0282796376389455,-0.10799365773013642,phillips_augmented
"Macao SAR, China",2016,0.0234133312154503,0.06234181579514548,phillips_augmented
"Macao SAR, China",2017,0.0122064377954931,0.022708384702837453,phillips_augmented
"Macao SAR, China",2018,0.0296021307365386,-0.009717436633761144,phillips_augmented
"Macao SAR, China",2019,0.0271474585549515,-0.03354473749055602,phillips_augmented
"Macao SAR, China",2020,0.0080813627613656,0.05865910228463365,phillips_augmented
"Macao SAR, China",2021,0.0002645086615515,-0.004430209533868225,phillips_augmented
"Macao SAR, China",2022,0.0103960535208873,0.03993709104064908,phillips_augmented
"Macao SAR, China",2023,0.0047525337574709,-0.060128869315900856,phillips_augmented
Madagascar,2016,0.0586061963448436,0.1011378187170747,phillips_augmented
Madagascar,2017,0.0825845583174889,0.09276018780563491,phillips_augmented
Madagascar,2018,0.0824480855577398,0.08289435111737331,phillips_augmented
Madagascar,2019,0.0545877486506167,0.0620770375453397,phillips_augmented
Madagascar,2020,0.0411591516466929,0.07817383177169557,phillips_augmented
Madagascar,2021,0.0564961224589311,0.06713630855839567,phillips_augmented
Madagascar,2022,0.07844688413115,0.0800518754663475,phillips_augmented
Madagascar,2023,0.0941670425850418,0.06900299324868386,phillips_augmented
Malawi,2016,0.1964801263001403,0.15584251569865018,phillips_augmented
Malawi,2017,0.1092435123289154,0.15771010968737684,phillips_augmented
Malawi,2018,0.1170732559016158,0.09809634715818248,phillips_augmented
Malawi,2019,0.0895740876203694,0.0946362636255816,phillips_augmented
Malawi,2020,0.0827361358739766,0.10723850157924966,phillips_augmented
Malawi,2021,0.089201963561817,0.14076190193325994,phillips_augmented
Malawi,2022,0.1902398717775311,0.1700832569138621,phillips_augmented
Malawi,2023,0.2530109880570501,0.19838829877943892,phillips_augmented
Malaysia,2016,0.0206901411358737,-0.009111560507189413,phillips_augmented
Malaysia,2017,0.0379814952335051,-0.00502686047587584,phillips_augmented
Malaysia,2018,0.0088081853936046,0.011227081245449702,phillips_augmented
Malaysia,2019,0.0066070439933909,-0.021780316833233688,phillips_augmented
Malaysia,2020,-0.0114523500741805,-0.002481560105530224,phillips_augmented
Malaysia,2021,0.0244691965583285,-0.008009242271200707,phillips_augmented
Malaysia,2022,0.0332287454388113,-0.00621106248514381,phillips_augmented
Malaysia,2023,0.0245839784094767,0.004333684972770251,phillips_augmented
Maldives,2016,0.0050125104889762,-0.029965979770279875,phillips_augmented
Maldives,2017,0.0277851271253757,-0.017302918541196217,phillips_augmented
Maldives,2018,-0.001334624075814,-0.02230356315441638,phillips_augmented
Maldives,2019,0.002197880201451,-0.023024109208004566,phillips_augmented
Maldives,2020,-0.0137924222252365,0.06388147541389017,phillips_augmented
Maldives,2021,0.0054167995033322,0.04692409124426503,phillips_augmented
Maldives,2022,0.0230634166710856,-0.018975232307698355,phillips_augmented
Maldives,2023,0.0288543349807044,-0.004189920364514769,phillips_augmented
Mali,2016,-0.0181603766507603,0.01890008091262943,phillips_augmented
Mali,2017,0.0174455125539125,-0.018026313450073234,phillips_augmented
Mali,2018,0.0029909876075446,0.02480260829194155,phillips_augmented
Mali,2019,-0.0167217011014546,-0.011180671452098277,phillips_augmented
Mali,2020,0.0043713212417522,0.013710666119826832,phillips_augmented
Mali,2021,0.0385050997692655,0.09400180842418497,phillips_augmented
Mali,2022,0.0918631190098544,0.03204380729935458,phillips_augmented
Mali,2023,0.0203789541560022,0.01208525311267488,phillips_augmented
Mauritania,2016,0.014609858931303,0.021944448940422696,phillips_augmented
Mauritania,2017,0.0222924322103157,0.04367730702871871,phillips_augmented
Mauritania,2018,0.0302125686895236,0.027977661042136788,phillips_augmented
Mauritania,2019,0.0227403923569529,0.030207948663421913,phillips_augmented
Mauritius,2016,0.0097292681504965,0.02611621875391086,phillips_augmented
Mauritius,2017,0.0360136242712627,0.022912649185326504,phillips_augmented
Mauritius,2018,0.0316542153433312,0.020199306292931936,phillips_augmented
Mauritius,2019,0.0040483462799647,0.02118652483679425,phillips_augmented
Mauritius,2020,0.0254806022579101,0.06191459151274999,phillips_augmented
Mauritius,2021,0.039494991704454,0.04075097034867139,phillips_augmented
Mauritius,2022,0.1023196579514591,0.0236314470902712,phillips_augmented
Mauritius,2023,0.0681536883937328,0.05430290595763459,phillips_augmented
Mexico,2016,0.0278263105720899,0.048712343345893694,phillips_augmented
Mexico,2017,0.0586599377014742,0.044300145368842796,phillips_augmented
Mexico,2018,0.047831134481389,0.03300011855458875,phillips_augmented
Mexico,2019,0.0357142015717162,0.029384163793043414,phillips_augmented
Mexico,2020,0.0334041581678068,0.06798883387043476,phillips_augmented
Mexico,2021,0.0553326059033851,0.04559686724785188,phillips_augmented
Mexico,2022,0.0760001740185991,0.04458636417821953,phillips_augmented
Mexico,2023,0.0538057637861904,0.06382561663132205,phillips_augmented
"Micronesia, Fed. Sts.",2016,-0.0104288727830388,0.07480862441066408,phillips_augmented
"Micronesia, Fed. Sts.",2017,0.0058056518943692,0.03463598520137526,phillips_augmented
"Micronesia, Fed. Sts.",2018,0.0148728511472508,0.015549711455543791,phillips_augmented
"Micronesia, Fed. Sts.",2019,0.0190557966040145,0.010664933212431553,phillips_augmented
"Micronesia, Fed. Sts.",2020,0.0055306241726995,0.06713206180824707,phillips_augmented
"Micronesia, Fed. Sts.",2021,0.0314142067676463,0.057742133200675706,phillips_augmented
Moldova,2016,0.0616528833778335,0.09712505388002832,phillips_augmented
Moldova,2017,0.0636340182095684,0.07845483339914869,phillips_augmented
Moldova,2018,0.0299961238197123,0.07282655291543848,phillips_augmented
Moldova,2019,0.0472440506401108,0.055700495044242494,phillips_augmented
Moldova,2020,0.0369679007687775,0.11745630614633412,phillips_augmented
Moldova,2021,0.0498030918423477,0.06676121671365642,phillips_augmented
Moldova,2022,0.252603689866314,0.06201835544237207,phillips_augmented
Moldova,2023,0.125901197919684,0.19510055615180266,phillips_augmented
Mongolia,2016,0.0073059685705469,0.0581688132238818,phillips_augmented
Mongolia,2017,0.0421148964712374,0.06179741758930009,phillips_augmented
Mongolia,2018,0.0660147550440566,0.04893835572813507,phillips_augmented
Mongolia,2019,0.0704684313109771,0.005164333493990057,phillips_augmented
Mongolia,2020,0.0365606693466959,0.0532556437929947,phillips_augmented
Mongolia,2021,0.0710076751424475,0.02782742643205703,phillips_augmented
Mongolia,2022,0.1410738885284628,0.015620351910431401,phillips_augmented
Mongolia,2023,0.0984650446300738,0.10447070799287891,phillips_augmented
Montenegro,2016,-0.0027175394014751,0.020837723549304084,phillips_augmented
Montenegro,2017,0.0235235000839271,0.02398464898935572,phillips_augmented
Montenegro,2018,0.0257771343584982,-0.0018278326278267747,phillips_augmented
Montenegro,2019,0.0036091163427185,-0.022973300474749152,phillips_augmented
Montenegro,2020,-0.0025598305709042,-0.010622827878387014,phillips_augmented
Montenegro,2021,0.0238220091791498,0.037753146498473805,phillips_augmented
Montenegro,2022,0.1225742384664885,0.06635756122824743,phillips_augmented
Montenegro,2023,0.0823609640200873,0.07358635448910442,phillips_augmented
Morocco,2016,0.0162208393973113,0.005018664991496072,phillips_augmented
Morocco,2017,0.0075182991206483,0.004090160038539618,phillips_augmented
Morocco,2018,0.0178783919601084,-0.006565400866871258,phillips_augmented
Morocco,2019,0.0030292674986087,-0.005027520547857777,phillips_augmented
Morocco,2020,0.0070348836913236,0.01903573022390442,phillips_augmented
Morocco,2021,0.0139222229273743,-0.0004675984678413382,phillips_augmented
Morocco,2022,0.0644482860751773,0.013274948797576052,phillips_augmented
Morocco,2023,0.0591283643935369,0.0197011972296816,phillips_augmented
Mozambique,2016,0.1605703877907798,0.01341449881418471,phillips_augmented
Mozambique,2017,0.1407458702457544,0.054596613291944054,phillips_augmented
Mozambique,2018,0.0383677956755139,0.05547211405269796,phillips_augmented
Mozambique,2019,0.0276414612328155,0.026493661704357095,phillips_augmented
Mozambique,2020,0.0342462038006576,0.057651445441245786,phillips_augmented
Mozambique,2021,0.0621150543792872,-0.009119745215777363,phillips_augmented
Mozambique,2022,0.0978469758631837,0.0245108670895844,phillips_augmented
Mozambique,2023,0.0688446254980332,0.018703519827329554,phillips_augmented
Myanmar,2016,0.0669932426372739,0.09249058136340374,phillips_augmented
Myanmar,2017,0.0447107743156358,0.0919185003655303,phillips_augmented
Myanmar,2018,0.0664647459307605,0.06345543755545749,phillips_augmented
Myanmar,2019,0.0845715168238072,0.07585474374120892,phillips_augmented
Namibia,2016,0.0651188122292509,0.009740266860040536,phillips_augmented
Namibia,2017,0.0596434329479098,0.052713085339777595,phillips_augmented
Namibia,2018,0.0420205500779342,0.022263011873387646,phillips_augmented
Namibia,2019,0.0365478571794364,0.027219011434413062,phillips_augmented
Namibia,2020,0.0218532915730138,0.027500282309308614,phillips_augmented
Namibia,2021,0.0355303091070453,0.007255014237136412,phillips_augmented
Nepal,2016,0.0842523882451082,0.07728931037783497,phillips_augmented
Nepal,2017,0.0273917956185867,0.057899131259493614,phillips_augmented
Nepal,2018,0.043122649360046,0.05298554043156911,phillips_augmented
Nepal,2019,0.0541676827206254,0.038129078375448856,phillips_augmented
Nepal,2020,0.0493267655292148,0.079275982851365,phillips_augmented
Nepal,2021,0.0404388886108666,0.05232140763741176,phillips_augmented
Nepal,2022,0.0739027191760799,0.021909868852008595,phillips_augmented
Nepal,2023,0.068740984175549,0.06214875547645583,phillips_augmented
New Zealand,2016,0.0064416110478502,0.013413867837416722,phillips_augmented
New Zealand,2017,0.018338690327142,0.013454526020841597,phillips_augmented
New Zealand,2018,0.0158565875789715,0.014964808879606124,phillips_augmented
New Zealand,2019,0.016066557870606,0.00852044057791939,phillips_augmented
New Zealand,2020,0.0170002897082977,0.03846370699308954,phillips_augmented
New Zealand,2021,0.0386544048289394,0.01864709211449137,phillips_augmented
New Zealand,2022,0.0692669316905609,0.008618279555626662,phillips_augmented
New Zealand,2023,0.0557484025276799,0.030411094564242198,phillips_augmented
Nicaragua,2016,0.0346252970795317,0.04454888008827695,phillips_augmented
Nicaragua,2017,0.0377838319380297,0.05406979508993423,phillips_augmented
Nicaragua,2018,0.0482875357815055,-0.06695207028921056,phillips_augmented
Nicaragua,2019,0.0523674713829995,0.041005756301477014,phillips_augmented
Nicaragua,2020,0.0361565369746426,0.07946848156213758,phillips_augmented
Nicaragua,2021,0.0481081599382635,0.05318623681105918,phillips_augmented
Nicaragua,2022,0.0995504901190029,0.04878104670507274,phillips_augmented
Niger,2016,0.0164036142877135,0.013745804097075709,phillips_augmented
Niger,2017,0.0275798861451637,-0.024157517657951592,phillips_augmented
Niger,2018,0.0292442251949918,-0.011241263190228598,phillips_augmented
Niger,2019,-0.0252131227020164,0.04735257277845275,phillips_augmented
Niger,2020,0.0285699033476305,0.03147041177955993,phillips_augmented
Niger,2021,0.0376605354434067,0.03804535653536774,phillips_augmented
Niger,2022,0.0413935231906004,0.03893533638109927,phillips_augmented
Niger,2023,0.0363413136224339,0.0017613513440179474,phillips_augmented
Nigeria,2016,0.1458028993342113,0.1493619181630635,phillips_augmented
Nigeria,2017,0.1527405393088461,0.07993491857724332,phillips_augmented
Nigeria,2018,0.1141774903035157,0.12628347827597908,phillips_augmented
Nigeria,2019,0.1079250255298802,0.07711270803158632,phillips_augmented
Nigeria,2020,0.1243924645370198,0.10258882397027388,phillips_augmented
Nigeria,2021,0.156600639556327,0.11724989966170123,phillips_augmented
Nigeria,2022,0.172668345647776,0.13644295792004046,phillips_augmented
Nigeria,2023,0.2204162371967424,0.23214125618554743,phillips_augmented
North Macedonia,2016,-0.0023957754563808,-0.03240371491175455,phillips_augmented
North Macedonia,2017,0.0134256601101574,-0.034883234067693794,phillips_augmented
North Macedonia,2018,0.0144778186228142,-0.008163001144377298,phillips_augmented
North Macedonia,2019,0.0076351734726163,-0.02013511814370829,phillips_augmented
North Macedonia,2020,0.0119292970397673,-0.01343305876621824,phillips_augmented
North Macedonia,2021,0.0317965792811447,-0.013260767997858282,phillips_augmented
North Macedonia,2022,0.1328224179076844,-0.017856181975318415,phillips_augmented
North Macedonia,2023,0.0894921286081018,0.028695707749653805,phillips_augmented
Norway,2016,0.0348844018535041,0.03797383223700117,phillips_augmented
Norway,2017,0.0185773730131826,0.025014306100034574,phillips_augmented
Norway,2018,0.0272730009647368,0.015404075118399318,phillips_augmented
Norway,2019,0.0214456888197673,0.015269892402510036,phillips_augmented
Norway,2020,0.0127837871493312,0.04473098915005548,phillips_augmented
Norway,2021,0.0342456711355625,0.031652638950594,phillips_augmented
Norway,2022,0.0560411755365306,0.022070302158618087,phillips_augmented
Norway,2023,0.053709945706986,0.01647633759448058,phillips_augmented
Oman,2016,0.0110310146057601,-0.025473235626104825,phillips_augmented
Oman,2017,0.0157660022105465,-0.00743586978418603,phillips_augmented
Pakistan,2016,0.0369596893833232,0.04566499429103015,phillips_augmented
Pakistan,2017,0.0400412771708946,0.0393444848904648,phillips_augmented
Pakistan,2018,0.0495332904463925,0.03725813987016076,phillips_augmented
Pakistan,2019,0.1005512447359882,0.04933620322068645,phillips_augmented
Pakistan,2020,0.0929448044466401,0.09233622968876443,phillips_augmented
Pakistan,2021,0.090721630064718,0.06660549003630546,phillips_augmented
Pakistan,2022,0.1812698369693759,0.052616564168282226,phillips_augmented
Pakistan,2023,0.2682555541203664,0.12741515393872038,phillips_augmented
Papua New Guinea,2016,0.0646047265730658,0.05743514103283069,phillips_augmented
Papua New Guinea,2017,0.0528015902994365,0.020469977084535396,phillips_augmented
Papua New Guinea,2018,0.0428151034179631,0.010978829318745028,phillips_augmented
Papua New Guinea,2019,0.0385346404495621,0.03457355503717451,phillips_augmented
Paraguay,2016,0.0400551995435343,0.027939101701303752,phillips_augmented
Paraguay,2017,0.0353910568089892,0.03306705891580724,phillips_augmented
Paraguay,2018,0.0389861679324647,0.02861599784674619,phillips_augmented
Paraguay,2019,0.0271977382449204,0.0397127506579066,phillips_augmented
Paraguay,2020,0.0175207701880406,0.0683958274711867,phillips_augmented
Paraguay,2021,0.0467689142597658,0.025072881749988042,phillips_augmented
Paraguay,2022,0.0931766934640361,0.02651218988078908,phillips_augmented
Paraguay,2023,0.0452794646217205,0.05813937888084557,phillips_augmented
Peru,2016,0.0349537054448285,-0.02354854931370555,phillips_augmented
Peru,2017,0.0295092909002905,-0.000386768686237271,phillips_augmented
Peru,2018,0.0149787978874913,-0.01963353506940876,phillips_augmented
Peru,2019,0.0222713609305511,-0.017961690604010015,phillips_augmented
Peru,2020,0.0198262746400406,0.09593622913113133,phillips_augmented
Peru,2021,0.0418294594844912,-0.031111075003810648,phillips_augmented
Peru,2022,0.0800461504457228,-5.405922426164611e-05,phillips_augmented
Philippines,2016,0.0124590506973252,0.02574978245370025,phillips_augmented
Philippines,2017,0.0281324235626048,0.020090508309721394,phillips_augmented
Philippines,2018,0.0517319910007492,0.016134390822279174,phillips_augmented
Philippines,2019,0.0236390367422449,0.024728545312972305,phillips_augmented
Philippines,2020,0.0236497508835915,0.02862749658445409,phillips_augmented
Philippines,2021,0.0385202777229825,0.02064575789749428,phillips_augmented
Philippines,2022,0.0565802955986756,0.018610745417571295,phillips_augmented
Poland,2016,-0.006669867509105,0.013014519373587934,phillips_augmented
Poland,2017,0.0205468163652398,-0.004288472113185742,phillips_augmented
Poland,2018,0.0179671356294335,0.020022141860884267,phillips_augmented
Poland,2019,0.0220303285319189,0.014691471513839323,phillips_augmented
Poland,2020,0.0331878377289234,0.052408926369817324,phillips_augmented
Poland,2021,0.049314094010338,0.027639921573028574,phillips_augmented
Poland,2022,0.1347882965185682,0.019482520371717896,phillips_augmented
Poland,2023,0.1091136788861124,0.07407349502237857,phillips_augmented
Qatar,2016,0.0264139760570545,-0.047815856646011054,phillips_augmented
Qatar,2017,0.0039410131368011,0.0475430367809394,phillips_augmented
Qatar,2018,0.0025548873213789,-0.05905078642257797,phillips_augmented
Qatar,2019,-0.0066887310185625,-0.02724805085807902,phillips_augmented
Qatar,2020,-0.0257313809814787,-0.020478365665710818,phillips_augmented
Qatar,2021,0.0227831385819454,-0.03905007469019653,phillips_augmented
Qatar,2022,0.0487451682752952,0.03108289974062075,phillips_augmented
Qatar,2023,0.0298272030342534,-0.01207335595628221,phillips_augmented
Romania,2016,-0.015568529766738,0.059804561751026546,phillips_augmented
Romania,2017,0.0133013555469139,0.05504034475631433,phillips_augmented
Romania,2018,0.0452169729793148,0.05761302041786879,phillips_augmented
Romania,2019,0.0375640948531685,0.07781328123985579,phillips_augmented
Romania,2020,0.0259705577373203,0.09961496949747545,phillips_augmented
Romania,2021,0.0492884091768255,0.09158216594967857,phillips_augmented
Romania,2022,0.1292326929434395,0.07052012032618601,phillips_augmented
Romania,2023,0.098914471774048,0.1197079446404759,phillips_augmented
Russian Federation,2016,0.0680551796966639,0.03661275028441652,phillips_augmented
Russian Federation,2017,0.0361711711321399,0.030373887380794294,phillips_augmented
Russian Federation,2018,0.0283766846521862,0.0294851554522,phillips_augmented
Russian Federation,2019,0.043749158847997,-0.00032474492612304465,phillips_augmented
Russian Federation,2020,0.0332625946244098,0.05041816347455133,phillips_augmented
Rwanda,2016,0.0692866965011429,0.02082429209465482,phillips_augmented
Rwanda,2017,0.0795460002358154,0.0466336563569065,phillips_augmented
Rwanda,2018,-0.0031169542626967,0.07857698444819308,phillips_augmented
Rwanda,2019,0.0329305537300319,0.00818316395922812,phillips_augmented
Rwanda,2020,0.0939492452687211,0.07509274509823603,phillips_augmented
Rwanda,2021,-0.0039211451342522,0.08589163797788497,phillips_augmented
Rwanda,2022,0.1628771465803025,0.05410478010451723,phillips_augmented
Rwanda,2023,0.1805662400136825,0.1325451996334266,phillips_augmented
Samoa,2016,0.0129628055541459,0.0222335853154325,phillips_augmented
Samoa,2017,0.017347623836283,0.04583977000721351,phillips_augmented
Samoa,2018,0.0411175561493317,0.030287550418755013,phillips_augmented
Samoa,2019,0.0097753310850494,0.020905940011143206,phillips_augmented
Samoa,2020,-0.015813501717667,0.015508078726474365,phillips_augmented
Samoa,2021,0.0308512165370489,0.0009666429618248699,phillips_augmented
Samoa,2022,0.1040165530026238,0.040870358582085965,phillips_augmented
Samoa,2023,0.0762352856936789,0.07533394243118571,phillips_augmented
Sao Tome and Principe,2016,0.0528819685575259,0.005426024013250053,phillips_augmented
Sao Tome and Principe,2017,0.0553428975582406,0.022899043212093517,phillips_augmented
Sao Tome and Principe,2018,0.0757435993243005,0.07479070515158354,phillips_augmented
Sao Tome and Principe,2019,0.0743673587084945,0.026136561103294022,phillips_augmented
Sao Tome and Principe,2020,0.0936663559695825,0.06941591306542837,phillips_augmented
Sao Tome and Principe,2021,0.0782358798855202,0.03140467606137323,phillips_augmented
Sao Tome and Principe,2022,0.165562192526175,0.0675855288745515,phillips_augmented
Sao Tome and Principe,2023,0.1927578573937047,0.09766586095877923,phillips_augmented
Saudi Arabia,2016,0.02032671315723,-0.014528480906955722,phillips_augmented
Saudi Arabia,2017,-0.0083835008963317,-0.009646082278896405,phillips_augmented
Senegal,2016,0.008337991559765,0.028346904201123044,phillips_augmented
Senegal,2017,0.0130954110724026,0.014701631462185404,phillips_augmented
Senegal,2018,0.004599263578374,0.03193105197452492,phillips_augmented
Senegal,2019,0.0174480094357569,0.00934997402726457,phillips_augmented
Senegal,2020,0.0251134689624583,0.03404452046107842,phillips_augmented
Senegal,2021,0.0215689368534137,0.04368906623333722,phillips_augmented
Senegal,2022,0.0925501835236231,0.06204141780574221,phillips_augmented
Senegal,2023,0.0576977826829985,0.05606953361183063,phillips_augmented
Serbia,2016,0.0111606275958067,0.03145628122242763,phillips_augmented
Serbia,2017,0.0308304446808884,0.003599480367784208,phillips_augmented
Serbia,2018,0.0194088317584864,0.04675596628167049,phillips_augmented
Serbia,2019,0.018323394997922,0.019370200698963447,phillips_augmented
Serbia,2020,0.0156325022498258,0.057945875011503,phillips_augmented
Serbia,2021,0.040038675197934,0.035050517330612964,phillips_augmented
Serbia,2022,0.1131635978814493,0.02662700185346383,phillips_augmented
Serbia,2023,0.1166437589737743,0.07895923193203595,phillips_augmented
Seychelles,2016,-0.010206731082361,0.041705633334119155,phillips_augmented
Seychelles,2017,0.0281675023634928,0.03150856734950358,phillips_augmented
Seychelles,2018,0.036360071485098,0.019262664512899257,phillips_augmented
Seychelles,2019,0.0179096014381139,0.037557878774019914,phillips_augmented
Seychelles,2020,0.011954900952146,0.0933477051853164,phillips_augmented
Seychelles,2021,0.0932088769743222,-0.014752540833148241,phillips_augmented
Seychelles,2022,0.0259214799407079,0.0266473842611974,phillips_augmented
Seychelles,2023,-0.0104069740304257,0.015283995269887204,phillips_augmented
Sierra Leone,2016,0.1033330101294041,0.3646920892167656,phillips_augmented
Sierra Leone,2017,0.1673898770506863,0.34509168153607644,phillips_augmented
Sierra Leone,2018,0.1486746689763505,0.3980642409408844,phillips_augmented
Sierra Leone,2019,0.1380648430346589,0.3852845585186128,phillips_augmented
Sierra Leone,2020,0.1261644453960464,0.4575347186455001,phillips_augmented
Sierra Leone,2021,0.1122026844990298,0.40379573267367264,phillips_augmented
Sierra Leone,2022,0.2406556230267416,0.4506935071114978,phillips_augmented
Sierra Leone,2023,0.3896261536838548,0.4828037398927697,phillips_augmented
Singapore,2016,-0.00531218229293,0.005380512359682607,phillips_augmented
Singapore,2017,0.005751062802024,-0.01386205420624656,phillips_augmented
Singapore,2018,0.0043782436395174,-0.008360713216936086,phillips_augmented
Singapore,2019,0.0056622391091805,-0.004958536754581775,phillips_augmented
Singapore,2020,-0.0017226014856301,0.03148556822274448,phillips_augmented
Solomon Islands,2016,0.0051117688817479,0.03608447802978147,phillips_augmented
Solomon Islands,2017,0.0048749656249746,0.006525487779110292,phillips_augmented
Solomon Islands,2018,0.0340291337508684,0.016289579903254782,phillips_augmented
Solomon Islands,2019,0.0162163556783614,-0.007742860220560133,phillips_augmented
Solomon Islands,2020,0.029204855345271,0.02463422825150486,phillips_augmented
Solomon Islands,2021,-0.0011550457527151,0.013545698755644545,phillips_augmented
Solomon Islands,2022,0.0537125937362334,0.01496071814935699,phillips_augmented
Solomon Islands,2023,0.0571915257901682,0.036902338593123626,phillips_augmented
South Africa,2016,0.0639406088981831,0.03148016793673132,phillips_augmented
South Africa,2017,0.0505617991849565,0.04069915098793034,phillips_augmented
South Africa,2018,0.0441113560612045,0.029796247976427374,phillips_augmented
South Africa,2019,0.0402091740284058,0.028258288964581088,phillips_augmented
South Africa,2020,0.0318124580945955,0.04851665495981751,phillips_augmented
South Africa,2021,0.0451525603786651,0.024962178848882667,phillips_augmented
South Africa,2022,0.0680312213539835,0.03890497779520661,phillips_augmented
South Africa,2023,0.0589785039031802,0.0458989255819143,phillips_augmented
Sri Lanka,2016,0.038825331788165,0.05819076893005684,phillips_augmented
Sri Lanka,2017,0.0742178159925019,0.05905906320041025,phillips_augmented
Sri Lanka,2018,0.0211256510977468,0.057717620902144634,phillips_augmented
Sri Lanka,2019,0.0346757232232786,0.029190639738701715,phillips_augmented
St. Kitts and Nevis,2016,-0.0068940808918904,-0.03525427641539139,phillips_augmented
St. Kitts and Nevis,2017,0.0069251329351107,-0.033898248072682685,phillips_augmented
St. Kitts and Nevis,2018,-0.0104253772971549,-0.03151257939306892,phillips_augmented
St. Kitts and Nevis,2019,-0.0033010631552672,-0.09635063110398644,phillips_augmented
St. Kitts and Nevis,2020,-0.0117411080165927,-0.03884494491132892,phillips_augmented
St. Kitts and Nevis,2021,0.0118859698628446,0.017733130395960913,phillips_augmented
St. Kitts and Nevis,2022,0.0263320029929756,-0.004706836099957002,phillips_augmented
St. Kitts and Nevis,2023,0.0349530842701097,-0.021135470781758703,phillips_augmented
St. Lucia,2016,-0.0312659003695028,-0.011222652906731538,phillips_augmented
St. Lucia,2017,0.0010420776380319,-0.01926666992417096,phillips_augmented
St. Lucia,2018,0.019171241067819,-0.0036393708935891847,phillips_augmented
St. Lucia,2019,0.0053763968342446,-0.046814011419746906,phillips_augmented
St. Lucia,2020,-0.0177140549015328,-0.02597276015761634,phillips_augmented
St. Lucia,2021,0.0238210438284784,0.04728126279349815,phillips_augmented
St. Lucia,2022,0.0618299840291642,0.0045677303529244526,phillips_augmented
St. Lucia,2023,0.0398994079730554,0.048744541462499416,phillips_augmented
St. Vincent and the Grenadines,2016,-0.001497537225684,-0.013590100184388741,phillips_augmented
St. Vincent and the Grenadines,2017,0.0213047973794822,-0.007280516022520278,phillips_augmented
St. Vincent and the Grenadines,2018,0.0229754791961926,-0.00026698179316341983,phillips_augmented
St. Vincent and the Grenadines,2019,0.009089264453018,0.015774105065430994,phillips_augmented
St. Vincent and the Grenadines,2020,-0.0063011235412977,-0.02569417214185516,phillips_augmented
St. Vincent and the Grenadines,2021,0.015604900971847,0.03456833114939821,phillips_augmented
St. Vincent and the Grenadines,2022,0.0550571312848964,-0.001087979563139125,phillips_augmented
St. Vincent and the Grenadines,2023,0.0446346581745338,0.024191137000619273,phillips_augmented
Sudan,2016,0.1633957025850589,0.18479618850765514,phillips_augmented
Sudan,2017,0.2802920289476116,0.2875903762875749,phillips_augmented
Sudan,2018,0.4903729301775001,0.4265883044168615,phillips_augmented
Sudan,2019,0.412070256013096,0.4201781250618525,phillips_augmented
Sudan,2020,0.9679635271928566,0.44737728786727193,phillips_augmented
Suriname,2016,0.4409119654755802,0.2233842934597842,phillips_augmented
Suriname,2017,0.1988258011962296,0.2580254074292629,phillips_augmented
Suriname,2020,0.2992878464787862,0.3165549164426778,phillips_augmented
Suriname,2021,0.4644863283014659,0.31576118880190485,phillips_augmented
Suriname,2022,0.4216404279150296,0.3886200693018409,phillips_augmented
Suriname,2023,0.4159916159103769,0.2870380651194485,phillips_augmented
Sweden,2016,0.0097945686691804,0.013399114180789682,phillips_augmented
Sweden,2017,0.0177858797985024,0.022532497614917456,phillips_augmented
Sweden,2018,0.0193469872459637,0.005065562400051755,phillips_augmented
Sweden,2019,0.0176842181298946,0.015505107031291397,phillips_augmented
Sweden,2020,0.0049613453356274,0.056627666461426335,phillips_augmented
Sweden,2021,0.021401322862629,0.020456329096055575,phillips_augmented
Sweden,2022,0.0803745694200346,0.002292561066617637,phillips_augmented
Sweden,2023,0.0820280423378623,0.01634339531977344,phillips_augmented
Switzerland,2016,-0.0043556587670687,-0.007961142466455916,phillips_augmented
Tajikistan,2016,0.0583121225036293,0.07802789924304698,phillips_augmented
Tanzania,2016,0.0504532214086763,0.023686769337817264,phillips_augmented
Tanzania,2017,0.0518209576455497,0.03660500985699724,phillips_augmented
Tanzania,2018,0.0343478841106374,0.025071586026006315,phillips_augmented
Tanzania,2019,0.0340562519822089,0.033440863741690724,phillips_augmented
Tanzania,2020,0.0323731937353084,0.02390047699199787,phillips_augmented
Tanzania,2021,0.0362443611706169,0.0554947968905979,phillips_augmented
Tanzania,2022,0.0425830545531971,0.04432555589703299,phillips_augmented
Tanzania,2023,0.0372883946764046,0.05373988135102267,phillips_augmented
Thailand,2016,0.0018797292459806,-0.004912685775428364,phillips_augmented
Thailand,2017,0.0066342634585652,0.00041926973268061746,phillips_augmented
Thailand,2018,0.0105827797442108,-0.00213621081973628,phillips_augmented
Thailand,2019,0.0070424297893314,-0.005516426540395296,phillips_augmented
Thailand,2020,-0.0084953550323287,0.026536013595560428,phillips_augmented
Thailand,2021,0.0122288757019068,-0.00042732075714528583,phillips_augmented
Thailand,2022,-0.0162379275043536,0.00250345953996621,phillips_augmented
Thailand,2023,0.0813776784576862,-0.019016445856241685,phillips_augmented
Timor-Leste,2016,-0.0134757794453479,0.009590036840950333,phillips_augmented
Timor-Leste,2017,0.0055566883463988,0.007987390136488373,phillips_augmented
Timor-Leste,2018,0.0260231612632173,-0.001353492635763509,phillips_augmented
Timor-Leste,2019,0.0095424530259098,-0.052295795564208325,phillips_augmented
Timor-Leste,2020,0.0049427565824338,-0.03001036746906619,phillips_augmented
Timor-Leste,2021,0.0363118803161137,0.01791577345168842,phillips_augmented
Timor-Leste,2022,0.0677082683081291,0.006142805855090645,phillips_augmented
Timor-Leste,2023,0.0808456255542635,0.02548600345266583,phillips_augmented
Togo,2016,0.0127725670756859,0.046425157079807995,phillips_augmented
Togo,2017,-0.0098674219665317,0.033553641437414294,phillips_augmented
Togo,2018,0.0092347821018599,0.02064033163636295,phillips_augmented
Togo,2019,0.0067238717251214,0.011829273182535863,phillips_augmented
Togo,2020,0.0168500829511666,0.038215863093578,phillips_augmented
Togo,2021,0.0410096415397038,0.044386878611460644,phillips_augmented
Togo,2022,0.0766607517591566,0.06314766282406939,phillips_augmented
Togo,2023,0.0534392042485469,0.04902858779927248,phillips_augmented
Tonga,2016,0.025454811335301,0.03191415711718191,phillips_augmented
Tonga,2017,0.072479373035561,0.032644275736930975,phillips_augmented
Tonga,2018,0.0490958024082486,0.050674555090001135,phillips_augmented
Tonga,2019,0.0117264096041775,0.012540479015561781,phillips_augmented
Tonga,2020,-0.0035035070871671,0.0542009449193901,phillips_augmented
Tonga,2021,0.0548717424587268,0.044833949435096,phillips_augmented
Tonga,2022,0.1041020116865265,0.032903520400502984,phillips_augmented
Tonga,2023,0.0615759790389791,0.0445857816575562,phillips_augmented
Trinidad and Tobago,2016,0.0302446584897309,0.03054042371685474,phillips_augmented
Trinidad and Tobago,2017,0.0186292372004155,0.015495885167668838,phillips_augmented
Trinidad and Tobago,2018,0.0101341684281486,0.012088062378148447,phillips_augmented
Trinidad and Tobago,2019,0.0099557063859689,0.008446766799454664,phillips_augmented
Trinidad and Tobago,2020,0.0059719953924322,0.03393123587149636,phillips_augmented
Trinidad and Tobago,2021,0.0203831202398481,0.010837420377227867,phillips_augmented
Trinidad and Tobago,2022,0.0566485997668602,0.014308599793503903,phillips_augmented
Trinidad and Tobago,2023,0.0452534643100994,0.02482577920627317,phillips_augmented
Tunisia,2016,0.0356508813198122,0.033421485098237565,phillips_augmented
Tunisia,2017,0.0517272599696152,0.04127809099977635,phillips_augmented
Tunisia,2018,0.0705292138047664,0.029208983117537606,phillips_augmented
Tunisia,2019,0.0650391020320277,0.04808196890263009,phillips_augmented
Tunisia,2020,0.0548115341278654,0.059054754505147085,phillips_augmented
Tunisia,2021,0.0554947827401548,0.0415205229174215,phillips_augmented
Tunisia,2022,0.0797946268530411,0.03965760343382355,phillips_augmented
Tunisia,2023,0.0891914619813869,0.050714625407857185,phillips_augmented
Turkiye,2016,0.0748767793975941,0.11433962091144606,phillips_augmented
Turkiye,2017,0.1056592707827572,0.1057323973112714,phillips_augmented
Turkiye,2018,0.151281973869815,0.1272079180745792,phillips_augmented
Turkiye,2019,0.1412983403980092,0.1782387003405194,phillips_augmented
Turkiye,2020,0.1158162801601809,0.19874723732597166,phillips_augmented
Turkiye,2021,0.178953329775136,0.22405531388297248,phillips_augmented
Turkiye,2022,0.5441182388142893,0.2711485816711183,phillips_augmented
Turkiye,2023,0.430869069316814,0.4572910995011778,phillips_augmented
Uganda,2016,0.0554950177104416,0.03755157124451537,phillips_augmented
Uganda,2017,0.0507854775322442,0.045681289941784844,phillips_augmented
Uganda,2018,0.0258237960685718,0.02637396553066159,phillips_augmented
Uganda,2019,0.0282724221459291,0.037345767131685054,phillips_augmented
Uganda,2020,0.032596154671606,0.04490773807900093,phillips_augmented
Uganda,2021,0.0218062270585086,0.008445707003309773,phillips_augmented
Uganda,2022,0.0694867788523669,0.011802920011225508,phillips_augmented
Uganda,2023,0.0521269532040928,0.04235197273174196,phillips_augmented
Ukraine,2016,0.1302622691064936,0.195301687565483,phillips_augmented
Ukraine,2017,0.1348658259248916,0.06750634703355256,phillips_augmented
Ukraine,2018,0.1039261909235902,0.0508824140631811,phillips_augmented
Ukraine,2019,0.0759115781990775,0.05352659694188931,phillips_augmented
Ukraine,2020,0.0269582596258244,0.09125869338403622,phillips_augmented
Ukraine,2021,0.089503710998728,0.003805507137649544,phillips_augmented
Ukraine,2022,0.1838506925842393,0.10397120458611661,phillips_augmented
Ukraine,2023,0.1208806533731081,0.13062613876714185,phillips_augmented
United Arab Emirates,2016,0.0160454612048095,-0.003998588280553387,phillips_augmented
United Arab Emirates,2017,0.0194773349648418,-0.006442696881569378,phillips_augmented
United Arab Emirates,2018,0.0302249278308188,-0.011659842620602276,phillips_augmented
United Arab Emirates,2019,-0.0194997008907993,0.010388918015057234,phillips_augmented
United Arab Emirates,2020,-0.0210132722611255,-0.007656815314953061,phillips_augmented
United Arab Emirates,2021,0.0017977364647761,-0.009922413851291445,phillips_augmented
United Arab Emirates,2022,0.051559906259242,0.003177974718642982,phillips_augmented
United Arab Emirates,2023,0.016136192288477,0.05429718265724723,phillips_augmented
United Kingdom,2016,0.0100336676589165,0.01831267924692594,phillips_augmented
United Kingdom,2017,0.0252559248814554,0.017368883240811688,phillips_augmented
United Kingdom,2018,0.0226694933514632,0.012970939773343092,phillips_augmented
United Kingdom,2019,0.0172317234007195,-0.013421354462685869,phillips_augmented
United Kingdom,2020,0.0098462333933646,0.04155329928667885,phillips_augmented
United Kingdom,2021,0.024871826736815,0.02655862659225471,phillips_augmented
United Kingdom,2022,0.0762390104558106,0.024094944115912637,phillips_augmented
United Kingdom,2023,0.0657312508145793,0.010033135405059856,phillips_augmented
United States,2016,0.0125369154867991,0.006170204258689277,phillips_augmented
United States,2017,0.0210774026958207,0.014381709673992906,phillips_augmented
United States,2018,0.0241322926836895,0.014306814481816033,phillips_augmented
United States,2019,0.017959852736082,0.02991223794488621,phillips_augmented
United States,2020,0.0122603774349681,0.0629586870774847,phillips_augmented
United States,2021,0.045908481475255,0.0535307536625039,phillips_augmented
United States,2022,0.076986965064183,0.008901465398217425,phillips_augmented
United States,2023,0.0403387262489092,0.032074088718073365,phillips_augmented
Uruguay,2016,0.0920267358914221,0.05699261730719974,phillips_augmented
Uruguay,2017,0.060324283313399,0.052005646187314604,phillips_augmented
Uruguay,2018,0.0733111811207649,0.07179178587082487,phillips_augmented
Uruguay,2019,0.0758677465665877,0.08908863828965032,phillips_augmented
Uruguay,2020,0.0930932365713976,0.12886711921191968,phillips_augmented
Uruguay,2021,0.0746241833944294,0.1057846756915346,phillips_augmented
Uruguay,2022,0.0871348511482947,0.029547386645611136,phillips_augmented
Uruguay,2023,0.0570332733337268,0.047845541838118115,phillips_augmented
Uzbekistan,2016,0.0781722212061106,0.07890957313226665,phillips_augmented
Uzbekistan,2017,0.1299376902659546,0.12437350718705988,phillips_augmented
Uzbekistan,2018,0.1614739106927247,0.0721311826426099,phillips_augmented
Uzbekistan,2019,0.1356293799248922,0.08316099148757258,phillips_augmented
Uzbekistan,2020,0.1210464138076377,0.08978871502124625,phillips_augmented
Uzbekistan,2021,0.1030008916908755,0.11480801841590081,phillips_augmented
Uzbekistan,2022,0.1083757585395712,0.10783002544960955,phillips_augmented
Uzbekistan,2023,0.0949154720318254,0.055271898369615255,phillips_augmented
Vanuatu,2016,0.0083854346062066,0.04597172564073186,phillips_augmented
Vanuatu,2017,0.0303791088440386,0.03175499182099128,phillips_augmented
Vanuatu,2018,0.023042117571725,0.052856473250288034,phillips_augmented
Vanuatu,2019,0.0272505110001661,0.025875895478588193,phillips_augmented
Vanuatu,2020,0.0519219287002536,0.010966899364986004,phillips_augmented
Vanuatu,2021,0.0231625019053032,0.05865666155746262,phillips_augmented
Vanuatu,2022,0.0646570061698632,0.033537800203135626,phillips_augmented
Vanuatu,2023,0.1060028247125499,0.04580008225682844,phillips_augmented
Viet Nam,2016,0.026332712448962,0.008858371148702027,phillips_augmented
Viet Nam,2017,0.0345971262926845,0.006007671669284051,phillips_augmented
Viet Nam,2018,0.0347842332387848,0.0030006964128393154,phillips_augmented
Viet Nam,2019,0.027574540473509,0.003735180401708768,phillips_augmented
Viet Nam,2020,0.0317014988764157,0.004568794493706972,phillips_augmented
Viet Nam,2021,0.0181808771671452,-0.0023393383937258816,phillips_augmented
Viet Nam,2022,0.0310771392719537,-0.027212582499591936,phillips_augmented
West Bank and Gaza,2016,-0.0021934699463344,0.025552491435718826,phillips_augmented
West Bank and Gaza,2017,0.0021234532188687,0.02803493153697382,phillips_augmented
West Bank and Gaza,2018,-0.0019529835688327,-0.0002826819846328682,phillips_augmented
West Bank and Gaza,2019,0.0156782842307325,0.016467441883035783,phillips_augmented
West Bank and Gaza,2020,-0.0073804889383231,0.05626797131760016,phillips_augmented
West Bank and Gaza,2021,0.0122988681891822,0.015476213905552531,phillips_augmented
West Bank and Gaza,2022,0.036729380807734,-0.012059123612276589,phillips_augmented
West Bank and Gaza,2023,0.0570521471968703,0.03079712226783672,phillips_augmented
Zambia,2016,0.1644098462632595,0.015179449176705998,phillips_augmented
Zambia,2017,0.0637004657740334,0.1368058458725796,phillips_augmented
Zambia,2018,0.0722701666051035,0.07424291372092108,phillips_augmented
Zambia,2019,0.0875557961622748,0.06690767198263771,phillips_augmented
Zambia,2020,0.1461161504555868,0.1786419777655839,phillips_augmented
Zambia,2021,0.1990210706892554,0.07366990873401615,phillips_augmented
Zambia,2022,0.1042987875121435,0.16177329097905577,phillips_augmented
Zambia,2023,0.1033192188499549,0.11724413797776424,phillips_augmented
Zimbabwe,2016,-0.015557082315424,0.005382555269442223,phillips_augmented
Zimbabwe,2017,0.0088999012862434,0.059314427363517115,phillips_augmented
Zimbabwe,2018,0.1009204660123916,0.03358330620154842,phillips_augmented
Zimbabwe,2019,1.2678063635427064,0.45199446719693515,phillips_augmented
Zimbabwe,2020,1.8828209654816828,1.1762573831165402,phillips_augmented
Zimbabwe,2021,0.6858511546355492,1.1011884632473556,phillips_augmented
Zimbabwe,2022,0.7164005659041894,0.8314648638504711,phillips_augmented
