Country Name,year,m2_growth,inflation,gdp_growth,sample_main,sample_low_inflation
Afghanistan,2007,0.3534358518274878,0.0832428505357834,0.1295035879362842,1,1
Afghanistan,2008,0.2729527550730601,0.2344289442761651,0.0384991434613546,1,1
Afghanistan,2009,0.2855177417513985,-0.0705422256413532,0.1938426697636934,1,1
Afghanistan,2010,0.2386004964648265,0.0215514650688781,0.1342025302331748,1,1
Afghanistan,2011,0.193172211308088,0.1115788141833125,0.004254484599695,1,1
Afghanistan,2012,0.0836766763636873,0.0624226543569506,0.1200230768246157,1,1
Afghanistan,2013,0.094532453008501,0.0712575085766795,0.0544952369507996,1,1
Afghanistan,2014,0.0782155460026494,0.0456805346159407,0.0268808835263882,1,1
Afghanistan,2015,0.0303257116673876,-0.0066390816583652,0.014408838905183,1,1
Afghanistan,2016,0.0928109526065696,0.0429051859388271,0.0223514762465484,1,1
Afghanistan,2017,0.0401171858977811,0.0485611046567191,0.0261257627276982,1,1
Afghanistan,2018,0.0254158025836233,0.0062419698013895,0.0118221237913402,1,1
Afghanistan,2019,0.0554759583867152,0.0227626784421914,0.0383703845749963,1,1
Afghanistan,2020,0.1138976902491641,0.0545060631055278,-0.0237918003319457,1,1
Albania,1995,0.4175245470276216,0.0750445626962648,0.1250660793630302,1,1
Albania,1996,0.3635087088703663,0.1197852770211866,0.0707969799495416,1,1
Albania,1997,0.250494231309986,0.2865334708769431,-0.1245611547058764,1,1
Albania,1998,0.187635384742741,0.1876644154962408,0.0798275325603938,1,1
Albania,1999,0.2010705932663086,0.0038868130815821,0.1155648278902674,1,1
Albania,2000,0.1135899224828236,0.0005000563144657,0.0719751015807439,1,1
Albania,2001,0.1815417182728325,0.0306028033963707,0.0849267366906048,1,1
Albania,2002,0.0367212174136355,0.0748340198359471,0.0452447998713516,1,1
Albania,2003,0.0831759740324606,0.0048283508490225,0.0519590831719476,1,1
Albania,2004,0.12629090652052,0.0225441518554969,0.0513227804696079,1,1
Albania,2005,0.1321260335436207,0.0233901252760482,0.0500353117994833,1,1
Albania,2006,0.1488185364777301,0.02343062949328,0.0584479603986913,1,1
Albania,2007,0.1281736140094551,0.0289050204332044,0.0629756687533316,1,1
Albania,2008,0.0738778989441684,0.0326692113938476,0.0667896944738082,1,1
Albania,2009,0.0661348006531241,0.0224160924984646,0.0265518735673424,1,1
Albania,2010,0.1176568041821184,0.035628701473426,0.0292981316370202,1,1
Albania,2011,0.0877158594047919,0.0337062218470656,0.0243366159545779,1,1
Albania,2012,0.0485698770610127,0.0201123115346808,0.0097931886079969,1,1
Albania,2013,0.0225058896492953,0.0191908794524202,0.0169281894427975,1,1
Albania,2014,0.0393469040803218,0.0161278939619977,0.0221550244530917,1,1
Albania,2015,0.0174933025498873,0.0187842071757753,0.0220325320974303,1,1
Albania,2016,0.038139190347433,0.0126736655815733,0.0383447095127778,1,1
Albania,2017,0.0027426619415713,0.0196718474871522,0.0323043107872322,1,1
Albania,2018,-0.0022125126565271,0.0200776838833824,0.0360562816264184,1,1
Albania,2019,0.0422319309304199,0.0140122758105096,0.0204159480173622,1,1
Albania,2020,0.0997565943036846,0.0160789049689027,-0.0336990518583206,1,1
Albania,2021,0.0825131408653447,0.0202091292845763,0.0858985397643756,1,1
Albania,2022,0.0475060852405988,0.0650871460713293,0.047139284344869,1,1
Albania,2023,0.0231946423133599,0.0464860407766218,0.0393689441795714,1,1
Albania,2024,0.0499719292562446,0.0219168001794374,0.0396622353887003,1,1
Algeria,1991,0.1889892658227445,0.2302096232022812,-0.0120725871699178,1,1
Algeria,1992,0.2721232574842673,0.2751260386827443,0.0178399407465512,1,1
Algeria,1993,0.0704271588797631,0.1868141675848211,-0.0212236441837276,1,1
Algeria,1994,0.1458722715879297,0.2550115774180779,-0.0090407098688061,1,1
Algeria,1995,0.0904217227439652,0.2606676451494705,0.0372957345571656,1,1
Algeria,1996,0.1366671194256241,0.1712528225839813,0.0401817749515593,1,1
Algeria,1997,0.167710968326002,0.0557518065931637,0.0109399394136318,1,1
Algeria,1998,0.1787537017524307,0.0483154004196331,0.0497421262532604,1,1
Algeria,1999,0.130564765527076,0.0261112267001966,0.0314986821097136,1,1
Algeria,2000,0.1321811312489877,0.0033858932791206,0.0372957847589674,1,1
Algeria,2001,0.4321161833938696,0.0413913205694695,0.029558802228248,1,1
Algeria,2002,0.1659559966085098,0.0140833812239291,0.0525924501191674,1,1
Algeria,2003,0.1510558014593073,0.0418034707154717,0.0629747991672218,1,1
Algeria,2004,0.0994038212122596,0.0388533408973952,0.044016885414539,1,1
Algeria,2005,0.1105892537680013,0.0137297794007613,0.0525924501162826,1,1
Algeria,2006,0.1793569719962775,0.0228518871542506,0.0285874568427608,1,1
Algeria,2007,0.2077516146578162,0.0361293604908086,0.0305292050473013,1,1
Algeria,2008,0.148739628945826,0.0474425005562384,0.024692612583486,1,1
Algeria,2009,0.047273157878358,0.055785263803453,0.0119285708622562,1,1
Algeria,2010,0.12705927119665,0.038365173777473,0.0468835859077785,1,1
Algeria,2011,0.1815462834740451,0.0442485476245719,0.0295588022359076,1,1
Algeria,2012,0.1037915392309543,0.0851813368345419,0.0237165266206744,1,1
Algeria,2013,0.0807501481815329,0.0320241017655824,0.0256677467545429,1,1
Algeria,2014,0.1347378109743324,0.0287519420666688,0.0401817896200107,1,1
Algeria,2015,0.00296690465834,0.0467351684631935,0.0314986670679964,1,1
Algeria,2016,0.0081246504852181,0.0620137252964774,0.0382587121187825,1,1
Algeria,2017,0.0804812730050521,0.054404052101189,0.0148886124834639,1,1
Algeria,2018,0.1052808452951659,0.0418134088714374,0.0139029051776979,1,1
Algeria,2019,-0.0076041495267453,0.019329654781222,0.0089597413637356,1,1
Algeria,2020,0.0718146484205064,0.0238642787955125,-0.0512932943779311,1,1
Algeria,2021,0.1238424946930401,0.0697691587900903,0.0372957847341304,1,1
Algeria,2022,0.1338860413742537,0.0886106563525954,0.0353671438464537,1,1
Algeria,2023,0.0581928375159179,0.0891290592436719,0.0401817896334044,1,1
Algeria,2024,0.0864925816225721,0.039664024041242,0.0363319292385142,1,1
Angola,1996,3.738995600151883,3.748351878807626,0.1270234974953403,1,0
Angola,1997,0.5420004533043361,1.1605747482720448,0.0702187084846457,1,0
Angola,1998,0.4551953660332621,0.7289236109383874,0.0458443671948138,1,0
Angola,1999,1.83767936866462,1.2475950733642596,0.0215803571624064,1,0
Angola,2000,1.395589771057196,1.446911621971164,0.0300889940369515,1,0
Angola,2001,0.966995648062376,0.9264827066748128,0.0411995093920225,1,0
Angola,2002,0.9413371568308015,0.7366732091119819,0.1280913993133836,1,0
Angola,2003,0.5193788267471469,0.6842282431072126,0.0342788337052901,1,0
Angola,2004,0.3957646459497042,0.361458233013336,0.1081354325264492,1,0
Angola,2005,0.4744063877675444,0.2066361617809247,0.1323850392384429,1,0
Angola,2006,0.469071477758515,0.1249149666726121,0.1119153466187476,1,0
Angola,2007,0.401600559625038,0.1155716808210041,0.1222414284216384,1,0
Angola,2008,0.7157210827442455,0.11756816041804,0.1024359677804938,1,0
Angola,2009,0.1945438993921371,0.1286595287218164,0.0197593822227872,1,0
Angola,2010,0.0515273758051968,0.1351395930926573,0.0515830768144631,1,0
Angola,2011,0.3158828366845334,0.1264781713531215,0.0353079683644708,1,0
Angola,2012,0.0478200503824837,0.0978334021804032,0.0816087685014217,1,0
Angola,2013,0.1323133630340756,0.0841372148955601,0.0476758416081537,1,0
Angola,2014,0.1500496872164909,0.0702756631914418,0.0455059538417472,1,0
Angola,2015,0.1113294867005656,0.0894381746898709,0.0076028024237402,1,0
Angola,2016,0.1263528074552411,0.267691702900267,-0.017151554199593,1,0
Angola,2017,0.0062350118760932,0.2611672398698479,-0.0014950793300485,1,0
Angola,2018,0.1858823748408902,0.1792245825339167,-0.0059618488254784,1,0
Angola,2019,0.2632417105831983,0.1576954253021991,-0.0020489000202772,1,0
Angola,2020,0.2175339703772998,0.2010741170071517,-0.0412642511179228,1,0
Angola,2021,-0.0978592461871556,0.2291597765571396,0.0208094978713866,1,0
Angola,2022,-0.0142324855586934,0.1935523392358291,0.0412955072090426,1,0
Angola,2023,0.320378477026388,0.1279014648270706,0.0125539497830189,1,0
Angola,2024,0.0484415508870377,0.2487371814103793,0.043288454089609,1,0
Antigua and Barbuda,1999,0.2218261810578354,0.0111504806397872,0.0364066221677958,1,1
Antigua and Barbuda,2000,0.0587313613107838,0.007688168120068,0.0601873697703645,1,1
Antigua and Barbuda,2001,0.0481416910726153,0.0139304850227857,-0.0465478326724841,1,1
Antigua and Barbuda,2002,0.0521556604121649,0.0237913091036023,0.0102199465889398,1,1
Antigua and Barbuda,2003,0.1447761466196588,0.0197391993192228,0.0589916342913454,1,1
Antigua and Barbuda,2004,0.0595363281125607,0.0200974620490486,0.0560693529761593,1,1
Antigua and Barbuda,2005,0.0847688213813491,0.0207703154750378,0.0627277209200478,1,1
Antigua and Barbuda,2006,0.1096687622156231,0.0177199244283059,0.119631526032542,1,1
Antigua and Barbuda,2007,0.1076521669439287,0.0140612022458315,0.0890651082680342,1,1
Antigua and Barbuda,2008,0.0324950466940876,0.0519642300427998,-0.0001400757920109,1,1
Antigua and Barbuda,2009,-0.1030626738615012,-0.005516789492912,-0.1274116362520985,1,1
Antigua and Barbuda,2010,0.0024537935449124,0.0331448443328303,-0.081649488592415,1,1
Antigua and Barbuda,2011,0.0145479754764394,0.0339834618202985,-0.0197818022592137,1,1
Antigua and Barbuda,2012,0.0255360255446746,0.0332111576946827,0.0331750009499174,1,1
Antigua and Barbuda,2013,0.0133465769744987,0.0105392447713184,-0.0060279549659369,1,1
Antigua and Barbuda,2014,0.0138165095689046,0.0108354991182375,0.0217447782111932,1,1
Antigua and Barbuda,2015,0.0565384434363274,0.0096432882632422,0.0141160971949538,1,1
Antigua and Barbuda,2016,-0.0125292558173555,-0.0049063946556566,0.0403774241340215,1,1
Antigua and Barbuda,2017,0.0699647970196828,0.0240337408543815,0.0267658432274586,1,1
Antigua and Barbuda,2018,0.0696050952623359,0.011999298933853,0.06496347650247,1,1
Antigua and Barbuda,2019,-0.0044976515625165,0.014212087957099,0.0312294635540446,1,1
Antigua and Barbuda,2020,-0.0912333510393033,0.0062403853002459,-0.209102299216763,1,1
Antigua and Barbuda,2021,0.1298454133378541,0.0204200482747092,0.0785603459352835,1,1
Antigua and Barbuda,2022,0.0449376311873699,0.0726097206942304,0.0871662554723897,1,1
Antigua and Barbuda,2023,0.0328587862838141,0.049429375579252,0.0239837077289131,1,1
Antigua and Barbuda,2024,0.0450856718339736,0.0601432541039033,0.0359112781976129,1,1
Armenia,1994,2.128658355129346,3.5478225135573145,0.0525924764870708,1,0
Armenia,1995,0.4964360326936905,1.0150543074176197,0.0667236172602763,1,0
Armenia,1996,0.3006876203235151,0.1712705996107488,0.0569982969888229,1,0
Armenia,1997,0.2561948408436088,0.1306840287945578,0.0326712322475621,1,0
Armenia,1998,0.3127184522049795,0.0831684604039511,0.0704584635340239,1,0
Armenia,1999,0.1307695570407574,0.0064615368397138,0.0324671901431301,1,0
Armenia,2000,0.3260895729887885,-0.007940278429003,0.0573250666487403,1,0
Armenia,2001,0.0419554609215708,0.0309743498505401,0.0916671885192172,1,0
Armenia,2002,0.2924968595928412,0.0105447016394215,0.1239859797627538,1,0
Armenia,2003,0.0984936792256334,0.0461347690220002,0.1310282624200027,1,0
Armenia,2004,0.2012512447896277,0.0672965395441949,0.0998453349590384,1,0
Armenia,2005,0.2456187497515252,0.0063689551029577,0.1301506844572628,1,0
Armenia,2006,0.284254429650737,0.0285131744486308,0.1239859797762719,1,0
Armenia,2007,0.3529693637901125,0.0431299936458993,0.1283932147820046,1,0
Armenia,2008,0.0235078624838536,0.0857184472568182,0.0667236320469264,1,0
Armenia,2009,0.1410317782776076,0.0335002171445184,-0.1519863570060273,1,0
Armenia,2010,0.1117904458000822,0.0785926850655238,0.0217614917836144,1,0
Armenia,2011,0.2123286136148223,0.0737151128672586,0.0459289318757356,1,0
Armenia,2012,0.1778684126171512,0.0252585019821207,0.0695260626576121,1,0
Armenia,2013,0.1378566772134526,0.056282670684709,0.0324671901375026,1,0
Armenia,2014,0.0800678378163439,0.0293773167384845,0.0353671438429827,1,0
Armenia,2015,0.1029164971636014,0.0366374871173702,0.0314986670493553,1,0
Armenia,2016,0.1611204791210028,-0.0141355128684192,0.0019980026609403,1,0
Armenia,2017,0.1694977730645632,0.0096488326231476,0.0723206615948939,1,0
Armenia,2018,0.0718174727024703,0.0248899962310478,0.0506931143122244,1,0
Armenia,2019,0.1060170915771614,0.0143312809346207,0.0732504617260083,1,0
Armenia,2020,0.0858452143843209,0.0120415662437496,-0.0747235461873785,1,0
Armenia,2021,0.123139288727625,0.069384600165967,0.0563803334423127,1,0
Armenia,2022,0.1493150022794935,0.0828778641065222,0.1186715297155096,1,0
Armenia,2023,0.1603827778422584,0.019610636084252,0.0797349680151207,1,0
Armenia,2024,0.1280305107700705,0.0026914944595981,0.0573250666236333,1,0
Aruba,1991,0.1556419477861723,0.0540672212702784,0.0766172017739137,1,1
Aruba,1992,0.1178589897801281,0.0380024268241969,0.0571584234000113,1,1
Aruba,1993,0.0619780125753521,0.0508410117465674,0.0705301595435337,1,1
Aruba,1994,0.1185869624006805,0.0611993245274682,0.0788472360877747,1,1
Aruba,1995,0.0509425087710369,0.0330613124812657,0.0251524452613409,1,1
Aruba,1996,0.0310269646632335,0.031743675532069,0.0117881312743186,1,1
Aruba,1997,0.0448810874652103,0.0295582983364104,0.0680966365842508,1,1
Aruba,1998,0.1229410130047625,0.0185222838508662,0.019724040375582,1,1
Aruba,1999,0.0990938821865299,0.0225476013327341,0.0123044077600908,1,1
Aruba,2000,0.0227929631076548,0.0396439054400339,0.0734634562414768,1,1
Aruba,2001,0.0572064172419999,0.028428107938498,0.0409691993376846,1,1
Aruba,2002,0.0997160160304311,0.0326147763986233,-0.0094944649355142,1,1
Aruba,2003,0.0850383789317277,0.0359110603606973,0.0110438377015427,1,1
Aruba,2004,0.0316513063719234,0.0249767621607173,0.070400009665807,1,1
Aruba,2005,0.0600762103293028,0.0334133713918589,-0.0038387352459601,1,1
Aruba,2006,0.0234576646170054,0.0354445963189045,0.0112110354757497,1,1
Aruba,2007,0.0324729569870463,0.0525219338260782,0.0304277875241574,1,1
Aruba,2008,0.1532707951578906,0.0857738261807155,0.0181910860482403,1,1
Aruba,2009,0.0559040757568531,-0.0215855887765483,-0.1241780305229944,1,1
Aruba,2010,-0.0028173045335648,0.0205684194790309,-0.027715107853858,1,1
Aruba,2011,0.0012671863825808,0.0422574190560842,0.0331372190953551,1,1
Aruba,2012,0.0792777141289278,0.0062551158378889,-0.0104625408424148,1,1
Aruba,2013,-0.0379113227679219,-0.0240065167438263,0.0623310314915954,1,1
Aruba,2014,0.0544732269631289,0.0042055534388643,0.0141602551145538,1,1
Aruba,2015,0.0903211999814033,0.0047364014938704,0.0354779480613203,1,1
Aruba,2016,0.0907626438327042,-0.0093555872177342,0.0122677956701977,1,1
Aruba,2017,0.0174873304680183,-0.0103360512886965,0.0343379450203471,1,1
Aruba,2018,0.0318010271890401,0.03561847724586,0.0316195039366036,1,1
Aruba,2019,0.0430411940091275,0.0416932504827354,0.0121766848609894,1,1
Australia,1991,0.0117523928282174,0.0312725632321235,-0.0038537296570133,1,1
Australia,1992,0.071194781119118,0.0100713952182429,0.0043213083247657,1,1
Australia,1993,0.0556861630862748,0.0173845838085213,0.0396613251177448,1,1
Australia,1994,0.0949397089214407,0.0195048875931815,0.0390172726700299,1,1
Australia,1995,0.0817492972221103,0.0452387649688397,0.0381641156277439,1,1
Australia,1996,0.101192411166064,0.0258176285402669,0.0379282897915906,1,1
Australia,1997,0.0705570643475965,0.0022464251668452,0.038431537872114,1,1
Australia,1998,0.080937917222144,0.0085645188017986,0.045707453063823,1,1
Australia,1999,0.1106846402099037,0.0147224850655289,0.0490588933776088,1,1
Australia,2000,0.0367167112813859,0.0436095015784276,0.0384132477039678,1,1
Australia,2001,0.1037343814224733,0.0431277820098312,0.0201109993768682,1,1
Australia,2002,0.0679942661424632,0.0293798655583277,0.0387379558536622,1,1
Australia,2003,0.1201219422692858,0.0269592861184024,0.0304446243461953,1,1
Australia,2004,0.1081213595920935,0.0231622409132876,0.0413237068061569,1,1
Australia,2005,0.0815878598614929,0.0265623707827824,0.0310671903939798,1,1
Australia,2006,0.1403113105921996,0.0349354577179692,0.0273323077105338,1,1
Australia,2007,0.1674869477359983,0.0230093862836824,0.0371943460616464,1,1
Australia,2008,0.1570442935469529,0.0425832962770202,0.0355986328298385,1,1
Australia,2009,0.0315715479478626,0.0175561868864848,0.0193598652031248,1,1
Australia,2010,0.0964983536849182,0.0287656433190282,0.0218598035143848,1,1
Australia,2011,0.0766626418783609,0.0325044386868453,0.023665108726167,1,1
Australia,2012,0.0709049320198502,0.0174742618001433,0.0387636027441509,1,1
Australia,2013,0.0652925991706112,0.0242035416106762,0.0261983372073864,1,1
Australia,2014,0.067966056358518,0.0245748429319503,0.0256793429959003,1,1
Australia,2015,0.0581187311370712,0.0149710527544195,0.0214125836254019,1,1
Australia,2016,0.0645340348213494,0.0126890884877761,0.0271835627700269,1,1
Australia,2017,0.0442272714795919,0.0192990013867246,0.0226740918882555,1,1
Australia,2018,0.0234608527350097,0.018933622646343,0.0283364087724535,1,1
Australia,2019,0.1315503470346932,0.0159793566192565,0.0217029483479826,1,1
Australia,2020,0.1281137783337804,0.0084333465032004,-0.0013362113759711,1,1
Australia,2021,0.0648492014894834,0.0282366941474334,0.0198707469696124,1,1
Australia,2022,0.0754878923764117,0.0638579451030336,0.0416508885795536,1,1
Australia,2023,0.0385782651904804,0.0544599455194889,0.0352109637652731,1,1
Australia,2024,0.063669906009423,0.0311746480426577,0.0136406196278073,1,1
Azerbaijan,1993,2.225505377949096,2.5079719425024187,-0.2626642928164031,1,0
Azerbaijan,1994,2.4986020095177075,2.869157171885363,-0.2194005804765133,1,0
Azerbaijan,1995,0.2264951547725502,1.6326848791716555,-0.1255632128583599,1,0
Azerbaijan,1996,0.157795570712647,0.1806101165000475,0.0129162193893321,1,0
Azerbaijan,1997,0.3466010663187653,0.0360845321751983,0.056380334834575,1,0
Azerbaijan,1998,-0.1645363081179951,-0.007756986641092,0.095310176272843,1,0
Azerbaijan,1999,0.1829006550730447,-0.0891063335744153,0.0713900081870946,1,0
Azerbaijan,2000,0.5505027034505403,0.0178890626677077,0.1052605029476367,1,0
Azerbaijan,2001,-0.1116863856000591,0.0153534886735302,0.0944006741961587,1,0
Azerbaijan,2002,0.135206425887528,0.0273346288529636,0.0901963653249211,1,0
Azerbaijan,2003,0.2602878009674327,0.0220927962842361,0.0972020200589511,1,0
Azerbaijan,2004,0.3887342026733407,0.0649346654243543,0.0885034464419867,1,0
Azerbaijan,2005,0.1996912108391413,0.0923923572716569,0.2465595492477206,1,0
Azerbaijan,2006,0.6249360312917922,0.0800020129559682,0.2961427519192057,1,0
Azerbaijan,2007,0.540480687388559,0.1544342535749168,0.226842427879589,1,0
Azerbaijan,2008,0.3648988573698233,0.1893723677797201,0.1006724811381865,1,0
Azerbaijan,2009,-0.0029527623719047,0.0144653540626178,0.089561895509,1,0
Azerbaijan,2010,0.2175558362722043,0.0556889058605891,0.0467770199882302,1,0
Azerbaijan,2011,0.2781274215186897,0.075648451672297,-0.0158550024118824,1,0
Azerbaijan,2012,0.1877903831743168,0.0106056942457888,0.0217902478952929,1,0
Azerbaijan,2013,0.1396705000941409,0.0238700055887557,0.0567906075309814,1,0
Azerbaijan,2014,0.1115688614486956,0.0136409558270891,0.0275916766256116,1,0
Azerbaijan,2015,-0.0115535037253025,0.0394868867396693,0.0104407691048145,1,0
Azerbaijan,2016,-0.020313480032069,0.1172795743493368,-0.0311150763600664,1,0
Azerbaijan,2017,0.0862547529200021,0.1216503782263078,0.0015349679511551,1,0
Azerbaijan,2018,0.0550322470073432,0.0224319802976795,0.0148925698423063,1,0
Azerbaijan,2019,0.1821079867007533,0.025770780699581,0.0244956057892729,1,0
Azerbaijan,2020,0.0110075105244824,0.0272241321265447,-0.0428966519399942,1,0
Azerbaijan,2021,0.1715182450689631,0.0643850636800236,0.0546438575557672,1,0
Azerbaijan,2022,0.2119196153841116,0.129731448348755,0.0460691353591151,1,0
Azerbaijan,2023,0.0511730702451025,0.0842072286074318,0.0134538644358777,1,0
Azerbaijan,2024,0.0310480379454745,0.0218805834099731,0.0399070357539734,1,0
"Bahamas, The",1991,0.0642277809877001,0.0687298614551839,-0.0427173836301371,1,1
"Bahamas, The",1992,0.0534194238593315,0.0557960310230551,-0.0390067919255159,1,1
"Bahamas, The",1993,0.1495136218023027,0.0268648629570247,0.003073338413742,1,1
"Bahamas, The",1994,0.0836785266114503,0.01389633944187,0.0310035442349914,1,1
"Bahamas, The",1995,0.0820357415357833,0.0204592249642381,0.0428559441758693,1,1
"Bahamas, The",1996,0.0547180185198499,0.013697138559042,0.0413677370532212,1,1
"Bahamas, The",1997,0.2108873872105015,0.0054267523411404,0.0127953216647931,1,1
"Bahamas, The",1998,0.1505156271057188,0.013277594970904,0.0460893636695658,1,1
"Bahamas, The",1999,0.1004287412190905,0.01246447724413,0.0690045078824468,1,1
"Bahamas, The",2000,0.08903806059147,0.0159356446312983,0.0406468045277925,1,1
"Bahamas, The",2001,0.0479325877595933,0.0202436062766473,0.0259212217052429,1,1
"Bahamas, The",2002,0.0293724377660282,0.0215029253333982,0.0266901892494537,1,1
"Bahamas, The",2003,0.0361091709450178,0.0298019305720229,-0.012729848564895,1,1
"Bahamas, The",2004,0.0881975620427155,0.0097712458754175,0.0087850357695948,1,1
"Bahamas, The",2005,0.1028767110452228,0.0157907294126449,0.0333969050147828,1,1
"Bahamas, The",2006,0.0747490766985059,0.0236171688923656,0.0248544747790262,1,1
"Bahamas, The",2007,0.1001088425247509,0.0246201997188073,0.0143574360983116,1,1
"Bahamas, The",2008,0.0512173756027536,0.0439169756771642,-0.0235107040413211,1,1
"Bahamas, The",2009,0.0165112182277411,0.0204174846495801,-0.0426510417961303,1,1
"Bahamas, The",2010,0.0537530577737435,0.0133507545757938,0.0152694511668549,1,1
"Bahamas, The",2011,0.024153321520707,0.0314868590110029,0.0061129849359709,1,1
"Bahamas, The",2012,0.0292135481865543,0.0195414908477511,0.0442086265298371,1,1
"Bahamas, The",2013,0.0054377518211659,0.0071981786842947,-0.029049900153776,1,1
"Bahamas, The",2014,0.0154461787052824,0.0150241346452686,0.0183012078814677,1,1
"Bahamas, The",2015,-0.0037622772030481,0.0184436948423893,0.0099247035494123,1,1
"Bahamas, The",2016,0.0843161754214101,-0.0034697820372837,-0.0116324768059321,1,1
"Bahamas, The",2017,0.0179103951266306,0.0150679757900684,0.0331581309148667,1,1
"Bahamas, The",2018,0.0104655498948957,0.0224057408306999,0.0236965567717817,1,1
"Bahamas, The",2019,0.1006873745948304,0.0246070994091542,-0.00842121784164,1,1
"Bahamas, The",2020,-0.0026800030312301,0.0003851368053577,-0.2242612568286119,1,1
"Bahamas, The",2021,0.0424724425231239,0.0286351974935019,0.1620009769152943,1,1
"Bahamas, The",2022,0.0894895777826043,0.054539380335612,0.1032594183672621,1,1
Bahrain,1991,0.2087079743459945,0.0076151285272505,0.1064299281225906,1,1
Bahrain,1992,0.0474593877003108,-0.0017256259674685,0.0647572296630905,1,1
Bahrain,1993,0.055697866453535,0.0250716637036347,0.1210665877393353,1,1
Bahrain,1994,0.0581134538754106,0.0081359224207488,-0.0025031440647254,1,1
Bahrain,1995,0.0716188213222821,0.026681216938563,0.0385473364182615,1,1
Bahrain,1996,0.0305482346663374,-0.0045325302388015,0.0402779071784529,1,1
Bahrain,1997,0.0755574413683852,0.0240245977089283,0.0304613000494491,1,1
Bahrain,1998,0.1549225826058382,-0.0036720724586167,0.0467881957888778,1,1
Bahrain,1999,0.0404132264393517,-0.0129594923573845,0.0421011591851154,1,1
Bahrain,2000,0.0973198948738804,-0.0070734877635567,0.0516438922499951,1,1
Bahrain,2001,0.0883859901135437,-0.0121492218387624,0.0246043038462282,1,1
Bahrain,2002,0.0983823196600006,-0.0049677201019333,0.0329370765390137,1,1
Bahrain,2003,0.0616312031278774,0.0158106060266405,0.0610616208197001,1,1
Bahrain,2004,0.0406354822841343,0.0232568621642679,0.0674807051538444,1,1
Bahrain,2005,0.1987789669734425,0.0255333020051651,0.0654974116728261,1,1
Bahrain,2006,0.1388360873426748,0.0198758565219963,0.0626648874770943,1,1
Bahrain,2007,0.3314581473068685,0.0320476119687791,0.0796792073778149,1,1
Bahrain,2008,0.1796499014511496,0.0346526334582888,0.0605776649488802,1,1
Bahrain,2009,0.0564720320484575,0.027571516620231,0.0250816656953176,1,1
Bahrain,2010,0.0999309439724775,0.0194288778855327,0.0424299711972082,1,1
Bahrain,2011,0.0334476832020236,-0.0040084300069409,0.0190980449373725,1,1
Bahrain,2012,0.0397283554493661,0.0272006521416168,0.0373249653432807,1,1
Bahrain,2013,0.0788315319759469,0.0324673021305672,0.0515731665857615,1,1
Bahrain,2014,0.0630833079440549,0.026131120977098,0.0421860902136188,1,1
Bahrain,2015,0.0290346886497054,0.0183174801456988,0.024769410155276,1,1
Bangladesh,1991,0.128463979313306,0.0616345974807441,0.0342586901152976,1,1
Bangladesh,1992,0.1136422499405576,0.0356960175321883,0.0529973543741064,1,1
Bangladesh,1993,0.0999738855264489,0.0297026617951852,0.0460393529602498,1,1
Bangladesh,1994,0.1767561233180146,0.0517737097235855,0.0381636781613536,1,1
Bangladesh,1995,0.114656085152756,0.0980139014047742,0.0499445252310479,1,1
Bangladesh,1996,0.1019629423594743,0.0234931523501678,0.044236184018306,1,1
Bangladesh,1997,0.0929691429272985,0.0516964231587637,0.0439201965093118,1,1
Bangladesh,1998,0.1080829494434425,0.080678548156114,0.0504747147375503,1,1
Bangladesh,1999,0.143852234678544,0.0592749669564631,0.0456438517996389,1,1
Bangladesh,2000,0.1768661064317491,0.0218422733461416,0.051579553241364,1,1
Bangladesh,2001,0.3576577796051232,0.0198729556283616,0.0495259674499557,1,1
Bangladesh,2002,0.1354083630784792,0.0327823866603678,0.0376148469394088,1,1
Bangladesh,2003,0.1316271843257155,0.0551386151330888,0.0463067726239607,1,1
Bangladesh,2004,0.1321620081493399,0.0731346221777258,0.0510688318455514,1,1
Bangladesh,2005,0.1468099696830478,0.068094237350273,0.0633122533793297,1,1
Bangladesh,2006,0.1841167764874534,0.0654624176875691,0.064587629173328,1,1
Bangladesh,2007,0.1270585187233806,0.0871587283492107,0.0682061560828444,1,1
Bangladesh,2008,0.1519242913626328,0.0852777032463647,0.0583989917135419,1,1
Bangladesh,2009,0.1843561586499724,0.0528151232549545,0.049219831841377,1,1
Bangladesh,2010,0.1912718655544516,0.0781332833444476,0.0542209922553098,1,1
Bangladesh,2011,0.1562801328895631,0.1079137398023828,0.0626402749043144,1,1
Bangladesh,2012,0.1571005181883293,0.0603187324082687,0.0631762697480624,1,1
Bangladesh,2013,0.1384551134942242,0.072603471902525,0.058397255154535,1,1
Bangladesh,2014,0.1450541392986331,0.0675805042263206,0.0588447739686657,1,1
Bangladesh,2015,0.1388252951729818,0.0601000628933308,0.0634689482060864,1,1
Bangladesh,2016,0.1544171340099787,0.0536689646528154,0.0687186305382141,1,1
Bangladesh,2017,0.1287396431070639,0.0554542919108156,0.0638218581266656,1,1
Bangladesh,2018,0.1089097283153606,0.0539541544087542,0.0706393664844853,1,1
Bangladesh,2019,0.112482485241653,0.0544123907385012,0.0758670647322503,1,1
Bangladesh,2020,0.1229685484230138,0.0553502638475986,0.0338990546677315,1,1
Bangladesh,2021,0.0877884115896527,0.0539734155755144,0.0670853918985585,1,1
Bangladesh,2022,0.0723420421774996,0.0741511189607386,0.0685911927318585,1,1
Bangladesh,2023,0.067782512705687,0.0942505553077301,0.0561450729675456,1,1
Bangladesh,2024,0.0595040083106361,0.099535316569125,0.0413651344730574,1,1
Barbados,1991,-0.0073680394452608,0.0606954582034808,-0.0397799013611575,1,1
Barbados,1992,0.051905388801039,0.05915429935084,-0.0586096884431839,1,1
Barbados,1993,0.0352114080946925,0.0110728623219245,0.0078993999457033,1,1
Barbados,1994,0.0728283142963306,0.0007717460120266,0.019908332988308,1,1
Barbados,1995,0.0464534119641726,0.0186143018462257,0.0199398548488787,1,1
Barbados,1996,0.1650481334526929,0.0235812853283201,0.0389944989041453,1,1
Barbados,1997,0.059659810390368,0.0742772465874859,0.0463118893785292,1,1
Barbados,1998,0.0763754525941067,-0.0127700572786402,0.0366063786226824,1,1
Barbados,1999,0.0688946518790061,0.015480185287898,0.0033409733014302,1,1
Barbados,2000,0.091651420859403,0.0240662021425652,0.0435113952701406,1,1
Barbados,2001,0.2943679951951061,0.0254516893388307,-0.0239389095371969,1,1
Barbados,2002,0.1430157473672366,0.0012517108635563,0.0078431820018209,1,1
Barbados,2003,0.0451336126631467,0.0160646025038069,0.0215215490460813,1,1
Barbados,2004,0.1109077938483409,0.0138478968587927,0.0140172803501634,1,1
Barbados,2005,0.1560269456028429,0.0590439595369467,0.0387923253273108,1,1
Barbados,2006,0.0520723595603982,0.07052987422355,0.058934217103431,1,1
Barbados,2007,0.1898953921157549,0.039549791970626,0.0205786384999058,1,1
Barbados,2008,0.0114739945137749,0.0779615414697074,0.0063146266221281,1,1
Barbados,2009,0.0057138541299934,0.0357904315799331,-0.0514751570552327,1,1
Barbados,2013,0.0368979670697946,0.0179784582413349,-0.017870479490945,1,1
Barbados,2014,0.0311907982756096,0.0175402978134222,0.0074979742695404,1,1
Barbados,2015,0.0594158519421696,-0.0111902775130099,-0.0117738423558719,1,1
Barbados,2016,0.0406896406462387,0.0127378098511572,0.0148541904747752,1,1
Barbados,2017,0.0120773206420956,0.0455485791390133,0.0070588945715357,1,1
Barbados,2018,-0.0012875170110326,0.0305874547854729,-0.0128423529112247,1,1
Barbados,2019,0.0291999045383875,0.0166272453457745,0.0022745326631152,1,1
Barbados,2023,0.0093339853742229,0.0313745222871233,0.0287269744233071,1,1
Belarus,1995,0.9493915839785548,2.0910563678267087,-0.1098148702280283,1,0
Belarus,1996,0.4215149609600956,0.4233841112113263,0.0276152114492269,1,0
Belarus,1997,0.7483908205763772,0.4943142563020193,0.1079571899858429,1,0
Belarus,1998,1.324430165237617,0.5473680441866322,0.0806578234030439,1,0
Belarus,1999,0.8443738222064461,1.370365037657091,0.0334347683880231,1,0
Belarus,2000,1.1608600227879329,0.988128433502033,0.0563803643893869,1,0
Belarus,2001,0.4623620754552853,0.4770719221645172,0.0461706032671997,1,0
Belarus,2002,0.3989675949341595,0.3544352746950885,0.0492211911031823,1,0
Belarus,2003,0.4340225153460721,0.2499633820214897,0.0680622349271153,1,0
Belarus,2004,0.4053395801819306,0.1664313272757329,0.108403569747967,1,0
Belarus,2005,0.352129573092963,0.0983861663378258,0.0898407178558144,1,0
Belarus,2006,0.3311761262808552,0.0676318166685714,0.095310131897321,1,0
Belarus,2007,0.3363826863000732,0.0809046690170509,0.0825012822678559,1,0
Belarus,2008,0.2338128878578693,0.1383511780003354,0.0971267060673284,1,0
Belarus,2009,0.2076683178278529,0.1217365997104895,0.0019979550751862,1,0
Belarus,2010,0.2768130330733989,0.0745112655061861,0.0746437014645131,1,0
Belarus,2011,0.7940753912763583,0.4267613795702631,0.0540143487645785,1,0
Belarus,2012,0.3719389956901153,0.4651150497338472,0.0169343268063038,1,0
Belarus,2013,0.1810511564584871,0.1681572232248394,0.0099376505714019,1,0
Belarus,2014,0.2140357861847306,0.1665270980450355,0.0163764184842847,1,0
Belarus,2015,0.3114587257410335,0.1269364793541036,-0.0390482619323577,1,0
Belarus,2016,0.0372580200535672,0.1118685194741706,-0.0255890903784674,1,0
Belarus,2017,0.1606399664601205,0.0585692144593812,0.0250065486216328,1,0
Belarus,2018,0.0815160957551022,0.0475732545638312,0.0310062743690302,1,0
Belarus,2019,0.1151616699164144,0.0544707225406737,0.0143609411030674,1,0
Belarus,2020,0.0461456641600115,0.053997000037544,-0.0067501603431132,1,0
Belarus,2021,0.0675618720122024,0.0903915933313994,0.0240959673388374,1,0
Belize,1991,0.0961933360945366,0.007590633121457,0.1113508670519785,1,1
Belize,1992,0.1219831695762216,0.0236843066671248,0.1198805974373371,1,1
Belize,1993,0.032220855299375,0.0146185952240118,0.0595688687138746,1,1
Belize,1994,0.0804731053382958,0.0253689013818183,-0.0001998833665197,1,1
Belize,1995,0.1671514602085686,0.0284865367326476,0.0072889510549742,1,1
Belize,1996,0.0730786189561172,0.0579388628666572,0.0109924192412691,1,1
Belize,1997,0.1092058872541414,0.0114248626778294,0.0414740942862046,1,1
Belize,1998,0.0571721080861316,0.0217151355248468,0.0381915298356325,1,1
Belize,1999,0.1464102875660593,0.0258762556701679,0.0900526990296803,1,1
Belize,2000,0.1170548634190495,0.0302133420545462,0.1154747029838283,1,1
Belize,2001,0.0971495103494177,0.0358633321596641,0.0487288485890857,1,1
Belize,2002,0.0289477267164208,0.041528304450769,0.0525836569746083,1,1
Belize,2003,0.0481294369937472,0.0229162332905898,0.0922621465045097,1,1
Belize,2004,0.123571626148724,0.0619830492998794,0.0466990751061544,1,1
Belize,2005,0.0636648216602289,-0.0111045321729204,0.0219492484858783,1,1
Belize,2006,0.1525071834990505,-0.0737947504259244,0.0441264928252884,1,1
Belize,2007,0.1429837374560882,0.0229162332885293,0.0328485054566911,1,1
Belize,2008,0.1246825742577506,0.0619830493475923,-0.0164086665002827,1,1
Belize,2009,0.0623563516244374,-0.0111045322186704,-0.0044771036567325,1,1
Belize,2010,-0.0011446741348422,0.0091378957568242,0.0140745964679993,1,1
Belize,2011,0.0514614360284078,0.0158935867113712,-0.0013015578891923,1,1
Belize,2012,0.1044399995866065,0.0129219581768467,0.0386810792902529,1,1
Belize,2013,0.013438821267524,0.0050845295337476,0.0398596014830516,1,1
Belize,2014,0.0759727312229507,0.0119424012519537,0.0381842211088283,1,1
Belize,2015,0.0728926016914712,-0.0086531710240844,0.0272285190802996,1,1
Belize,2016,0.0261459867919171,0.0066123617497151,-0.0001874325225088,1,1
Belize,2017,-0.0036916762859995,0.0114111780788297,-0.0185024932008062,1,1
Belize,2018,0.0261734072116759,0.0026961882421154,0.0081870801360537,1,1
Belize,2019,0.0453678172988603,0.0018689462831789,0.0416848583090931,1,1
Belize,2020,0.1126376565484328,0.001213609723865,-0.1452905435794989,1,1
Belize,2021,0.1168180876366662,0.0318439232691289,0.1654290485129728,1,1
Belize,2022,0.0342180627645447,0.0608777022074846,0.0884733463318134,1,1
Belize,2023,0.0789447282085653,0.0429621683923038,0.0049888145613579,1,1
Belize,2024,0.0894727952178442,0.0323661188104908,0.0344464918877669,1,1
Benin,1993,-0.0314910386770641,0.0043963141828573,0.0567221661673436,1,1
Benin,1994,0.3913724136196705,0.3259229752201067,0.0200026116863654,1,1
Benin,1995,-0.0185386210825555,0.1350774937023229,0.0586952196027361,1,1
Benin,1996,0.1224388600507175,0.0479730659248218,0.0423339775981865,1,1
Benin,1997,0.0453550425388691,0.034075730260306,0.0557628306769721,1,1
Benin,1998,-0.0362569193716488,0.0559389750326344,0.0388457595816511,1,1
Benin,1999,0.2985576676414965,0.0032619031387568,0.052036786962855,1,1
Benin,2000,0.2308315825599649,0.040809876906704,0.0569256875903825,1,1
Benin,2001,0.0073652700548194,0.039069696728557,0.0519578627204637,1,1
Benin,2002,-0.1261108434353985,0.0245868738774541,0.0453846660446828,1,1
Benin,2003,0.2008495927749329,0.0147629145591645,0.0338561261444851,1,1
Benin,2004,-0.1281816783201677,0.0087009450607125,0.0433437838519665,1,1
Benin,2005,0.1558097214696268,0.0522557792044722,0.0169865537590645,1,1
Benin,2006,0.2408043198411391,0.0371240644650043,0.0386795939685242,1,1
Benin,2007,0.1730460964421567,0.0128971543378222,0.0581401198478772,1,1
Benin,2008,0.2265158828328601,0.0764729475996945,0.0478046986081537,1,1
Benin,2009,0.077058220179623,0.0089208145062897,0.0229280531499682,1,1
Benin,2010,0.093218417733933,0.0218381554314817,0.0209202841172384,1,1
Benin,2011,0.089659660487591,0.0266832064088129,0.0292068268981289,1,1
Benin,2012,0.0719517077703493,0.0652696525465446,0.0469906728717823,1,1
Benin,2013,0.159843074136706,0.0042797178180631,0.0694461501408554,1,1
Benin,2014,0.1684894910823544,-0.0055026875630197,0.0616375589557058,1,1
Benin,2015,0.0595553621167539,0.0021854693565277,0.0176252689661566,1,1
Benin,2016,0.0017531515038129,-0.0079647359245953,0.0328511766791557,1,1
Benin,2017,0.0103847774818426,0.0004325549897039,0.0551656257647508,1,1
Benin,2018,0.0468729635643256,0.0091497205283177,0.0648252327363323,1,1
Benin,2019,0.0583776512664471,0.0073017707821545,0.0664025948142317,1,1
Benin,2020,0.1595806733793274,0.0297793720563461,0.0377657359592582,1,1
Benin,2021,0.1541490910470315,0.0171868525397984,0.0691104132723765,1,1
Benin,2022,0.1223155329292851,0.0134173695230845,0.0606523584081131,1,1
Benin,2023,-0.0043483448459618,0.0270186933029821,0.0615914708361415,1,1
Benin,2024,0.014038293545397,0.0115424379896431,0.0718844330714922,1,1
Bhutan,1991,0.2591217982115097,0.1157825733442594,-0.0040870980436302,1,1
Bhutan,1992,0.1268743310493256,0.1482063388582548,0.0449818861501469,1,1
Bhutan,1993,0.2018729283248603,0.1061423592256853,0.0196689571877186,1,1
Bhutan,1994,0.2097901141095803,0.0677516679800698,0.048328188186602,1,1
Bhutan,1995,0.3047772134112385,0.0906406432673745,0.0683510951966575,1,1
Bhutan,1996,0.0857280290211051,0.0842493594726669,0.0541583286315763,1,1
Bhutan,1997,0.4633672088807934,0.0630263206762982,0.0523442081697673,1,1
Bhutan,1998,0.1305407361898716,0.1006196051835872,0.0574575501542327,1,1
Bhutan,1999,0.2779829034281107,0.0655723047447676,0.0768126208081767,1,1
Bhutan,2000,0.1601995619845233,0.0393372526190578,0.0330001398829615,1,1
Bhutan,2001,0.07559304937595,0.0335777973970392,0.0707228681755154,1,1
Bhutan,2002,0.3584874693542303,0.0242569776455603,0.0993364246542114,1,1
Bhutan,2003,0.0495611390235311,0.0253978137988415,0.0749827931819524,1,1
Bhutan,2004,0.1499105676567644,0.0402388195409813,0.0502867329113385,1,1
Bhutan,2005,0.1221219901255104,0.0517631789151087,0.0670516555775009,1,1
Bhutan,2006,0.1711182098865045,0.0487944915907876,0.0548745230883724,1,1
Bhutan,2007,0.1113243383156508,0.0502758351334424,0.1493229047455067,1,1
Bhutan,2008,0.2324672036669177,0.0799857259931293,0.0442986521948967,1,1
Bhutan,2009,0.2298775537574613,0.0426870273004125,0.073877517752507,1,1
Bhutan,2010,0.1539545715616341,0.0679986202164073,0.1127202309292414,1,1
Bhutan,2011,0.0429513434344848,0.0847912833161865,0.0814809819467043,1,1
Bhutan,2012,0.0562874804453237,0.1036359419372043,0.0503586489475154,1,1
Bhutan,2013,0.0367806143472329,0.0841240610179587,0.0172143825910886,1,1
Bhutan,2014,0.2304367043521331,0.0794677203029881,0.0571464435527033,1,1
Bhutan,2015,0.0381362734318493,0.0444774869869517,0.0644835317068839,1,1
Bhutan,2016,0.211349725278179,0.0316913509554614,0.0813582425225725,1,1
Bhutan,2017,0.159797760790088,0.048362298074946,0.0206536888379034,1,1
Bhutan,2018,0.0634475407194088,0.0268752422066569,0.0344195121318335,1,1
Bhutan,2019,0.1171292582642919,0.0268992529861042,0.0559563164502563,1,1
Bhutan,2020,0.2468728937686179,0.0547662264217931,-0.1077901027251932,1,1
Bhutan,2021,0.0315363678107694,0.0708946630508906,0.0432641370000332,1,1
Bhutan,2022,0.1002019651930474,0.0548590134313498,0.0508249291813811,1,1
Bhutan,2023,0.0582420938483316,0.0414235178820048,0.0452807471269771,1,1
Bolivia,1991,0.4103390895159933,0.1943083425087999,0.0513252972200035,1,1
Bolivia,1992,0.2961983031333872,0.113867143899911,0.0163309037453913,1,1
Bolivia,1993,0.2904487315958413,0.081836884469598,0.041806752206714,1,1
Bolivia,1994,0.2168149307396163,0.0757941032573561,0.0456162287771135,1,1
Bolivia,1995,0.0737867948903101,0.0970650642124164,0.0457214280027926,1,1
Bolivia,1996,0.3353139910932654,0.1171204750382752,0.0426891330751608,1,1
Bolivia,1997,0.1736550948127231,0.0460095815519059,0.0483539618374777,1,1
Bolivia,1998,0.1259556662030689,0.0739307967717759,0.0490696941966106,1,1
Bolivia,1999,0.031794926696417,0.0213652906853978,0.0042597685155563,1,1
Bolivia,2000,0.0154118544083097,0.0450520431281304,0.0247688127016552,1,1
Bolivia,2001,0.2312860428225995,0.0157715110851004,0.0166978037594098,1,1
Bolivia,2002,-0.0597659261255394,0.0092397700647435,0.0245517806041384,1,1
Bolivia,2003,0.1329641721010226,0.0328279672249873,0.0267523419590567,1,1
Bolivia,2004,-0.0524368369288374,0.0434174790241259,0.0408856301514184,1,1
Bolivia,2005,0.1296714107689673,0.0525282266992697,0.0432647665398597,1,1
Bolivia,2006,0.2099293885081508,0.0419323798752424,0.0468550437316039,1,1
Bolivia,2007,0.2385457477702885,0.0834732097128281,0.0446328130999127,1,1
Bolivia,2008,0.2206729401775895,0.131088004220528,0.059668851091871,1,1
Bolivia,2009,0.0964751692182765,0.032916790904979,0.033018824738491,1,1
Bolivia,2010,0.1189708622872665,0.0247245736253907,0.0404384578536145,1,1
Bolivia,2011,0.2067400743928615,0.094259302355427,0.0507320151091192,1,1
Bolivia,2012,0.177045191940536,0.0441661844528766,0.0499540159731672,1,1
Bolivia,2013,0.1664352451653776,0.0557790207102772,0.0657503936618582,1,1
Bolivia,2014,0.1453449328969966,0.0560646006657288,0.0531669483115884,1,1
Bolivia,2015,0.1234562024549568,0.0397937259823404,0.047429116265846,1,1
Bolivia,2016,2.490960747181248e-05,0.0355911951610332,0.0417551992419262,1,1
Bolivia,2017,0.0952206978064076,0.0278365243941882,0.041095937796971,1,1
Bolivia,2018,0.0404748848498641,0.0224663301377159,0.0282772439998488,1,1
Bolivia,2019,-0.0157380114425151,0.0182283009463892,0.0149548273130157,1,1
Bolivia,2020,0.0887370330849322,0.0093634473180594,-0.1360427607200023,1,1
Bolivia,2021,-0.3423589812975152,0.0073467833891553,0.0955742256937632,1,1
Bolivia,2022,0.0497740314206609,0.017312556400717,0.0367890842579505,1,1
Bolivia,2023,0.0112147793586743,0.0254424582628161,0.0248522671770849,1,1
Bolivia,2024,0.1115188358356924,0.0497398624268097,-0.0112971325307675,1,1
Bosnia and Herzegovina,2006,0.2039325215985137,0.0594527934344002,0.0527252970448444,1,1
Bosnia and Herzegovina,2007,0.1882830114746241,0.0148962686823272,0.0569389382014549,1,1
Bosnia and Herzegovina,2008,0.0398604254854078,0.0716417623734662,0.0529894045449097,1,1
Bosnia and Herzegovina,2009,0.0214573571192424,-0.0038219371304935,-0.0305051419304831,1,1
Bosnia and Herzegovina,2010,0.0697458714087169,0.0197654929543453,0.0086194182181742,1,1
Bosnia and Herzegovina,2011,0.056370260758964,0.0360546487643507,0.0095493763205247,1,1
Bosnia and Herzegovina,2012,0.033577957809836,0.0203189108617918,-0.0082523295286378,1,1
Bosnia and Herzegovina,2013,0.0764092219054006,-0.000930889981987,0.0232267458712946,1,1
Bosnia and Herzegovina,2014,0.0704886854397806,-0.0090124307663481,0.0114724187578758,1,1
Bosnia and Herzegovina,2015,0.0767868653762242,-0.0104142711027801,0.0419490087503007,1,1
Bosnia and Herzegovina,2016,0.0798653046851569,-0.0159678096175364,0.0319080621441791,1,1
Bosnia and Herzegovina,2017,0.0907527998983148,0.0080686935841054,0.0319258912228157,1,1
Bosnia and Herzegovina,2018,0.0896692796423934,0.0140716102686466,0.0375751676152731,1,1
Bosnia and Herzegovina,2019,0.0848274474923407,0.0056120445188039,0.0284499587779087,1,1
Bosnia and Herzegovina,2020,0.0702464200230146,-0.0105686116264553,-0.0306148211857504,1,1
Bosnia and Herzegovina,2021,0.1094243940276875,0.019622601346164,0.0713121770879823,1,1
Bosnia and Herzegovina,2022,0.0532714454855742,0.1312110885231927,0.041399235889866,1,1
Bosnia and Herzegovina,2023,0.07393746292,0.0592674766382854,0.0197476664575155,1,1
Bosnia and Herzegovina,2024,0.0892604372428884,0.0167797034112346,0.0292822345027872,1,1
Botswana,1991,0.3476074426520874,0.111228410594383,0.0719364875096033,1,1
Botswana,1992,0.1244341953824239,0.14986389665615,0.0287533341286021,1,1
Botswana,1993,-0.1559046423399124,0.133925844013492,0.0189798089904478,1,1
Botswana,1994,0.1205309944689112,0.1002336848356031,0.03563656846325,1,1
Botswana,1995,0.1156214858829329,0.0999588677244394,0.0679428160228106,1,1
Botswana,1996,0.1720908912933048,0.0960631513883369,0.056661957422829,1,1
Botswana,1997,0.2518688774325532,0.0836049516937937,0.0799740057809899,1,1
Botswana,1998,0.3323947265383289,0.0644891323241254,0.0044268230052111,1,1
Botswana,1999,0.2337518087984627,0.0746370111139111,0.0922805104671553,1,1
Botswana,2000,0.0137684573987613,0.0825148968189259,0.0196819909393717,1,1
Botswana,2001,0.5446051569312296,0.0635289898899769,0.0025026053661285,1,1
Botswana,2002,0.2091526497257945,0.0772646674932313,0.0589246447466536,1,1
Botswana,2003,0.1337841435955482,0.0879184065302727,0.0452208947524148,1,1
Botswana,2004,0.1017416191681093,0.0671510770321264,0.0266986158647455,1,1
Botswana,2005,0.1345559049644684,0.0825953725624915,0.0445588022206244,1,1
Botswana,2006,0.0858281855327476,0.1093495181209558,0.0803245549615354,1,1
Botswana,2007,0.2735306421258165,0.0684153571604344,0.0563099696871987,1,1
Botswana,2008,0.1944225166089701,0.1195786527218896,0.0320031227262695,1,1
Botswana,2009,-0.0131119105824062,0.077213759488079,-0.152501444421258,1,1
Botswana,2010,0.1016683985730715,0.0671807453938129,0.0963979817758478,1,1
Botswana,2011,0.0434456120573791,0.0812100783458076,0.0661473249896467,1,1
Botswana,2012,0.0952559025069348,0.0726638827740728,-0.0017100322654783,1,1
Botswana,2013,0.0809777255296531,0.0571797026131495,0.1052866747957033,1,1
Botswana,2014,0.0449093963764291,0.0430810705727271,0.0554076887438199,1,1
Botswana,2015,0.1812835035580278,0.0301608704359539,-0.0497295185026231,1,1
Botswana,2016,0.0525077866897589,0.0277606614444465,0.0695673375350587,1,1
Botswana,2017,0.0268069336940826,0.0325473492449246,0.0403199027119853,1,1
Botswana,2018,0.0799098986842139,0.0318669673435856,0.0410334189358216,1,1
Botswana,2019,0.0768691968019901,0.0273511674861488,0.0298672342302133,1,1
Botswana,2020,0.0572538640206765,0.0187271390507,-0.0913357949847331,1,1
Botswana,2021,0.0489843026123075,0.0699082438607181,0.1125808382176423,1,1
Botswana,2022,0.0656550628085135,0.110338213647001,0.0534082184705759,1,1
Botswana,2023,0.0893677683880085,0.049433913998409,0.0315768434826324,1,1
Botswana,2024,0.046866110529681,0.0277936658556061,-0.0303547675230788,1,1
Brazil,1991,1.7944501585803163,1.6729508990029274,0.0102689888433431,1,0
Brazil,1992,2.9174370174511317,2.3532421354164113,-0.0054555751345439,1,0
Brazil,1993,3.520653898370899,3.009329801804466,0.0480726687800938,1,0
Brazil,1994,2.486890723900377,3.080022132792537,0.0568799285079677,1,0
Brazil,1995,0.366739213290117,0.5068599722795586,0.0413702630765868,1,0
Brazil,1996,0.2702935462060125,0.1463287302736544,0.0218482204129841,1,0
Brazil,1997,0.15908125318483,0.0669734840479834,0.0333849294407819,1,0
Brazil,1998,0.113501421542363,0.0314509555801172,0.0033752763600602,1,0
Brazil,1999,0.1664914568027526,0.0474411355825186,0.0046684614231367,1,0
Brazil,2000,0.1798571663351396,0.0680710966714612,0.0429440560132867,1,0
Brazil,2001,0.3250342722622008,0.0661655626455819,0.0138032592228185,1,0
Brazil,2002,0.0596228600541799,0.0811205669782788,0.0300777147369188,1,0
Brazil,2003,0.1704534635831507,0.1372799057370306,0.0113437061772216,1,0
Brazil,2004,0.1272212918663839,0.0638869192023161,0.0560018557436343,1,0
Brazil,2005,0.1684956153973722,0.0664386261284608,0.0315193263630462,1,0
Brazil,2006,0.1549341114792675,0.0409842353965963,0.0388551531616272,1,0
Brazil,2007,0.1990145649639068,0.0357654524461565,0.0589278476485723,1,0
Brazil,2008,0.1645178249030472,0.0552321689031867,0.0496868615220691,1,0
Brazil,2009,0.1457844655066402,0.0477232599796799,-0.0012589121273585,1,0
Brazil,2010,0.1285593124248691,0.0491589237985836,0.0725831928652418,1,0
Brazil,2011,0.1533897629602769,0.064255196212323,0.0389747509786708,1,0
Brazil,2012,0.1240469229816909,0.0526256482433451,0.0190295440844892,1,0
Brazil,2013,0.096561122750753,0.0601945120750997,0.0296056231870629,1,0
Brazil,2014,0.1214375680145494,0.0613682525972159,0.0050269013361656,1,0
Brazil,2015,0.1093831220375172,0.0864519799444174,-0.0361015221834435,1,0
Brazil,2016,0.1078745729208954,0.0837816493265251,-0.0333077649638511,1,0
Brazil,2017,0.0410478594397645,0.0338831605597249,0.0131419555023448,1,0
Brazil,2018,0.068631615831844,0.0359929159910823,0.0176794608684254,1,0
Brazil,2019,0.0782219262433265,0.0366498749573631,0.0121338642448982,1,0
Brazil,2020,0.1572111767962916,0.0316126919345878,-0.0333164690367731,1,0
Brazil,2021,0.1156403707179407,0.0797502934402585,0.0465266937825212,1,0
Brazil,2022,0.1200014759801177,0.0887441806389013,0.029720870215403,1,0
Brazil,2023,0.1370742896858026,0.0449118228583067,0.0319022225204541,1,0
Brazil,2024,0.1284544274052592,0.0427477941119036,0.0336215590858621,1,0
Brunei Darussalam,2000,0.3897477835340126,0.0154613792330327,0.0341567231250259,1,1
Brunei Darussalam,2001,-0.1270426014662113,0.0059412200574353,0.0145541804186741,1,1
Brunei Darussalam,2002,0.0186786656691211,-0.0234218876554725,0.0388498645899986,1,1
Brunei Darussalam,2003,0.0399037382246767,0.0029955089797981,0.0352071802695732,1,1
Brunei Darussalam,2004,0.1469937478332887,0.0081092707523069,0.0010448376929765,1,1
Brunei Darussalam,2005,-0.0460168820918731,0.0123675764530366,-3.925393649595321e-05,1,1
Brunei Darussalam,2006,0.020947993627459,0.0015976039344103,0.040166540458788,1,1
Brunei Darussalam,2007,0.0649086516830195,0.0096312118165897,-0.038362763228072,1,1
Brunei Darussalam,2008,0.0914733960883786,0.0206354200079887,-0.0397882687608728,1,1
Brunei Darussalam,2009,0.0921744152568386,0.0103039093539143,-0.0191854052715498,1,1
Brunei Darussalam,2010,0.0469508134783964,0.0035623386506298,0.0270446190345019,1,1
Brunei Darussalam,2011,0.0958090717581505,0.0013781655251658,0.0367600560571546,1,1
Brunei Darussalam,2012,0.0089506130593512,0.0011170384941427,0.0090899131729322,1,1
Brunei Darussalam,2013,0.0145562318007499,0.003884496097708,-0.0214768138164416,1,1
Brunei Darussalam,2014,0.0317033565399569,-0.0020732349843841,-0.0253987063939895,1,1
Brunei Darussalam,2015,-0.0177502584209605,-0.0048954373312275,-0.0039315559426036,1,1
Brunei Darussalam,2016,0.0149799284508915,-0.0027908233848279,-0.0250913486879511,1,1
Brunei Darussalam,2017,-0.0044256292220197,-0.0126851741578226,0.0131997646368127,1,1
Brunei Darussalam,2018,0.0279800372338101,0.0101983376504257,0.0005235733300885,1,1
Brunei Darussalam,2019,0.0418035282979829,-0.0039128659768223,0.0379588053764194,1,1
Brunei Darussalam,2020,-0.0043059697320799,0.0192173576874816,0.0112719655203257,1,1
Brunei Darussalam,2021,0.0266964163130971,0.0171856165412016,-0.0160355103298179,1,1
Brunei Darussalam,2022,0.0124373811645206,0.0361607507210184,-0.0164173455942631,1,1
Brunei Darussalam,2023,0.0265381133825535,0.0035642835033513,0.0112133367038715,1,1
Brunei Darussalam,2024,0.0356856202818178,-0.0038943146599503,0.0397255577465252,1,1
Bulgaria,1992,0.4165042961821648,0.6486618839539882,-0.0755038935867311,1,0
Bulgaria,1993,0.4309898820456652,0.5474205351323839,-0.0149127937132469,1,0
Bulgaria,1994,0.5736950975980761,0.6732369726472958,0.0180168309466282,1,0
Bulgaria,1995,0.3397810770002998,0.482764571502645,0.0285596542225547,1,0
Bulgaria,1996,0.8059811153077092,0.7957378046291437,0.0507443785681758,1,0
Bulgaria,1997,1.5072913752216976,2.449602010123653,-0.1521654278930668,1,0
Bulgaria,1998,0.1111489614941341,0.1711949217535835,0.0371909715249252,1,0
Bulgaria,1999,0.1255187973232949,0.0254049716697202,-0.0876962400664922,1,0
Bulgaria,2000,0.2685016607608013,0.0981811648435302,0.0448512302157837,1,0
Bulgaria,2001,0.2307786779059952,0.0710262360077242,0.0375241174992915,1,0
Bulgaria,2002,0.1164010972406828,0.0564762046174287,0.0570599803206377,1,0
Bulgaria,2003,0.1840221152534162,0.023214854861898,0.0510462235409363,1,0
Bulgaria,2004,0.2151754055230377,0.0596559715788256,0.063072689059723,1,0
Bulgaria,2005,0.1946880601664453,0.0491599821699342,0.0681851335449366,1,0
Bulgaria,2006,0.2384445534225534,0.07010047439352,0.0658119858998063,1,0
Bulgaria,2007,0.2722070226995541,0.0806812808812642,0.064423401301159,1,0
Bulgaria,2008,0.0848617129563926,0.1164374160442793,0.0594904109910778,1,0
Bulgaria,2009,0.0408744068940514,0.0271598322471309,-0.0340444049550363,1,0
Bulgaria,2010,0.061137517076137,0.0240972217710746,0.0154338805481017,1,0
Bulgaria,2011,0.1149463275121931,0.041332937240563,0.020686306125107,1,0
Bulgaria,2012,0.0809557693730091,0.0291176204527499,0.0074602570716031,1,0
Bulgaria,2013,0.085588269111291,0.0088615555891964,-0.0054422963544062,1,0
Bulgaria,2014,0.0113753316082814,-0.0142833612921071,0.0094497015091903,1,0
Bulgaria,2015,0.0840243376526714,-0.0010468803981886,0.0334111139862152,1,0
Bulgaria,2016,0.0733141987897099,-0.0080185617742936,0.0298172971035768,1,0
Bulgaria,2017,0.0742329200511306,0.0204063292905836,0.0270890243693777,1,0
Bulgaria,2018,0.084141633804883,0.0277566428054312,0.0230341858100473,1,0
Bulgaria,2019,0.0942404398433574,0.0305653774937608,0.0372314055378879,1,0
Bulgaria,2020,0.103315910670382,0.0165860967503972,-0.0318336880501242,1,0
Bulgaria,2021,0.1016420442804815,0.0324453540132765,0.0753687771955355,1,0
Bulgaria,2022,0.1239426675780848,0.1425862886424065,0.040026773694489,1,0
Bulgaria,2023,0.0834055990843296,0.0902322306420062,0.016675298667554,1,0
Bulgaria,2024,0.0837659973686371,0.0241707147674468,0.0333099195344708,1,0
Burkina Faso,1991,0.0436980993152253,0.0213954808461771,0.0868195494640069,1,1
Burkina Faso,1992,0.0388020699708988,-0.0201122604627448,0.0023244040969707,1,1
Burkina Faso,1993,0.0766786256868634,0.0055192978502587,0.0340282647286684,1,1
Burkina Faso,1994,0.257654907044504,0.2245655495952219,0.013064361106359,1,1
Burkina Faso,1995,0.2009516515515521,0.0719377508673568,0.0555896037149636,1,1
Burkina Faso,1996,0.0504541908839648,0.0591911656497483,0.1044928341571065,1,1
Burkina Faso,1997,0.1632171990889084,0.0229221743062311,0.0612534568567006,1,1
Burkina Faso,1998,0.0103919255536268,0.0495930174293759,0.0705304054685989,1,1
Burkina Faso,1999,0.0252400971434809,-0.0107840759607595,0.0713456543318926,1,1
Burkina Faso,2000,0.072368431114139,-0.0030467583429478,0.0187086358612482,1,1
Burkina Faso,2001,-0.0316447247506594,0.0488609512660973,0.0640390752983535,1,1
Burkina Faso,2002,-0.0306509104598688,0.0215236436020465,0.0426088499097367,1,1
Burkina Faso,2003,0.5251895082777089,0.020141449698583,0.0751306066227677,1,1
Burkina Faso,2004,-0.0443852810353533,-0.004010317606153,0.043810664505937,1,1
Burkina Faso,2005,-0.0248686497339996,0.0621767360396932,0.0830707943425927,1,1
Burkina Faso,2006,0.0981408632464635,0.023063076482872,0.0606544066733292,1,1
Burkina Faso,2007,0.0765850396534233,-0.0023089366064787,0.0402910921856509,1,1
Burkina Faso,2008,0.2387507571317719,0.1012904251630395,0.0563802553742327,1,1
Burkina Faso,2009,0.2106944344298398,0.0257474381509421,0.0291893248540233,1,1
Burkina Faso,2010,0.1651470041955356,-0.0076716594182233,0.0810847637175093,1,1
Burkina Faso,2011,0.1344004908760752,0.0272237212504924,0.0641249601305062,1,1
Burkina Faso,2012,0.1446188097201286,0.0374706480912401,0.0625303095880163,1,1
Burkina Faso,2013,0.1030362064099321,0.0053231917124181,0.0563102444496728,1,1
Burkina Faso,2014,0.1045198251689143,-0.0025842314268782,0.0423585313421881,1,1
Burkina Faso,2015,0.1774380180380461,0.0072222464885882,0.0384630107249925,1,1
Burkina Faso,2016,0.1103429339196822,0.0044007171051507,0.0578723833631471,1,1
Burkina Faso,2017,0.191261170020617,0.0147211006478098,0.0601867792594283,1,1
Burkina Faso,2018,0.0993191812237128,0.019370602876533,0.0639561866273865,1,1
Burkina Faso,2019,0.0870408541372853,-0.0328681824046368,0.0572231253581101,1,1
Burkina Faso,2020,0.1639776903384771,0.0186716022930673,0.0199082356808126,1,1
Burkina Faso,2021,0.15582631793961,0.0358811778985144,0.0671213539300623,1,1
Burkina Faso,2022,0.023319785123494,0.133570951857485,0.0161364305130966,1,1
Burkina Faso,2023,-0.029262310068713,0.0074016444091,0.029561463967525,1,1
Burkina Faso,2024,0.0662339615244285,0.0410538128973723,0.0468817683081859,1,1
Burundi,1991,0.1655311153946357,0.0861496108461388,0.0487600346481258,1,1
Burundi,1992,0.0551125090786008,0.018069099460876,0.0100493197258444,1,1
Burundi,1993,0.0578185693455353,0.0923908917416547,-0.064431860174217,1,1
Burundi,1994,0.2855071838687308,0.138481252932821,-0.0390527272241705,1,1
Burundi,1995,-0.0830634647960515,0.1761630792251591,-0.0825124216151635,1,1
Burundi,1996,0.1717833514460487,0.2345722471378346,-0.083381608916671,1,1
Burundi,1997,0.0810075068446352,0.270878605389516,-0.0160277610452723,1,1
Burundi,1998,-0.0084956519846635,0.1177866868971668,0.0464063727673433,1,1
Burundi,1999,0.3892386925732438,0.0332938016759669,-0.0101513510210011,1,1
Burundi,2000,0.1444886362251338,0.218589390530306,-0.0086055624497305,1,1
Burundi,2001,0.1519643603059073,0.0888913294774087,0.0203496061892032,1,1
Burundi,2002,0.2637909440108181,-0.0137509124607322,0.0435049784554095,1,1
Burundi,2003,0.2231321160607571,0.1011789662458086,-0.0123127716185038,1,1
Burundi,2004,0.0973727963247732,0.0785933135767713,0.0472046962467054,1,1
Burundi,2005,0.220992684560521,0.1244458556369161,0.0089597413804085,1,1
Burundi,2006,0.204258388069892,0.0270840922064001,0.0527234391195712,1,1
Burundi,2007,0.04835660793346,0.0807691778015122,0.0338649895914464,1,1
Burundi,2008,0.2899570006079912,0.2183878692462393,0.0479206615771659,1,1
Burundi,2009,0.1577177187456619,0.1003468881749753,0.037171266688226,1,1
Burundi,2010,0.2229503841454416,0.0629115663147228,0.0496824989986492,1,1
Burundi,2011,0.0676482980307859,0.0915957084145748,0.0394555695977523,1,1
Burundi,2012,0.1490162284865093,0.1668782987306469,0.0432800703500539,1,1
Burundi,2013,0.1176204061701824,0.0763864138002405,0.048065376347278,1,1
Burundi,2014,0.1150741898266964,0.0431107557885761,0.0415728296693593,1,1
Burundi,2015,-0.0006409847132218,0.0539642688270403,-0.0040534601327202,1,1
Burundi,2016,0.0704214498163793,0.0540874384617913,0.0315003599459515,1,1
Burundi,2017,0.2336254476611152,0.1488727931377482,0.037602650654172,1,1
Burundi,2018,0.1812391866177733,-0.0285507007365124,0.0520443372311305,1,1
Burundi,2019,0.2033582135140221,-0.0068914130413348,0.0436277381641865,1,1
Burundi,2020,0.2159720526059914,0.0706551491896458,0.0030597522748934,1,1
Burundi,2021,0.185161194119555,0.0806997697679943,0.0318578544647394,1,1
Burundi,2022,0.3159813963148146,0.1722786170957162,0.0229125044764977,1,1
Burundi,2023,0.1604877466095082,0.2385560350461828,0.0320292333990863,1,1
Cabo Verde,1991,0.0895341719391638,0.0912191631145034,0.0139438015819202,1,1
Cabo Verde,1992,0.2614242070489752,0.030690824629624,0.1037981186567407,1,1
Cabo Verde,1993,0.6398861827237106,0.0562706478786836,0.0834980685617132,1,1
Cabo Verde,1994,0.1154010389049418,0.0339381148649415,0.1754869341447928,1,1
Cabo Verde,1995,0.1311499618804106,0.0802106164658749,0.1328829996241367,1,1
Cabo Verde,1996,0.1114444817891033,0.0579256380604897,0.1074769972077405,1,1
Cabo Verde,1997,0.0944927108529718,0.0820965593660876,0.1054263480162127,1,1
Cabo Verde,1998,0.0194879672810586,0.0430042685855598,0.1179366753019941,1,1
Cabo Verde,1999,0.1550822680347074,0.0426421010739304,0.1063638481612052,1,1
Cabo Verde,2000,0.122199049742111,-0.0250866212248634,0.1335239949917124,1,1
Cabo Verde,2001,0.0927553459249139,0.0329507588060904,0.0220711751875626,1,1
Cabo Verde,2002,0.1329643801437008,0.0186699674592185,0.0511767537081695,1,1
Cabo Verde,2003,0.0824993399433537,0.0118116706157618,0.0409140798077984,1,1
Cabo Verde,2004,0.1005927372904764,-0.0190892633759665,0.0971001462574285,1,1
Cabo Verde,2005,0.146520490046015,0.0041801670436649,0.0668401636738131,1,1
Cabo Verde,2006,0.1657634390013278,0.0522990187484451,0.0768105710007915,1,1
Cabo Verde,2007,0.1020097469777994,0.0431648195637537,0.1412450852231295,1,1
Cabo Verde,2008,0.0730133571687368,0.065548343567527,0.068023173574609,1,1
Cabo Verde,2009,0.0340307520056377,0.0098622426227024,-0.0151500519132063,1,1
Cabo Verde,2010,0.0526441997826552,0.0205735526947004,0.0181976061140112,1,1
Cabo Verde,2011,0.0448260834165452,0.0437669347716678,0.0384965877048664,1,1
Cabo Verde,2012,0.0611372857828556,0.0250866465748407,0.0107781908919832,1,1
Cabo Verde,2013,0.1080718042513844,0.0149530720616484,0.0063014712345044,1,1
Cabo Verde,2014,0.0717349359006149,-0.002390636746151,0.006942513289097,1,1
Cabo Verde,2015,0.0605028881391191,0.0013110202275399,0.0093167292572786,1,1
Cabo Verde,2016,0.0802540330517516,-0.0141782010605275,0.0419162579311986,1,1
Cabo Verde,2017,0.063026000622802,0.0078135470915725,0.0445078157070142,1,1
Cabo Verde,2018,0.0138480455129297,0.0124832772501646,0.0363990878707767,1,1
Cabo Verde,2019,0.0811020081472513,0.0110142132991777,0.0671709252619692,1,1
Cabo Verde,2020,0.0370532221645909,0.0060396861777336,-0.2332605042738755,1,1
Cabo Verde,2021,0.0299145467682144,0.0184502678578724,0.0679719648705727,1,1
Cabo Verde,2022,0.0563961654530622,0.076321292844451,0.1470714728489639,1,1
Cabo Verde,2023,0.0608173181261584,0.0365669581217371,0.0468335979233955,1,1
Cabo Verde,2024,0.0745505269262807,0.0104271462050649,0.0699353575132519,1,1
Cambodia,1995,0.3618120869991905,-0.0080215299979591,0.0944322390832361,1,1
Cambodia,1996,0.3396250111142826,0.0690675751780216,0.0573015121109357,1,1
Cambodia,1997,0.1535079736422417,0.0765925841695169,0.0392843753454315,1,1
Cambodia,1998,0.1460949021064124,0.1380779473709532,0.0457534829189896,1,1
Cambodia,1999,0.1593111596751377,0.0392996237021447,0.1196069813716214,1,1
Cambodia,2000,0.2382132878013045,-0.0079514544859691,0.0952518174005554,1,1
Cambodia,2001,0.1866813790592125,-0.0060245944808743,0.071294187500019,1,1
Cambodia,2002,0.2707119666391087,0.0021124329218942,0.0607664734500374,1,1
Cambodia,2003,0.1435152154810133,0.009373393345827,0.0978857810681859,1,1
Cambodia,2004,0.2495798359488681,0.0422865545621791,0.0903679398589183,1,1
Cambodia,2005,0.1468370419926081,0.06405645921454,0.1248984064659737,1,1
Cambodia,2006,0.340364013727612,0.0564813255445804,0.1038496154362427,1,1
Cambodia,2007,0.4814163608456674,0.0835028164853799,0.0989259812827434,1,1
Cambodia,2008,0.0530292041954325,0.215892138701724,0.0721007868630003,1,1
Cambodia,2009,0.304412148635059,-0.0124949127305482,0.0399394788753646,1,1
Cambodia,2010,0.1930958644012044,0.0391860517936626,0.0495224524789144,1,1
Cambodia,2011,0.0386242884169796,0.0533364569223699,0.0703341142473661,1,1
Cambodia,2012,0.3322509813161112,0.028920890983886,0.0737174212723346,1,1
Cambodia,2013,0.1973961275151587,0.0289918949340677,0.0756407231908404,1,1
Cambodia,2014,0.2738115546518322,0.0378321400532799,0.0769640110038061,1,1
Cambodia,2015,0.1569796938077452,0.0121650246777456,0.0695916829330087,1,1
Cambodia,2016,0.1906201816176107,0.0297446078076557,0.0760856688624365,1,1
Cambodia,2017,0.208175862059825,0.0287102440043689,0.0776556068635692,1,1
Cambodia,2018,0.2354771923100287,0.0242933636699262,0.0841225929552251,1,1
Cambodia,2019,0.1668043462708084,0.0192394786433363,0.0763770756233555,1,1
Cambodia,2020,0.142256630410003,0.0289789753650993,-0.0362047737882491,1,1
Cambodia,2021,0.1518874472361489,0.0287889406919372,0.0304306826402971,1,1
Cambodia,2022,0.0787538362101472,0.0520581769553532,0.0500265529327919,1,1
Cambodia,2023,0.1181608309890549,0.02105153302925,0.0488599754289431,1,1
Cambodia,2024,0.1614752286361493,0.0080479483768591,0.0580340635319664,1,1
Cameroon,1991,0.0146784539432687,0.0006003330690411,-0.0388302228815824,1,1
Cameroon,1992,-0.1829673462801722,-0.0001605633483219,-0.0314907002267617,1,1
Cameroon,1993,-0.0968238245166226,-0.0325909064894629,-0.0826434746280355,1,1
Cameroon,1994,0.2353956546386157,0.3008040651396495,0.0185941446869364,1,1
Cameroon,1995,-0.0635213050302994,0.0868168563311853,0.0285291595005325,1,1
Cameroon,1996,-0.1064858885616892,0.0384902899928558,0.041286579219566,1,1
Cameroon,1997,0.1703978112502682,0.0467522682942824,0.0442782270176742,1,1
Cameroon,1998,0.0748630436314279,0.031215214621814,0.0461727879985964,1,1
Cameroon,1999,0.124841614547968,0.0185444342082146,0.0441250539338824,1,1
Cameroon,2000,0.1750762072354987,0.012197211949581,0.0376080461421253,1,1
Cameroon,2001,0.0136541992044314,0.0432488628960916,0.0423337586740402,1,1
Cameroon,2002,0.1920538955467776,0.0279499611901652,0.0437970223366157,1,1
Cameroon,2003,0.0192870055807681,0.0062122992225983,0.0530966274483653,1,1
Cameroon,2004,0.0718621009665128,0.0023337484900176,0.0681152060914449,1,1
Cameroon,2005,0.0550007782663612,0.0199353587003097,0.0220380700589899,1,1
Cameroon,2006,0.0781447160582189,0.0499093296718777,0.0373881049104021,1,1
Cameroon,2007,0.1386470015148262,0.0091718323141778,0.0423656569534927,1,1
Cameroon,2008,0.13060101424362,0.0520022026772943,0.0280788522109851,1,1
Cameroon,2009,0.0791024717543003,0.0299821929815582,0.0254655019065346,1,1
Cameroon,2010,0.1293411664720984,0.0126731598195828,0.0285779788791025,1,1
Cameroon,2011,0.0964946880579447,0.0289731886970905,0.0332337044709625,1,1
Cameroon,2012,-0.0005891993054127,0.0269855600714761,0.0452216973497954,1,1
Cameroon,2013,0.1083635170924104,0.0202961053199626,0.0487475838467865,1,1
Cameroon,2014,0.1243678565226709,0.0183790508022854,0.0556221835903691,1,1
Cameroon,2015,0.0843680070306049,0.0264105050867504,0.0551220088739334,1,1
Cameroon,2016,0.0487995682695263,0.0087039146296774,0.0443593553489556,1,1
Cameroon,2017,0.0528986955719119,0.0063836724355255,0.0347991886552137,1,1
Cameroon,2018,0.1304829940053053,0.0106318620543355,0.0387928739404479,1,1
Canada,1991,0.0380945635177134,0.0547330803509806,-0.0211322728821166,1,1
Canada,1992,0.0620445959322175,0.014791394997303,0.008865249101742,1,1
Canada,1993,0.0188717534867066,0.018479000365672,0.0262300342062538,1,1
Canada,1994,0.0452656122201808,0.0016542600960249,0.0439599392530745,1,1
Canada,1995,0.0471696656318592,0.0212599994268494,0.0264698443520359,1,1
Canada,1996,0.039655592299745,0.0155832591026587,0.0167485686482109,1,1
Canada,1997,0.0427924312941065,0.0160821500019912,0.0419110029629017,1,1
Canada,1998,0.0239171010119356,0.0099101563497283,0.0381902453214095,1,1
Canada,1999,0.0522344195548996,0.0171996636124767,0.0501321541280077,1,1
Canada,2000,0.0641318367112404,0.0268312018059058,0.0501087152640806,1,1
Canada,2001,0.8110680012443972,0.0249376570991373,0.0185773485855769,1,1
Canada,2002,0.0262087857056805,0.022332702478585,0.0295515726054915,1,1
Canada,2003,0.0050936764605395,0.0272120041940002,0.0179026383914866,1,1
Canada,2004,0.0531910174301231,0.018402222859736,0.0304551367527672,1,1
Canada,2005,0.0920794314752768,0.0218940860668004,0.0315999641634903,1,1
Canada,2006,0.1176007264219123,0.0198224839161111,0.0260375005067032,1,1
Canada,2007,-0.2950516430433438,0.0211584136128859,0.0202917687966532,1,1
Canada,2008,0.1390814348732192,0.0234261590198334,0.0099048476518994,1,1
Central African Republic,1991,-0.0433381603496023,-0.0280123355474155,-0.0055407517048564,1,1
Central African Republic,1992,-0.0340051997985497,-0.010389869414535,-0.0663970813186622,1,1
Central African Republic,1993,0.1206168706513075,-0.0295869951166887,0.0033471488884799,1,1
Central African Republic,1994,0.57953725409795,0.2197057586913637,0.047836847145227,1,1
Central African Republic,1995,0.0418647418775286,0.1755436718522736,0.0695264876253709,1,1
Central African Republic,1996,0.0475067503507951,0.0365724124144142,-0.040822962892058,1,1
Central African Republic,1997,-0.0803997244452183,0.0159846960830645,0.0516426255377986,1,1
Central African Republic,1998,-0.1761102289532203,-0.0190319741337328,0.0459302917613406,1,1
Central African Republic,1999,0.104943180984744,-0.0142429733019744,0.0353669016009909,1,1
Central African Republic,2000,0.0235083870017618,0.0315316211252074,-0.0252094286297328,1,1
Central African Republic,2001,-0.0200897377693181,0.0376315723142441,0.043679402891346,1,1
Central African Republic,2002,-0.0521515862071275,0.023050455575249,0.0355268047539887,1,1
Central African Republic,2003,-0.0794734984834875,0.040515154344118,-0.0554861269702513,1,1
Central African Republic,2004,0.1228755081557331,-0.0208805493613857,0.0582206449592028,1,1
Central African Republic,2005,0.1679181598479395,0.0284272956651827,0.0090411108544614,1,1
Central African Republic,2006,-0.0470229918370854,0.0648065913697886,0.0466076454495016,1,1
Central African Republic,2007,-0.0651828696070531,0.0095533968323815,0.0450453979863922,1,1
Central African Republic,2008,0.1691354263214428,0.0885505759281795,0.0203331822329388,1,1
Central African Republic,2009,0.1107465230969211,0.0346068382023929,0.0823839073232441,1,1
Central African Republic,2010,0.1495330239626646,0.0148001721345263,0.0452679535307609,1,1
Central African Republic,2011,0.1292210796818302,0.0118739816727213,0.0410902657715368,1,1
Central African Republic,2012,0.015433204597361,0.0533350201092082,0.0493020450747963,1,1
Central African Republic,2013,0.0546417940857431,0.0675539085934779,-0.452430577346032,1,1
Central African Republic,2014,0.1361023885481387,0.1388805469277239,0.0008103767093459,1,1
Central African Republic,2015,0.0517619345585878,0.0139321963708471,0.0424570190288378,1,1
Central African Republic,2016,0.0559084113861274,0.0482703410949696,0.0464093975467996,1,1
Central African Republic,2017,0.0980610519459439,0.0409569292757909,0.0442778868884516,1,1
Central African Republic,2018,0.1314525368605927,0.0159929962297482,0.0371940800801873,1,1
Central African Republic,2019,0.085410316796576,0.0264995016477405,0.0305292050348171,1,1
Central African Republic,2020,0.1085865188966046,0.0169569802729645,0.0089597413403268,1,1
Central African Republic,2021,0.1360073709454177,0.0417114948816035,0.0097812076047567,1,1
Central African Republic,2022,0.0245978190125164,0.054328772501182,0.0045287484850717,1,1
Chad,1991,0.0331410378210428,0.0314393119092741,0.0819037793962849,1,1
Chad,1992,-0.0856466890755776,-0.0316251515947851,0.0769744054020264,1,1
Chad,1993,-0.3326440066660829,-0.088043911541114,-0.1709050187151461,1,1
Chad,1994,0.2733731377273791,0.3487176491307551,0.0965538391544988,1,1
Chad,1995,0.397093773744654,0.0882885493697873,0.0122896649340766,1,1
Chad,1996,0.2463019942903557,0.1073364723205552,0.0219030965526627,1,1
Chad,1997,-0.0418509808707767,0.054225434018484,0.0549936667019785,1,1
Chad,1998,-0.0803196856992869,0.0417065737462785,0.0672060218668768,1,1
Chad,1999,-0.0343199289011444,-0.083654033296181,-0.0068519230911476,1,1
Chad,2000,0.1776191354796772,0.037513495925971,-0.0088357305973616,1,1
Chad,2001,0.2165227892912824,0.1171720626325409,0.1102716481722261,1,1
Chad,2002,0.1941840219189536,0.050615344675136,0.0814989682192823,1,1
Chad,2003,0.0057938753687203,-0.0176810873617183,0.1373387219020791,1,1
Chad,2004,0.0302743982658597,-0.055041365310168,0.2898999001317008,1,1
Chad,2005,0.2846478632888747,0.0759453928977098,0.1598418861631074,1,1
Chad,2006,0.4046362359000746,0.0772969937672911,-0.0054430824396334,1,1
Chad,2007,0.0550988548392332,-0.0940331313988833,0.0411436149426798,1,1
Chad,2008,0.2339730664086516,0.098006322145042,0.0303467474459253,1,1
Chad,2009,-0.0475605737840183,0.0948775672181625,-0.0141829302074896,1,1
Chad,2010,0.2259143058658956,-0.0209975715712698,0.1281629971901914,1,1
Chad,2011,0.132932726157847,0.0200892581428782,0.0439731492394521,1,1
Chad,2012,0.1261526460954201,0.0724752881976913,0.0867445440182379,1,1
Chad,2013,0.082948048984484,0.0022242401890384,0.0279868416079978,1,1
Chad,2014,0.2348747970971665,0.0166798460869754,0.0204184253347818,1,1
Chad,2015,-0.0481488237776162,0.0428403720714696,0.0325074584225291,1,1
Chad,2016,-0.0800483062590906,-0.0079559702179752,-0.0420988857187758,1,1
Chad,2017,-0.0446314318489413,-0.0154903547468618,-0.0163069304915381,1,1
Chad,2018,0.0064885321002954,0.0418578289251243,0.0558236171333312,1,1
Chad,2019,0.2045802990524343,-0.0097669333432559,0.0524294579850419,1,1
Chad,2020,0.1615950568871582,0.0436737104847262,-0.0039442341057984,1,1
Chad,2021,0.1277951366022058,-0.0077584628923954,0.0029301294562813,1,1
Chile,1991,0.2388130506251258,0.197082184314528,0.0747010995122536,1,1
Chile,1992,0.231747855404798,0.1434577693321888,0.1088717270671573,1,1
Chile,1993,0.2194366915791796,0.1198055840288665,0.0647158591697945,1,1
Chile,1994,0.1103734170750314,0.1083441370300524,0.0495213610338716,1,1
Chile,1995,0.2179100854051689,0.0791127092774659,0.0885183270971587,1,1
Chile,1996,0.1831052442096883,0.0710092701550202,0.0687315551995269,1,1
Chile,1997,0.2188732680271776,0.0595309853653711,0.0713130775645751,1,1
Chile,1998,0.124816133344094,0.0498396089778854,0.040958496822661,1,1
Chile,1999,0.1220832630893191,0.0328241368335513,-0.0027400645323929,1,1
Chile,2000,0.0870268648726799,0.0377125857031108,0.0485198560994639,1,1
Chile,2001,0.602063751444355,0.0350688419174058,0.0310531698227691,1,1
Chile,2002,0.0590154479282389,0.0245891747189777,0.0315257900946512,1,1
Chile,2003,-0.0051366941148245,0.0277141772814539,0.046150925093368,1,1
Chile,2004,0.091241278278261,0.0104921515075373,0.0646096514348961,1,1
Chile,2005,0.1060850672357922,0.0300691206853667,0.0567304207228609,1,1
Chile,2006,0.1755183975740593,0.0333575713361442,0.0587404085128326,1,1
Chile,2007,0.1718888364955759,0.0431341934131443,0.0503910818764161,1,1
Chile,2008,0.0023623521491025,0.0835712632731757,0.0371935907586014,1,1
Chile,2009,-0.0481188749007941,0.0035242343679371,-0.0112433425205082,1,1
Chile,2010,0.0743136119625482,0.0140085315384874,0.0568684092249469,1,1
Chile,2011,0.2060112107213427,0.0328661129056655,0.0603789143160327,1,1
Chile,2012,0.0980407632724009,0.0296311142107601,0.0597333072411672,1,1
Chile,2013,0.1110302247437715,0.0177373150243935,0.0325495511900832,1,1
Chile,2014,0.0838126954575244,0.0461072854050765,0.0177677099358462,1,1
Chile,2015,0.0875666770716137,0.0425686940608711,0.0212911512456095,1,1
Chile,2016,0.0478546548064997,0.0371627658675173,0.0173785027444033,1,1
Chile,2017,0.0055448101636343,0.0215923822649619,0.0134856127244624,1,1
Chile,2018,0.0409378895478198,0.0240571894204109,0.0391248381526132,1,1
Chile,2019,0.1147567249990828,0.0252538673212052,0.0063236389215894,1,1
Chile,2020,0.1316038289077497,0.030000363457904,-0.0634028973196976,1,1
Chile,2021,0.1763474632405319,0.0442519619237566,0.1071931198037425,1,1
Chile,2022,0.0372168165368691,0.1101438576145943,0.0213112295864768,1,1
Chile,2023,0.0257882277455507,0.0730802103896621,0.0052001356003366,1,1
Chile,2024,-0.0214293232031224,0.0420785383292781,0.0260995399521952,1,1
China,1991,0.2364869965811529,0.0349489642522082,0.0894905707527904,1,1
China,1992,0.2684967373459237,0.0616027911609977,0.1336529805618447,1,1
China,1993,0.3830135524538072,0.1363655606354563,0.1304059461268103,1,1
China,1994,0.2738376886416134,0.2171817327330241,0.1228608697247395,1,1
China,1995,0.2582096629846901,0.1552177545726589,0.1046555766531689,1,1
China,1996,0.225326421507944,0.0798564776163104,0.0950937920354029,1,1
China,1997,0.1883641938478817,0.0274834954786511,0.0888131792759878,1,1
China,1998,0.1389298577287228,-0.0077619059194189,0.0762273653890659,1,1
China,1999,0.136857534806527,-0.0141138604217205,0.0745229144501813,1,1
China,2000,0.1162243279980117,0.0034720776248997,0.0823762783299137,1,1
China,2001,0.1401306874740058,0.0071655223076172,0.0798516636188502,1,1
China,2002,0.1234596600497432,-0.0073466295409438,0.08840817262476,1,1
China,2003,0.1759661258999401,0.0112129342981859,0.0963840835451534,1,1
China,2004,0.1387781554909857,0.0375331114068719,0.0965040792145295,1,1
China,2005,0.1547932081786349,0.0176082024500994,0.1084797917494491,1,1
China,2006,0.1998021999485004,0.0163597563781099,0.1193344996514582,1,1
China,2007,0.1547408021012941,0.0470435699880065,0.132343059915545,1,1
China,2008,0.1636322237393486,0.0575634836197656,0.0923079128352064,1,1
China,2009,0.2501614806791892,-0.0073082931449777,0.0898653812801342,1,1
China,2010,0.173518881793953,0.031259537236508,0.1007161952641197,1,1
China,2011,0.1597603713558868,0.0540515267293981,0.0904012039933661,1,1
China,2012,0.1344579184129486,0.0258580242241581,0.0756284338923052,1,1
China,2013,0.1274156237541959,0.0258728915673316,0.0749100883925137,1,1
China,2014,0.1044675423009735,0.0190341127300426,0.071966182780784,1,1
China,2015,0.1252493306599973,0.0142679648516077,0.0674603112976477,1,1
China,2016,0.1073565927327138,0.0198026451581316,0.0655588344568336,1,1
China,2017,0.0779769874974363,0.0158057878259887,0.0666419295670976,1,1
China,2018,0.067575109409887,0.0205355978199577,0.0653823962404409,1,1
China,2019,0.0850971039847792,0.0285800142934276,0.0589149479852508,1,1
China,2020,0.0954334659690445,0.0239061755720566,0.0231322586103743,1,1
China,2021,0.0868723698862936,0.0097623442297853,0.082225724373103,1,1
China,2022,0.1103179094671702,0.0195435305706856,0.030860758910137,1,1
China,2023,0.0939350031833399,0.0023456151814889,0.0527332684865022,1,1
China,2024,0.0658879891081269,0.0021789138265955,0.0485744894062207,1,1
Colombia,1991,0.2839834370919298,0.2653430579570455,0.0198183879130553,1,1
Colombia,1992,0.3295359433153031,0.2391005711679366,0.0396526337019409,1,1
Colombia,1993,0.3293759329885191,0.2024712060060909,0.052454014911369,1,1
Colombia,1994,0.3766188334552538,0.2057633203687339,0.0565189051885042,1,1
Colombia,1995,0.2486776284082026,0.1897256869421486,0.0507162850811688,1,1
Colombia,1996,0.1908514245956283,0.1889460290524391,0.0203500726448595,1,1
Colombia,1997,0.2141524292746552,0.1694897612478172,0.0337277087854275,1,1
Colombia,1998,0.1075818295760733,0.1712351619222305,0.0056816695875454,1,1
Colombia,1999,0.112412714174173,0.103221413180309,-0.0429494146500744,1,1
Colombia,2000,0.0358346922729957,0.0882429766296652,0.028829035849796,1,1
Colombia,2001,0.1788633581993863,0.0766421097555927,0.016639771008716,1,1
Colombia,2002,0.0450451156898914,0.0615795284565328,0.0247314456568155,1,1
Colombia,2003,0.1000751354541158,0.0688708912555728,0.038434557129225,1,1
Colombia,2004,0.176377050776658,0.0573630267624665,0.0519567838719048,1,1
Colombia,2005,0.1624034907508829,0.0492759473662083,0.0471579862985436,1,1
Colombia,2006,0.1650871314986801,0.04203812164618,0.0650090544673105,1,1
Colombia,2007,0.160350715882565,0.0539613880105172,0.0652088716297463,1,1
Colombia,2008,0.16959068939871,0.067629535485036,0.0323069274042033,1,1
Colombia,2009,0.077478368457946,0.0411660947877496,0.0113320357154584,1,1
Colombia,2010,0.1084746251215307,0.0224657669985965,0.0439657737824568,1,1
Colombia,2011,0.1733129091869116,0.033580156695546,0.0671715390303688,1,1
Colombia,2012,0.1490371256289009,0.0312011604869795,0.0383803194209981,1,1
Colombia,2013,0.1286991823217036,0.0199692040401684,0.05006547937068,1,1
Colombia,2014,0.0879275102566623,0.028576163081798,0.0440076030876603,1,1
Colombia,2015,0.1081455975852634,0.0486933133699718,0.0291305685749776,1,1
Colombia,2016,0.0694007568976431,0.0724458653345871,0.0206589517381559,1,1
Colombia,2017,0.0656919596270668,0.0422383982134952,0.0135020444394768,1,1
Colombia,2018,-0.2132417117657326,0.0318917034665044,0.02531996973903,1,1
Colombia,2019,0.0694216260172666,0.0346238109486511,0.031371288718951,1,1
Colombia,2020,0.1817469707019157,0.0249524325010561,-0.0745717704042157,1,1
Colombia,2021,0.1537300218724269,0.0343536726688613,0.1025674022601954,1,1
Colombia,2022,0.1167884920123114,0.0969200773564447,0.0707219638247735,1,1
Colombia,2023,0.0419973039494152,0.1109679052758894,0.0070985459215044,1,1
Colombia,2024,0.1074295418337811,0.0639985560446776,0.0158569271381061,1,1
Comoros,2001,0.4207501106583606,0.054058111264057,0.0527783884111556,1,1
Comoros,2002,0.1067078144904378,0.0347206235278445,0.0449512108335703,1,1
Comoros,2003,-0.0208915726908998,0.0372869346729256,0.0191595590342075,1,1
Comoros,2004,-0.0293556298586814,0.0437775542988037,0.0305332021558051,1,1
Comoros,2005,0.0682048687180234,0.02968815261893,0.0551054417300953,1,1
Comoros,2006,0.1178202914955051,0.0331868111212116,-0.0177001962578344,1,1
Comoros,2007,0.0912865865608232,0.0436930731960334,0.0080038811965081,1,1
Comoros,2008,0.1091405401233629,0.0168648039871763,0.0388803782143583,1,1
Comoros,2009,0.1252637334228907,0.0426987758791055,0.0318920197716998,1,1
Comoros,2010,0.1774100716871522,0.0329971339450319,0.0370826667315355,1,1
Comoros,2011,0.0914097299890031,0.0182589168543838,0.0406001919281777,1,1
Comoros,2012,0.1483438153239333,0.0612337962616695,0.0311919948037768,1,1
Comoros,2013,0.0280978473229183,-0.043898318591693,0.0436930406201412,1,1
Comoros,2014,0.0778582466087876,0.0727629246131194,0.0208478573784347,1,1
Comoros,2015,0.1579462418852522,-0.0011724258645813,0.0114094044415828,1,1
Comoros,2016,0.0976678176036749,0.007943540684062,0.0326646525341622,1,1
Comoros,2017,0.018004858706746,-0.0023764437484983,0.0374470460661982,1,1
Comoros,2018,0.0813172804048285,0.0212873171880048,0.0357782164211357,1,1
Comoros,2019,0.057388331250106,0.0351946911756355,0.0174538086915596,1,1
Comoros,2020,0.1213059254742461,0.0078356403268751,-0.0019576895926114,1,1
Comoros,2021,0.170093454198863,-4.41803441750821e-05,0.0198045108075923,1,1
Comoros,2022,0.0711880885707714,0.1180677191932915,0.0256970866620029,1,1
Comoros,2023,0.0894502730672748,0.0804156186404574,0.029512351069318,1,1
Comoros,2024,0.0493076883220133,0.0492845761741742,0.0328359613813979,1,1
"Congo, Dem. Rep.",1991,3.2142922007874826,3.1154852906835657,-0.0879687605801748,1,0
"Congo, Dem. Rep.",1992,3.662137287242879,3.7445908154012937,-0.1109316564016786,1,0
"Congo, Dem. Rep.",1993,3.385448996224736,3.0382670860779193,-0.1446680387973486,1,0
"Congo, Dem. Rep.",1994,4.258293159330574,5.475338725999714,-0.0397808367457059,1,0
"Congo, Dem. Rep.",1995,1.5208958501848873,1.8592761812104015,0.0069756021157125,1,0
"Congo, Dem. Rep.",2001,0.3466149242330765,1.525918498923448,-0.021225403816711,1,0
"Congo, Dem. Rep.",2002,0.3252849027616378,0.2740083817035463,0.0290515394657084,1,0
"Congo, Dem. Rep.",2003,0.2603292130439385,0.1211016626394401,0.0542781472375146,1,0
"Congo, Dem. Rep.",2004,0.5980352763628787,0.0391667117736913,0.0652105508991276,1,0
"Congo, Dem. Rep.",2005,0.2097809435386111,0.1932352578046829,0.0595431068886718,1,0
"Congo, Dem. Rep.",2006,0.4480795223815974,0.1226838512355623,0.0498271913360639,1,0
"Congo, Dem. Rep.",2007,0.4093692272955707,0.1565344135112614,0.0818557991134625,1,0
"Congo, Dem. Rep.",2008,0.438579247969411,0.1595763732676234,0.0714060422837974,1,0
"Congo, Dem. Rep.",2009,0.4460569700301171,0.0276151670329714,0.0056388871265333,1,0
"Congo, Dem. Rep.",2010,0.2983570208732118,0.0685927914656154,0.0755063523106152,1,0
"Congo, Dem. Rep.",2011,0.1947182085692347,0.1425104739943608,0.073188352124486,1,0
"Congo, Dem. Rep.",2012,0.1878943986725119,0.0927781411048709,0.0831326391175757,1,0
"Congo, Dem. Rep.",2013,0.171769219124954,0.0080497447096101,0.0918906014520466,1,0
"Congo, Dem. Rep.",2014,0.1368037435957028,0.0123537660064867,0.0704796890402867,1,0
"Congo, Dem. Rep.",2015,0.0897077836878992,0.0074144349654421,0.0616569129302071,1,0
"Congo, Dem. Rep.",2016,0.2037985330738259,0.028449945676602,0.0039305930696649,1,0
"Congo, Rep.",1991,-0.0492035714319918,-0.0169259357772562,0.0236712858728367,1,1
"Congo, Rep.",1992,0.0844631618828088,-0.0401500130660896,0.0257841927495583,1,1
"Congo, Rep.",1993,-0.3087007700040267,0.0480628914101024,-0.0098451367945777,1,1
"Congo, Rep.",1994,0.2483731390517647,0.3537483909905297,-0.0564970816373922,1,1
"Congo, Rep.",1995,-0.0005149880473283,0.0900052922324858,0.0390795914471446,1,1
"Congo, Rep.",1996,0.1458022034279054,0.0955930519008791,0.0420099116308101,1,1
"Congo, Rep.",1999,0.181249448149515,0.0405916131637775,-0.0261612339078283,1,1
"Congo, Rep.",2000,0.4607229086037208,-0.0088590408487272,0.0730272062926644,1,1
"Congo, Rep.",2001,-0.3459504221618097,0.0005597425330563,0.0373208508951989,1,1
"Congo, Rep.",2002,0.1194282488220253,0.042856017782646,0.0448000242441537,1,1
"Congo, Rep.",2003,-0.0176353255559931,-0.0063384957619385,0.0080997490507996,1,1
"Congo, Rep.",2004,0.1821796149981267,0.0240071687480689,0.0341756197869997,1,1
"Congo, Rep.",2005,0.2942693656953281,0.0304757614589394,0.0746969891597579,1,1
"Congo, Rep.",2006,0.3859376214059615,0.0633300783239256,0.0768336104555444,1,1
"Congo, Rep.",2007,0.1532772228511127,0.0262002214364169,-0.0684286892863426,1,1
"Congo, Rep.",2008,0.2849416688515731,0.0483972386055446,0.0611550783310512,1,1
"Congo, Rep.",2009,0.0479272420059402,0.0432031931954162,0.1100849377342747,1,1
"Congo, Rep.",2010,0.2772219183720779,0.0039076054678544,0.094685124779545,1,1
"Congo, Rep.",2011,0.3223265738502903,0.0174428554462933,0.0218194095060759,1,1
"Congo, Rep.",2012,0.1811591298735955,0.0488871854755172,0.094829638386205,1,1
"Congo, Rep.",2013,0.0104939650142377,0.0452755780722844,-0.0071498438440009,1,1
"Congo, Rep.",2014,0.1293195725125144,0.0090800467752192,0.0643453656963011,1,1
"Congo, Rep.",2015,-0.1223134679511375,0.0311991839194352,0.0041433351327064,1,1
"Congo, Rep.",2016,-0.162894322219433,0.0314072074239462,-0.0908577842747888,1,1
"Congo, Rep.",2017,-0.1228110442754015,0.0044905406463247,-0.0575737512245808,1,1
"Congo, Rep.",2018,-0.0619797400792521,0.0114618509383843,-0.0233128224017136,1,1
"Congo, Rep.",2019,0.1310212678192641,0.0218209132823119,0.0111819871002971,1,1
"Congo, Rep.",2020,0.1320047985132824,0.0177944502069715,-0.0647281100911669,1,1
"Congo, Rep.",2021,0.0707426733636609,0.0170109179671893,0.0100995313054816,1,1
"Congo, Rep.",2022,0.0855935230450875,0.0299804933851497,0.0146457862894422,1,1
"Congo, Rep.",2023,0.09203223290951,0.0421179125603652,0.0188891147143834,1,1
Costa Rica,1991,0.2902257872770057,0.2523861200303599,0.0224037019877236,1,1
Costa Rica,1992,0.2164257919099768,0.1971376608303021,0.0880209847146176,1,1
Costa Rica,1993,0.1409018240154544,0.0932954314060241,0.0685665655381164,1,1
Costa Rica,1994,0.1987070812376963,0.1269362940568141,0.0441989585665041,1,1
Costa Rica,1995,0.0458093072373202,0.2085292658446436,0.0406999362874493,1,1
Costa Rica,1996,0.3892461043588611,0.161365610773748,0.0134142206085101,1,1
Costa Rica,1997,-0.6064737178938344,0.1244103074013542,0.053314824595013,1,1
Costa Rica,1998,0.1849064972456737,0.1102820828214699,0.0691090781348897,1,1
Costa Rica,1999,0.2634982836277011,0.0957217471829361,0.0412840749885319,1,1
Costa Rica,2000,0.2154030895833827,0.1040135558488857,0.0379575896864601,1,1
Costa Rica,2001,0.9337014138667392,0.1066602120684718,0.0343161080472675,1,1
Costa Rica,2002,0.1763398674478189,0.0877134016259968,0.0335979773756349,1,1
Costa Rica,2003,0.2205539319766991,0.0902755355544302,0.0422658783352147,1,1
Costa Rica,2004,0.2053396495037596,0.1161355906338297,0.0432950900238537,1,1
Costa Rica,2005,0.2443290341757809,0.1292573523836191,0.038996326135976,1,1
Costa Rica,2006,0.2050214158248948,0.1085906644397036,0.0707072251792801,1,1
Costa Rica,2007,0.1861594512449791,0.0894498100985794,0.0789510226189911,1,1
Costa Rica,2008,0.2029644784126567,0.1259669100001978,0.046293477444486,1,1
Costa Rica,2009,0.0883881040011473,0.0755035135049579,-0.0087729292846674,1,1
Costa Rica,2010,0.0093688336149106,0.0550822993334385,0.0522161319421989,1,1
Costa Rica,2011,0.0529099580588408,0.0476275677561135,0.0430897499193037,1,1
Costa Rica,2012,0.0947001371651516,0.0439733738820775,0.047671371032365,1,1
Costa Rica,2013,0.0918420886454853,0.0509909420302587,0.0246415489656648,1,1
Costa Rica,2014,0.133381513164938,0.0442006100232461,0.0348082026941192,1,1
Costa Rica,2015,0.0394977765076589,0.007987832204872,0.0358697295665315,1,1
Costa Rica,2016,0.030394180773964,-0.0001748037831923,0.0411834324105981,1,1
Costa Rica,2017,0.0153569549983814,0.0161283061196844,0.0407359008568057,1,1
Costa Rica,2018,0.0213618105708341,0.0219680713746299,0.0258227484227013,1,1
Costa Rica,2019,0.0395968091666851,0.0207438151543932,0.0238875258401094,1,1
Costa Rica,2020,0.1636225215671842,0.0072229662418914,-0.0436734970421817,1,1
Costa Rica,2021,0.084054832364913,0.0171174327496155,0.0763660701707351,1,1
Costa Rica,2022,-0.0238330121154,0.0795020221663289,0.0445095083604059,1,1
Costa Rica,2023,0.0485348210676157,0.0052381917741763,0.0498555186895899,1,1
Costa Rica,2024,0.1055909629133502,-0.0041370759199672,0.0423046480920668,1,1
Cote d'Ivoire,1991,0.0011545142121036,0.0166933720840987,0.0004091679966116,1,1
Cote d'Ivoire,1992,-0.0119254748805666,0.0414430863582993,-0.0024486014862077,1,1
Cote d'Ivoire,1993,-0.0137165000133734,0.0214161732595501,-0.0019267058923944,1,1
Cote d'Ivoire,1994,0.3837902441960068,0.2317589082759528,0.0080793408497399,1,1
Cote d'Ivoire,1995,0.1662071053584526,0.1336132437700783,0.0688331428622035,1,1
Cote d'Ivoire,1996,0.0385148397061883,0.0245053432699862,0.0744516676902229,1,1
Cote d'Ivoire,1997,0.0786992828348509,0.0394210136046249,0.0921127101373464,1,1
Cote d'Ivoire,1998,0.058430039624632,0.0450828012907011,0.0417550561488084,1,1
Cote d'Ivoire,1999,-0.0169697615148223,0.0069992063673112,0.0116010467017169,1,1
Cote d'Ivoire,2000,-0.0177410758538947,0.0249928130611154,-0.0026614330959873,1,1
Cote d'Ivoire,2001,0.0445643854660389,0.0426909267226545,-0.0217754995353232,1,1
Cote d'Ivoire,2002,0.2606613518297003,0.0303086652140587,-0.027684981626983,1,1
Cote d'Ivoire,2003,-0.3240603139287437,0.0324362842363195,-0.048411834901195,1,1
Cote d'Ivoire,2004,0.0729523207474969,0.0144746189876761,0.0313536781163676,1,1
Cote d'Ivoire,2005,-0.0017694901880709,0.0381223255200842,0.00991137529099,1,1
Cote d'Ivoire,2006,0.1236830155971802,0.0243724782891385,0.0277666982803594,1,1
Cote d'Ivoire,2007,0.2787881055476582,0.0187433045834737,0.010954082054404,1,1
Cote d'Ivoire,2008,0.0771175646643165,0.0611753190163115,0.0467181712526425,1,1
Cote d'Ivoire,2009,0.1920225569521605,0.0101434268357847,0.0353992047776792,1,1
Cote d'Ivoire,2010,0.1749646627034273,0.0121899608240019,0.0662375401033692,1,1
Cote d'Ivoire,2011,0.1045023154628097,0.0479558538533879,-0.0552003616759471,1,1
Cote d'Ivoire,2012,0.0474167754081449,0.0129607573367387,0.0734401441624648,1,1
Cote d'Ivoire,2013,0.1074198734741109,0.0254842052716561,0.1021974365736149,1,1
Cote d'Ivoire,2014,0.1325866314085217,0.0044767849953011,0.0895847292154812,1,1
Cote d'Ivoire,2015,0.1668245251146451,0.0124373302376685,0.0694789479872568,1,1
Cote d'Ivoire,2016,0.1047065169368473,0.0072057606122095,0.0692719225178493,1,1
Cote d'Ivoire,2017,0.0879504785559923,0.0068353960146616,0.071490199873601,1,1
Cote d'Ivoire,2018,0.1257221505877126,0.0040049476527608,0.0472952002092803,1,1
Cote d'Ivoire,2019,0.1022043726437829,0.0078774464075017,0.0650512491311978,1,1
Cote d'Ivoire,2020,0.1914525347835756,0.0238388450334809,0.0069729185341245,1,1
Cote d'Ivoire,2021,0.1718079630083089,0.0407502791083,0.0682503341601545,1,1
Cote d'Ivoire,2022,0.0860215630140004,0.0510117760945743,0.0620342971895837,1,1
Cote d'Ivoire,2023,0.0327226803613527,0.0427694334966988,0.0639133299860503,1,1
Cote d'Ivoire,2024,0.1279107273185467,0.0339233441575572,0.0584531800071381,1,1
Czechia,1994,0.185701395409918,0.0956685686221345,0.0286779239367973,1,1
Czechia,1995,0.2569922365963357,0.0860907531477073,0.0603554654901898,1,1
Czechia,1996,0.0624228275927123,0.0839621678868747,0.0408404033346805,1,1
Czechia,1997,0.0165071145107482,0.082465831080313,-0.0059762061417565,1,1
Czechia,1998,0.0330731795274878,0.1016388887348318,-0.0039392506071855,1,1
Czechia,1999,0.0259026505516146,0.0211296723055909,0.0136894761760899,1,1
Czechia,2000,0.148427227070119,0.0370586496112457,0.0393233003908761,1,1
Czechia,2001,0.1060131536645201,0.0455723790270905,0.0287547852132163,1,1
Czechia,2002,-0.117570290464279,0.0188510076909187,0.0150212095289745,1,1
Czechia,2003,0.0635842872054048,0.0011866876628596,0.0324752910980414,1,1
Czechia,2004,0.0710095927876288,0.0272270354619887,0.046275955688106,1,1
Czechia,2005,0.1043345832371471,0.0184006439088664,0.0618006722179131,1,1
Czechia,2006,0.1217803439107108,0.0250241925720082,0.0641306847815172,1,1
Czechia,2007,0.1494313410769159,0.0281318075990286,0.05343484616834,1,1
Czechia,2008,0.1273920832891164,0.0616468173285325,0.0257873114527882,1,1
Czechia,2009,0.0021309934843003,0.0101421674344459,-0.0491726410563124,1,1
Czechia,2010,0.018590783478011,0.0146198795678724,0.0267847162640606,1,1
Czechia,2011,0.0271719776866632,0.0189907206946378,0.017568573394147,1,1
Czechia,2012,0.0467911842720134,0.0323473675292866,-0.0077365318407629,1,1
Czechia,2013,0.0564770111743584,0.0142805249104016,-0.0004182115987241,1,1
Czechia,2014,0.057513501717505,0.0034339830219165,0.0222037833752075,1,1
Czechia,2015,0.0765065192206435,0.0030888700103046,0.0483973107188653,1,1
Czechia,2016,0.0632357115586579,0.0068117890903467,0.0254812784795959,1,1
Czechia,2017,0.0985512554881502,0.0242099008316136,0.050441802317998,1,1
Czechia,2018,0.0612021009965282,0.0212671910586665,0.0279099278929351,1,1
Czechia,2019,0.0616444787727914,0.0280807780666103,0.035036747382886,1,1
Czechia,2020,0.0949126939423194,0.0311235510239518,-0.0545077135717377,1,1
Czechia,2021,0.0655012860626129,0.0376795734669741,0.039499696546791,1,1
Czechia,2022,0.0592670359216604,0.1406325645505086,0.0280739203341546,1,1
Czechia,2023,0.0928548512044322,0.1013036388853398,0.0004756901504698,1,1
Czechia,2024,0.0709020346915032,0.0240613111601133,0.0122554553757439,1,1
Denmark,1991,0.0385551273143818,0.0236691946108873,0.0144765084088724,1,1
Denmark,1992,-0.0074269087891032,0.0207437963099179,0.020026241915847,1,1
Denmark,1993,0.1798737073224963,0.012500113822969,-0.0007893155556324,1,1
Denmark,1994,-0.1048181360074771,0.0197243363697134,0.051592862952269,1,1
Denmark,1995,0.0602733907463708,0.0206219819631394,0.0299278749473046,1,1
Denmark,1996,0.0782894350229526,0.021040077248446,0.0285461604919881,1,1
Denmark,1997,0.0659631354664753,0.021586983200307,0.0311932079875134,1,1
Denmark,1998,0.0327137364964542,0.0182882578848655,0.0229965677570653,1,1
Denmark,1999,-0.0089605458111172,0.0246711044961003,0.0292413281876235,1,1
Denmark,2000,-0.053033425666463,0.0286193517015229,0.0365634260248306,1,1
Denmark,2001,0.0350304171216393,0.0231096042208509,0.0094554781961626,1,1
Denmark,2002,0.0415411773254206,0.0239551369385955,0.004554910813308,1,1
Denmark,2003,-0.0219868542356707,0.0205384173839471,0.0044012105145512,1,1
Denmark,2004,0.0269083884236494,0.0114774506599362,0.0273850997858815,1,1
Denmark,2005,0.1346798427717459,0.0180148987212076,0.0233220037831536,1,1
Denmark,2006,0.1086655468809958,0.0190594235871985,0.0374546131614117,1,1
Denmark,2007,0.1584187664658038,0.0167908991631833,0.0098233308676753,1,1
Denmark,2008,0.0676611779095992,0.033592093910209,-0.0041805105700376,1,1
Denmark,2009,0.0442911779242294,0.0129627188574037,-0.0510246889566978,1,1
Denmark,2010,0.075833234190199,0.0228462688511701,0.015704998677954,1,1
Denmark,2011,-0.0611969115670483,0.027213162704184,0.0130228707244377,1,1
Denmark,2012,0.0202760653235891,0.0236961636819312,-5.432449171038911e-05,1,1
Denmark,2013,-0.0984239854096209,0.0078597488916765,0.0138306484324957,1,1
Denmark,2014,0.1319333476891913,0.005624359002712,0.0126990233179,1,1
Denmark,2015,0.0945036393028253,0.0045101554778881,0.0208257759016063,1,1
Denmark,2016,-0.0747764202367129,0.0024968801985876,0.030267730427429,1,1
Denmark,2017,0.0503240367884672,0.0114060249704088,0.0301069746785245,1,1
Denmark,2018,0.0148975464228797,0.0081031750936171,0.0184292090015638,1,1
Denmark,2019,0.0564536490883718,0.0075527219789348,0.0169692144148214,1,1
Denmark,2020,0.0938504294174435,0.0041982945565886,-0.0179614047739598,1,1
Denmark,2021,-0.0105203740842938,0.018360857463973,0.0629771884314251,1,1
Denmark,2022,0.093717879338989,0.0741475220756147,0.0044285058260555,1,1
Denmark,2023,0.0470157964592807,0.0325173158161007,0.006027674675245,1,1
Denmark,2024,0.0144379774801173,0.0136287107536166,0.0341872581945814,1,1
Djibouti,2014,0.0628590548939023,0.0133294167263562,0.0694606433878952,1,1
Djibouti,2015,0.1741636346554749,-0.0052353457525047,0.070542203241164,1,1
Djibouti,2016,0.0840273690171145,0.0237412241087069,0.0688115568651319,1,1
Djibouti,2017,0.1981851328232338,0.0057562581573566,0.0531434512049138,1,1
Djibouti,2018,-0.057441159765105,0.0013874011139369,0.0466387023813723,1,1
Djibouti,2019,0.084163375391121,0.0326378632099295,0.0539679819293184,1,1
Djibouti,2020,0.1771351119763267,0.0176336626394801,0.011949471564808,1,1
Djibouti,2021,0.0516012618565113,0.011739500021564,0.0431280376436404,1,1
Djibouti,2022,-0.0170350346968177,0.0504290194310481,0.0503749746321737,1,1
Djibouti,2023,0.0739555447550834,0.0143865245996659,0.0658564207078669,1,1
Djibouti,2024,0.0348591305691243,0.0209001784219093,0.0674762456035651,1,1
Dominica,1991,0.1341517470178352,0.0540814883354716,0.0133876754182011,1,1
Dominica,1992,0.1312614513096619,0.0532736752758964,0.0200909522148222,1,1
Dominica,1993,-0.0111821346072353,0.0155684408875611,0.0213839390029306,1,1
Dominica,1994,0.0493551936111025,0.0001513558968628,0.0003447158473939,1,1
Dominica,1995,0.1880172809196274,0.0130893342482618,0.0298584259199152,1,1
Dominica,1996,0.0615501628551555,0.0166325540453726,0.0305698998877446,1,1
Dominica,1997,0.0473980574458856,0.0240709282119624,0.0216208500332548,1,1
Dominica,1998,0.0311129153368519,0.0099418898067584,0.037047492250565,1,1
Dominica,1999,0.083121113167671,0.0117257624941462,0.0035345228004501,1,1
Dominica,2000,-0.032556214141806,0.0085329585917293,0.0231325610036066,1,1
Dominica,2001,0.0512083919020014,0.0129546651462799,-0.0006386383149248,1,1
Dominica,2002,0.0902756154118051,0.0016991089983884,-0.0313608563591785,1,1
Dominica,2003,0.0807369859398967,0.0144290783957794,0.0564271630229065,1,1
Dominica,2004,0.063460408135473,0.0236590036787527,0.0401610076948841,1,1
Dominica,2005,0.0532160363172238,0.0166791346481129,0.0091112311131595,1,1
Dominica,2006,0.1060678556658025,0.0217848900040218,0.043066910870845,1,1
Dominica,2007,0.0968253886099894,0.0356781118251534,0.0521932960616027,1,1
Dominica,2008,0.0544910812028227,0.0616586454613257,0.0687917649241889,1,1
Dominica,2009,0.0961156984367868,6.263374917292452e-05,-0.0114225036784887,1,1
Dominica,2010,0.0260328354639369,0.0295526498487355,-0.0010566666525733,1,1
Dominica,2011,0.0261146659738713,0.0112488079149866,0.00042729757428,1,1
Dominica,2012,0.1070756568861739,0.0134764974860219,-0.0015751578414295,1,1
Dominica,2013,0.0299739471452227,-0.0004642242041859,4.503895870655583e-05,1,1
Dominica,2014,0.0485004457788562,0.0079607328426272,0.0230836840384824,1,1
Dominica,2015,0.034602798190388,-0.0084740736021613,-0.0343159405377377,1,1
Dominica,2016,0.0593665164394323,0.0014171576149486,0.0143687292487335,1,1
Dominica,2017,0.1587676055704463,0.0029581492518193,-0.0784412646777141,1,1
Dominica,2018,0.0155394660521217,0.0098433065043863,0.0292093296342308,1,1
Dominica,2019,-0.1253836981107845,0.0149341635605297,0.0387215268437977,1,1
Dominica,2020,-0.125110389582133,0.0121287921479664,-0.1708642723174875,1,1
Dominica,2021,0.0181432206766203,0.0220443608407672,0.0524011451948602,1,1
Dominica,2022,-0.0126452367861773,0.0284407237187513,0.0989110313282388,1,1
Dominica,2023,-0.0045058350633375,0.0496162498341385,0.035870975600158,1,1
Dominica,2024,0.0326041237149681,0.0253676910509597,0.0203195375233598,1,1
Dominican Republic,1991,0.3036636543178304,0.3858007416451596,0.0093970975414663,1,0
Dominican Republic,1992,0.2382059996805701,0.0417082550091487,0.1064970467323149,1,0
Dominican Republic,1993,0.178917463263236,0.0511715056372441,0.0710798480865904,1,0
Dominican Republic,1994,0.1083892168020135,0.0793726492569115,0.025607150954233,1,0
Dominican Republic,1995,0.1539803625436775,0.1181026241904943,0.0554345989575146,1,0
Dominican Republic,1996,0.1581144169065709,0.0525857503850497,0.0579027391470958,1,0
Dominican Republic,1997,0.2160698953191158,0.0797032735915714,0.0852557328345469,1,0
Dominican Republic,1998,0.1631695289438042,0.0471856927973601,0.064905850924255,1,0
Dominican Republic,1999,0.1980263244864346,0.0626981587259543,0.0578585432754188,1,0
Dominican Republic,2000,0.1552778887611872,0.0744034739199226,0.0454677510908858,1,0
Dominican Republic,2001,0.3189368506484342,0.0851043542516305,0.0243937409827701,1,0
Dominican Republic,2002,0.0533927108904599,0.0509152160520889,0.0438877255971199,1,0
Dominican Republic,2003,0.6270022368722756,0.2425516909236056,-0.0135854400873363,1,0
Dominican Republic,2004,0.145453566006509,0.4151570546510106,0.0255270611656506,1,0
Dominican Republic,2005,0.0717392038849737,0.0410479140038448,0.0901312405812895,1,0
Dominican Republic,2006,0.0579134101871048,0.0729976903767433,0.0877471659014688,1,0
Dominican Republic,2007,0.1581694905108115,0.0596223931881745,0.0715613573601245,1,0
Dominican Republic,2008,0.0527053420543772,0.1011532674464072,0.032158204486528,1,0
Dominican Republic,2009,0.1269090388747535,0.0143185122671836,0.0099845176963846,1,0
Dominican Republic,2010,0.116341571291862,0.0613766420509005,0.0806684694938795,1,0
Dominican Republic,2011,0.1183934351552977,0.0563497856355503,0.0314207790916398,1,0
Dominican Republic,2012,0.0948886698412749,0.036278862061609,0.0273784756822301,1,0
Dominican Republic,2013,0.1128872904902031,0.0471788759549234,0.0481683804934398,1,0
Dominican Republic,2014,0.0886290286278352,0.0295456202250701,0.068697606670149,1,0
Dominican Republic,2015,0.1143220803308295,0.0083326503085485,0.0675437943303265,1,0
Dominican Republic,2016,0.0930552192749054,0.0160127692838285,0.0650359672671001,1,0
Dominican Republic,2017,0.0926739624775514,0.032269270715231,0.0385845662779864,1,0
Dominican Republic,2018,0.064259797544345,0.0350237862494768,0.0685696016738681,1,0
Dominican Republic,2019,0.1103676648971472,0.0179440754781277,0.0477804175464591,1,0
Dominican Republic,2020,0.1968064455961382,0.0371130300793298,-0.0826107359457246,1,0
Dominican Republic,2021,0.1284302380795381,0.0792085458248097,0.1311372819567218,1,0
Dominican Republic,2022,0.0541870713924339,0.0844430926195825,0.0510538527494368,1,0
Dominican Republic,2023,0.1352527242076995,0.0467462941294547,0.0216861316267369,1,0
Dominican Republic,2024,0.1068955921170733,0.0324888103250078,0.0483474189810912,1,0
Ecuador,1991,0.058185973143324,0.3968822517152713,0.0420181664760939,1,0
Ecuador,1992,0.0434594944668624,0.4357215407959773,0.0209226924339596,1,0
Ecuador,1993,0.3836543084575829,0.3712535343062204,0.0195400255329438,1,0
Ecuador,1994,0.3300339600914732,0.2414617974148618,0.0417008123499194,1,0
Ecuador,1995,0.0655269298775742,0.2064785333925902,0.0222755343185667,1,0
Ecuador,1996,0.1171522151780415,0.2184241059513283,0.0171692377330003,1,0
Ecuador,1997,0.0869221104147186,0.2674097267826512,0.0423683000470944,1,0
Ecuador,1998,-0.1787794064182186,0.3082082112032744,0.0321431235552829,1,0
Ecuador,1999,-0.7095210385807924,0.4203012081284019,-0.0485537435821363,1,0
Ecuador,2000,0.3852838269938381,0.6734360651087372,0.0108588452290021,1,0
Ecuador,2001,0.2758039051785772,0.3197383271393548,0.0412021320906959,1,0
Ecuador,2002,0.3083825475713837,0.1176372295446066,0.0481051247846053,1,0
Ecuador,2003,0.1645969131631766,0.0763067982271561,0.0284368173734179,1,0
Ecuador,2004,0.2180859222804301,0.0270627965012186,0.0660910406658175,1,0
Ecuador,2005,0.1786481313794965,0.0214510425387874,0.0525793802040013,1,0
Ecuador,2006,0.1219609831933397,0.0324550745034315,0.0424954605580047,1,0
Ecuador,2007,0.1493400632219668,0.0225066620186087,0.0188455870969654,1,0
Ecuador,2008,0.214322174191178,0.0806587880712568,0.0635841973114779,1,0
Ecuador,2009,0.0684889613683772,0.0503125123502501,0.0108510436028019,1,0
Ecuador,2010,0.152188331628011,0.0349266737333655,0.0395008458342474,1,0
Ecuador,2011,0.1537406664539382,0.0437731490930781,0.0814092494989715,1,0
Ecuador,2012,0.1566545672526906,0.049758474344701,0.0562216472749739,1,0
Ecuador,2013,0.1306485739987799,0.0268539413538153,0.0696308755957595,1,0
Ecuador,2014,0.139245811562283,0.0352630859733338,0.041392057960504,1,0
Ecuador,2015,-0.0494697400154215,0.0388999524126836,0.0011962053538923,1,0
Ecuador,2016,0.1641021336017694,0.017135000117511,-0.0069033156059923,1,0
Ecuador,2017,-0.2232716174435296,0.0041646715903809,0.0579896126109211,1,0
Ecuador,2018,0.0457046305052131,-0.0022435473312745,0.0103887951769614,1,0
Ecuador,2019,0.0848462727938965,0.0026565932838371,0.001652678220708,1,0
Ecuador,2020,0.0949314599832114,-0.0033944786550197,-0.0970076778475004,1,0
Ecuador,2021,0.1187128504215131,0.0013316268522522,0.0900407999786736,1,0
Ecuador,2022,0.0964043512722234,0.0340745106980042,0.0570268498116632,1,0
Ecuador,2023,0.0508412893403402,0.0219149794377919,0.0196873082927133,1,0
Ecuador,2024,0.1172830808770797,0.0153547615255034,-0.0202155111077537,1,0
"Egypt, Arab Rep.",1991,0.176797149213467,0.1802238984091229,0.0111911903240411,1,1
"Egypt, Arab Rep.",1992,0.1775454790614468,0.1278427041774876,0.0437571309570188,1,1
"Egypt, Arab Rep.",1993,0.1244188285625753,0.1141300809510168,0.028595141949637,1,1
"Egypt, Arab Rep.",1994,0.1062921724766887,0.0783880898793096,0.0389627200715594,1,1
"Egypt, Arab Rep.",1995,0.0943689660432554,0.1461953816339027,0.0453791988874563,1,1
"Egypt, Arab Rep.",1996,0.1028805790872233,0.0694057540797339,0.048682830458155,1,1
"Egypt, Arab Rep.",1997,0.1023035234419893,0.0452181328957235,0.053468297411463,1,1
"Egypt, Arab Rep.",1998,0.1023436569469069,0.0379947260176418,0.0542561267411123,1,1
"Egypt, Arab Rep.",1999,0.0550906717375987,0.0303303407076622,0.0587729205664402,1,1
"Egypt, Arab Rep.",2000,0.1095834812867053,0.0264842296464555,0.061753432281101,1,1
"Egypt, Arab Rep.",2001,0.1241206989258039,0.022443814765797,0.0347419675085198,1,1
"Egypt, Arab Rep.",2002,0.1189412272281451,0.0270044606481834,0.0236208582300818,1,1
"Egypt, Arab Rep.",2003,0.192929753915326,0.0440912976069034,0.0314352419608106,1,1
"Egypt, Arab Rep.",2004,0.1504803906582488,0.1067950601950715,0.0401056254572296,1,1
"Egypt, Arab Rep.",2005,0.1087589236253094,0.0475455515672536,0.0437464610251971,1,1
"Egypt, Arab Rep.",2006,0.13978031243564,0.0736641906890342,0.0661981262975608,1,1
"Egypt, Arab Rep.",2007,0.174912920645454,0.0890997445296166,0.0684791288607051,1,1
"Egypt, Arab Rep.",2008,0.0996905290533831,0.1681958545303068,0.0691181769191082,1,1
"Egypt, Arab Rep.",2009,0.0905040314642562,0.1112148047657628,0.0456767491811085,1,1
"Egypt, Arab Rep.",2010,0.1170584473447604,0.106746249472942,0.0501914186921936,1,1
"Egypt, Arab Rep.",2011,0.0645218247775929,0.0959002419332479,0.0174918413385398,1,1
"Egypt, Arab Rep.",2012,0.1164248229205533,0.0687023039883287,0.0220178170353655,1,1
"Egypt, Arab Rep.",2013,0.1730345371300714,0.0904777936170084,0.0216192708429723,1,1
"Egypt, Arab Rep.",2014,0.1464040538315671,0.0959482986063706,0.0287420792981905,1,1
"Egypt, Arab Rep.",2015,0.1706281584230389,0.0986726145114618,0.0427914370424105,1,1
"Egypt, Arab Rep.",2016,0.3329599471317657,0.1293918910775744,0.0425482808036363,1,1
"Egypt, Arab Rep.",2017,0.1860686418219153,0.2585617239190405,0.0409617063595995,1,1
"Egypt, Arab Rep.",2018,0.1248878682138254,0.1345437056442486,0.0519386180014436,1,1
"Egypt, Arab Rep.",2019,0.1246792980893758,0.0875785457238045,0.0540344182523959,1,1
"Egypt, Arab Rep.",2020,0.1798667662239559,0.0492180049161037,0.0348859937196266,1,1
"Egypt, Arab Rep.",2021,0.1683401793412464,0.0508266548770057,0.0323766343629294,1,1
"Egypt, Arab Rep.",2022,0.2400948622563667,0.1301125887220076,0.0637993005645114,1,1
"Egypt, Arab Rep.",2023,0.1816802768440659,0.2918093657834539,0.0369130575900022,1,1
"Egypt, Arab Rep.",2024,0.2706094749450933,0.2489718304571484,0.0237084139655117,1,1
El Salvador,1991,0.1727823766294811,0.1345542745079155,0.0148303602346935,1,1
El Salvador,1992,0.1443891622142921,0.1062904155886244,0.0678638920431105,1,1
El Salvador,1993,0.2887128559720864,0.1697992145999927,0.0565534333607296,1,1
El Salvador,1994,0.3396371036600349,0.1006215644188408,0.0458531097845451,1,1
El Salvador,1995,0.1128811513860768,0.095579747559507,0.0462543937460857,1,1
El Salvador,1996,0.1292789041426942,0.0933894309084415,0.0080818725034959,1,1
El Salvador,1997,0.1003329043133192,0.0439224912828599,0.030897421101681,1,1
El Salvador,1998,0.085957216938457,0.0251516269885234,0.0261771423273486,1,1
El Salvador,1999,0.0843619908994632,0.0051350642627836,0.0213899329110809,1,1
El Salvador,2000,0.0155144362193624,0.0224587786428953,0.0112159353481722,1,1
El Salvador,2001,0.2349134878649188,0.0368218822453672,0.0087576759614194,1,1
El Salvador,2002,-0.0212237368837513,0.0184833754670243,0.0156067629127178,1,1
El Salvador,2003,0.0195634446420349,0.0209822343971879,0.0155326713632675,1,1
El Salvador,2004,0.0354558740560442,0.0435569128891746,0.0088547258049231,1,1
El Salvador,2005,0.0378021868991105,0.0458424783809885,0.0264552542598472,1,1
El Salvador,2006,0.0997858608843849,0.0395776070965236,0.0424558456457475,1,1
El Salvador,2007,0.1600914248326361,0.0447638381845107,0.0183074140009047,1,1
El Salvador,2008,-0.0116182250994754,0.0649252238755471,0.0213152374580118,1,1
El Salvador,2009,0.0217076293785325,0.0105041408118422,-0.0213132050825457,1,1
El Salvador,2010,0.0014449783402383,0.0117243580067176,0.0213132050825457,1,1
El Salvador,2011,-0.0209187014752814,0.0500172563819854,0.0370412725735107,1,1
El Salvador,2012,0.0128103154227332,0.017149452068998,0.0284679171697881,1,1
El Salvador,2013,0.0238199985984479,0.0075481328798394,0.0215946708715577,1,1
El Salvador,2014,0.0031275018138678,0.0113488047640428,0.0171461592852288,1,1
El Salvador,2015,0.0669538267860403,-0.0073407221683936,0.0237165274817776,1,1
El Salvador,2016,0.0300194786883167,0.0060223202412803,0.0250736366876509,1,1
El Salvador,2017,0.1054505705068074,0.0100726405330018,0.0222273233956613,1,1
El Salvador,2018,0.0589165338702137,0.0108442876479539,0.0238380448565216,1,1
El Salvador,2019,0.1071055206383313,0.0007529578061289,0.0240823931824962,1,1
El Salvador,2020,0.0850059453400078,-0.0037228232383146,-0.08222034173032,1,1
El Salvador,2021,0.0223287560765967,0.0340818186735445,0.112477981611164,1,1
El Salvador,2022,0.0454475359348585,0.0695131535736672,0.0291180756746811,1,1
El Salvador,2023,0.0851091799396854,0.0396585686481198,0.0347796807052844,1,1
El Salvador,2024,0.0326066501966515,0.0085015818493499,0.0256874362351489,1,1
Equatorial Guinea,1991,-0.1259736871201759,-0.0348532529133494,-0.0102749962100006,1,1
Equatorial Guinea,1992,0.2644137522374201,-0.0437297926161455,0.2982162924302862,1,1
Equatorial Guinea,1993,-0.29391262220242,0.0530883872485175,0.1046591871221984,1,1
Equatorial Guinea,1994,0.8735378620677636,0.2764265928377947,0.154169270013103,1,1
Equatorial Guinea,1995,0.3984396713722304,0.1812579492668451,0.1611512363571101,1,1
Equatorial Guinea,1996,0.3561730879262619,0.0444065483916671,0.5103054718399669,1,1
Equatorial Guinea,1997,0.0889784220639562,0.0297190360727741,0.9161825799778144,1,1
Equatorial Guinea,1998,0.1446036122294707,0.0763655925783131,0.2132910329033244,1,1
Equatorial Guinea,1999,0.5226599685566775,0.0037157497466471,0.2284416152831241,1,1
Equatorial Guinea,2000,0.3092956775062419,0.0469054260135402,0.1673244938890192,1,1
Equatorial Guinea,2001,0.2486529622076929,0.084574478365992,0.4909078274394787,1,1
Equatorial Guinea,2002,0.4343610164990359,0.0731805568644494,0.1778351247574647,1,1
Equatorial Guinea,2003,0.4725189664205977,0.0706778616994405,0.1306356442576195,1,1
Equatorial Guinea,2004,0.2847149236479858,0.041330868582988,0.322074273442805,1,1
Equatorial Guinea,2005,0.3143274841769603,0.054787700212648,0.154853580780383,1,1
Equatorial Guinea,2006,0.1199503509344666,0.0432117751986345,0.0742250573601559,1,1
Equatorial Guinea,2007,0.3390951675220037,0.0276515313305099,0.1422121027963712,1,1
Equatorial Guinea,2008,0.2675755481722284,0.0634607553551758,0.1638105226658375,1,1
Equatorial Guinea,2009,0.2148069189275503,0.0458435956539933,0.0133441325961207,1,1
Equatorial Guinea,2010,0.2459794085659332,0.0750069616835551,-0.0934777944220037,1,1
Equatorial Guinea,2011,0.0,0.046935008446507,0.0631994089572423,1,1
Equatorial Guinea,2012,0.4673845637193885,0.0359135243009358,0.0798538145524148,1,1
Equatorial Guinea,2013,0.0602591915181953,0.0290623386976713,-0.0422104423567049,1,1
Equatorial Guinea,2014,-0.1726221597052379,0.0421970358677583,0.0041420727761511,1,1
Equatorial Guinea,2015,-0.0728613482648725,0.0166273055404362,-0.0955206545895563,1,1
Equatorial Guinea,2016,-0.2358905633233767,0.0140206413816956,-0.0922953186231225,1,1
Equatorial Guinea,2017,-0.0528995424827662,0.0074159809771474,-0.0583445011326411,1,1
Equatorial Guinea,2018,-0.0077908017877703,0.0105449471687064,-0.0643950014886982,1,1
Equatorial Guinea,2019,-0.0753980174842112,0.0151868467331857,-0.0563780459478557,1,1
Equatorial Guinea,2020,-0.0519276109327648,0.0465657418750149,-0.0490965598590378,1,1
Equatorial Guinea,2021,-0.0063653938670746,-0.0009714793979789,0.0085659072024348,1,1
Equatorial Guinea,2022,0.1987210427277794,0.0467568321322318,0.0317264348836765,1,1
Equatorial Guinea,2023,0.0836567570244533,0.0281937453477345,-0.0522338283479832,1,1
Eswatini,1991,0.1830944331377217,0.0855748225248267,0.0174506153155888,1,1
Eswatini,1992,0.1923947520087239,0.072862797045758,0.0317525741760746,1,1
Eswatini,1993,0.1271994311229605,0.1135378051579132,0.0305885051804644,1,1
Eswatini,1994,0.1032215613854639,0.1290027464722336,0.0237232795612705,1,1
Eswatini,1995,0.0379102415651821,0.1159020789672342,0.0471283188718381,1,1
Eswatini,1996,0.1512954586681445,0.0622723299820644,0.0377008459427798,1,1
Eswatini,1997,0.1773769791624317,0.0688292455355079,0.0305564121341923,1,1
Eswatini,1998,0.12108774758142,0.0779787234526834,0.0257071179186496,1,1
Eswatini,1999,0.1452130735544017,0.0591068648110808,0.0290817497542335,1,1
Eswatini,2000,-0.068352552945516,0.1151888813421195,0.0174486178249324,1,1
Eswatini,2001,0.092852901119766,0.0577226251916078,0.0140233509020042,1,1
Eswatini,2002,0.1243491851764204,0.1135047007968244,0.040072734117647,1,1
Eswatini,2003,0.1349008548419767,0.0703652626605633,0.0443867237810522,1,1
Eswatini,2004,0.0677493946538376,0.0338731236455469,0.0355323745799793,1,1
Eswatini,2005,0.0927379214256447,0.0466355021280167,0.0581961025582487,1,1
Eswatini,2006,0.2238136953505574,0.0516872916626081,0.0651209402390193,1,1
Eswatini,2007,0.1944595214494384,0.0776653141759364,0.0422710700107948,1,1
Eswatini,2008,0.1430891748634799,0.1191817031660527,0.0143027619737026,1,1
Eswatini,2009,0.2374452153312383,0.0718390035959943,0.0142293937048378,1,1
Eswatini,2010,0.0760536788394361,0.044105273067827,0.0375311604539341,1,1
Eswatini,2011,0.0533044157396922,0.0592818585570098,0.0182301785008469,1,1
Eswatini,2012,0.0954747155608473,0.08562384406647,0.0400903531879599,1,1
Eswatini,2013,0.1478700232215111,0.0546899285186119,0.0401297731137368,1,1
Eswatini,2014,0.0386914963193518,0.0552582377494106,0.0203650357077158,1,1
Eswatini,2015,0.1273298939273921,0.0483257224001825,0.016898985021541,1,1
Eswatini,2016,0.2342311485574022,0.0755459161601974,0.0290651679057063,1,1
Eswatini,2017,0.0372987691992428,0.0603551764777128,0.0346038551150478,1,1
Eswatini,2018,0.0398239057723301,0.0470272938415963,0.0006537428214343,1,1
Eswatini,2019,0.0176281243894891,0.0256484113093193,0.0623348656862781,1,1
Ethiopia,1991,0.1477869889804566,0.305442897790313,-0.0740500630861014,1,1
Ethiopia,1992,0.1416568783702843,0.1000936662321341,-0.0907180211811606,1,1
Ethiopia,1993,0.0841765942261432,0.0348174364212203,0.1234808516627588,1,1
Ethiopia,1994,0.2084349933497833,0.0731935456389853,0.0314014199212664,1,1
Ethiopia,1995,0.0864529804182225,0.0955117354481136,0.0594711230595237,1,1
Ethiopia,1996,0.0865923320120316,-0.0886590830518745,0.1171265871878475,1,1
Ethiopia,1997,0.1808625473822971,0.0236697440859039,0.0308580244089355,1,1
Ethiopia,1998,-0.0109944605380043,0.0089082206584181,-0.0351934803530014,1,1
Ethiopia,1999,0.1284403244288263,0.0764187519143972,0.0503332189768457,1,1
Ethiopia,2000,0.122871179619274,0.0066027349831463,0.0589594006343574,1,1
Ethiopia,2001,0.0923581054424111,-0.0859702231847117,0.0797470300207088,1,1
Ethiopia,2002,0.147851980133133,0.0067282057966733,0.0150336828244768,1,1
Ethiopia,2003,0.1172310949292736,0.1281649143283689,-0.0218505921154807,1,1
Ethiopia,2004,0.1761732927706951,0.0327321161155564,0.1272721216719503,1,1
Ethiopia,2005,0.1705179712283993,0.0950371537645522,0.1117092135019603,1,1
Ethiopia,2006,0.1822687218732319,0.1159990124460779,0.1028699604096985,1,1
Ethiopia,2007,0.2005919635777502,0.1590563487679799,0.1084612065613477,1,1
Ethiopia,2008,0.2101773710890917,0.3671170361711793,0.1024529880764006,1,1
Fiji,1991,0.1358036158194089,0.0629498745300725,-0.0273712351410928,1,1
Fiji,1992,0.1360424737511607,0.0476754737584341,0.0592118776325669,1,1
Fiji,1993,0.0614288649730667,0.0507557478288811,0.0210766430539663,1,1
Fiji,1994,0.0250918855182007,0.0081334998967257,0.0497420881699959,1,1
Fiji,1995,0.0439325465309963,0.0214253023448183,0.02469259833153,1,1
Fiji,1996,0.0085786539775973,0.0300456915780804,0.0468835900039046,1,1
Fiji,1997,-0.0913575266968855,0.0331266054380643,-0.0222456024922337,1,1
Fiji,1998,-0.0053749773292075,0.0555452173769657,0.0129162297239808,1,1
Fiji,1999,0.1278806268911019,0.0194954591445712,0.0843411366623563,1,1
Fiji,2000,-0.0155787727087535,0.0108624355490238,-0.017146142721593,1,1
Fiji,2001,0.1089545902588291,0.0418391114300833,0.0198026287349257,1,1
Fiji,2002,0.1911795124469932,0.0075914328749444,0.0314986584715093,1,1
Fiji,2003,0.1508609397918476,0.0408803714815384,0.0099503243656151,1,1
Fiji,2004,0.0904097127053127,0.0278824969966668,0.0516432303466096,1,1
Fiji,2005,0.1412192199341575,0.023382140035733,0.0069756177327739,1,1
Fiji,2006,0.2010427217649564,0.0246032074999114,0.0183553439376211,1,1
Fiji,2007,0.0796284062756136,0.0469189518103956,-0.0085429302376631,1,1
Fiji,2008,-0.0668561966234975,0.0744790615268247,0.0102749734011666,1,1
Fiji,2009,0.0684230213132259,0.0308301838890017,-0.0139573290053682,1,1
Fiji,2010,0.0344631871230518,0.0362259669962474,0.0291186318091227,1,1
Fiji,2011,0.1047884916693782,0.0702545083411658,0.0266920078718193,1,1
Fiji,2012,0.0609944223106388,0.0336608166301832,0.0140144806185737,1,1
Fiji,2013,0.1738352987238585,0.028719051069979,0.0462557122011233,1,1
Fiji,2014,0.0988981513411104,0.0051796272860533,0.0545214650918737,1,1
Fiji,2015,0.130463554565388,0.0136551962492106,0.0440283725305761,1,1
Fiji,2016,0.0520690162950963,0.0379047070413252,0.0241622455964396,1,1
Fiji,2017,0.0776726494205348,0.0329276682984263,0.0521498907208126,1,1
Fiji,2018,0.024302455255583,0.0400038331313652,0.0374147682437389,1,1
Fiji,2019,0.0312901828217278,0.0177798620533433,-0.0058364661745429,1,1
Fiji,2020,0.009811066856713,-0.0171476001226125,-0.1885432948471326,1,1
Fiji,2021,0.1081471632528092,0.0152289342576912,-0.0444322745681944,1,1
Fiji,2022,0.0495581750551821,0.0590122573874474,0.1633521615710478,1,1
Fiji,2023,0.0839434300623054,0.029320335034245,0.0902287326135606,1,1
Gabon,1991,0.079658573401975,-0.1242728165891806,0.0593296988997558,1,1
Gabon,1992,-0.1718698743990288,-0.1002946278888567,-0.0313889761995653,1,1
Gabon,1993,-0.0173282416205964,0.0053232717789093,0.0387066869096415,1,1
Gabon,1994,0.3174779294638057,0.3083390824260132,0.0364549191870935,1,1
Gabon,1995,0.0963657288999968,0.0920916517205103,0.0485410642261499,1,1
Gabon,1996,0.1588920404673039,0.0068732587195965,0.0356089005218258,1,1
Gabon,1997,0.1068395402843229,0.0389653928257915,0.0557976248933123,1,1
Gabon,1998,-0.0186186340530731,0.0143834459328529,0.0341872355403154,1,1
Gabon,1999,-0.0304086252534965,-0.0195560182622571,-0.0935705446726657,1,1
Gabon,2000,0.1678676385109483,0.0050364957937025,-0.0190091993989689,1,1
Gabon,2001,0.0408854849294115,0.0211509387686872,0.0211275670382349,1,1
Gabon,2002,0.0460163673192504,0.0003667616287019,-0.0024934377191598,1,1
Gabon,2003,-0.0178979815371569,0.0221073530557553,0.0222244962369586,1,1
Gabon,2004,0.0927036272139396,0.0040737440998492,0.0068717658266912,1,1
Gabon,2005,0.2827121557898628,0.0364122860315525,0.026410193611607,1,1
Gabon,2006,0.1338602619098488,-0.0141942774651164,-0.0284671553684816,1,1
Gabon,2007,0.0723405488858794,0.0490788733155973,0.0583453959994315,1,1
Gabon,2008,0.1028278887322073,0.0513041581581923,-0.0336439708744009,1,1
Gabon,2009,0.0333686310455583,0.0186814847936629,0.0013024626253468,1,1
Gabon,2010,0.1883196117772456,0.0145096641226221,0.0684983641741752,1,1
Gabon,2011,0.239528743516626,0.0125540380496689,0.068515788898626,1,1
Gabon,2012,0.0950755346362548,0.0261785157668823,0.0511785185173394,1,1
Gabon,2013,0.1034298328756193,0.0050416799352337,0.0548545859862308,1,1
Gabon,2014,-0.0267090001664804,0.0458377865529593,0.0422446407134202,1,1
Gabon,2015,0.0035564610893565,-0.0033937039921028,0.0380556057857468,1,1
Gabon,2016,-0.0408569880182199,0.0208482287765372,0.0206987179252102,1,1
Gabon,2017,-0.1912823275202662,0.0261737184449346,0.0047152858549317,1,1
Gabon,2018,0.2869291870945964,0.0463974612788149,0.008344255475805,1,1
Gabon,2019,0.0135458152364833,0.0243468705017511,0.038458969201244,1,1
"Gambia, The",1991,0.228750851226053,0.0828910466225885,0.0305974783962454,1,1
"Gambia, The",1992,0.1293453148542092,0.090631456228686,0.0332286503101073,1,1
"Gambia, The",1993,0.120115945153806,0.0626348749856222,0.0296762844118454,1,1
"Gambia, The",1994,-0.0386073645654683,0.016957469189843,0.0015422696889118,1,1
"Gambia, The",1995,0.1329507142135,0.0674808234891743,0.008779826681895,1,1
"Gambia, The",1996,0.0561784918333074,0.010934882732867,0.0219918530974467,1,1
"Gambia, The",1997,0.2067522863124864,0.0274325423837127,0.0478373209298581,1,1
"Gambia, The",1998,0.0972203883978934,0.0110802705649115,0.0344014141767807,1,1
"Gambia, The",1999,0.114233944280766,0.0374149689093838,0.0620353819917554,1,1
"Gambia, The",2000,0.2988165480199996,0.0084141968187689,0.0535407689785465,1,1
"Gambia, The",2001,0.177471279804255,0.0439460321162861,0.0563803357351027,1,1
"Gambia, The",2002,0.3021845929691586,0.0825852395646609,-0.0330398556255069,1,1
"Gambia, The",2003,0.3558841735155731,0.1572846199872941,0.0664429530092576,1,1
"Gambia, The",2004,0.2025379287950812,0.1328401575164441,0.0681258290536419,1,1
"Gambia, The",2005,0.0774218616226001,0.0472520464004651,-0.0237982386200741,1,1
"Gambia, The",2006,0.2362221629130907,0.0203564290535949,-0.0055713006866113,1,1
"Gambia, The",2007,0.0655850271611662,0.052299567935643,0.0299786122478025,1,1
"Gambia, The",2008,0.1668342296694582,0.0434775525335613,0.0606802017677772,1,1
"Gambia, The",2009,0.1382492738435381,0.044605294822249,0.0645296864845121,1,1
"Gambia, The",2010,0.1641633748934587,0.0492632023508852,0.0574037774939455,1,1
"Gambia, The",2011,0.1061460589504861,0.0468442975491241,-0.0848004870615355,1,1
"Gambia, The",2012,0.0701534442724529,0.04166313184718,0.0510881811931973,1,1
"Gambia, The",2013,0.1363788880278846,0.0554264750318349,0.0283227842230502,1,1
"Gambia, The",2014,0.0862168755251815,0.0577782156500186,-0.0141738003581899,1,1
"Gambia, The",2018,0.1676218755233165,0.0631716646597144,0.0698514792152842,1,1
"Gambia, The",2019,0.2391028656583245,0.0687391510282173,0.0603615581353835,1,1
"Gambia, The",2020,0.2030062674645556,0.0576203616898389,0.0058974486922949,1,1
"Gambia, The",2021,0.1967173050356443,0.0711138647514575,0.0512249955428245,1,1
"Gambia, The",2022,0.0745250962097081,0.1089720646988734,0.0534743972384177,1,1
"Gambia, The",2023,0.0886228787903,0.1567833224939168,0.0574836538044714,1,1
"Gambia, The",2024,0.0753418527427918,0.1094018181908706,0.0540265322908339,1,1
Georgia,1996,0.3381270005683099,0.331872387795566,0.1061830947222368,1,1
Georgia,1997,0.356114866892316,0.0684771697442117,0.100033590955455,1,1
Georgia,1998,-0.0078968752112658,0.035046704594666,0.0305438479554105,1,1
Georgia,1999,0.1871014106013717,0.1755711223081353,0.0282695800423979,1,1
Georgia,2000,0.330546774016625,0.0398355434700912,0.0182365111770046,1,1
Georgia,2001,0.1775651638383806,0.0454134640107266,0.0469532272947965,1,1
Georgia,2002,0.1723871717567071,0.0543730015674217,0.0532945270116123,1,1
Georgia,2003,0.2075149597452821,0.008342450108782,0.1048736761888129,1,1
Georgia,2004,0.3366867846001682,0.0550214366589854,0.0563111715627187,1,1
Georgia,2005,0.245697645845766,0.0792463022990226,0.0915863305902142,1,1
Georgia,2006,0.3558288649051349,0.0876533508164927,0.090037035839682,1,1
Georgia,2007,0.3811674834457434,0.0884219416879528,0.1184545419201548,1,1
Georgia,2008,0.0758156845359501,0.0953055217528158,0.0239275825622584,1,1
Georgia,2009,0.0744812451979264,0.0171276272931191,-0.0371905991080474,1,1
Georgia,2010,0.2633842734039184,0.0686878287315106,0.0605908203325427,1,1
Georgia,2011,0.1353922656363799,0.0819756076489772,0.076352861096101,1,1
Georgia,2012,0.1075542601082091,-0.0094813952386987,0.0637147227170125,1,1
Georgia,2013,0.2187760788739972,-0.0051337392274195,0.0500549384060882,1,1
Georgia,2014,0.1288938440049172,0.0302266578539542,0.0400904367169303,1,1
Georgia,2015,0.159160736172037,0.0392551183974818,0.0329610033577338,1,1
Georgia,2016,0.1913101478793351,0.0211245682391707,0.0339202982396642,1,1
Georgia,2017,0.1361858670365059,0.0586020342607476,0.05031188782322,1,1
Georgia,2018,0.1303350535046128,0.0258163196679674,0.0588539861086623,1,1
Georgia,2019,0.1507733991996644,0.0473882125321063,0.052409504219554,1,1
Georgia,2020,0.2309999396590463,0.0507165445519861,-0.0649703133905248,1,1
Georgia,2021,0.1080567658194766,0.0913652664761066,0.1011497658034983,1,1
Georgia,2022,0.1046949705998336,0.1124190343814524,0.1039863611869513,1,1
Georgia,2023,0.1432292180996484,0.0245731963462647,0.0754061409195152,1,1
Georgia,2024,0.1315660145828054,0.0110360539179668,0.0923949699334834,1,1
Ghana,1991,0.3298634724099578,0.1657808352703269,0.0514706294470244,1,0
Ghana,1992,0.4205758889553017,0.0958202019471379,0.0380606085726427,1,0
Ghana,1993,0.288936120984733,0.2228222394930914,0.0473605766416049,1,0
Ghana,1994,0.4224501622718115,0.2221050557599799,0.0324671876155093,1,0
Ghana,1995,0.3588757819089601,0.4666326645427714,0.0403010809959916,1,0
Ghana,1996,0.3307297435279075,0.3822716723113706,0.0449968945786061,1,0
Ghana,1997,0.3652482212384313,0.2459628680649794,0.0411069853323944,1,0
Ghana,1998,0.1611771841439981,0.1364884744785137,0.0459326643005297,1,0
Ghana,1999,0.2264751193656771,0.0475074165696827,0.0430594590529054,1,0
Ghana,2000,0.4333665908731277,0.3381917083671157,0.0363319300347022,1,0
Ghana,2001,0.4481044461789736,0.3471966404178976,0.0392207143848075,1,0
Ghana,2002,0.3308433486700366,0.0894835323203273,0.0440168811967112,1,0
Ghana,2003,0.2089702620037847,0.2606164280142615,0.050693115580735,1,0
Ghana,2004,0.2411812956275447,0.1658765663188006,0.0544881851967069,1,0
Ghana,2005,0.1778742524827379,0.1435719967657256,0.0573251026773569,1,0
Ghana,2006,0.3317505005603394,0.1104601458650451,0.0620345695486257,1,0
Ghana,2007,0.3136019728144283,0.1019631500518629,0.0425499641227418,1,0
Ghana,2008,0.3305847385627558,0.1526750740570408,0.0875510549385332,1,0
Ghana,2009,0.2210538900007428,0.1760263520238423,0.0473079905950513,1,0
Ghana,2010,0.277008296267283,0.1019552327771515,0.0760320165830563,1,0
Ghana,2011,0.2926319299630364,0.083683389611239,0.1314415417343397,1,0
Ghana,2012,0.2242567991344977,0.1060373550473219,0.0888602363531028,1,0
Ghana,2013,0.1781508228670354,0.1103438091643749,0.0705751857904282,1,0
Ghana,2014,0.3169445324736664,0.1440104354587887,0.0281621007381325,1,0
Ghana,2015,0.2277251756849914,0.1582847186224256,0.0209858421015098,1,0
Ghana,2016,0.2029327899986732,0.1608819854458554,0.0331781256462981,1,0
Ghana,2017,0.1489856303977355,0.1166439119964684,0.0781538006360733,1,0
Ghana,2018,0.1463567534780097,0.0751887786999825,0.0601546542815576,1,0
Ghana,2019,0.1935465661047644,0.0690001784378022,0.0630477992565836,1,0
Ghana,2020,0.2496776019681981,0.0942850141624562,0.0051262549807091,1,0
Ghana,2021,0.1931250979698724,0.0950473150315351,0.0495181508878843,1,0
Ghana,2022,0.2778370169038915,0.2719786295599551,0.0373425062873131,1,0
Ghana,2023,0.3178041305256407,0.3228583121823067,0.0309179849073366,1,0
Ghana,2024,0.2849984978234978,0.2057803037353656,0.0543977900615431,1,0
Grenada,1991,0.0523820597418485,0.0261023859908222,0.0137603485292814,1,1
Grenada,1992,0.0641708180333076,0.0370870686623368,-0.008547917134706,1,1
Grenada,1993,0.2089656081416038,0.0276988130269861,-0.0197825464284626,1,1
Grenada,1994,0.1173657127886613,0.0370130634026866,0.0167937526615986,1,1
Grenada,1995,0.0998059892352465,0.0185157678141445,0.0210711865463011,1,1
Grenada,1996,0.0947881460820347,0.0201197507452404,0.0434256553257412,1,1
Grenada,1997,0.0958146230996632,0.0123684724135033,0.0489377209906507,1,1
Grenada,1998,0.1158030774265803,0.0136828938271955,0.1111253936981313,1,1
Grenada,1999,0.1294863325470068,0.0057576691520493,0.066708313250988,1,1
Grenada,2000,0.1293136623815307,0.0215835716671755,0.04772247187935,1,1
Grenada,2001,0.1046267713541659,0.0309267307833041,-0.0204466150271223,1,1
Grenada,2002,0.10018991858324,0.0106156093076483,0.0337956735230235,1,1
Grenada,2003,0.0591715299244697,0.0213203778620849,0.0904252993681709,1,1
Grenada,2004,0.1841737814245689,0.0228657427551119,-0.0064955536666744,1,1
Grenada,2005,-0.0645148171676268,0.0341676499980696,0.1246587951799327,1,1
Grenada,2006,0.0226336767655901,0.041640410436452,-0.0407733315821765,1,1
Grenada,2007,0.1148811594330787,0.037862379735011,0.0594328620460977,1,1
Grenada,2008,0.0496792997655575,0.0772690795809643,0.0094308159772715,1,1
Grenada,2009,0.032829867378453,-0.0030913210088678,-0.0684210494511461,1,1
Grenada,2010,0.0310598160881419,0.0337877994473325,-0.0051245700801203,1,1
Grenada,2011,0.0036130651308319,0.0298837281206845,0.007618639824102,1,1
Grenada,2012,-0.0512190504830734,0.023821765612884,-0.0116155820720464,1,1
Grenada,2013,0.0369750576105971,-0.0004400946922888,0.0232388541200805,1,1
Grenada,2014,0.0598324551673847,-0.0098847238664587,0.0708509677865443,1,1
Grenada,2015,0.0706716739623054,-0.0051678104744343,0.0624603301963908,1,1
Grenada,2016,0.0438444787816436,0.0163691902256406,0.036713765267077,1,1
Grenada,2017,0.0304447348879683,0.0090435659638767,0.0434298774625752,1,1
Grenada,2018,0.0884340476457481,0.0080088663734132,0.0426900763473909,1,1
Grenada,2019,-0.020504797228348,0.0059636795077731,0.0067423366672194,1,1
Grenada,2020,-0.0121400416888235,-0.0074348964428327,-0.1479969128180869,1,1
Grenada,2021,0.0815401249883969,0.0121213580036458,0.0459071935744468,1,1
Grenada,2022,0.094276011642993,0.0254780529204126,0.0705538744725693,1,1
Grenada,2023,0.0135209743518132,0.0266041765642635,0.0442711590626387,1,1
Grenada,2024,0.0810158026251528,0.0108029736989037,0.0388680083062134,1,1
Guatemala,1991,0.3956331810711226,0.2864294526266868,0.0359292324581588,1,1
Guatemala,1992,0.1874716378296135,0.0957275290511816,0.047249347691519,1,1
Guatemala,1993,0.0609195403276352,0.1117174788555912,0.0385198132056743,1,1
Guatemala,1994,0.0375418241249789,0.1030557520744772,0.0395450980003531,1,1
Guatemala,1995,0.1445936364566975,0.0807631845849865,0.0483000202790506,1,1
Guatemala,1996,0.0556777489927,0.1048726454582991,0.0291488142021769,1,1
Guatemala,1997,0.2260354147243504,0.0883121409936529,0.0427154642635869,1,1
Guatemala,1998,0.177948394040186,0.0640395908035968,0.0487285222987381,1,1
Guatemala,1999,0.0834903374172313,0.0508224841409039,0.0377490749488664,1,1
Guatemala,2000,0.1942998168792193,0.0580573512886459,0.0354527455545117,1,1
Guatemala,2001,0.3139737045417448,0.0703268022891481,0.0230578611714946,1,1
Guatemala,2002,0.0796439043962493,0.0781883482681022,0.0376742014353403,1,1
Guatemala,2003,0.3725799498294577,0.0545211085521755,0.025281489587968,1,1
Guatemala,2004,0.1026523418590912,0.0730517661003382,0.0308969049912697,1,1
Guatemala,2005,0.1285625424739613,0.08717398745876,0.0322350908510955,1,1
Guatemala,2006,0.1221638298127736,0.0635460240372935,0.0521312222055598,1,1
Guatemala,2007,0.0979045239709428,0.0659901314404445,0.0614498688785012,1,1
Guatemala,2008,0.0817393059155335,0.1075599452750779,0.0324044969843768,1,1
Guatemala,2009,0.1074693142628078,0.0184203247809211,0.0047576455008737,1,1
Guatemala,2010,0.0867678750034386,0.0378689258458697,0.0284336590975939,1,1
Guatemala,2011,0.0698523438063389,0.0602869076743362,0.0407955002454443,1,1
Guatemala,2012,0.089481250616469,0.0371205049013543,0.0293132242108598,1,1
Guatemala,2013,0.0911796197931202,0.0425169219217709,0.0362819660877846,1,1
Guatemala,2014,0.0758003182336999,0.0336123395919898,0.0434806443799722,1,1
Guatemala,2015,0.0870033498376976,0.0236063675070052,0.0401065785068723,1,1
Guatemala,2016,0.0615614789704288,0.0435233856699008,0.0264257710347557,1,1
Guatemala,2017,0.0704891498664643,0.0432944862893016,0.0303337569301405,1,1
Guatemala,2018,0.0921291519204672,0.0368319186681578,0.0335012485719197,1,1
Guatemala,2019,0.0838824617482245,0.0363317747641165,0.0393927930620989,1,1
Guatemala,2020,0.1660723196684301,0.0316385857777881,-0.0180168506014055,1,1
Guatemala,2021,0.0771861695920179,0.0417276764990734,0.0773471127291358,1,1
Guatemala,2022,0.067736914878143,0.0665845038752612,0.0409933542927234,1,1
Guatemala,2023,0.0588290776122484,0.0602158410790538,0.034721737902597,1,1
Guatemala,2024,0.0789254801218675,0.0282951646652724,0.0358676346803896,1,1
Guinea,2005,0.287825211504785,0.2728727227659253,0.0295323219177205,1,1
Guinea,2006,0.6646377513156132,0.2978447861934765,0.0118258197064413,1,1
Guinea,2007,-0.1311230272791732,0.167001176893927,0.0659513143379442,1,1
Guinea,2008,0.3251290804591775,0.207547465683386,0.0404988974627436,1,1
Guinea,2009,0.1709056132759059,0.0457798156112829,-0.0112899123817129,1,1
Guinea,2010,0.6165847169592809,0.1401989673519184,0.0470110603087121,1,1
Guinea,2011,0.1675224121177372,0.1932361656035919,0.0546028735396006,1,1
Guinea,2012,-0.0975589652046267,0.1417277836585873,0.0574694023905877,1,1
Guinea,2013,0.1258969974988204,0.1123245067186147,0.0386983371833302,1,1
Guinea,2014,0.1323831011814,0.0596877649106772,0.0362986897040329,1,1
Guinea,2015,0.127555990280328,0.1113632059367777,0.0375453737237805,1,1
Guinea,2016,0.1211751525949438,0.078558663542287,0.1027427370325533,1,1
Guinea,2017,0.1561412467897831,0.0853916945706458,0.0980337887095856,1,1
Guinea,2018,0.0944381922923192,0.0937418325230767,0.0616452013407986,1,1
Guinea,2019,0.2096759380268302,0.090480448063329,0.054648347352316,1,1
Guinea,2020,0.2053406894651388,0.1007645534333017,0.0459727796485189,1,1
Guinea,2021,0.0833657813465436,0.1186474464496454,0.0543208683658917,1,1
Guinea,2022,0.1466125032742731,0.0997823555968961,0.0389553687410924,1,1
Guinea,2023,0.0499420864176975,0.0751536302274535,0.0539362023471383,1,1
Guinea,2024,0.3059472851199381,0.0781005689376899,0.052118396507069,1,1
Guinea-Bissau,1991,-1.118958930705606,0.4548600718927114,0.0497420922232585,1,0
Guinea-Bissau,1992,0.7461649939467883,0.5281760492206535,0.0109399397194955,1,0
Guinea-Bissau,1993,0.3397766825813235,0.3927726726494773,0.0207825390759026,1,0
Guinea-Bissau,1994,0.3954126871859458,0.1412942237569399,0.0314986672447474,1,0
Guinea-Bissau,1995,0.3576336168754643,0.3740797561602305,0.0430594895189386,1,0
Guinea-Bissau,1996,0.3940799882634529,0.4103468726234349,0.1097508639984283,1,0
Guinea-Bissau,1997,0.7855740051894564,0.3994532301091777,0.0629747990976739,1,0
Guinea-Bissau,1998,-0.1181737711248374,0.0770883958933525,-0.254192198795792,1,0
Guinea-Bissau,1999,0.1950652612343937,-0.0210837599450695,0.1554214828945213,1,0
Guinea-Bissau,2000,0.4745879001737165,0.0828356126437839,0.0109426913478465,1,0
Guinea-Bissau,2001,-0.1437699607088163,0.0329329350523126,0.0467497186379617,1,0
Guinea-Bissau,2002,0.2289533961633694,0.0324683687702771,0.0358876264749312,1,0
Guinea-Bissau,2003,-0.8572491767667039,-0.035653970862544,-0.0028634061601948,1,0
Guinea-Bissau,2004,0.3502810475022606,0.0087942439999446,0.0116507805338308,1,0
Guinea-Bissau,2005,0.1701670154585066,0.0327498145519795,0.0635358728893358,1,0
Guinea-Bissau,2006,0.042260090256633,0.0193587756349673,0.0263157329852496,1,0
Guinea-Bissau,2007,0.2358988284604528,0.0451400603757337,0.0252761152053366,1,0
Guinea-Bissau,2008,0.2602784990524469,0.0994839405838678,0.0442520266311348,1,0
Guinea-Bissau,2009,0.0698229316536149,-0.0166518490445781,0.0241846890921095,1,0
Guinea-Bissau,2010,0.1785300677414305,0.0248667574430285,0.054538971054896,1,0
Guinea-Bissau,2011,0.3751578863213609,0.0492291369801201,0.0777481541678142,1,0
Guinea-Bissau,2012,-0.0554027508298631,0.0210816697837108,-0.0172770889162627,1,0
Guinea-Bissau,2013,0.048742129380475,0.0119989790257335,0.0320418519546557,1,0
Guinea-Bissau,2014,0.3972926041707332,-0.0152074960796264,0.0095990389181856,1,0
Guinea-Bissau,2015,0.2405323574824507,0.0146592314007776,0.0595331026772782,1,0
Guinea-Bissau,2016,0.0892802245136401,0.0149193564409628,0.0529024425317352,1,0
Guinea-Bissau,2017,0.0277715317497282,0.0167697446971866,0.0455819704543181,1,0
Guinea-Bissau,2018,0.0587926609100968,0.0038059950313806,0.0369243631391036,1,0
Guinea-Bissau,2019,0.0025285525817686,0.0024629670863722,0.0519043169315907,1,0
Guinea-Bissau,2020,0.0870289018709975,0.0113356025442215,0.028503859086868,1,0
Guinea-Bissau,2021,0.1897400057451861,0.0221771470265554,0.0492715560193417,1,0
Guinea-Bissau,2022,0.0344612770556587,0.0897562337033113,0.0538238787967451,1,0
Guinea-Bissau,2023,-0.0110176278269058,0.0686134195028103,0.0566401770488056,1,0
Guinea-Bissau,2024,0.0604611020322671,0.0369639209903516,0.040626564597936,1,0
Guyana,1995,0.2157060006985993,0.1152066201312043,0.0490896103606672,1,1
Guyana,1996,0.1913478398635604,0.0685434155758697,0.076549081674436,1,1
Guyana,1997,0.1030094070819878,0.0349391652577559,0.0599718498443344,1,1
Guyana,1998,0.0750329248037715,0.0448439707076433,-0.0169336126747339,1,1
Guyana,1999,0.0973025940304346,0.0726761276825653,0.0291718516878951,1,1
Guyana,2000,0.0948749536579676,0.0596692793185358,-0.0137318913652393,1,1
Guyana,2001,0.1557586917457349,0.0259348956813303,0.0225392876466727,1,1
Guyana,2002,0.0781051250878306,0.0520326655161946,0.0112626076787449,1,1
Guyana,2003,0.0905364732807569,0.058089440517465,-0.0063423239665745,1,1
Guyana,2004,0.0923138920105621,0.0456277043243034,0.0155125765102752,1,1
Guyana,2005,0.0583682755195305,0.0669625468017347,-0.0197023997882972,1,1
Guyana,2006,0.1569093964977668,0.0646368716519409,0.0500237776955678,1,1
Guyana,2007,0.122591935126902,0.1151141836117206,0.0694443078195981,1,1
Guyana,2008,0.1154519954747073,0.0779052440296981,0.0173999735861762,1,1
Guyana,2009,0.0994478889822261,0.0290955975400715,0.0354782233065975,1,1
Guyana,2010,0.1467830587092358,0.0366537441618506,0.0405509971769753,1,1
Guyana,2011,0.1250765380343175,0.0485781001337288,0.0506574821266703,1,1
Guyana,2012,0.1212780010850487,0.0236377658314186,0.0514184274525284,1,1
Guyana,2013,0.0551043119820064,0.018834038940465,0.0358823039128139,1,1
Guyana,2014,0.0354257074548343,0.0084901613395871,0.0167243103148209,1,1
Guyana,2015,0.0360632959834816,-0.0100678544692076,0.0068505273694547,1,1
Guyana,2016,0.0528688132264747,0.0083253286926945,0.0373676151483053,1,1
Guyana,2017,-0.0069398099538027,0.0188674465740614,0.0366644828721369,1,1
Guyana,2018,0.058102430799984,0.0127468415678926,0.0434512985625801,1,1
Guyana,2019,0.1343536884264544,0.0206574666366972,0.0521449119942047,1,1
Guyana,2020,0.1354264161912191,0.0098843586061487,0.3610230392744427,1,1
Guyana,2021,0.1290153795271109,0.0491030270919301,0.182821411486131,1,1
Guyana,2022,0.144078920748786,0.0593537487272204,0.4906308819197171,1,1
Guyana,2023,0.1995543539118465,0.0278204314803121,0.2911386748813953,1,1
Guyana,2024,0.2034831523400235,0.0286258649040487,0.3633875395904695,1,1
Haiti,1991,0.11224988170326,0.1434066607207567,0.0186308108301425,1,1
Haiti,1992,0.2659370945234727,0.1769613385758488,-0.0545610796025144,1,1
Haiti,1993,0.2558856140949892,0.2600999451882391,-0.05579071888992,1,1
Haiti,1994,0.2734544312041933,0.3316866578211956,-0.1272724980783017,1,1
Haiti,1995,0.239901194870967,0.2437943299872049,0.0943798152235366,1,1
Haiti,1996,0.0112192740384706,0.1871730709318968,0.0405733875743585,1,1
Haiti,1997,0.1834645995904651,0.1869691345502584,0.0266878299006201,1,1
Haiti,1998,0.088422001523984,0.0513491297977326,0.0215837884156293,1,1
Haiti,1999,0.2124801668809297,0.0296014636180137,0.0267417118540755,1,1
Haiti,2000,0.1848452887087006,0.0892301152120835,0.0086629605616153,1,1
Haiti,2001,0.1432063264876077,0.1250165637633591,-0.0034333660942529,1,1
Haiti,2002,0.2076973821358834,0.0679658355136449,0.0104632699160553,1,1
Haiti,2003,0.3285514549538391,0.2523106480238164,0.0342157063987897,1,1
Haiti,2004,0.0528790094785414,0.1908834153182157,-0.0132661754672227,1,1
Haiti,2005,0.1639779223995354,0.1307914653053759,0.0302592692518715,1,1
Haiti,2006,0.0241337348719241,0.1074652361986689,0.0175329024663355,1,1
Haiti,2007,0.1085597209642976,0.0635120043843002,0.0459912980437167,1,1
Haiti,2008,0.1208450489188095,0.1422091583881188,0.0262332038872692,1,1
Haiti,2009,0.1274430021398025,0.0039311234010899,0.0572342121469269,1,1
Haiti,2010,0.2320317658267185,0.0471444478708997,-0.0581749348051268,1,1
Haiti,2011,0.0661911242818007,0.061403563900992,0.0497250940729081,1,1
Haiti,2012,0.0692032151097556,0.0489619737359188,0.0050116646387898,1,1
Haiti,2013,0.0729355100749913,0.0465497901932723,0.0423387711342009,1,1
Haiti,2014,0.0745443723413821,0.0338038240298219,0.0284783401956403,1,1
Haiti,2015,0.2132232859969143,0.0651493410796142,0.0139029052537757,1,1
Haiti,2016,0.1749486690551123,0.1088804798570333,0.0179623868416527,1,1
Haiti,2017,0.0815636826677241,0.1014737705589521,0.0247928158181203,1,1
Haiti,2018,0.1752668776815369,0.1176177874884931,0.0165405571814432,1,1
Haiti,2019,0.1286713311904073,0.1714609817352199,-0.0173811508217767,1,1
Haiti,2020,0.0413669120387112,0.2053567915234255,-0.0336137186517753,1,1
Haiti,2021,0.3037509690061526,0.1556483350947752,-0.0181460470542376,1,1
Haiti,2022,0.2740076161790092,0.2925496959301803,-0.016962899625728,1,1
Haiti,2023,-0.101382029428013,0.3134486175220221,-0.0188147342891937,1,1
Honduras,1991,0.1703759717807109,0.2924625794997251,0.2314838774707013,1,1
Honduras,1992,0.2208437911993854,0.0839723879182843,0.0865009028495897,1,1
Honduras,1993,0.1079419206599823,0.1020930035972336,0.1278405052969269,1,1
Honduras,1994,0.2489906687504657,0.1966299261337085,0.2547896525528408,1,1
Honduras,1995,0.2537665104739197,0.2582367520584534,0.220535857643302,1,1
Honduras,1996,0.3281975952862233,0.2138027439471272,0.2066676938863132,1,1
Honduras,1997,0.4772115898741624,0.1839857275890759,0.202350835909673,1,1
Honduras,1998,0.1846031261534406,0.1281126806870096,0.109537274681049,1,1
Honduras,1999,0.1773751841630613,0.1103218566387385,0.1095345336420194,1,1
Honduras,2000,0.143375107481301,0.1047926688738329,0.0917786678685814,1,1
Honduras,2001,0.2177149684445289,0.0923435616377257,0.0268677406317117,1,1
Honduras,2002,0.1202197732939538,0.0740912765603907,0.0368557829590194,1,1
Honduras,2003,0.1145972261533003,0.0739395030505507,0.0444669090371689,1,1
Honduras,2004,0.1661162877997881,0.0780141065692801,0.0604580475737499,1,1
Honduras,2005,0.1597865185350393,0.0844244239018978,0.0587461453806099,1,1
Honduras,2006,0.195450092307464,0.0542774819943474,0.0636059947678759,1,1
Honduras,2007,0.1537930538938354,0.0670623465057813,0.0600440030949904,1,1
Honduras,2008,0.047442696879056,0.1079879047786951,0.0414451613683546,1,1
Honduras,2009,0.0056495049986864,0.0535061003339949,-0.0246168012328951,1,1
Honduras,2010,0.0941871959604796,0.0459183363190129,0.0366321767850728,1,1
Honduras,2011,0.116886522618465,0.065434490635261,0.037639566319136,1,1
Honduras,2012,0.0676701481810084,0.0506568603819088,0.0404573304256139,1,1
Honduras,2013,0.0795314750254974,0.0503308717726849,0.0275330601357204,1,1
Honduras,2014,0.1246494754366054,0.0594874983895712,0.0301225322687592,1,1
Honduras,2015,0.0755934795811548,0.0310899709557457,0.0376818371035554,1,1
Honduras,2016,0.1641914011707506,0.0268815539672795,0.0381910697645686,1,1
Honduras,2017,0.1172202770583759,0.0385893681702445,0.0472929859620627,1,1
Honduras,2018,0.0789120170349875,0.0425550459453774,0.037729166443281,1,1
Honduras,2019,0.097775554281668,0.0427325356164063,0.0252742419080505,1,1
Honduras,2020,0.1732838705682162,0.0340961799363217,-0.0939270413408905,1,1
Honduras,2021,0.0910807613784996,0.0438338986674349,0.1183631729186878,1,1
Honduras,2022,0.1168916912050228,0.0869997354783311,0.0406001645431253,1,1
Honduras,2023,0.1038285146594901,0.0645065062826768,0.0351339854277128,1,1
Honduras,2024,0.0925146409078827,0.045032742285934,0.0349227404036192,1,1
"Hong Kong SAR, China",1992,0.0814206717038565,0.0921461764616689,0.0604830584536379,1,1
"Hong Kong SAR, China",1993,0.1350133419662498,0.0843670387365405,0.0601645185232939,1,1
"Hong Kong SAR, China",1994,0.1109836275673998,0.0837698830654574,0.0586089564083351,1,1
"Hong Kong SAR, China",1995,0.1011862535137275,0.0868873613635017,0.0234607001825715,1,1
"Hong Kong SAR, China",1996,0.1176984160751146,0.0608653439840969,0.0417026029775371,1,1
"Hong Kong SAR, China",1997,0.0835830227832197,0.0561594840387202,0.0497400880482565,1,1
"Hong Kong SAR, China",1998,0.1055104887018139,0.0287101058824363,-0.0606277249857107,1,1
"Hong Kong SAR, China",1999,0.0797597339704268,-0.040920269789364,0.0247585611131704,1,1
"Hong Kong SAR, China",2000,0.089184310234657,-0.0375513456521323,0.0738398244529285,1,1
"Hong Kong SAR, China",2001,-0.0027734871769098,-0.0167206467870775,0.0055929466581474,1,1
"Hong Kong SAR, China",2002,0.0054814361892461,-0.0302853955888533,0.0164311219169341,1,1
"Hong Kong SAR, China",2003,0.0608744557001443,-0.0271019297777925,0.0301055415971269,1,1
"Hong Kong SAR, China",2004,0.0790442644322944,-0.0027510333718892,0.0834225366133054,1,1
"Hong Kong SAR, China",2005,0.0500541177640627,0.0082304991365171,0.0712800255450147,1,1
"Hong Kong SAR, China",2006,0.1344048636573909,0.0198050939987766,0.0679639965901515,1,1
"Hong Kong SAR, China",2007,0.1418524091556037,0.0201459716182936,0.0626443072887923,1,1
"Hong Kong SAR, China",2008,0.0284044104557814,0.042131423318124,0.0210559146268352,1,1
"Hong Kong SAR, China",2009,0.0596483264408647,0.0057776911359379,-0.02489895136911,1,1
"Hong Kong SAR, China",2010,0.066805002691872,0.0226699917497352,0.0654851511407059,1,1
"Hong Kong SAR, China",2011,0.1121110890065999,0.0516930792973333,0.0470239070896063,1,1
"Hong Kong SAR, China",2012,0.0892963892599283,0.0397389395146383,0.0168601272555939,1,1
"Hong Kong SAR, China",2013,0.0997014071848632,0.0424653802639838,0.030543985872395,1,1
"Hong Kong SAR, China",2014,0.081705563927624,0.0432859515573218,0.0272495981966365,1,1
"Hong Kong SAR, China",2015,0.0654810525852127,0.0294699458009688,0.0235971779661277,1,1
"Hong Kong SAR, China",2016,0.0632944240691202,0.0238074154420981,0.0215210408112085,1,1
"Hong Kong SAR, China",2017,0.1204250927389658,0.0148282406161861,0.0372583191699824,1,1
"Hong Kong SAR, China",2018,0.0383091388671381,0.0237764302963467,0.0280717890748967,1,1
"Hong Kong SAR, China",2019,0.0469999306163977,0.028424261201339,-0.016865892858032,1,1
"Hong Kong SAR, China",2020,0.058604340300544,0.0025064763728073,-0.0676880530649484,1,1
"Hong Kong SAR, China",2021,0.0314728879314145,0.0155658052598566,0.062546952632811,1,1
"Hong Kong SAR, China",2022,0.0321728311475197,0.018638882485912,-0.0375334924185253,1,1
"Hong Kong SAR, China",2023,0.0379915406200623,0.0207492880174768,0.0317298415125257,1,1
"Hong Kong SAR, China",2024,0.0676227935907824,0.0171493181380952,0.0247412707691587,1,1
Hungary,1991,0.2576394228969114,0.2987521442842591,-0.1266073150362459,1,1
Hungary,1992,0.3456514378895718,0.2123310728262404,-0.0311210795209717,1,1
Hungary,1993,0.1628552657582425,0.2026488390276455,-0.0057777442491797,1,1
Hungary,1994,0.1326384024233569,0.1728440786016571,0.0290456080110814,1,1
Hungary,1995,0.1897073340312545,0.2492437064763106,0.0147854098870716,1,1
Hungary,1996,0.2008288454995792,0.2108201709556976,0.0010118302034562,1,1
Hungary,1997,0.1800025070765443,0.1680964785342937,0.0293440128209105,1,1
Hungary,1998,0.1449548849559327,0.1323763853375092,0.0377591469750093,1,1
Hungary,1999,0.1455970658253988,0.0952896713488802,0.0303939690807908,1,1
Hungary,2000,0.1187349067036969,0.0935232220466497,0.0431492844523582,1,1
Hungary,2001,0.1514434784523466,0.0872487657147784,0.039816940876701,1,1
Hungary,2002,0.1294600778258576,0.0513150522013274,0.0462160473817547,1,1
Hungary,2003,0.1039298762988352,0.0455565316023669,0.0386318630114814,1,1
Hungary,2004,0.1091906369204487,0.0652665073009686,0.0484389154560922,1,1
Hungary,2005,0.1371508910723555,0.0349956183996011,0.042103891111946,1,1
Hungary,2006,0.1292950616175758,0.0385505467035365,0.0385852384658527,1,1
Hungary,2007,0.1044640737941726,0.0765789789508621,0.0033180326152901,1,1
Hungary,2008,0.0835106881977729,0.0586698894071258,0.0098853493902382,1,1
Hungary,2009,0.035834243629786,0.0412543334807296,-0.0697806754860934,1,1
Hungary,2010,0.041786653957736,0.0474135786046154,0.0106228836637711,1,1
Hungary,2011,0.0645376551845302,0.0385466493824777,0.0189857169117857,1,1
Hungary,2012,-0.0474784545429933,0.0549818623722018,-0.0134853648280284,1,1
Hungary,2013,0.0751924036365601,0.0171835126611537,0.0201179688137713,1,1
Hungary,2014,0.0246474400942808,-0.0022782559652689,0.0424304951441811,1,1
Hungary,2015,0.0552610418919954,-0.0006166368820883,0.0359443532244228,1,1
Hungary,2016,0.0698839339517682,0.0039399213733819,0.0240938129856047,1,1
Hungary,2017,0.0749902610365005,0.0232109575448751,0.0404140767204737,1,1
Hungary,2018,0.1116822393812775,0.0281038406665175,0.0545463098986793,1,1
Hungary,2019,0.0783486616829023,0.0328406572130246,0.0495249888899778,1,1
Hungary,2020,0.1913650757215066,0.0327260516703074,-0.0443566235537531,1,1
Hungary,2021,0.1697340552093216,0.0498464189342806,0.0697398066704373,1,1
Hungary,2022,0.081194465589391,0.1363486798971322,0.040684838661626,1,1
Hungary,2023,0.0338750996500429,0.1580712640080097,-0.008204639900839,1,1
Hungary,2024,0.0907764475617689,0.0363676441708742,0.0055855501621522,1,1
Iceland,1991,0.1476467054821952,0.065869936405488,-0.0022377568998024,1,1
Iceland,1992,0.0382485190777188,0.0387178152621037,-0.0343212345771704,1,1
Iceland,1993,0.063286144875498,0.039632675504075,0.0130489854551001,1,1
Iceland,1994,0.0201558900275102,0.0154072590074592,0.0354526414285061,1,1
Iceland,1995,0.0248933062412426,0.0163774691251896,0.001165157501898,1,1
Iceland,1996,0.0600533561485434,0.0223525008847143,0.0439944299956529,1,1
Iceland,1997,0.0894056222433405,0.0179914862368102,0.0405743201777077,1,1
Iceland,1998,0.1414203298528669,0.0164562669189805,0.0677566177501205,1,1
Iceland,1999,0.1592055983853768,0.0318070750109424,0.0382393435259658,1,1
Iceland,2000,0.1020082417574386,0.0500890462800698,0.0478867289260485,1,1
Iceland,2001,0.1411549933605194,0.0620831858662471,0.0376901130679705,1,1
Iceland,2002,0.1375145990662289,0.0506648088024324,0.005408216477754,1,1
Iceland,2003,0.2018710724804719,0.020348197049242,0.0225573561844889,1,1
Iceland,2004,0.1514687736765445,0.0310934807478391,0.0734605251875386,1,1
Iceland,2005,0.2327488713492727,0.0390961652827659,0.0679328221780899,1,1
Iceland,2006,0.4707482969952536,0.0647298690297075,0.0551661039736721,1,1
Iceland,2007,0.0568950222845039,0.0492810661803817,0.0838017512856303,1,1
Iceland,2008,0.2783182667730237,0.1195094936039424,0.0168532897313973,1,1
Iceland,2009,0.0244093958253621,0.1133566299716744,-0.0868819032984049,1,1
Iceland,2010,-0.1055956168345098,0.0525614357072496,-0.0224687266377721,1,1
Iceland,2011,0.0553659143492879,0.0392305846760088,0.0137056144205693,1,1
Iceland,2012,-0.0467608946566606,0.0505590738449219,0.0116252812893833,1,1
Iceland,2013,0.0454898640512055,0.0379918741848701,0.0353377709129461,1,1
Iceland,2014,0.056256864686027,0.0202399318155368,0.0189573298484475,1,1
Iceland,2015,0.0542284862635717,0.0161986464560808,0.0369931400929104,1,1
Iceland,2016,-0.0474613319454704,0.0168269063837058,0.0603242250988067,1,1
Iceland,2017,0.0491157343145083,0.0174509976343575,0.0342571364931849,1,1
Iceland,2018,0.0675819661928436,0.0264755849079243,0.0455541752013957,1,1
Iceland,2019,0.0638569935867678,0.0296944415038806,0.0113178340541999,1,1
Iceland,2020,0.0710674530688848,0.0280812453197665,-0.0687701623203871,1,1
Iceland,2021,0.1031629797624589,0.0434831516368419,0.0505084202095034,1,1
Iceland,2022,0.0849633279474488,0.0798158060772102,0.084531332151311,1,1
Iceland,2023,0.0799240857138237,0.0837555266173586,0.050561523922159,1,1
Iceland,2024,0.1102452161773932,0.0569174150770281,-0.0097541824276028,1,1
India,1991,0.168196873763005,0.1298894227480254,0.0105128600787907,1,1
India,1992,0.1558278009894671,0.1114323977916811,0.0533738906391114,1,1
India,1993,0.1570692382158505,0.0613480352690958,0.0464137829802027,1,1
India,1994,0.1846332847929161,0.0975616030443786,0.0644659316619353,1,1
India,1995,0.1044602004084218,0.0973525124928853,0.0730133689316439,1,1
India,1996,0.1717346657288132,0.0859680626939218,0.0727812275884041,1,1
India,1997,0.1626013375936033,0.0691925379554625,0.0396996450815123,1,1
India,1998,0.1669795917709784,0.1242583718025711,0.0600071683768987,1,1
India,1999,0.1582779834519954,0.0456406418208219,0.0847616074493835,1,1
India,2000,0.141253938663155,0.0393114389457629,0.037690611958645,1,1
India,2001,0.1338361647018615,0.0370962766193487,0.0471122454943078,1,1
India,2002,0.1549603354784743,0.0420738701740752,0.0373340819016974,1,1
India,2003,0.122515031751778,0.0373522281920504,0.0756674406837625,1,1
India,2004,0.1547133753222347,0.0369802410803998,0.0762472365493422,1,1
India,2005,0.144964938929661,0.0415866008893539,0.0762518139669801,1,1
India,2006,0.1958392884800766,0.0563474725523036,0.0775232217095549,1,1
India,2007,0.2010738195324108,0.0617804839591125,0.073815497866672,1,1
India,2008,0.1864398140933829,0.0801897773112747,0.0304001769168706,1,1
India,2009,0.1654791769835633,0.1032995698378043,0.0756814156614176,1,1
India,2010,0.1638365660764265,0.1132339479662096,0.0815577259355428,1,1
India,2011,0.1496054172787673,0.0853681334484974,0.0510857767513392,1,1
India,2012,0.104771612229733,0.0905625358680044,0.0531272933237332,1,1
India,2013,0.1382959117959714,0.0954726981848592,0.0619048034548228,1,1
India,2014,0.1006358061864745,0.0645290528303661,0.0714852206503273,1,1
India,2015,0.100910148459846,0.0479038042425328,0.0769263533652058,1,1
India,2016,0.0657966742394862,0.0482968648089379,0.0793314286372499,1,1
India,2017,0.0992211013532369,0.0327398864917993,0.0657445131896636,1,1
India,2018,0.1000228755451573,0.0386323330427682,0.0625413845464066,1,1
India,2019,0.0999380766293569,0.0366164185295252,0.0379837651860128,1,1
India,2020,0.1175975776095867,0.0641331587670199,-0.0595135642799888,1,1
India,2021,0.1070330671982802,0.0500408814275035,0.0924843043396279,1,1
Indonesia,1991,0.1614888573089743,0.0900149835423049,0.0668357196421816,1,0
Indonesia,1992,0.179168095568805,0.0725393359237789,0.0629513858997619,1,0
Indonesia,1993,0.182792295007637,0.0923230946555713,0.0629410720241168,1,0
Indonesia,1994,0.1840057428963533,0.0818748586461457,0.0726924166144797,1,0
Indonesia,1995,0.2431321995610957,0.090026271842531,0.0789960745968052,1,0
Indonesia,1996,0.2396519927560447,0.076713612057091,0.075276169543379,1,0
Indonesia,1997,0.2251804518725464,0.0604001406117999,0.0459277748094493,1,0
Indonesia,1998,0.4871241728236484,0.4602754722418032,-0.1407197440831922,1,0
Indonesia,1999,0.1154096926588152,0.1862955868897757,0.0078801308730653,1,0
Indonesia,2000,0.1537774433611929,0.0362221871658405,0.0480286147120203,1,0
Indonesia,2001,0.1121747912264297,0.1088554457643562,0.0357866161477815,1,0
Indonesia,2002,0.0464818097436818,0.112436502017696,0.0440118652209911,1,0
Indonesia,2003,0.0763842068718148,0.065387965538771,0.0466962508114754,1,0
Indonesia,2004,0.087497673430434,0.0588730830389883,0.0490841585204471,1,0
Indonesia,2005,0.1513051830669169,0.0994217175400935,0.0553644234706354,1,0
Indonesia,2006,0.1392678094432256,0.123178860732354,0.0535497885480289,1,0
Indonesia,2007,0.1766816911137709,0.0620970514212251,0.0615185489837273,1,0
Indonesia,2008,0.1390909984614126,0.0973686626489973,0.0583981790142793,1,0
Indonesia,2009,0.1217909615480294,0.0429293384425184,0.0452493426872138,1,0
Indonesia,2010,0.143253992593749,0.0500675041200473,0.0603785132341911,1,0
Indonesia,2011,0.1521181915436074,0.0521753659137509,0.0598693645187005,1,0
Indonesia,2012,0.1393704960484569,0.0419047451184733,0.0585523646733179,1,0
Indonesia,2013,0.1202661541158818,0.0621528142788552,0.0540834034553334,1,0
Indonesia,2014,0.1122523863214937,0.0619877283547127,0.0488536709695459,1,0
Indonesia,2015,0.0861500818816125,0.0616887200462654,0.0476115870651696,1,0
Indonesia,2016,0.0955692264353516,0.0346507147550845,0.0491050591829029,1,0
Indonesia,2017,0.0795089783045526,0.0373805458615823,0.0494545710342002,1,0
Indonesia,2018,0.0610037416942432,0.0314826549084079,0.0504487074501192,1,0
Indonesia,2019,0.0633541157685328,0.029855696119692,0.0489738394949696,1,0
Indonesia,2020,0.1180821986538021,0.019016389593367,-0.0208714189097882,1,0
Indonesia,2021,0.1307337933230314,0.0154803470378537,0.0363597555552885,1,0
Indonesia,2022,0.080241880645687,0.0412327706568094,0.0517115805468506,1,0
Indonesia,2023,0.0344045912395358,0.0360366739820445,0.0492569439570829,1,0
Indonesia,2024,0.0464970985441013,0.0215805824257611,0.0490791195053468,1,0
"Iran, Islamic Rep.",1991,0.2277348000123886,0.1581020168036444,0.1197025117709422,1,0
"Iran, Islamic Rep.",1992,0.2181850323559295,0.2295845444404491,0.0324476538341897,1,0
"Iran, Islamic Rep.",1993,0.2642959319306364,0.1922935933090441,-0.0148193814344423,1,0
"Iran, Islamic Rep.",1994,0.2874000105047685,0.2734337587989395,-0.0171287237793471,1,0
"Iran, Islamic Rep.",1995,0.263085116706204,0.4031690464834503,0.0237267272703647,1,0
"Iran, Islamic Rep.",1996,0.2810928584184076,0.2541563950845318,0.0615703017553421,1,0
"Iran, Islamic Rep.",1997,0.2125449414563647,0.1599841385357558,0.0134136264611157,1,0
"Iran, Islamic Rep.",1998,0.1855200062394928,0.1643793386737804,0.0205867490107252,1,0
"Iran, Islamic Rep.",1999,0.1947382642926527,0.1829106150541202,0.0198290605991147,1,0
"Iran, Islamic Rep.",2000,0.3028428379812098,0.135201571139564,0.0568105572828123,1,0
"Iran, Islamic Rep.",2001,0.25705649162186,0.1068276630694304,0.0236400853371527,1,0
"Iran, Islamic Rep.",2002,0.2500833417917647,0.1339707163138412,0.0776906756265773,1,0
"Iran, Islamic Rep.",2003,0.2410862203292438,0.1524464709834809,0.0828630197491655,1,0
"Iran, Islamic Rep.",2004,0.2521694972774,0.1376859515798512,0.0424526576598509,1,0
"Iran, Islamic Rep.",2005,0.2840346091922541,0.1260432085988529,0.0313998645747695,1,0
"Iran, Islamic Rep.",2006,0.3100600605998878,0.0954546989172304,0.0487882142800302,1,0
"Iran, Islamic Rep.",2007,0.2918943903068438,0.1599143845440069,0.0784023493927819,1,0
"Iran, Islamic Rep.",2008,0.1122291354794668,0.226422242775909,0.0025054243365865,1,0
"Iran, Islamic Rep.",2009,0.2392813754041753,0.1270867753640532,0.0100234515253809,1,0
"Iran, Islamic Rep.",2010,0.2197880255013373,0.0961222402557675,0.0563608464947797,1,0
"Iran, Islamic Rep.",2011,0.1836996804490667,0.2334374720354866,0.0261132412444702,1,0
"Iran, Islamic Rep.",2012,0.2925122844044594,0.2410370061178,-0.0381918251859509,1,0
"Iran, Islamic Rep.",2013,0.23142461019102,0.3119089828570622,-0.0153368018457555,1,0
"Iran, Islamic Rep.",2014,0.3008342696314798,0.1536352890569174,0.0486451542950057,1,0
"Iran, Islamic Rep.",2015,0.218075772535343,0.1176468624843796,-0.0143513389856693,1,0
"Iran, Islamic Rep.",2016,0.2465398277568908,0.0699497181321024,0.0844798028145206,1,0
Iraq,2005,0.0363954159583634,0.3145149363878428,0.0166135144957415,1,0
Iraq,2006,0.2911800254086181,0.4267761586743193,0.0548508008966734,1,0
Iraq,2007,0.3155788619724831,-0.1061107145077153,0.0187092784594824,1,0
Iraq,2008,0.3016964307649274,0.1192295696052578,0.0790709165959597,1,0
Iraq,2009,0.2366834078988446,0.0664767865381419,0.0332345538615612,1,0
Iraq,2010,0.271600513624147,0.0283711774180455,0.062059496312294,1,0
Iraq,2011,0.1880923310952234,0.0563940892096717,0.0727528584056393,1,0
Iraq,2012,0.0408484865606304,0.0591090873005306,0.1304704768181537,1,0
Iraq,2013,0.1481360570928096,0.0186205368190623,0.0735133075177785,1,0
Iraq,2014,0.0381063290912422,0.0221134267047089,0.0223844696634465,1,0
Iraq,2015,-0.0954056414646089,0.0138371267512313,0.0257336941782391,1,0
Iraq,2016,0.0679039435533752,0.00554978538407,0.1291613718915449,1,0
Iraq,2017,0.026083001708784,0.0018388971802014,-0.0183651145948999,1,0
Iraq,2018,0.0269201750038732,0.0036676807180269,0.0259976240197978,1,0
Iraq,2019,0.0810213196526561,-0.0019916357907785,0.0536714747401134,1,0
Iraq,2020,0.1477075987310954,0.0057252064780328,-0.1282515622703073,1,0
Iraq,2021,0.1541173784086282,0.0586637819489741,0.0149100970858206,1,0
Iraq,2022,0.1848691849532215,0.0487403149632728,0.0765817845045155,1,0
Iraq,2023,0.07266553501249,0.0426604971427169,0.005163700373572,1,0
Iraq,2024,-0.0391742392472806,-0.1312138944841647,-0.015573154368397,1,0
Israel,1991,0.1631887440371429,0.1748678453124834,0.0744218489097754,1,1
Israel,1992,0.2348212448533715,0.1139118360303643,0.0747295367009037,1,1
Israel,1993,0.1985748067988915,0.1033132875240783,0.0403427407250838,1,1
Israel,1994,0.2198853369376792,0.115589974751245,0.0716492295485764,1,1
Israel,1995,0.1961722832008874,0.094709089236229,0.0639407612281104,1,1
Israel,1996,0.2230223617971773,0.1084822485235132,0.0567530283999495,1,1
Israel,1997,0.1393654630862322,0.0857647103757059,0.0354863076582923,1,1
Israel,1998,0.1794218195373496,0.0534341613728406,0.0402967106216713,1,1
Israel,1999,0.1444348116192877,0.050595719772442,0.0324408568449783,1,1
Israel,2000,0.0771521608822567,0.0102734114292442,0.0823362854787639,1,1
Israel,2001,0.0825960038284456,0.0111676924506092,0.0027754182264807,1,1
Israel,2002,0.1047641608350637,0.0564025061079123,-0.0013416259242973,1,1
Israel,2003,-0.0006679878272137,0.007051386603603,0.0143865918666428,1,1
Israel,2004,0.0698152648022762,-0.0042248625218128,0.0454311713879285,1,1
Israel,2005,0.0956012147721381,0.0133179538539733,0.0429425177767619,1,1
Israel,2006,0.0671435879066173,0.0203326745009899,0.054503592187924,1,1
Israel,2007,-0.2285284895149715,0.0046514350130397,0.0613147319179994,1,1
Israel,2008,0.1179505749455991,0.0442795078795441,0.0317127526673068,1,1
Israel,2009,0.0562767098254575,0.0331216049325009,0.0123013432467615,1,1
Israel,2010,0.0308458731780945,0.0266682470821626,0.0538662148079325,1,1
Israel,2011,0.1093592582820797,0.0342890734786296,0.0537189142220491,1,1
Israel,2012,0.0611005895819047,0.0166165488745999,0.0241770491485553,1,1
Israel,2013,0.0818263658965214,0.0157725908737971,0.0400445005393947,1,1
Israel,2014,0.1117691008043628,0.0046646759817265,0.0370628908835506,1,1
Israel,2015,0.0412955191837056,-0.0061925601597758,0.022129361240605,1,1
Israel,2016,0.0559784779518715,-0.0053660535046429,0.0436319569739396,1,1
Israel,2017,0.0507534526637272,0.0024949633899975,0.0425510380663887,1,1
Israel,2018,0.0412095581003377,0.0080183705669529,0.0392581991994198,1,1
Israel,2019,0.0724685746916407,0.0081432132596255,0.0364331423267607,1,1
Israel,2020,0.1994941762160245,-0.0057691558319685,-0.0204232977925045,1,1
Israel,2021,0.1441383177651083,0.0146881465616584,0.0897344280926191,1,1
Israel,2022,0.0558232677296821,0.0431708554322414,0.060749446387053,1,1
Israel,2023,0.0453737852592723,0.0413840064661661,0.0181003998662632,1,1
Israel,2024,0.0779805901953416,0.0302848385944285,0.008681887356154,1,1
Jamaica,1991,0.3874385677268819,0.4125803859105832,0.0472483929608351,1,0
Jamaica,1992,0.4344340913689812,0.5726538106410235,0.0193666744411515,1,0
Jamaica,1993,0.2611917087162396,0.1994240503290596,0.0899970223647024,1,0
Jamaica,1994,0.2514061105120149,0.300574069254615,0.0137390831396579,1,0
Jamaica,1995,0.2467598443486238,0.1815608411599791,0.0232277063607604,1,0
Jamaica,1996,0.2020811897921923,0.2343339573712781,-0.0011379592885809,1,0
Jamaica,1997,0.1518769541830771,0.0921921657804003,-0.0114701298852537,1,0
Jamaica,1998,0.081409739175374,0.0827948812451317,-0.0236223592953663,1,0
Jamaica,1999,0.0876640023913282,0.057837111999579,0.0104222379736214,1,0
Jamaica,2000,-0.0722167652377798,0.0785438948102039,0.0087486541827672,1,0
Jamaica,2001,0.2328671633097094,0.0658056177927735,0.0133596567107296,1,0
Jamaica,2002,0.1342789750184998,0.0683719462884862,0.0197760675504667,1,0
Jamaica,2003,0.1044103755347123,0.0961003813468233,0.0360070702223822,1,0
Jamaica,2004,0.150886785539118,0.1271127327652292,0.0131504042068577,1,0
Jamaica,2005,0.0702760469981029,0.1402215401142879,0.0088982720433214,1,0
Jamaica,2006,0.143899441415062,0.082142631324138,0.0285789567653793,1,0
Jamaica,2007,0.1364196864125659,0.0884212388341154,0.0142179841032969,1,0
Jamaica,2008,0.0502581183389949,0.199038042038266,-0.0081504922269708,1,0
Jamaica,2009,0.0944657086749778,0.0915964377502804,-0.0444253732556063,1,0
Jamaica,2010,0.0543449451261111,0.118765237560888,-0.0146786786977095,1,0
Jamaica,2011,0.0471943865240227,0.0728401216676504,0.0171557575236356,1,0
Jamaica,2012,0.0834179965224599,0.0664801701048363,-0.0061552652585454,1,0
Jamaica,2013,0.1205915184366084,0.0893058330631522,0.0051635062403967,1,0
Jamaica,2014,0.065293370350048,0.0794955936861034,0.0068745397086829,1,0
Jamaica,2015,0.1257244750019523,0.036250366505202,0.0091726733480008,1,0
Jamaica,2016,0.1260248653519049,0.0232381111681219,0.0272302448441266,1,0
Jamaica,2017,0.1066317322332679,0.0428525585681578,0.0226713880028519,1,0
Jamaica,2018,0.0943198922309065,0.0366851823863854,0.0248471819719569,1,0
Jamaica,2019,0.0923182231868509,0.0383077966550482,0.0179325609195046,1,0
Jamaica,2020,0.1695490527972438,0.0509476236831982,-0.0866960002079153,1,0
Jamaica,2021,0.1263905899041759,0.0569735641319484,0.0554789801094592,1,0
Jamaica,2022,0.081774337858846,0.0984830394947637,0.0624047140323433,1,0
Jamaica,2023,0.1128245588216501,0.0627319278547693,0.0270930885467386,1,0
Jamaica,2024,0.0787057383441585,0.0527057689338033,-0.0053647552390607,1,0
Japan,1991,0.0540021485965453,0.0319969778386441,0.0346270750301158,1,1
Japan,1992,0.0323748236786372,0.017449695248759,0.0089655497434826,1,1
Japan,1993,0.0432447732613283,0.0123538351418215,-0.0046027736919853,1,1
Japan,1994,0.0410184423207269,0.0069305090237827,0.0107755662361341,1,1
Japan,1995,0.0399207476985026,-0.0012798090565562,0.0259698416242493,1,1
Japan,1996,0.0373338268751624,0.001365071451632,0.0308576767147563,1,1
Japan,1997,0.0564755882817991,0.0173270615605227,0.0097644594444119,1,1
Japan,1998,0.0308821074207941,0.0065979276393424,-0.0127846818296752,1,1
Japan,1999,0.0276369763733939,-0.0034188067487841,-0.0033448874809671,1,1
Japan,2000,0.0132672458917895,-0.0067887785350126,0.027271212472673,1,1
Japan,2001,-0.189217934591916,-0.0074280750085087,0.0038535995994806,1,1
Japan,2002,0.0091920930161606,-0.0092778466934531,0.0004195369749204,1,1
Japan,2003,0.0053904870458794,-0.0025687144871726,0.0152346166615586,1,1
Japan,2004,0.0061995527111875,-8.573755739327282e-05,0.0216256282901881,1,1
Japan,2005,0.0021364792396525,-0.002833471178337,0.0178782363741198,1,1
Japan,2006,-0.0071596232128641,0.0024904474205831,0.0136301867971759,1,1
Japan,2007,0.0067059333054473,0.000600214380289,0.0147306631886401,1,1
Japan,2008,0.0085615167857113,0.013706424937534,-0.0123184515451164,1,1
Japan,2009,0.0208355125853927,-0.013620709427256,-0.0586172742010226,1,1
Japan,2010,0.0178690609765581,-0.007309078429305,0.0401617886588638,1,1
Japan,2011,0.0287693341315318,-0.0027282745196037,0.0002380668978219,1,1
Japan,2012,0.0215679369200856,-0.000440742217016,0.0136538702082447,1,1
Japan,2013,0.0349157927154806,0.0033447791063494,0.0198526277795885,1,1
Japan,2014,0.0282287724126959,0.0272184610552894,0.0029576768996868,1,1
Japan,2015,0.0295088198720918,0.0079213394909567,0.0154857415344267,1,1
Japan,2016,0.0378028089460684,-0.0012733988732103,0.0075099967058562,1,1
Japan,2017,0.0342738323856153,0.0048303131923779,0.0166145286642311,1,1
Japan,2018,0.0229603159050526,0.0098423507465126,0.0064133009863454,1,1
Japan,2019,0.0204561839584869,0.0046768082572103,-0.0040298007601577,1,1
Japan,2020,0.070988582233376,-0.00024998958507,-0.0425815058389389,1,1
Japan,2021,0.0290196518288468,-0.0023362547130156,0.0266085714987802,1,1
Japan,2022,0.0224469492137089,0.0246702004535803,0.0093758963475849,1,1
Japan,2023,0.0211208062183558,0.0321586590939571,0.0146426197822293,1,1
Japan,2024,0.0007292233351563,0.0270170973334193,0.0010425465771426,1,1
Jordan,1991,0.1467263166991834,0.0783997832293694,0.0159573128812589,1,1
Jordan,1992,0.0328691901626676,0.0391806700974526,0.1340917761026467,1,1
Jordan,1993,0.044080455211553,0.0326285194917317,0.0438923779517637,1,1
Jordan,1994,0.032787534472181,0.0345627300485906,0.0485184767862065,1,1
Jordan,1995,0.0557033192561462,0.0232586533817542,0.0601621567193539,1,1
Jordan,1996,-0.0091399288594971,0.0629862359673101,0.0206554084933436,1,1
Jordan,1997,0.0736395245109022,0.029926542412979,0.032549233074377,1,1
Jordan,1998,0.0612363537485869,0.0304483740926979,0.0296769767194966,1,1
Jordan,1999,0.1441072788956816,0.0060442622663314,0.0333335213861829,1,1
Jordan,2000,0.0734650802838849,0.0066466711163828,0.0415805411905694,1,1
Jordan,2001,0.0779121702306504,0.0175668393281265,0.051357889265045,1,1
Jordan,2002,0.0824162772794316,0.0181639706276728,0.0562272775534573,1,1
Jordan,2003,0.1537053349743047,0.0161685811615832,0.040774001900889,1,1
Jordan,2004,0.0994975174864727,0.0330659287161143,0.0821992812948977,1,1
Jordan,2005,0.1940388718162218,0.0343404137082066,0.0783174801159312,1,1
Jordan,2006,0.1207647255685522,0.0606408538405958,0.0778215529943864,1,1
Jordan,2007,0.1171168416150578,0.0463481982362852,0.0785909154287907,1,1
Jordan,2008,0.1913986440525157,0.1307758709203952,0.0697162159563973,1,1
Jordan,2009,0.2174444102438641,-0.0074181439519458,0.0490159488945884,1,1
Jordan,2010,0.0882249338827954,0.0473178308997068,0.0228844835012722,1,1
Jordan,2011,0.0266205102593168,0.0407814333387301,0.0270038896410191,1,1
Jordan,2012,-0.020632188956398,0.0441626122785754,0.024003184755486,1,1
Jordan,2013,0.1323908585026174,0.04711851195324,0.025764695026389,1,1
Jordan,2014,-0.0425049197329983,0.0285823941574658,0.0332807806641248,1,1
Jordan,2015,0.0726933702192766,-0.0088071832284661,0.024658746584258,1,1
Jordan,2016,0.0425172472209922,-0.0078147604845524,0.0197455751716937,1,1
Jordan,2017,-0.0004458637297588,0.0326984748679324,0.0244350004306248,1,1
Jordan,2018,0.0015632912090737,0.043656160887477,0.0190088899525306,1,1
Jordan,2019,0.0500316155548681,0.0075862916564002,0.0173608326451493,1,1
Jordan,2020,0.0557683865517617,0.0033274015606599,-0.011088772651405,1,1
Jordan,2021,0.0679921715620714,0.0133711442079205,0.0359040999400512,1,1
Jordan,2022,0.05238776969761,0.0414217092695308,0.0261299707946953,1,1
Jordan,2023,0.0206501945364188,0.0206343388113001,0.0284327645457587,1,1
Jordan,2024,0.0591605686239304,0.0154460542650447,0.0245842564374854,1,1
Kazakhstan,1994,1.9109961838052136,2.9843539832155246,-0.1346749033073422,1,0
Kazakhstan,1995,0.7333792903938487,1.0157931988129565,-0.0855578883745273,1,0
Kazakhstan,1996,0.1894547597475302,0.3306161400056417,0.0049875415316691,1,0
Kazakhstan,1997,0.2155652251567588,0.1604852119116184,0.016857117061459,1,0
Kazakhstan,1998,-0.1523696464414854,0.0690252530715476,-0.0191828194109113,1,0
Kazakhstan,1999,0.6117749688292697,0.0796982882457477,0.0266419309254111,1,0
Kazakhstan,2000,0.3712832663167447,0.1238171544581234,0.0934903431068434,1,0
Kazakhstan,2001,0.3379197735606034,0.080234730204769,0.1266326509195821,1,0
Kazakhstan,2002,0.262793124922517,0.0567292755832742,0.0934903430837721,1,0
Kazakhstan,2003,0.2944108600011077,0.0623945191055566,0.088926209197492,1,0
Kazakhstan,2004,0.5295024953684333,0.0665557450771459,0.0916671885383095,1,0
Kazakhstan,2005,0.2244536867583875,0.0730645642689555,0.0925791812860445,1,0
Kazakhstan,2006,0.5769508195440878,0.083621163763941,0.1016536537265011,1,0
Kazakhstan,2007,0.2302702842767878,0.1029792084630925,0.0852598439507694,1,0
Kazakhstan,2008,0.3028098054518651,0.1581987590918832,0.0324671901395454,1,0
Kazakhstan,2009,0.1778791739512435,0.0706082994206243,0.0119285708596272,1,0
Kazakhstan,2010,0.1248349259287877,0.0713943123102636,0.0704584636792944,1,0
Kazakhstan,2011,0.1394526107956935,0.0811458343449142,0.0713899961000983,1,0
Kazakhstan,2012,0.0760489567630102,0.050652083914378,0.0468835858538412,1,0
Kazakhstan,2013,0.0972973354004977,0.0577295052807551,0.0582689080929483,1,0
Kazakhstan,2014,0.0987191391804032,0.0662506462086724,0.0411419433855577,1,0
Kazakhstan,2015,0.2910284728233776,0.0646474451065639,0.0119285708705447,1,0
Kazakhstan,2016,0.1450203480120713,0.1341907497887708,0.0109399400294485,1,0
Kazakhstan,2017,-0.0174383183504005,0.0717871538298435,0.0401817896575558,1,0
Kazakhstan,2018,0.0674231498478228,0.0598117030242004,0.0401817895665317,1,0
Kazakhstan,2019,0.024147065851249,0.0519619002179307,0.0440168854255667,1,0
Kazakhstan,2020,0.1558390905601605,0.0650211035691992,-0.0253178079461342,1,0
Kazakhstan,2021,0.1889198119529744,0.0773449613208603,0.0421011759926983,1,0
Kazakhstan,2022,0.1305258019352599,0.1400042125391554,0.0314986670565353,1,0
Kazakhstan,2023,0.110463529770957,0.1356453048346022,0.0497420918923054,1,0
Kazakhstan,2024,0.1757317735069357,0.0833371663131048,0.0487901641691372,1,0
Kenya,1991,0.178754626000785,0.1830254388064038,0.0142810071677388,1,1
Kenya,1992,0.3294579121410379,0.2416305248709935,-0.0080270704869001,1,1
Kenya,1993,0.2471212928580577,0.3782917766522971,0.0035257497953047,1,1
Kenya,1994,0.2084592419569872,0.2532023406242842,0.0259872329183252,1,1
Kenya,1995,0.2546459244979893,0.0154237221103601,0.0431190329446202,1,1
Kenya,1996,0.2257406276671538,0.0849300137664568,0.0406316333828193,1,1
Kenya,1997,0.1839424345254841,0.1076145788028832,0.0047377781963504,1,1
Kenya,1998,0.0288911194455963,0.0650612267613617,0.0323724491781867,1,1
Kenya,1999,0.0628592544252342,0.0558319893158083,0.0227921600223552,1,1
Kenya,2000,0.0479126147696646,0.0951285738014058,0.0059790437485851,1,1
Kenya,2001,0.0548703377671984,0.0557998071506102,0.0371021869870702,1,1
Kenya,2002,0.094298852763405,0.0194232241298566,0.0054536968256151,1,1
Kenya,2003,0.1114277657325217,0.0936332347885486,0.028903010030703,1,1
Kenya,2004,0.126382963251892,0.1099662130300824,0.0497830023452898,1,1
Kenya,2005,0.0944768469837527,0.0981495844901609,0.0573880115673759,1,1
Kenya,2006,0.1567636035309796,0.1350004872978001,0.0627164963219684,1,1
Kenya,2007,0.1858407336944623,0.093115775953799,0.0662626256085658,1,1
Kenya,2008,0.144523096196643,0.2330132186726317,0.0023201338548162,1,1
Kenya,2009,0.1523546932557202,0.0883233369631639,0.032534369064983,1,1
Kenya,2010,0.2018110198442713,0.0388493835569976,0.0775023168691397,1,1
Kenya,2011,0.1752302577424878,0.1312255350650311,0.0499428911405814,1,1
Kenya,2012,0.1344637817571659,0.0896374844076302,0.0446738907324153,1,1
Kenya,2013,0.1421792369002688,0.0556001952790694,0.0372750561336339,1,1
Kenya,2014,0.2352401922186331,0.0665192612332052,0.0489816791847346,1,1
Kenya,2015,0.1490216335778598,0.0637459035947101,0.0484826990744799,1,1
Kenya,2016,0.0381664108782686,0.0610692245015078,0.0412716572610243,1,1
Kenya,2017,0.0862540929834807,0.0770133515929085,0.0376614035775944,1,1
Kenya,2018,0.0964275648489341,0.0458315677194693,0.0549421201859807,1,1
Kenya,2019,0.0584339660983381,0.0510698300188998,0.049876800781945,1,1
Kenya,2020,0.1246331598346834,0.0526414250046434,-0.0027313901264669,1,1
Kenya,2021,0.0603310795968923,0.0592866545404993,0.0731620700388759,1,1
Kenya,2022,0.0725729331059206,0.0738066516722568,0.047455760371232,1,1
Kenya,2023,0.1812683088495035,0.0739137764588298,0.0556238319748416,1,1
Kenya,2024,0.0100424867569017,0.0439191633448503,0.04616519764404,1,1
"Korea, Rep.",1991,0.1979276566185888,0.0892261686084365,0.1032330194918671,1,1
"Korea, Rep.",1992,0.1392533384994649,0.0602789758623591,0.0615803249496345,1,1
"Korea, Rep.",1993,0.1534138516364862,0.0468930954161681,0.0676092819976048,1,1
"Korea, Rep.",1994,0.1712386250795461,0.0607738765634779,0.0895832282205546,1,1
"Korea, Rep.",1995,0.1449068082643023,0.0438325726003689,0.0929063269596248,1,1
"Korea, Rep.",1996,0.1469339379686403,0.0480712729045169,0.0768724244807934,1,1
"Korea, Rep.",1997,0.1322882024161629,0.0434323303465129,0.0609275656070877,1,1
"Korea, Rep.",1998,0.2392230613908026,0.0724469799340861,-0.0506506561481039,1,1
"Korea, Rep.",1999,0.2419781818932449,0.0080967055790175,0.1099055379817706,1,1
"Korea, Rep.",2000,0.2265439605465431,0.0223402460009314,0.0880278953834725,1,1
"Korea, Rep.",2001,0.616282771061087,0.0398606610254335,0.0461766147103155,1,1
"Korea, Rep.",2002,0.1310273079941453,0.0272479994695125,0.074587847274909,1,1
"Korea, Rep.",2003,0.0293713112869511,0.0345451315082065,0.0302840403410549,1,1
"Korea, Rep.",2004,0.061173365223432,0.0352770141852518,0.0505375590589984,1,1
"Korea, Rep.",2005,0.0675563944314987,0.0271655681901394,0.0426593775621029,1,1
"Korea, Rep.",2006,0.1178982366618939,0.0221756944925104,0.0511208318218621,1,1
"Korea, Rep.",2007,0.1027367573955757,0.0250298612900685,0.0567768842122298,1,1
"Korea, Rep.",2008,0.1129375704062027,0.0456795842358923,0.0296015636262581,1,1
"Korea, Rep.",2009,0.0942728104720487,0.0271918921042662,0.0081651914734059,1,1
"Korea, Rep.",2010,0.0580696097344102,0.0289691772484106,0.0674872448928205,1,1
"Korea, Rep.",2011,0.0533119441776364,0.0394703454960057,0.0362165133326044,1,1
"Korea, Rep.",2012,0.0469452775477634,0.0216349773633695,0.0251575338214742,1,1
"Korea, Rep.",2013,0.0453451065985888,0.0129295277000256,0.0323838948422547,1,1
"Korea, Rep.",2014,0.0782980457042796,0.0126671761321368,0.0316409069121021,1,1
"Korea, Rep.",2015,0.0787256701732417,0.0070384893411965,0.0287846451156603,1,1
"Korea, Rep.",2016,0.0688089773929689,0.0096699523420014,0.0312227325766656,1,1
"Korea, Rep.",2017,0.04978719934509,0.0192567166264439,0.0337557280956701,1,1
"Korea, Rep.",2018,0.0650269065285655,0.0146505481983707,0.0312672030815264,1,1
"Korea, Rep.",2019,0.0760067466287779,0.0038226872481601,0.0228743958156556,1,1
"Korea, Rep.",2020,0.0937067330031808,0.0053584978068217,-0.0070270551971596,1,1
"Korea, Rep.",2021,0.1216292964202097,0.0246763522955717,0.045097334579129,1,1
"Korea, Rep.",2022,0.0392208071233355,0.0496423119467239,0.0269102938344651,1,1
"Korea, Rep.",2023,0.0381936583622817,0.0353425899672172,0.0157061567752663,1,1
"Korea, Rep.",2024,0.0634573928908963,0.0229520087295718,0.0198380288106179,1,1
Kosovo,2009,0.1029392575469394,-0.024397862203811,0.0491220532633818,1,1
Kosovo,2010,0.1267383787719715,0.0342130769744351,0.0482181049520278,1,1
Kosovo,2011,0.0843446938652654,0.0707978069332702,0.0612814435109392,1,1
Kosovo,2012,0.0688115151391102,0.0244656387514687,0.0169770308096737,1,1
Kosovo,2013,0.1584792810000159,0.017518887070457,0.052030614131052,1,1
Kosovo,2014,-0.039939771948358,0.0042804040689148,0.0329395353347052,1,1
Kosovo,2015,0.0580250657813969,-0.0053837603924193,0.0574783247844763,1,1
Kosovo,2016,0.0851158479893179,0.0027279700144342,0.0542208678090396,1,1
Kosovo,2017,0.0616242767099279,0.014772687606479,0.0471283617878413,1,1
Kosovo,2018,0.0773836177203293,0.0104828399019867,0.0334989159108864,1,1
Kosovo,2019,0.1184135284098104,0.0264081356184062,0.0464712926168751,1,1
Kosovo,2020,0.1425047975974394,0.0019803171070389,-0.0548815717008039,1,1
Kosovo,2021,0.1131715355231754,0.0329868168901272,0.1020659994316517,1,1
Kosovo,2022,0.1104509084820364,0.1095762112010536,0.0418950086340963,1,1
Kosovo,2023,0.1068428546960049,0.0482597796157717,0.0398707615795181,1,1
Kosovo,2024,0.1168380354233384,0.0160647673070508,0.0447161353163068,1,1
Kuwait,1992,0.006923308427801,-0.005469643402054,0.6032735057902272,1,1
Kuwait,1993,0.0542887210855127,0.0038181153635816,0.2925984737898837,1,1
Kuwait,1994,0.0527391336732492,0.0250285099432989,0.0809914787837478,1,1
Kuwait,1995,0.0895786837658967,0.0265126875980223,0.0474396455059498,1,1
Kuwait,1996,-0.005970491769542,0.0349228916665298,0.0060330361721483,1,1
Kuwait,1997,0.0381530060445101,0.0067987503781319,0.0244323373367372,1,1
Kuwait,1998,-0.0078431774610265,0.0012957430390292,0.0359659483786245,1,1
Kuwait,1999,0.0159509765505667,0.0294695784479355,-0.018052053514868,1,1
Kuwait,2000,0.0612771523867508,0.0179670823301547,0.0458771814642879,1,1
Kuwait,2001,0.1204930998228377,0.0129162252665455,0.0021310534567255,1,1
Kuwait,2002,0.0464460063492389,0.0088452665149656,0.0296974640054479,1,1
Kuwait,2003,0.0753502611400662,0.0095675872552112,0.1597863730124551,1,1
Kuwait,2004,0.1163990079363834,0.0124083414960569,0.0974923249985266,1,1
Kuwait,2005,0.1132373218134112,0.0405945366822608,0.1008316808052853,1,1
Kuwait,2006,0.1960506093555061,0.0301121771758277,0.0724580753959642,1,1
Kuwait,2007,0.1747161038873059,0.053398101138252,0.0581894286504045,1,1
Kuwait,2008,0.1464477512787141,0.1005935598349978,0.0244950998448949,1,1
Kuwait,2009,0.1259209968791559,0.0450650964685799,-0.0733888385079133,1,1
Kuwait,2010,0.029229350216493,0.0439824626013294,-0.0239909762483847,1,1
Kuwait,2011,0.0791879148471039,0.0472595028163418,0.0919284153095567,1,1
Kuwait,2012,0.062653739076623,0.0320328848325877,0.0641560247212993,1,1
Kuwait,2013,0.0931218575627497,0.0264695386860713,0.0114290936552592,1,1
Kuwait,2014,0.0362435833372742,0.0286742045818018,0.0049966426581313,1,1
Kuwait,2015,0.0182416799328741,0.0321932093450874,0.0059102084316116,1,1
Kuwait,2016,0.0338088766158897,0.0314831414212513,0.0288408342978598,1,1
Kuwait,2017,0.0372564211926231,0.0214858469955627,-0.0482686385895547,1,1
Kuwait,2018,0.0397717629742295,0.0054166349914881,0.0270637548222509,1,1
Kuwait,2019,-0.0147878314582357,0.0108593040134401,0.0223857300349727,1,1
Kuwait,2020,-0.0763366090504256,0.0207994787870786,-0.0493721507958646,1,1
Kuwait,2021,0.0372262911659753,0.0336632748922491,0.0165830435537763,1,1
Kuwait,2022,0.0625310841155624,0.0390346344946328,0.0654006536413867,1,1
Kuwait,2023,0.0100307320674772,0.0357740497493752,-0.016812602875099,1,1
Kuwait,2024,0.0422530373238743,0.0285733724440557,-0.0259345211863788,1,1
Kyrgyz Republic,1996,0.1380276410759684,0.2772327003412971,0.0684480788044439,1,1
Kyrgyz Republic,1997,0.2789998041961432,0.2105479819260436,0.0945394637472567,1,1
Kyrgyz Republic,1998,0.1615145907915831,0.0994595826100752,0.0209963780679736,1,1
Kyrgyz Republic,1999,0.2902463812885294,0.3150364504015064,0.0359055066136164,1,1
Kyrgyz Republic,2000,0.110847447398747,0.1714353016555931,0.0530035291144628,1,1
Kyrgyz Republic,2001,0.1071705083054261,0.066907711397024,0.0518485436212543,1,1
Kyrgyz Republic,2002,0.2917617886316286,0.0211175453839396,-0.0001732611392064,1,1
Kyrgyz Republic,2003,0.2879148651316292,0.0293122956656017,0.0679417223981779,1,1
Kyrgyz Republic,2004,0.2781620762284653,0.0402840980133074,0.0679092004940251,1,1
Kyrgyz Republic,2005,0.094396268159496,0.0424719022906145,-0.0017566961279591,1,1
Kyrgyz Republic,2006,0.4066515065318405,0.0540347049359706,0.0305573204688727,1,1
Kyrgyz Republic,2007,0.3030674545702005,0.0973998428101392,0.0819750681548718,1,1
Kyrgyz Republic,2008,0.0746345836886703,0.2192969821308352,0.0806728111038772,1,1
Kyrgyz Republic,2009,0.2006785410328611,0.0661300272794305,0.0284542562938163,1,1
Kyrgyz Republic,2010,0.1918190283647369,0.0766621284643056,-0.0047268197996537,1,1
Kyrgyz Republic,2011,0.1389631529462072,0.1538905854898011,0.0578563163870207,1,1
Kyrgyz Republic,2012,0.2137344591834775,0.0273081390234652,-0.0008818907497989,1,1
Kyrgyz Republic,2013,0.2050960832162722,0.0640423232728348,0.1035981887468331,1,1
Kyrgyz Republic,2014,0.0297737557792707,0.0726391903579903,0.0394518271254717,1,1
Kyrgyz Republic,2015,0.1389178877062384,0.0630059572668955,0.0380260136794063,1,1
Kyrgyz Republic,2016,0.1361287602113421,0.0038808427477565,0.0424448937568513,1,1
Kyrgyz Republic,2017,0.1647400055613666,0.0312593929297815,0.0463103035101859,1,1
Kyrgyz Republic,2018,0.053756367896284,0.0153088340640081,0.0368902124869912,1,1
Kyrgyz Republic,2019,0.1207430848147765,0.0112724522790665,0.0449793470500452,1,1
Kyrgyz Republic,2020,0.2141479465827132,0.0613342331675017,-0.0741738866967409,1,1
Kyrgyz Republic,2021,0.1749338016661532,0.1124804669082042,0.0536071877241965,1,1
Kyrgyz Republic,2022,0.2669055054227911,0.1303517995992811,0.0858795343678231,1,1
Lao PDR,1991,0.1461184561633857,0.1261176147263845,0.0420682286024494,1,0
Lao PDR,1992,0.3988107782964434,0.0940778723699546,0.054107978243465,1,0
Lao PDR,1993,0.4982809441260833,0.0607867020001697,0.0574436295084623,1,0
Lao PDR,1994,0.2771117342599183,0.065642418988723,0.0784323520486545,1,0
Lao PDR,1995,0.1518809145680393,0.1789318096526877,0.0679507023097016,1,0
Lao PDR,1996,0.2369008942792447,0.1224336774941552,0.0669885523116917,1,0
Lao PDR,1997,0.5053847869743251,0.2430156855997809,0.066462524722624,1,0
Lao PDR,1998,0.7574532239377412,0.6470023708051693,0.0389092039852734,1,0
Lao PDR,1999,0.5786517186507076,0.8121389449616778,0.0705178847291456,1,0
Lao PDR,2000,0.3787145197650154,0.2238204535892172,0.0563688241885884,1,0
Lao PDR,2001,0.1285372370065971,0.0752170021824079,0.0559209924148333,1,0
Lao PDR,2002,0.3191733048473395,0.1010332683040662,0.0575020451380545,1,0
Lao PDR,2003,0.1829446980122497,0.1440081572428955,0.058900805636977,1,0
Lao PDR,2004,0.1958654362431815,0.0995037991092795,0.0616377129846554,1,0
Lao PDR,2005,0.0757212383895478,0.0692034135830947,0.0686634553377949,1,0
Lao PDR,2006,0.2368178532415861,0.0634028238887189,0.0826786110105182,1,0
Lao PDR,2007,0.3272722196766437,0.045565663380449,0.073220989191423,1,0
Lao PDR,2008,0.1681431699911435,0.0735181663846882,0.075338454744994,1,0
Lao PDR,2009,0.2807064548239495,0.0014108809889767,0.072337172255029,1,0
Lao PDR,2010,0.3302311146404584,0.0581042267864546,0.0818279333700466,1,0
Lesotho,1991,0.0974679103813862,0.1627827469376375,0.0673465184208481,1,1
Lesotho,1992,0.1006123181909579,0.1587843862886773,0.0672507611308823,1,1
Lesotho,1993,0.2014990492411676,0.1234174504282394,0.0344957812764334,1,1
Lesotho,1994,0.1033624195365057,0.0789473876167354,0.0580790177880601,1,1
Lesotho,1995,0.0935868154669918,0.0886593239344151,0.0323794624050073,1,1
Lesotho,1996,0.1582723924636937,0.0892035228466365,0.0544601172640142,1,1
Lesotho,2000,0.0136484828366469,0.0595131845138343,0.038023330959632,1,1
Lesotho,2001,0.1583385004517978,-0.1011046241429607,0.034996243343297,1,1
Lesotho,2002,0.0843916215550706,0.2912699657936866,0.0072122894719655,1,1
Lesotho,2003,0.0580862583999,0.0641868677972912,0.0445887521458523,1,1
Lesotho,2004,0.0332542445683792,0.0490131934504853,0.0167821307111211,1,1
Lesotho,2005,0.0874211282905683,0.0338010941922171,0.0340740516630511,1,1
Lesotho,2006,0.3023694321113304,0.0589546993054677,0.0414307233965374,1,1
Lesotho,2007,0.1514355694069351,0.0770761890474078,0.0410259490759976,1,1
Lesotho,2008,0.1794195702719747,0.1017951625119293,0.0537627296838145,1,1
Lesotho,2009,0.0768622378414676,-0.1846405361982199,-0.0126168365937928,1,1
Lesotho,2010,0.2018479176135059,-0.0243464086222537,0.0513551648888821,1,1
Lesotho,2011,0.031482057552111,0.0491389654361107,0.0451302744149622,1,1
Lesotho,2012,0.0708617445323511,0.0587540415729916,0.0614156852836238,1,1
Lesotho,2013,0.1919731595296632,0.0475047573876477,0.0177664926012646,1,1
Lesotho,2014,0.0387498909015668,0.0523105281256457,0.0169608472364544,1,1
Lesotho,2015,0.1183006558718986,0.0316773830321261,0.0307626092240695,1,1
Lesotho,2016,-0.0495957330164031,0.0638805382170817,0.0354531181035326,1,1
Lesotho,2017,0.2273433090244125,0.0435162756710214,-0.0318847069164647,1,1
Lesotho,2018,0.1016001530341057,0.0464235852316292,-0.0149170394563888,1,1
Lesotho,2019,-0.094255107651378,0.0505703272335766,-0.0142814342469215,1,1
Lesotho,2020,0.1580188575978987,0.0485815401472713,-0.0850782414781363,1,1
Liberia,2002,-0.1916777151367483,0.1324276951262382,0.0369394362591251,1,1
Liberia,2003,0.1297803384257854,0.0983083002525018,-0.3587504209367189,1,1
Liberia,2004,0.4547945368600672,0.0753772602914732,0.0258611675617821,1,1
Liberia,2005,0.2539886459818312,0.1028666381620864,0.0514647979843445,1,1
Liberia,2006,0.2808987854980032,0.0708446526540589,0.0773675323212899,1,1
Liberia,2007,0.2209726051054055,0.1078843981116923,0.0910764608216467,1,1
Liberia,2008,0.3198521040078859,0.1611783447809323,0.0690193216662145,1,1
Liberia,2009,0.2284225485549313,0.0716473471324521,0.0516483661198172,1,1
Liberia,2010,0.2501670674224492,0.0703645912921047,0.0592102125055262,1,1
Liberia,2011,0.263438291930786,0.0814709259163919,0.0788182804450237,1,1
Liberia,2012,0.0217828176970797,0.0660853276607946,0.0769037658436495,1,1
Liberia,2013,0.2041238761690884,0.0730395363125007,0.0833046538889377,1,1
Liberia,2014,-0.0828728998528305,0.0940467716379469,0.0069894478044609,1,1
Liberia,2015,0.0835162655179466,0.0746314489663806,-0.0001856669306263,1,1
Liberia,2016,-0.0847916060146332,0.0846558845918181,-0.0156717490326343,1,1
Liberia,2017,0.1010998045218514,0.1170684016170886,0.0242550136395962,1,1
Liberia,2018,0.0298746179791606,0.2115851285286307,0.0115092648074437,1,1
Liberia,2019,-0.0768788694974027,0.2387513220563972,-0.024982455352827,1,1
Liberia,2020,0.0237518073939924,0.1566252511168722,-0.0302787214691129,1,1
Liberia,2021,0.1252206094557664,0.0752521174851983,0.0486636117316869,1,1
Liberia,2022,0.2882499603156496,0.0731852631978862,0.0469609223444429,1,1
Liberia,2023,0.2331719758860302,0.0961684801460478,0.0457737802886697,1,1
Libya,1991,-0.0109371078790836,0.1124005341823091,0.1454425741878466,1,1
Libya,1992,0.1526678804719985,0.0894727349320767,-0.0274973515111973,1,1
Libya,1993,0.0577487907143243,0.1050224379643527,-0.038358288638328,1,1
Libya,1994,0.1310344210842728,0.0498619601094105,0.0191630771609858,1,1
Libya,1995,0.0912759676687642,0.0698803370594465,-0.0224542908025604,1,1
Libya,1996,0.0102143782826473,0.0394906551173974,0.0211166968646594,1,1
Libya,1997,-0.0377443574868756,0.0348872590004409,0.0508135540335601,1,1
Libya,1998,0.0373484931001861,0.0364213484215794,-0.0361687205971605,1,1
Libya,1999,0.0714067592141525,0.0261415382242047,0.0074686327744579,1,1
Libya,2000,0.0305813985075928,-0.0294288106908151,0.0361320096331674,1,1
Libya,2001,0.0422532819457508,-0.0922681242867069,-0.0177856193055134,1,1
Libya,2002,0.0592698649625091,-0.1031146734373873,-0.0096352435601616,1,1
Libya,2003,0.0629803302488198,-0.0221551418725791,0.1223595452011103,1,1
Libya,2004,0.1290059847097566,-0.0222207395281301,0.0436497270796856,1,1
Libya,2005,0.2546883536464008,0.0261569619689145,0.1121740593634363,1,1
Libya,2006,0.1317168979226508,0.0144872389692203,0.0629797326665233,1,1
Libya,2007,0.3223955726233285,0.0606339189961389,0.0604362067556039,1,1
Libya,2008,0.4000648707706737,0.0985841680465018,-0.0016217967897524,1,1
Libya,2009,0.1605264146217671,0.0243013190313687,-0.0449992672202235,1,1
Libya,2010,-0.0057498473458785,0.0276141456423024,0.0490496321463957,1,1
Libya,2011,0.2151148325794523,0.1442603444349561,-0.6999405058012904,1,1
Libya,2012,0.1185173423894347,0.0588329369691251,0.6250115224868864,1,1
Libya,2013,0.0610428774872815,0.0257244510589425,-0.1984260801860848,1,1
Libya,2014,-0.0033927615514599,0.024038168400601,-0.2619208385621689,1,1
Libya,2015,0.1178456551927666,0.098960720816815,-0.0084622667163927,1,1
Libya,2016,0.1994546158509358,0.2299513194852842,-0.0150216736862098,1,1
Libya,2017,0.2211253004162507,0.2295519216072969,0.2813505872318309,1,1
Libya,2018,-0.0063070046706918,0.1237227282930071,0.0764180034670296,1,1
Libya,2019,-0.0187113444592093,-0.0218589642224937,-0.118739425311265,1,1
Libya,2020,0.141327680677918,0.0143666691127561,-0.3489235881587973,1,1
Libya,2021,-0.2264460982181546,0.0282796376389455,0.2491986097373306,1,1
"Macao SAR, China",1991,0.314008882550894,0.0913831852385587,0.0359402387502001,1,1
"Macao SAR, China",1992,0.191444566347652,0.0743086533633006,0.1248597546015481,1,1
"Macao SAR, China",1993,0.0668324804953428,0.0649061303832025,0.0505622956524831,1,1
"Macao SAR, China",1994,0.1195920056285118,0.0606440936466485,0.0416559659959467,1,1
"Macao SAR, China",1995,0.1261500771640662,0.082120541724306,0.0324296701426085,1,1
"Macao SAR, China",1996,0.0680363992571173,0.0470981312777158,-0.0042074529945139,1,1
"Macao SAR, China",1997,0.0505000390927712,0.0343138591287024,-0.0027937608435699,1,1
"Macao SAR, China",1998,0.0307904411838855,0.0017248154958515,-0.0467887542249982,1,1
"Macao SAR, China",1999,0.0656259744439466,-0.0325661934758443,-0.0238685216048217,1,1
"Macao SAR, China",2000,-0.0137833361149724,-0.0162281555031471,0.0558806427774847,1,1
"Macao SAR, China",2001,0.0752017019566153,-0.0200460878117336,0.0284731656417633,1,1
"Macao SAR, China",2002,0.0778237531754726,-0.0267292343283749,0.0853040032055929,1,1
"Macao SAR, China",2003,0.1156320187612642,-0.0157478697221673,0.1101392754500345,1,1
"Macao SAR, China",2004,0.0850116082850824,0.0097595052415684,0.2361535469570199,1,1
"Macao SAR, China",2005,0.1147975236859615,0.0430201481057128,0.0776825335713731,1,1
"Macao SAR, China",2006,0.2192268226102776,0.0502174629747251,0.1256821658142328,1,1
"Macao SAR, China",2007,0.0938964851324115,0.0542182330494815,0.1352454349272598,1,1
"Macao SAR, China",2008,0.0226464728908695,0.0826026766446474,0.0333623905604802,1,1
"Macao SAR, China",2009,0.1117661969833356,0.0116228616364013,0.0129002277925955,1,1
"Macao SAR, China",2010,0.135596787667712,0.0277073069573035,0.2239680715015666,1,1
"Macao SAR, China",2011,0.2036893265192247,0.0564393691878866,0.1957502078235791,1,1
"Macao SAR, China",2012,0.2297696929275545,0.0592815017248398,0.0881708901240792,1,1
"Macao SAR, China",2013,0.1632333396073733,0.0535462436124092,0.1023911518887992,1,1
"Macao SAR, China",2014,0.0992570763204767,0.0587238472738524,-0.0205981148646401,1,1
"Macao SAR, China",2015,-0.030498610339837,0.044596271418583,-0.24531257673355,1,1
"Macao SAR, China",2016,0.1188026652762772,0.0234133312154503,-0.0070398236382409,1,1
"Macao SAR, China",2017,0.1050670899823771,0.0122064377954931,0.0945695278178462,1,1
"Macao SAR, China",2018,0.096600225389114,0.0296021307365386,0.0616515795446872,1,1
"Macao SAR, China",2019,0.0538879572097137,0.0271474585549515,-0.0249169591110778,1,1
"Macao SAR, China",2020,0.0070119770215235,0.0080813627613656,-0.7853083604096547,1,1
"Macao SAR, China",2021,-0.006983623363002,0.0002645086615515,0.2026322413008046,1,1
"Macao SAR, China",2022,0.0429464571557431,0.0103960535208873,-0.2101895860700047,1,1
"Macao SAR, China",2023,0.0109041503317648,0.0047525337574709,0.561376627771434,1,1
"Macao SAR, China",2024,0.0754422123090172,0.00670247414181,0.0755674971796764,1,1
Madagascar,1991,0.2708450615659181,0.0824335176075643,-0.0651397855127982,1,1
Madagascar,1992,0.2009801931431809,0.1355127412725747,0.0117396691139113,1,1
Madagascar,1993,0.2168875617835439,0.0953861878612154,0.0207817867934956,1,1
Madagascar,1994,0.4223233530027563,0.3288848889224032,-0.0004211016770874,1,1
Madagascar,1995,0.1502782510061493,0.3993142976579173,0.0166465965919542,1,1
Madagascar,1996,0.1480211265093949,0.1802891139804421,0.0213132942106994,1,1
Madagascar,1997,0.1891144009280232,0.0438865670441148,0.0362691752718227,1,1
Madagascar,1998,0.0600849510488785,0.0602294010129389,0.0384230355273658,1,1
Madagascar,1999,0.1754632439282311,0.0946693744732374,0.0459215492136344,1,1
Madagascar,2000,0.1583145776920709,0.1120750829117236,0.0436039670635572,1,1
Madagascar,2001,0.2137240992279032,0.0761917160712526,0.0580824357374503,1,1
Madagascar,2002,0.0765619336984926,0.1527084305563231,-0.1324801865411764,1,1
Madagascar,2003,0.0844692845647898,-0.0171869002158859,0.0933527391280151,1,1
Madagascar,2004,0.2249327522185886,0.1306404837503385,0.0512348270882014,1,1
Madagascar,2005,0.0222169543265948,0.1685929546995477,0.0464621716868798,1,1
Madagascar,2006,0.2693835268912892,0.1022464062478514,0.0525782986768845,1,1
Madagascar,2007,0.1931637940640485,0.0979246347617079,0.0555346470107664,1,1
Madagascar,2008,0.1154409078283542,0.0888942635223006,0.0649693583682236,1,1
Madagascar,2009,0.0963385614746208,0.0857575898796447,-0.0406002338157094,1,1
Madagascar,2010,0.1111547158496328,0.0884441326888607,0.0061733033381479,1,1
Madagascar,2011,0.1564775646141996,0.09059490293735,0.015660994461669,1,1
Madagascar,2012,0.0729808054582434,0.0555656760020006,0.0296670305226278,1,1
Madagascar,2013,0.0358274224246564,0.0566301079536559,0.0227431646558642,1,1
Madagascar,2014,0.1023609727943046,0.0590271876411874,0.0328466255189106,1,1
Madagascar,2015,0.1529549335501805,0.0714290245803663,0.0308424253739154,1,1
Madagascar,2016,0.1695675235933791,0.0586061963448436,0.0391548077315206,1,1
Madagascar,2017,0.1663523774041628,0.0825845583174889,0.0385792343211441,1,1
Madagascar,2018,0.112944109286996,0.0824480855577398,0.0314439806556059,1,1
Madagascar,2019,0.0674549047017443,0.0545877486506167,0.0431670711167768,1,1
Madagascar,2020,0.1047958283880561,0.0411591516466929,-0.074052129627578,1,1
Madagascar,2021,0.1038138871034455,0.0564961224589311,0.045457793525145,1,1
Madagascar,2022,0.1287817270475031,0.07844688413115,0.0407205280977933,1,1
Madagascar,2023,0.0790610772571156,0.0941670425850418,0.0411711766697813,1,1
Madagascar,2024,0.1305837183466458,0.0733745975580042,0.0411419433300821,1,1
Malawi,1991,0.2266442990256898,0.1188075363019752,0.0836996905592428,1,0
Malawi,1992,0.1466435293529109,0.2131041489204518,-0.0761575300823942,1,0
Malawi,1993,0.3354644857376279,0.2051645756607767,0.0925047992663614,1,0
Malawi,1994,0.3114837493720657,0.2975059310811818,-0.1080327686322171,1,0
Malawi,1995,0.4461323730248736,0.6060945741077337,0.1546832576997019,1,0
Malawi,1996,0.3361757418864215,0.3191956014901138,0.0706139201781752,1,0
Malawi,1997,0.020532376986587,0.0874370170007203,0.0372227482957612,1,0
Malawi,1998,0.5173777125012968,0.2604289412665119,0.0382130277558125,1,0
Malawi,1999,0.2467799140447972,0.3702120524323677,0.0299691853696515,1,0
Malawi,2000,0.3752270384910616,0.259139751795717,0.0156378649967265,1,0
Malawi,2001,0.2129142600848084,0.2045721657287744,-0.0510297882549188,1,0
Malawi,2002,0.2039781016004447,0.137538904649479,0.0168571173691098,1,0
Malawi,2003,0.2427504955757911,0.0914554678407868,0.0554880583946264,1,0
Malawi,2004,0.2600652549355295,0.1082246648038305,0.0527869051199054,1,0
Malawi,2005,0.1505413829433486,0.1433238058398105,0.0321643952501027,1,0
Malawi,2006,0.1520129429057846,0.1308027488646876,0.0459289296347869,1,0
Malawi,2007,0.3118260281161298,0.0765184423578144,0.0916671874020522,1,0
Malawi,2008,0.4863703247914728,0.083537533950146,0.073619690958715,1,0
Malawi,2009,0.2201491806932125,0.0808612428311352,0.0799944897640294,1,0
Malawi,2010,0.2862491004311565,0.0714979132507274,0.066481000684778,1,0
Malawi,2011,0.3049560538335072,0.0734625454609352,0.0481487203753623,1,0
Malawi,2012,0.2065196177224386,0.192859709906636,0.0188217542477424,1,0
Malawi,2013,0.3006304933654924,0.2412453866781945,0.0526906426242348,1,0
Malawi,2014,0.1658999389674775,0.2134330764647956,0.054727455908953,1,0
Malawi,2015,0.2469888071562493,0.1977629520601711,0.0276151670333,1,0
Malawi,2016,0.1518514122651417,0.1964801263001403,0.0246926125820117,1,0
Malawi,2017,0.1598447653684438,0.1092435123289154,0.0392207131618533,1,0
Malawi,2018,0.1064938574753071,0.1170732559016158,0.0426146081034524,1,0
Malawi,2019,0.0970681368628447,0.0895740876203694,0.0555938729522367,1,0
Malawi,2020,0.1546719737094299,0.0827361358739766,0.0079046401489577,1,0
Malawi,2021,0.2626836824395049,0.089201963561817,0.0445745492250821,1,0
Malawi,2022,0.3278593637836344,0.1902398717775311,0.0091689867626314,1,0
Malawi,2023,0.2794035839880564,0.2530109880570501,0.0192706506919115,1,0
Malawi,2024,0.3724307101057533,0.2789917993427657,0.016595864509231,1,0
Malaysia,1991,0.1559534752527689,0.042660303793891,0.0911695046144167,1,1
Malaysia,1992,0.5418131500988927,0.0465708299340477,0.0851231769293114,1,1
Malaysia,1993,0.2339845389774915,0.034754846053052,0.0943546628412725,1,1
Malaysia,1994,0.1089290283040753,0.0365726963416008,0.0881211440759734,1,1
Malaysia,1995,0.1699577229799125,0.0339237773552287,0.0937552005168704,1,1
Malaysia,1996,0.1696136408952213,0.0342908839757196,0.0953347311955248,1,1
Malaysia,1997,0.1487268245387127,0.026276865263715,0.0706703876063734,1,1
Malaysia,1998,0.002292948155766,0.0513615410918237,-0.0764428594477522,1,1
Malaysia,1999,0.1142110389514421,0.0270757346238941,0.0595662926714446,1,1
Malaysia,2000,0.0957443137829301,0.0152308222779034,0.0848820698455377,1,1
Malaysia,2001,0.1100725915537346,0.0140684213724107,0.0051633998698648,1,1
Malaysia,2002,0.0438639964968068,0.0179172477789384,0.0525069465295757,1,1
Malaysia,2003,0.0827514658851136,0.0108378213305586,0.0562716251257526,1,1
Malaysia,2004,0.1194447895374857,0.0141126579166233,0.0656326510188236,1,1
Malaysia,2005,0.0842783702724219,0.0293167431111358,0.0519484017912752,1,1
Malaysia,2006,0.127786239139084,0.0354562869898291,0.0543446813055865,1,1
Malaysia,2007,0.0762435223751829,0.0200707597552201,0.06108367810371,1,1
Malaysia,2008,0.1001658728277341,0.0529793032800114,0.0471866877558895,1,1
Malaysia,2009,0.0745500641573215,0.0058161374899956,-0.0152509946134884,1,1
Malaysia,2010,0.0709032486948437,0.0160982486260286,0.0716213229901896,1,1
Malaysia,2011,0.1365213781605447,0.0312512616656395,0.0515854236379773,1,1
Malaysia,2012,0.0847640344547642,0.0164988525511624,0.0532891162385773,1,1
Malaysia,2013,0.0713657935807354,0.0208316301649711,0.0458689733151693,1,1
Malaysia,2014,0.0611331803484347,0.0309460968701005,0.0583323206943227,1,1
Malaysia,2015,0.0299813841294138,0.0208255333844533,0.0496615217751994,1,1
Malaysia,2016,0.0276261942351112,0.0206901411358737,0.0435362091220632,1,1
Malaysia,2017,0.0454000345822365,0.0379814952335051,0.0565005758270515,1,1
Malaysia,2018,0.0740681934767764,0.0088081853936046,0.0472946366764084,1,1
Malaysia,2019,0.0263957499288984,0.0066070439933909,0.0431857977791523,1,1
Malaysia,2020,0.0449088100776613,-0.0114523500741805,-0.0561138058192938,1,1
Malaysia,2021,0.0541001753017447,0.0244691965583285,0.0326157710058012,1,1
Malaysia,2022,0.0391920100030098,0.0332287454388113,0.0864688211118824,1,1
Malaysia,2023,0.056675195164292,0.0245839784094767,0.0347594670007538,1,1
Malaysia,2024,0.0322370126160151,0.0181748345768406,0.0497940335547717,1,1
Maldives,1991,0.22120127394356,0.1372690727845653,0.0143238821664581,1,1
Maldives,1992,0.1183195511647738,0.1557722023363728,0.0645775089185392,1,1
Maldives,1993,0.3067774041543565,0.1833823216083479,0.0540787177443604,1,1
Maldives,1994,0.2150596487951119,0.0333003471566319,0.0746387748459227,1,1
Maldives,1995,0.1432937691622946,0.0534351815599221,0.1220918222169125,1,1
Maldives,1996,0.2321717173052775,0.0605422270315862,0.0756513597905801,1,1
Maldives,1997,0.2096073439868568,0.0729979639792679,0.0806389084136434,1,1
Maldives,1998,0.2070005259380778,-0.0141420524714508,0.0722711990917304,1,1
Maldives,1999,0.0346687956456577,0.0291092678247419,0.0599246680051592,1,1
Maldives,2000,0.0408729138311656,-0.0118171160116027,0.0377370207982572,1,1
Maldives,2001,0.0748633745104534,0.0067032565916225,-0.0402350264313255,1,1
Maldives,2002,0.1954405397586143,0.0409372429097638,0.0701637935963823,1,1
Maldives,2003,0.1585349244134519,-0.012686647614033,0.1288333082480015,1,1
Maldives,2004,0.272831587860086,-0.016997768264467,0.0575600957600954,1,1
Maldives,2005,0.1008643681893133,0.0129189400635523,-0.1185280473031618,1,1
Maldives,2006,0.1728765296473433,0.027015973116554,0.2121252480224065,1,1
Maldives,2007,0.215925822849119,0.0657388024426302,0.0689044165486016,1,1
Maldives,2008,0.1976057763611294,0.1136987806571161,0.0859616599742025,1,1
Maldives,2009,0.1346120057478863,0.0443056149392733,-0.0870917287527675,1,1
Maldives,2010,0.1366443768995111,0.0596819222501041,0.06565166220593,1,1
Maldives,2011,0.1823989348845778,0.1068201812777882,0.0847402048746168,1,1
Maldives,2012,0.048103479556012,0.1033206975698224,0.0236119115714679,1,1
Maldives,2013,0.1686797977494585,0.0373500222823892,0.0674246235605835,1,1
Maldives,2014,0.1386160792806414,0.0209784235922203,0.0756702679938285,1,1
Maldives,2015,0.1143531478518227,0.0094869230882279,0.0379519794677456,1,1
Maldives,2016,-0.0018264673410222,0.0050125104889762,0.0618030619328706,1,1
Maldives,2017,0.0502840851042094,0.0277851271253757,0.0683540013529722,1,1
Maldives,2018,0.0332610494694201,-0.001334624075814,0.0822153204569282,1,1
Maldives,2019,0.0910226844707011,0.002197880201451,0.0669393233776283,1,1
Maldives,2020,0.1327143397788539,-0.0137924222252365,-0.3991177270502817,1,1
Maldives,2021,0.2325797851951137,0.0054167995033322,0.3185109667483345,1,1
Maldives,2022,0.0586253250774184,0.0230634166710856,0.1295015670596768,1,1
Maldives,2023,0.0675023958148877,0.0288543349807044,0.0482458542720145,1,1
Maldives,2024,-0.0007117136485703,0.0139009110521062,0.0343473598117149,1,1
Mali,1991,0.1230234169816988,0.0178441147798253,0.1191794636345626,1,1
Mali,1992,0.0292118265899112,-0.0644585882811323,-0.0519164486901573,1,1
Mali,1993,0.08038410359487,-0.0026411636466678,0.0425634631954849,1,1
Mali,1994,0.330810123878301,0.208450463861912,0.0544094709295599,1,1
Mali,1995,0.0705124156600724,0.126119476825643,0.0072605158245266,1,1
Mali,1996,0.2188605074706977,0.0658388625260304,0.0617129307432442,1,1
Mali,1997,0.0852892790103645,-0.0036366023896157,0.0403867594340709,1,1
Mali,1998,0.040916378411044,0.0395724730049709,0.0644128292502017,1,1
Mali,1999,0.0100160693409065,-0.0120918495006199,0.0459850837260447,1,1
Mali,2000,0.1177836171146751,-0.0067996821199001,-0.0073874198356236,1,1
Mali,2001,0.1854960075016158,0.0505696458517821,0.1467464653643659,1,1
Mali,2002,0.2282710618542758,0.049102713007735,0.0299109286690573,1,1
Mali,2003,0.1955137174778762,-0.0135587679624222,0.0934641365626589,1,1
Mali,2004,-0.0366404344045356,-0.0314884099281753,0.0146651875581831,1,1
Mali,2005,0.111134488813132,0.0620154935314518,0.0250669654254807,1,1
Mali,2006,0.0938073466457218,0.0153173478571142,0.0362316605049954,1,1
Mali,2007,-0.0125804716663573,0.0140212612528562,0.017447366422914,1,1
Mali,2008,-0.1398323074558014,0.0877451656204266,0.035740729543086,1,1
Mali,2009,0.3515729166066101,0.0243389099056638,0.0531116286602006,1,1
Mali,2010,0.1512752818340494,0.0110282339316283,0.0542683561838472,1,1
Mali,2011,0.121497261889619,0.0291280682491112,0.0289312167185542,1,1
Mali,2012,0.1439786089504338,0.0518628526295437,-0.0107819088557619,1,1
Mali,2013,0.0787860834562543,-0.0060858448066953,0.0323770352526935,1,1
Mali,2014,0.056308554241589,0.0087993176731364,0.0629995761699007,1,1
Mali,2015,0.0988761020229347,0.0144026873188165,0.060519947180353,1,1
Mali,2016,0.1020556936905947,-0.0181603766507603,0.0583166719417107,1,1
Mali,2017,0.0423553973664816,0.0174455125539125,0.0523604279137686,1,1
Mali,2018,0.117844497689532,0.0029909876075446,0.0475308000738792,1,1
Mali,2019,0.0427312518044296,-0.0167217011014546,0.0487901557512202,1,1
Mali,2020,0.1156544793711411,0.0043713212417522,-0.0117599615652714,1,1
Mali,2021,0.3105133021735291,0.0385050997692655,0.0305383344252376,1,1
Mali,2022,0.1018389143473541,0.0918631190098544,0.0363626932481899,1,1
Mali,2023,-0.0113554061265936,0.0203789541560022,0.0461716062687038,1,1
Mali,2024,0.0178649346621853,0.0315606674725454,0.0487165345524509,1,1
Mauritania,1991,0.0773657721892604,0.0547596130906771,0.0177228902898995,1,1
Mauritania,2006,0.1456111970771161,0.0605402256097935,0.1683341770149162,1,1
Mauritania,2007,0.1731764225783436,0.07003067796792,-0.0198907432270942,1,1
Mauritania,2008,0.128771942966388,0.0708929956237964,-0.0033162850339465,1,1
Mauritania,2009,0.1444747988999957,0.0219661706750198,0.0009782804709033,1,1
Mauritania,2010,0.1048798395003594,0.0609402508170866,0.0258648957446787,1,1
Mauritania,2011,0.1957669291458792,0.0553052717923359,0.0408807122666132,1,1
Mauritania,2012,0.1536540897346583,0.0478604680614278,0.0437298891339779,1,1
Mauritania,2013,0.2022855558966156,0.0404613061632392,0.0406697895606633,1,1
Mauritania,2014,0.0144191698886473,0.0347334349923595,0.0418597594221274,1,1
Mauritania,2015,-0.0028710828820344,0.0320288257366252,0.0523679395389784,1,1
Mauritania,2016,0.0646562503238286,0.014609858931303,0.0125302596825491,1,1
Mauritania,2017,0.1540895315551509,0.0222924322103157,0.0608179741285717,1,1
Mauritania,2018,0.1035587177665497,0.0302125686895236,0.0466180321017795,1,1
Mauritania,2019,0.0948501135516934,0.0227403923569529,0.0309268455877429,1,1
Mauritius,1991,0.1966420616925326,0.0676681229655553,0.0433989554155473,1,1
Mauritius,1992,0.1466465755072299,0.0453893335982549,0.0630940275729763,1,1
Mauritius,1993,0.1567588928775229,0.1000067558527866,0.0495714108761902,1,1
Mauritius,1994,0.1155249063710037,0.0706771866432798,0.0405289230489778,1,1
Mauritius,1995,0.170432892495743,0.058545585739961,0.0419835906920624,1,1
Mauritius,1996,0.0727348862770718,0.0634533077626331,0.0543730643270592,1,1
Mauritius,1997,0.1518601825817285,0.0660998954639051,0.0553162270112288,1,1
Mauritius,1998,0.1062610597473749,0.0658887957123939,0.0589473588446267,1,1
Mauritius,1999,0.1409306979323972,0.0668091873040719,0.0257742941339031,1,1
Mauritius,2000,0.0883495649684746,0.0411351127534134,0.0788369818349856,1,1
Mauritius,2001,0.1056332466522569,0.0524913469277228,0.0329273042814755,1,1
Mauritius,2002,0.1190134814669932,0.0622170823280905,0.0160201755679487,1,1
Mauritius,2003,0.2235465299351204,0.0384613246560192,0.057565316222341,1,1
Mauritius,2004,0.1727146183939005,0.0460279776141447,0.0423889567979465,1,1
Mauritius,2005,0.0636281909698475,0.0481916045904586,0.0176192947784912,1,1
Mauritius,2006,0.0911621688527226,0.0853838129100772,0.047508816048257,1,1
Mauritius,2007,0.1425621871322775,0.0845919692176195,0.0556902670379315,1,1
Mauritius,2008,0.1364773060017192,0.0928734239745727,0.0524687474215568,1,1
Mauritius,2009,0.0234649471768335,0.0248495883807455,0.032613133000467,1,1
Mauritius,2010,0.0668162510872818,0.0289019167695991,0.0428411056877386,1,1
Mauritius,2011,0.0623185713960623,0.0631859745026162,0.0399659936906537,1,1
Mauritius,2012,0.0784597510767461,0.0377981665554081,0.0343639222914262,1,1
Mauritius,2013,0.0562319477622388,0.034819655569664,0.0330517830220529,1,1
Mauritius,2014,0.083773442671756,0.0316700856991722,0.0375555758514529,1,1
Mauritius,2015,0.0968784960135735,0.0127834396256787,0.0362408634201578,1,1
Mauritius,2016,0.086953351349365,0.0097292681504965,0.0378974174393533,1,1
Mauritius,2017,0.0886573365904581,0.0360136242712627,0.0386242257354432,1,1
Mauritius,2018,0.0609483894898019,0.0316542153433312,0.0392855242451695,1,1
Mauritius,2019,0.0814382283896968,0.0040483462799647,0.0285027593241196,1,1
Mauritius,2020,0.1559866906753058,0.0254806022579101,-0.157198264070022,1,1
Mauritius,2021,0.0847832065009548,0.039494991704454,0.0334715129527936,1,1
Mauritius,2022,0.0512312494713036,0.1023196579514591,0.083357822780453,1,1
Mauritius,2023,0.0701383417017176,0.0681536883937328,0.0488655804558497,1,1
Mauritius,2024,0.1192320827672546,0.0354107919047743,0.0480767959603731,1,1
Mexico,1991,0.4001739461660349,0.2042653497581565,0.0389890033431434,1,1
Mexico,1992,0.2116580238352376,0.1441687074668518,0.0350641398679059,1,1
Mexico,1993,0.1561452862100196,0.0930481729727308,0.0282667004064229,1,1
Mexico,1994,0.1832228069013872,0.0673390868765642,0.0430032415916095,1,1
Mexico,1995,0.2765382869036763,0.3000991945762066,-0.0609215994104843,1,1
Mexico,1996,0.2391049663429392,0.2954893900542235,0.06032619760947,1,1
Mexico,1997,0.4501167723814596,0.1875215858931187,0.0695155789448414,1,1
Mexico,1998,0.1608331199142583,0.1478025301399643,0.0600134132390302,1,1
Mexico,1999,0.1718327812879678,0.1534557267240259,0.0271776237860308,1,1
Mexico,2000,-0.0459123334950177,0.0906772963203819,0.0490690204642838,1,1
Mexico,2001,0.1726426646324483,0.06173213124117,-0.0045186462544251,1,1
Mexico,2002,0.0494719358805504,0.0490827626108361,-0.0023686831354545,1,1
Mexico,2003,0.089318496332023,0.0444655897213763,0.01178572338139,1,1
Mexico,2004,0.1226255709768331,0.0458182175308659,0.0350335071970917,1,1
Mexico,2005,0.0950237344686542,0.0391058714243603,0.0209122773466141,1,1
Mexico,2006,0.0647815801311466,0.0356515399217647,0.0469314237571687,1,1
Mexico,2007,0.09665277243732,0.0389019032482496,0.0205657079817989,1,1
Mexico,2008,0.0852501163805286,0.0499797681742952,0.0093891027311308,1,1
Mexico,2009,0.1090735355657059,0.0516181221270493,-0.0650213102780838,1,1
Mexico,2010,0.1201252138351733,0.0407265713449058,0.048517122927727,1,1
Mexico,2011,0.0951153940671289,0.0335061298853389,0.0338606530661351,1,1
Mexico,2012,0.0960730763868191,0.0402923484652983,0.0349154082287626,1,1
Mexico,2013,0.0795464212075209,0.0373573502615265,0.0084849166621516,1,1
Mexico,2014,0.115047194729847,0.0393996979113433,0.0247293290176493,1,1
Mexico,2015,0.1150139147950035,0.0268428907880906,0.0266645541131644,1,1
Mexico,2016,0.1163129057414842,0.0278263105720899,0.0175696776722098,1,1
Mexico,2017,0.1063823365972638,0.0586599377014742,0.0185442725004776,1,1
Mexico,2018,0.0442939479982342,0.047831134481389,0.0195288848719066,1,1
Mexico,2019,0.0459294437234447,0.0357142015717162,-0.0039346355870009,1,1
Mexico,2020,0.1261040053853683,0.0334041581678068,-0.0872372342936103,1,1
Mexico,2021,0.0908245896306745,0.0553326059033851,0.0587261947046506,1,1
Mexico,2022,0.0706847039946119,0.0760001740185991,0.0364260144223642,1,1
Mexico,2023,0.104519811833228,0.0538057637861904,0.0329853657018901,1,1
Mexico,2024,0.129424233298085,0.0461414774415809,0.0141733586405408,1,1
"Micronesia, Fed. Sts.",2000,-0.0096073644581906,0.0213555200142474,0.0452082674901817,1,1
"Micronesia, Fed. Sts.",2001,0.0579824664176307,0.0050123904689085,0.0180377552751096,1,1
"Micronesia, Fed. Sts.",2002,-0.1274962460043305,-0.0011150456967854,0.0044225300670355,1,1
"Micronesia, Fed. Sts.",2003,-0.0381714230220922,0.0012656322316226,0.017474091797748,1,1
"Micronesia, Fed. Sts.",2004,-0.0005633197090659,0.0225116700385141,-0.0324238489145543,1,1
"Micronesia, Fed. Sts.",2005,0.0159970889405585,0.0416955307845841,0.0228776353320725,1,1
"Micronesia, Fed. Sts.",2006,-0.0883523282018288,0.0453305684334033,-0.0019917656237069,1,1
"Micronesia, Fed. Sts.",2007,0.0446514280241316,0.0325285898016511,-0.0173870249033996,1,1
"Micronesia, Fed. Sts.",2008,0.031752648128247,0.0808767504935232,-0.0261744634475533,1,1
"Micronesia, Fed. Sts.",2009,0.1508567653291166,0.0619752629590957,0.0109247731329453,1,1
"Micronesia, Fed. Sts.",2010,-0.0006407696476884,0.0325998979951442,0.0204513208571057,1,1
"Micronesia, Fed. Sts.",2011,0.0387008412145064,0.0495764648483367,0.0371389409685356,1,1
"Micronesia, Fed. Sts.",2012,0.1299189948532628,0.0489663727433686,-0.017087363485448,1,1
"Micronesia, Fed. Sts.",2013,0.0782202111948819,0.0173715115227262,-0.0374571352323229,1,1
"Micronesia, Fed. Sts.",2014,0.2877815358639033,0.0064817966130066,-0.0261983647892485,1,1
"Micronesia, Fed. Sts.",2015,-0.0865297897435972,-0.002985610877709,0.0433816453810358,1,1
"Micronesia, Fed. Sts.",2016,0.1991723805306655,-0.0104288727830388,0.0093831052768109,1,1
"Micronesia, Fed. Sts.",2017,0.10201382051752,0.0058056518943692,0.0215241841377853,1,1
"Micronesia, Fed. Sts.",2018,0.0230381922627849,0.0148728511472508,0.0,1,1
"Micronesia, Fed. Sts.",2019,0.0100690341665838,0.0190557966040145,0.0400053346136992,1,1
"Micronesia, Fed. Sts.",2020,0.1452085981844497,0.0055306241726995,-0.0168709289265152,1,1
"Micronesia, Fed. Sts.",2021,0.1434186624572291,0.0314142067676463,0.0305262882789243,1,1
Moldova,1992,1.521610360128566,2.42199015844591,-0.3438997512883937,1,0
Moldova,1993,1.4321858381228587,2.8411838414115635,-0.0120725805564028,1,0
Moldova,1994,0.7685681604148336,1.7688756604166618,-0.369615458487182,1,0
Moldova,1995,0.5027262938097579,0.2613299636825825,-0.0140989147944488,1,0
Moldova,1996,0.1384230069816716,0.2111169390341776,-0.060568388939135,1,0
Moldova,1997,0.2960801416439729,0.111298343856665,0.0163364757585569,1,0
Moldova,1998,-0.0862635812853902,0.0741400768363873,-0.0676601036999677,1,0
Moldova,1999,0.3567181327497231,0.331143641190899,-0.0342628701492628,1,0
Moldova,2000,0.348710003074256,0.2723092760512062,0.0208581100978619,1,0
Moldova,2001,0.2935160557654406,0.0931684593901267,0.0592118633951983,1,0
Moldova,2002,0.3111805289618239,0.0516550460223879,0.0751074693118383,1,0
Moldova,2003,0.265174605667525,0.111058961483577,0.0639133253475634,1,0
Moldova,2004,0.3229604413789495,0.1179988065345987,0.0713899936060578,1,0
Moldova,2005,0.2958975724608166,0.1129641878341969,0.0723206629691404,1,0
Moldova,2006,0.2116837886181635,0.1202489331242828,0.0468835843407227,1,0
Moldova,2007,0.3351162544852997,0.1166015988473878,0.0295588044343126,1,0
Moldova,2008,0.1472041320906356,0.1202958515496162,0.0751074738357431,1,0
Moldova,2009,0.0311899376616153,-0.000627382730503,-0.0618754065215796,1,0
Moldova,2010,0.1277068005629864,0.0721704257692898,0.0685927924652212,1,0
Moldova,2011,0.1007712976931642,0.0740610163629629,0.0565520214081161,1,0
Moldova,2012,0.1891407721297611,0.0444601773259378,-0.0059147975254134,1,0
Moldova,2013,0.2351576440451062,0.0449530879383948,0.0865800520503974,1,0
Moldova,2014,0.0495690084261788,0.049635383501946,0.0487866008685742,1,0
Moldova,2015,-0.0302782672388843,0.0923625701501729,-0.0033880893219198,1,0
Moldova,2016,0.0973365118436895,0.0616528833778335,0.0454131767758205,1,0
Moldova,2017,0.0882272369900967,0.0636340182095684,0.0409078665233515,1,0
Moldova,2018,0.0766444037362887,0.0299961238197123,0.039947328583672,1,0
Moldova,2019,0.0780865388350307,0.0472440506401108,0.0349067491204344,1,0
Moldova,2020,0.1794465126961952,0.0369679007687775,-0.0863858815956071,1,0
Moldova,2021,0.1068927941207604,0.0498030918423477,0.1304140368697304,1,0
Moldova,2022,0.0513703303876589,0.252603689866314,-0.0470916078014838,1,0
Moldova,2023,0.1681863960463836,0.125901197919684,0.0119285713528007,1,0
Moldova,2024,0.1286912152970138,0.0457162555979016,0.0010300629466719,1,0
Mongolia,1993,1.186691370194552,1.3033216057702997,-0.0322008423256079,1,0
Mongolia,1994,0.5875514406456794,0.6290352848304512,0.0211192375836866,1,0
Mongolia,1995,0.2821797215176751,0.0004350663544827,0.0618138145542985,1,0
Mongolia,1996,0.1586959012556938,0.3845134956223859,0.0221048168248962,1,0
Mongolia,1997,0.3520768031241488,0.3115654422902083,0.0382270810468554,1,0
Mongolia,1998,-0.0166963495850076,0.0894479594009469,0.0328537233557426,1,0
Mongolia,1999,0.2748985877207062,0.0729245861857839,0.0302417632507889,1,0
Mongolia,2000,0.1617430806001216,0.1097108878852903,0.0113954459443661,1,0
Mongolia,2001,0.2461835827165472,0.0608820964772469,0.029099575875211,1,0
Mongolia,2002,0.351055476904289,0.0091289509118595,0.0462438628645536,1,0
Mongolia,2003,0.402461597775936,0.0500179339061301,0.0677019613100888,1,0
Mongolia,2004,0.1859093645897438,0.0791914638760968,0.1009795870275596,1,0
Mongolia,2005,0.2971840519157673,0.1197062287487042,0.0700265478137467,1,0
Mongolia,2006,0.2983981743602406,0.0496961024132556,0.0820981459658263,1,0
Mongolia,2007,0.446423370135939,0.0919496586302131,0.0975623359684405,1,0
Mongolia,2008,-0.0573487834775399,0.2465136509375503,0.0852632226473666,1,0
Mongolia,2009,0.2389517309879671,0.0734317272356053,-0.0127671436022893,1,0
Mongolia,2010,0.4854245410183999,0.0957301514962774,0.0617079094708437,1,0
Mongolia,2011,0.3150268021418334,0.0807613566444578,0.1594859441333334,1,0
Mongolia,2012,0.1716661830018289,0.1339217462117554,0.1161801503832364,1,0
Mongolia,2013,0.2165749482981205,0.0997607771760176,0.110189085022057,1,0
Mongolia,2014,0.1178027754054475,0.1155938038181512,0.0758977490232979,1,0
Mongolia,2015,-0.0566148007092834,0.0557722357218954,0.0235195912826533,1,0
Mongolia,2016,0.1905582640356193,0.0073059685705469,0.0147879619783708,1,0
Mongolia,2017,0.2658448078495574,0.0421148964712374,0.0548373325348094,1,0
Mongolia,2018,0.2052402788120133,0.0660147550440566,0.0745960302220289,1,0
Mongolia,2019,0.067453022060782,0.0704684313109771,0.0545094371476615,1,0
Mongolia,2020,0.1613179151960473,0.0365606693466959,-0.0466488541572402,1,0
Mongolia,2021,0.1294297468849414,0.0710076751424475,0.0162351889734075,1,0
Mongolia,2022,0.0626446811776695,0.1410738885284628,0.0491016360061138,1,0
Mongolia,2023,0.2376828761982992,0.0984650446300738,0.0715958665280034,1,0
Mongolia,2024,0.1399610853836463,0.0601331977140633,0.0499518262380043,1,0
Montenegro,2006,0.7846163624365161,0.0288256459873554,0.0821919474450609,1,1
Montenegro,2007,0.6873534230901441,0.0425528683964193,0.0689433384631108,1,1
Montenegro,2008,-0.1066032226231037,0.0839617354352997,0.0667105384922841,1,1
Montenegro,2009,-0.0941543774499074,0.0340798651869693,-0.0618163482851628,1,1
Montenegro,2010,0.0318177559561938,0.0065281111409261,0.0273777636164744,1,1
Montenegro,2011,0.0184223931478477,0.0339196016001546,0.0335294343233378,1,1
Montenegro,2012,0.0761384191851064,0.040616346974434,-0.0251878557069531,1,1
Montenegro,2013,0.0283634465336142,0.0218191484501746,0.0333005841564286,1,1
Montenegro,2014,0.0881078599865112,-0.0071305022317549,0.0234265326653719,1,1
Montenegro,2015,0.1054007105294907,0.0153682174868112,0.0249175954725622,1,1
Montenegro,2016,0.0876691027673608,-0.0027175394014751,0.0338148355865826,1,1
Montenegro,2017,0.121858007127475,0.0235235000839271,0.0316603308066127,1,1
Montenegro,2018,0.0309721447267463,0.0257771343584982,0.0462433154574455,1,1
Montenegro,2019,-0.0168280480058982,0.0036091163427185,0.0430012086262827,1,1
Montenegro,2020,-0.0382038592841986,-0.0025598305709042,-0.1624320944722015,1,1
Montenegro,2021,0.1450615460794004,0.0238220091791498,0.1226269360511871,1,1
Montenegro,2022,0.2065952807319462,0.1225742384664885,0.0745465257158386,1,1
Montenegro,2023,0.113052849252746,0.0823609640200873,0.0627716126536057,1,1
Montenegro,2024,0.0944268671186456,0.032822887690755,0.031150727303757,1,1
Morocco,1991,0.1553172261991768,0.076832940412185,0.0696761274479378,1,1
Morocco,1992,0.0885470773499115,0.0558153972232204,-0.021200539210934,1,1
Morocco,1993,0.0764391248114364,0.0505325877465328,-0.0074334769621415,1,1
Morocco,1994,0.0969328038423213,0.0501385074082199,0.100641401880722,1,1
Morocco,1995,0.0680718887494187,0.0594340936330741,-0.0555703000872078,1,1
Morocco,1996,0.0636816592510953,0.029430728290233,0.1166524080271109,1,1
Morocco,1997,0.1500631686811289,0.0103284667816181,-0.0157300952479815,1,1
Morocco,1998,0.0586248587556355,0.0271589667603144,0.0698856311763229,1,1
Morocco,1999,0.0974831035734702,0.006824486216896,0.0168282226200382,1,1
Morocco,2000,0.0810653192352397,0.0187690989547606,0.0254940563728567,1,1
Morocco,2001,0.1664831030892948,0.0061788900341639,0.0743820257012615,1,1
Morocco,2002,0.0981777362395597,0.0275725559049897,0.0366230862289,1,1
Morocco,2003,0.0757197582416786,0.0116096828201142,0.059881777971853,1,1
Morocco,2004,0.0802332794913454,0.0148240196078495,0.0446997160163462,1,1
Morocco,2005,0.1315402684136231,0.0097784513304119,0.0314235647252907,1,1
Morocco,2006,0.1662650850822338,0.0323196639564189,0.0750223112577472,1,1
Morocco,2007,0.1616692003097313,0.0202151414822022,0.0338318709947778,1,1
Morocco,2008,0.1249702858865546,0.0364750541534295,0.0552884271532931,1,1
Morocco,2009,0.0677238239242932,0.0096717078697814,0.0367731954369823,1,1
Morocco,2010,0.0410978516028492,0.0098865407119514,0.0343971474234621,1,1
Morocco,2011,0.0623957195224669,0.0090283704306362,0.053774343752984,1,1
Morocco,2012,0.0441892255972256,0.0127890937976475,0.030163897629837,1,1
Morocco,2013,0.0304143874359965,0.0186318899686463,0.0403951469724503,1,1
Morocco,2014,0.0601506300688683,0.0044133473752916,0.0268292948941883,1,1
Morocco,2015,0.0553448450658251,0.0154589632459583,0.0425285341258572,1,1
Morocco,2016,0.0462757923423851,0.0162208393973113,0.0051983203512371,1,1
Morocco,2017,0.0539749929057684,0.0075182991206483,0.0493414232623479,1,1
Morocco,2018,0.0397987139730524,0.0178783919601084,0.0301958937242048,1,1
Morocco,2019,0.0370844007442592,0.0030292674986087,0.0284997441750469,1,1
Morocco,2020,0.0803053631952153,0.0070348836913236,-0.0744887401709277,1,1
Morocco,2021,0.0496844492008037,0.0139222229273743,0.0783927832802859,1,1
Morocco,2022,0.0770869132384781,0.0644482860751773,0.0179645903362697,1,1
Morocco,2023,0.0383910929703539,0.0591283643935369,0.0359041049584689,1,1
Morocco,2024,0.0769984267574628,0.0098043458612924,0.0372318632382366,1,1
Mozambique,2005,0.2388915463788805,0.0622943121023045,0.0612082047245117,1,1
Mozambique,2006,0.2097870015718754,0.1243842035456355,0.0944978278251404,1,1
Mozambique,2007,0.2171037720843784,0.0814830860301603,0.0737090362990109,1,1
Mozambique,2008,0.1848561852450636,0.135429137144734,0.0665180863698893,1,1
Mozambique,2009,0.2824975019081783,0.03718608035593,0.0575986068676357,1,1
Mozambique,2010,0.219911007350241,0.1171209691922143,0.0646609763580201,1,1
Mozambique,2011,0.0749948937025379,0.1058598414890141,0.0689107467295109,1,1
Mozambique,2012,0.2573810698233743,0.0256916701423968,0.0769101431841114,1,1
Mozambique,2013,0.1514271246072311,0.041730565734821,0.063645127461406,1,1
Mozambique,2014,0.200483574364565,0.0252753574781046,0.0742032460643784,1,1
Mozambique,2015,0.2318095356050449,0.0348917381237177,0.0713256895370975,1,1
Mozambique,2016,0.0962784745583924,0.1605703877907798,0.0459001849829299,1,1
Mozambique,2017,0.0496231921937919,0.1407458702457544,0.0260400689787942,1,1
Mozambique,2018,0.0790177840323096,0.0383677956755139,0.034255831811933,1,1
Mozambique,2019,0.1256267911817339,0.0276414612328155,0.0229136062010084,1,1
Mozambique,2020,0.2092687467709275,0.0342462038006576,-0.0122701969139455,1,1
Mozambique,2021,0.0186170895773294,0.0621150543792872,0.0234961481132494,1,1
Mozambique,2022,0.0837534946864657,0.0978469758631837,0.0427189213618959,1,1
Mozambique,2023,0.0348429787181672,0.0688446254980332,0.0533653047621562,1,1
Mozambique,2024,0.150290995497432,0.0399758928190925,0.0212579368987277,1,1
Myanmar,1991,0.3140160066799922,0.2796905119760516,-0.006527426457179,1,0
Myanmar,1992,0.2940690860018229,0.198139215429669,0.0922230782739497,1,0
Myanmar,1993,0.2387586340189429,0.2763552166839114,0.0586406336163598,1,0
Myanmar,1994,0.2866891676793308,0.215907724351114,0.0721156020293314,1,0
Myanmar,1995,0.3288343381694893,0.2247000385375335,0.0671730299917392,1,0
Myanmar,1996,0.3296541430991588,0.1507913003201848,0.062436770385446,1,0
Myanmar,1997,0.2474661984602342,0.2600325680145545,0.0549765410478464,1,0
Myanmar,1998,0.2901735911942147,0.4153332557190876,0.0570059708910655,1,0
Myanmar,1999,0.258809148901431,0.1689073487047503,0.1038655686165235,1,0
Myanmar,2000,0.3537529433803676,-0.0010922514361659,0.1287970958722262,1,0
Myanmar,2001,0.3621476294312025,0.1914572438433532,0.1074542957992008,1,0
Myanmar,2002,0.304439458518793,0.4515501008026539,0.1135564578830035,1,0
Myanmar,2003,0.0073060587126363,0.3118114840283223,0.1296588768958955,1,0
Myanmar,2004,0.278318915728196,0.0443442360546444,0.127202194583436,1,0
Myanmar,2005,0.2414434618356047,0.0895538085710505,0.1272399556640095,1,0
Myanmar,2006,0.2414638539835678,0.1822922841648608,0.1228908695825197,1,0
Myanmar,2007,0.2617564440159121,0.3002867763854651,0.11325221131343,1,0
Myanmar,2008,0.1388241479433638,0.2374372061140688,0.0976284486593463,1,0
Myanmar,2009,0.2672553005857132,0.0146160937270023,0.100297803596618,1,0
Myanmar,2010,0.3541698966359377,0.0743500610361085,0.0919813677434149,1,0
Myanmar,2011,0.266979292512584,0.0489945256310342,0.054407522733932,1,0
Myanmar,2012,0.2818577710748613,0.0145691844056505,0.0707628949098939,1,0
Myanmar,2013,0.2732672837975904,0.0548956669704523,0.0808977361096054,1,0
Myanmar,2014,0.1902640149559218,0.0483452955619059,0.0785330221076812,1,0
Myanmar,2015,0.2675272011581171,0.0903357541594305,0.0675917330598991,1,0
Myanmar,2016,0.1608329356752982,0.0669932426372739,0.0569706404105971,1,0
Myanmar,2017,0.186831557666899,0.0447107743156358,0.0595521244835772,1,0
Myanmar,2018,0.1360185469266568,0.0664647459307605,0.0608021327871171,1,0
Myanmar,2019,0.1444849114294442,0.0845715168238072,0.0637173409456473,1,0
Namibia,2003,0.0207316812827045,0.0689302985987811,0.0415237734556903,1,1
Namibia,2004,0.2030708717972658,0.0405336214066203,0.1157324733892295,1,1
Namibia,2005,0.0498759272826916,0.0225629911432383,0.0249780611942362,1,1
Namibia,2006,0.2598960968121595,0.0484202566476907,0.0683422962143573,1,1
Namibia,2007,0.1496004760383371,0.0634242888395419,0.052346159371563,1,1
Namibia,2008,0.1248923522578451,0.0870456045632002,0.0261531263772951,1,1
Namibia,2009,0.4674655632619746,0.0903134123215743,0.0029553378240088,1,1
Namibia,2010,0.1000437280693944,0.0475982148079454,0.0586391176969947,1,1
Namibia,2011,0.1105212812856493,0.0488434501860108,0.0496596730716767,1,1
Namibia,2012,0.0406025155197689,0.0650571157692736,0.0493774399713942,1,1
Namibia,2013,0.1203019612911795,0.0544969449322918,0.0546275659351458,1,1
Namibia,2014,0.0755044776441558,0.052119564783795,0.0591413496981942,1,1
Namibia,2015,0.0871390960294142,0.0333768961143672,0.0417576322360524,1,1
Namibia,2016,0.0587669601260891,0.0651188122292509,0.0003378874116855,1,1
Namibia,2017,0.1308526080828755,0.0596434329479098,-0.0103256069549679,1,1
Namibia,2018,0.0619452512009743,0.0420205500779342,0.0105436152074496,1,1
Namibia,2019,0.1001496100211412,0.0365478571794364,-0.0084269286702785,1,1
Namibia,2020,0.0776741966485197,0.0218532915730138,-0.0844844126126034,1,1
Namibia,2021,0.0654238174675647,0.0355303091070453,0.0354041044716844,1,1
Nepal,1991,0.2047656624146547,0.1445976482428981,0.0617360077384496,1,1
Nepal,1992,0.186498816789367,0.1582809125839435,0.0402433306528458,1,1
Nepal,1993,0.2232942694003981,0.0723708388404542,0.0377759201952478,1,1
Nepal,1994,0.1653844557736192,0.0801899589438486,0.0789590686839041,1,1
Nepal,1995,0.143483396026518,0.0734639102123235,0.0340965676254256,1,1
Nepal,1996,0.1151300628406133,0.0881982830557577,0.0519118027351552,1,1
Nepal,1997,0.2588452516992952,0.0393167528224007,0.0492530336495207,1,1
Nepal,1998,0.105992689965479,0.106560006018296,0.0297179107034502,1,1
Nepal,1999,0.1962274459393214,0.0718657917194618,0.0431799159293255,1,1
Nepal,2000,0.1726542718440988,0.0244859591130741,0.0601539226495297,1,1
Nepal,2001,0.1550810930078014,0.0265280367826008,0.046882556724217,1,1
Nepal,2002,0.0262442567545413,0.0298441934276727,0.0012007106320801,1,1
Nepal,2003,0.0972863431599826,0.0555010180172574,0.0386920903848775,1,1
Nepal,2004,0.1229702441063729,0.0280218091725181,0.0457627600265482,1,1
Nepal,2005,0.0929764272314734,0.0661278761209995,0.0342002571922641,1,1
Nepal,2006,0.1568757087140362,0.0669138460097924,0.0330925006942912,1,1
Nepal,2007,0.1699840342227574,0.0224385545422629,0.0335465713823879,1,1
Nepal,2008,0.3281611135843718,0.0944719199541852,0.0592555829336021,1,1
Nepal,2009,0.2594356404623887,0.1052139185612857,0.0443333781472716,1,1
Nepal,2010,0.091568850361881,0.08916866934526,0.0470402019444655,1,1
Nepal,2011,0.1711779346375515,0.0882587903741649,0.0336456697185809,1,1
Nepal,2012,0.1385133218916472,0.090387262137745,0.0456437138008674,1,1
Nepal,2013,0.196043723893684,0.0865460973562939,0.0346444230009233,1,1
Nepal,2014,0.1496289868331466,0.0803271721013469,0.0583772309597208,1,1
Nepal,2015,0.2186137981086027,0.0757464979132107,0.038990429636506,1,1
Nepal,2016,0.1601060797834108,0.0842523882451082,0.0043217848136904,1,1
Nepal,2017,0.1130417258916942,0.0273917956185867,0.0859692282418684,1,1
Nepal,2018,0.1802819591616682,0.043122649360046,0.0734583964763508,1,1
Nepal,2019,0.129390374332619,0.0541676827206254,0.064448411744447,1,1
Nepal,2020,0.1997841476306057,0.0493267655292148,-0.0239814769566422,1,1
Nepal,2021,0.1370768765569145,0.0404388886108666,0.0472475426939915,1,1
Nepal,2022,0.0736489369052293,0.0739027191760799,0.0547846806890248,1,1
Nepal,2023,0.1359276617479814,0.068740984175549,0.0196315188960518,1,1
Nepal,2024,0.1063793499233938,0.0457865773692534,0.0359979709577018,1,1
New Zealand,1991,0.0160589014495897,0.0256910686988192,-0.0109678599362261,1,1
New Zealand,1992,0.0386401082216814,0.0100944815690162,0.0108789565361213,1,1
New Zealand,1993,0.0599592843341767,0.0127998094652577,0.0619557684291685,1,1
New Zealand,1994,0.0872701370416777,0.0173032113346396,0.0499252189403094,1,1
New Zealand,1995,0.0897697279340938,0.0368616263176519,0.0461398088669611,1,1
New Zealand,1996,0.1321372872261577,0.0225998198755554,0.0354817980896378,1,1
New Zealand,1997,0.0641514629048565,0.0118015700248852,0.0205795106060726,1,1
New Zealand,1998,0.0028694946623204,0.0125730676696784,0.0085474299427374,1,1
New Zealand,1999,0.0689750772621273,-0.001143324644377,0.0523811271071181,1,1
New Zealand,2000,0.0149559844983073,0.0258162197655167,0.0282963657805694,1,1
New Zealand,2001,0.0868979337919384,0.0259193359933433,0.0335410869000227,1,1
New Zealand,2002,0.0023531322768377,0.0264188542372174,0.0460576501671283,1,1
New Zealand,2003,0.090753307386791,0.017383767423678,0.0461967283977173,1,1
New Zealand,2004,0.0346671080859124,0.0226441650117923,0.0400661714243923,1,1
New Zealand,2005,0.0906436302774622,0.0299181874235943,0.0329794268217042,1,1
New Zealand,2006,0.10676507786361,0.0331001162420401,0.0274184608301446,1,1
New Zealand,2007,0.1056376660742692,0.0234835219631612,0.0301063842314484,1,1
New Zealand,2008,0.0984945262869487,0.0388259176656493,-0.010222456416308,1,1
New Zealand,2009,-0.006349151477579,0.0209358193595523,-0.0003747313237276,1,1
New Zealand,2010,0.0802812891080293,0.0227592703474606,0.0144810057793733,1,1
New Zealand,2014,0.0649378994314773,0.0122003472308698,0.0375499424005418,1,1
New Zealand,2015,0.0939485996246247,0.0029227708223409,0.0362390520691775,1,1
New Zealand,2016,0.0738228864468482,0.0064416110478502,0.0370945186677573,1,1
New Zealand,2017,0.0704756830087447,0.018338690327142,0.033229070159507,1,1
New Zealand,2018,0.0622681869753414,0.0158565875789715,0.0341171548054006,1,1
New Zealand,2019,0.0460415162664133,0.016066557870606,0.0229102587053269,1,1
New Zealand,2020,0.114916198787931,0.0170002897082977,-0.0030771986834565,1,1
New Zealand,2021,0.068213952532119,0.0386544048289394,0.0443556381499625,1,1
New Zealand,2022,0.0181595630912738,0.0692669316905609,0.0343665165870916,1,1
New Zealand,2023,0.0350137701146842,0.0557484025276799,0.013846215353432,1,1
New Zealand,2024,0.0405162762566035,0.0288089855003805,0.0128038798357685,1,1
Nicaragua,2000,0.0896138043741956,0.0683118325094445,0.0401970656999601,1,1
Nicaragua,2001,0.0402316595053484,0.0581372189136635,0.0291785696766027,1,1
Nicaragua,2002,0.1248704284808717,0.0368156565698267,0.0075111096187043,1,1
Nicaragua,2003,0.1190532330326981,0.0516659084142143,0.0248948642874786,1,1
Nicaragua,2004,0.1588506358740069,0.0813053929432299,0.0517588064303247,1,1
Nicaragua,2005,0.0933047281577472,0.0916589755417716,0.0419324018317865,1,1
Nicaragua,2006,0.0808437408762401,0.0874631052330192,0.040690263589358,1,1
Nicaragua,2007,0.169566326086187,0.1055029182196065,0.049517061992315,1,1
Nicaragua,2008,0.0707374223572863,0.1808721997227627,0.0337801413545264,1,1
Nicaragua,2009,0.1339970896913058,0.0362065752480713,-0.0334809348916671,1,1
Nicaragua,2010,0.1961700537529971,0.0531154087876855,0.043156219620684,1,1
Nicaragua,2011,0.1188636283270376,0.0777236019885245,0.0612520535039387,1,1
Nicaragua,2012,0.1431806580668748,0.0694658979039521,0.0629385212365711,1,1
Nicaragua,2013,0.168216729530048,0.0689239024023127,0.0480955814262316,1,1
Nicaragua,2014,0.1435006216967735,0.0586081771504902,0.0467448371124206,1,1
Nicaragua,2015,0.1736336858185261,0.0391955202104039,0.0468098015292035,1,1
Nicaragua,2016,0.1047577807339088,0.0346252970795317,0.0446209842066132,1,1
Nicaragua,2017,0.1485797977457963,0.0377838319380297,0.0452716727298465,1,1
Nicaragua,2018,-0.206452073993308,0.0482875357815055,-0.0342121860539954,1,1
Nicaragua,2019,0.0604515071309705,0.0523674713829995,-0.0293965750341627,1,1
Nicaragua,2020,0.1452061797330621,0.0361565369746426,-0.022619316421899,1,1
Nicaragua,2021,0.1294752185384489,0.0481081599382635,0.0994324849118761,1,1
Nicaragua,2022,0.1073456406945467,0.0995504901190029,0.0348872937483015,1,1
Niger,1991,-0.0927792735020105,-0.081173632998226,-0.0044045769275165,1,1
Niger,1992,-0.0096094732450531,-0.0457886611656772,0.0198100033614139,1,1
Niger,1993,0.0007142221964926,-0.0122247685736378,0.0032113926984891,1,1
Niger,1994,0.0650932326990769,0.3077865535489303,0.0183778754761299,1,1
Niger,1995,0.0368331094039078,0.1004179191494909,0.0242753950532446,1,1
Niger,1996,-0.0681180875966305,0.0515374109588391,0.0010048000621125,1,1
Niger,1997,-0.2396687709299811,0.0289125015307725,0.0151592725172591,1,1
Niger,1998,-0.2042890119564866,0.0444762610090574,0.0950611938683039,1,1
Niger,1999,0.1433030524547476,-0.0232903778258162,-0.0021980390981539,1,1
Niger,2000,0.1205830547708473,0.0285889120111173,-0.0121583920111092,1,1
Niger,2001,0.3961573635527493,0.0392737337046549,0.0701614475225085,1,1
Niger,2002,-0.204096766678667,0.0259490520068217,0.0480133918546386,1,1
Niger,2003,0.3691826245910015,-0.0162758122819504,0.0214738807947334,1,1
Niger,2004,0.0850527344910325,0.002621997132163,0.003631414214027,1,1
Niger,2005,0.0465759643325398,0.0750842608803532,0.0707554264713827,1,1
Niger,2006,0.1104953213937385,0.0004047763665866,0.0576182245272285,1,1
Niger,2007,0.3798075580352176,0.0005394470798387,0.0309435138029847,1,1
Niger,2008,0.0896812687632788,0.1071049821353291,0.0744710383522502,1,1
Niger,2009,0.1880829485685282,0.0058121426360635,0.0194359022857462,1,1
Niger,2010,0.2038644750265312,0.0080085763812531,0.0823001584143021,1,1
Niger,2011,0.0661627617186688,0.0289992781656147,0.0233039115819444,1,1
Niger,2012,0.2754808523436232,0.0045405741769108,0.1002881742444117,1,1
Niger,2013,0.0929703292045154,0.022712420616429,0.0517869135600577,1,1
Niger,2014,0.2224502498176654,-0.0093464145731667,0.0643085258308922,1,1
Niger,2015,0.0448322329099468,-0.0057775617116533,0.0429890734954092,1,1
Niger,2016,0.0831503681663186,0.0164036142877135,0.0558215114506595,1,1
Niger,2017,-0.0504623726002328,0.0275798861451637,0.0488412179724058,1,1
Niger,2018,-0.0212646382129726,0.0292442251949918,0.0696325684284353,1,1
Niger,2019,0.1402577153656885,-0.0252131227020164,0.0577013185022039,1,1
Niger,2020,0.1571278468451993,0.0285699033476305,0.0348905929919283,1,1
Niger,2021,0.0928411485263893,0.0376605354434067,0.0137411205044983,1,1
Niger,2022,0.1126384696036026,0.0413935231906004,0.1124354293300378,1,1
Niger,2023,-0.009290953256432,0.0363413136224339,0.0165388172978353,1,1
Niger,2024,0.066882660192153,0.0868336276512824,0.0980337402784314,1,1
Nigeria,1991,0.3175821797762665,0.1222793397030155,0.003577120485616,1,0
Nigeria,1992,0.4901753903995143,0.3687239611124699,0.0452715329080284,1,0
Nigeria,1993,0.4302095458531809,0.4521276316287372,-0.0205611263786025,1,0
Nigeria,1994,0.2963578945706295,0.4512775665596475,-0.0183159626794733,1,0
Nigeria,1995,0.1774071236002434,0.5471701023884301,-0.0007269117757395,1,0
Nigeria,1996,0.1499546768277611,0.256719846847818,0.0411028259307961,1,0
Nigeria,1997,0.1487561809201025,0.081855287470137,0.028947930447341,1,0
Nigeria,1998,0.2014520431434832,0.0952772531155949,0.0254850214971433,1,0
Nigeria,1999,0.2860887402787639,0.0640856691918325,0.0058242748636629,1,0
Nigeria,2000,0.3924982181467911,0.0670350162580142,0.0489419122676011,1,0
Nigeria,2001,0.2340977379302344,0.1728909464583448,0.0574920465319621,1,0
Nigeria,2002,0.1724488000409003,0.121124816376414,0.1426200778462671,1,0
Nigeria,2003,0.1267328130322589,0.1313070271719647,0.0708982082141709,1,0
Nigeria,2004,0.1879475804983528,0.1397448449970428,0.0884737576237952,1,0
Nigeria,2005,0.2037864661158117,0.1643569329464504,0.0623973228332133,1,0
Nigeria,2006,0.3100602126392715,0.0790442541862805,0.0588293928346672,1,0
Nigeria,2007,0.6300015483001431,0.0524786672570209,0.0638301174103297,1,0
Nigeria,2008,0.3522290825927854,0.1095812722927522,0.0654550333038521,1,0
Nigeria,2009,0.1385817064852759,0.1181192256312577,0.0773028817851972,1,0
Nigeria,2010,0.0650840036777928,0.1287454142724637,0.0770134093601377,1,0
Nigeria,2011,0.1962706167013905,0.1027924557047681,0.0517184839091733,1,0
Nigeria,2012,0.2396817815536494,0.1153288381496588,0.0414303966854667,1,0
Nigeria,2013,0.1336746354435014,0.0815386809103664,0.0645822894896781,1,0
Nigeria,2014,-0.0079733737894116,0.0773999344350349,0.0611865218528393,1,0
Nigeria,2015,0.0400872282797379,0.086264251945245,0.0261811947890571,1,0
Nigeria,2016,0.2770419309374929,0.1458028993342113,-0.0163008290352983,1,0
Nigeria,2017,0.013782869459245,0.1527405393088461,0.0080265669430552,1,0
Nigeria,2018,0.1396063652259052,0.1141774903035157,0.0190450594533864,1,0
Nigeria,2019,0.062492345252739,0.1079250255298802,0.0218439666303567,1,0
Nigeria,2020,0.1100424490826164,0.1243924645370198,-0.0658075757012,1,0
Nigeria,2021,0.1331086787294531,0.156600639556327,0.0110314545390011,1,0
Nigeria,2022,0.1606092511630095,0.172668345647776,0.0422816917978572,1,0
Nigeria,2023,0.4115928118279726,0.2204162371967424,0.0327270359894846,1,0
North Macedonia,1994,-0.802089473254032,0.8179427633377694,-0.017738055041871,1,0
North Macedonia,1995,0.0180576971164043,0.151635424700891,-0.0112098734548808,1,0
North Macedonia,1996,-0.0021075880944749,0.0243667066676263,0.0117813652556861,1,0
North Macedonia,1997,0.2142732619120515,0.0128605956002969,0.0142971207161011,1,0
North Macedonia,1998,0.1223137877434368,0.0054272423659913,0.0332291035558824,1,0
North Macedonia,1999,0.2717064685789019,-0.012875399112052,0.0424752950309965,1,0
North Macedonia,2000,0.2008769750612096,0.0639829566250442,0.0444869737872366,1,0
North Macedonia,2001,0.5105840486953639,0.0506825178472141,-0.0311528152380198,1,0
North Macedonia,2002,-0.0841820244271751,0.0228821741580267,0.0148262014036504,1,0
North Macedonia,2003,0.16970605612509,0.0085192293228635,0.0219826185770166,1,0
North Macedonia,2004,0.1527818179586759,-0.0044965966200534,0.0456814282877822,1,0
North Macedonia,2005,0.145905561904442,0.0052413993432702,0.0461589784153524,1,0
North Macedonia,2006,0.2215956118876718,0.0316307251616372,0.050094314933446,1,0
North Macedonia,2007,0.2616869012654419,0.0222678017753299,0.0627258184736554,1,0
North Macedonia,2008,0.1117042290143679,0.0800294460749651,0.0532753420391927,1,0
North Macedonia,2009,0.0165638122317481,-0.0074238281775373,-0.0035925942152239,1,0
North Macedonia,2010,0.1098939835059802,0.0149868856970583,0.0330357686184719,1,0
North Macedonia,2011,0.0855153408316695,0.0383044687285369,0.0231293038959883,1,0
North Macedonia,2012,0.0301817081429049,0.0326226056192018,-0.0045722691458038,1,0
North Macedonia,2013,0.0257152404329019,0.0274692475084536,0.0288328850847534,1,0
North Macedonia,2014,0.0854582465083737,-0.002821025683164,0.0356482193199454,1,0
North Macedonia,2015,0.0739182762903105,-0.0030037113840215,0.0378338397774591,1,0
North Macedonia,2016,0.0578983755960536,-0.0023957754563808,0.0280839792404172,1,0
North Macedonia,2017,0.0448797522701021,0.0134256601101574,0.0107596343493447,1,0
North Macedonia,2018,0.1026964962274199,0.0144778186228142,0.0283988745392456,1,0
North Macedonia,2019,0.0787390738107625,0.0076351734726163,0.0383589913854152,1,0
North Macedonia,2020,0.0766871848655093,0.0119292970397673,-0.0480191865495243,1,0
North Macedonia,2021,0.0846232059000406,0.0317965792811447,0.0441190762753187,1,0
North Macedonia,2022,0.051418211107471,0.1328224179076844,0.0272151274298408,1,0
North Macedonia,2023,0.0572742728806225,0.0894921286081018,0.0252287152363308,1,0
North Macedonia,2024,0.0971602204161499,0.0343022996814079,0.0294979786993785,1,0
Norway,1991,0.0289161683076955,0.0338041081754338,0.0303782588335685,1,1
Norway,1992,0.0815873109803888,0.0230139854508504,0.0351205782469108,1,1
Norway,1993,-0.0067175229304758,0.0226248111073728,0.0280545907876827,1,1
Norway,1994,0.0490193517263328,0.0136629846814457,0.0493164446774372,1,1
Norway,1995,0.0371128454017188,0.0243058820825705,0.0407161617799083,1,1
Norway,1996,0.0668141620650573,0.0125462900339901,0.0490559676587842,1,1
Norway,1997,0.0143182324273354,0.0253453103563696,0.0514970364237399,1,1
Norway,1998,0.1438489648152945,0.0222742106119397,0.0263369828939872,1,1
Norway,1999,0.0168579063078482,0.0233841214351091,0.0205087227463636,1,1
Norway,2000,0.083084353965269,0.0303886140787854,0.0326505779813679,1,1
Norway,2001,0.15243757325781,0.0295995493723628,0.0204605523401575,1,1
Norway,2002,0.0716286430248338,0.0127851730877956,0.0136815495249997,1,1
Norway,2003,0.0212444667730977,0.0245738302640088,0.0094047301911608,1,1
Norway,2004,0.0662534691666856,0.0045346877665766,0.0393609727767376,1,1
Norway,2005,0.1000659009062978,0.0152051503321599,0.0264970607004642,1,1
Norway,2006,0.0655697188421839,0.0230263452115195,0.0243166698971784,1,1
Norway,2007,0.1663874449820035,0.0071006215495765,0.0287238907565559,1,1
Norway,2008,0.0304008179318273,0.036851859803658,0.0048076203486644,1,1
Norway,2009,0.0089463187083005,0.0217359128686185,-0.0195943691882618,1,1
Norway,2010,0.0626829677076763,0.0239011423366024,0.0078397076432672,1,1
Norway,2011,0.0622358140941052,0.0127676613004892,0.0109958834173902,1,1
Norway,2012,0.043974429113998,0.0069444723528029,0.0268167866314712,1,1
Norway,2013,0.0653103631470699,0.02098316747385,0.0101106233565921,1,1
Norway,2014,0.0593349907897753,0.0202113953770837,0.0202743983906721,1,1
Norway,2015,-0.0547353044483678,0.0214790316771305,0.0184030180670191,1,1
Norway,2016,0.1065065354566456,0.0348844018535041,0.0115799353883971,1,1
Norway,2017,0.0590417096770892,0.0185773730131826,0.0243388550571772,1,1
Norway,2018,0.0505307141938153,0.0272730009647368,0.0082551473214813,1,1
Norway,2019,0.0389658557737178,0.0214456888197673,0.0111747982105825,1,1
Norway,2020,0.1147453071103612,0.0127837871493312,-0.0128641066785526,1,1
Norway,2021,0.0998626966847062,0.0342456711355625,0.0383423156319047,1,1
Norway,2022,0.0539833428415974,0.0560411755365306,0.0319465183346885,1,1
Norway,2023,0.0043214522680834,0.053709945706986,0.0007209448628167,1,1
Norway,2024,0.0339062604779485,0.0309685008126576,0.0207554144229149,1,1
Oman,2001,0.102593147471957,-0.0082001965653395,0.0450992324238406,1,1
Oman,2002,0.0540618272730064,-0.002799703741287,-0.00787256534662,1,1
Oman,2003,0.0239352269160981,0.0023106152939247,-0.0221910672830887,1,1
Oman,2004,0.0399980630222529,0.0062302422984785,0.0197292433265161,1,1
Oman,2005,0.1960112767884609,0.0189182710284097,0.0274151820865533,1,1
Oman,2006,0.2187325199986922,0.034835978817779,0.0456405886920165,1,1
Oman,2007,0.2976585588983553,0.0566684221890669,0.0486059059617396,1,1
Oman,2008,0.2091760403349347,0.1166749477580522,0.0857194164768202,1,1
Oman,2009,0.046263155686276,0.0341000309403423,0.0580987705291704,1,1
Oman,2010,0.1074372026070129,0.0320467686729397,0.0244193905449954,1,1
Oman,2011,0.1149447573887307,0.0396262911950406,0.0285350719561527,1,1
Oman,2012,0.1018976663866944,0.0290512458116385,0.084921147991654,1,1
Oman,2013,0.0814445490709481,0.0104803705816403,0.0509564264277742,1,1
Oman,2014,0.1135907786589278,0.0100890820113503,0.0128397395588706,1,1
Oman,2015,0.1328694116829325,0.0006526882829351,0.0489526080908042,1,1
Oman,2016,0.0181431577811963,0.0110310146057601,0.0492321992738702,1,1
Oman,2017,0.0409665166357982,0.0157660022105465,0.0030359624578792,1,1
Pakistan,1991,0.1734852386229803,0.1114632888143534,0.049376351937127,1,1
Pakistan,1992,0.2569694509072278,0.0908369302880349,0.0742341582084122,1,1
Pakistan,1993,0.1666447066805751,0.0950707398708021,0.0174247798863582,1,1
Pakistan,1994,0.1601662810098574,0.1166107434008658,0.0366926699361656,1,1
Pakistan,1995,0.1293584109609611,0.1163916549532677,0.0484339973803571,1,1
Pakistan,1996,0.1828927357591077,0.0987026786626019,0.0473279650754356,1,1
Pakistan,1997,0.1815862598174327,0.1077371252612127,0.0100928554562358,1,1
Pakistan,1998,0.0756581495778156,0.0604175806601445,0.0251825832490375,1,1
Pakistan,1999,0.0422375547179889,0.0405912848447131,0.0359474072996803,1,1
Pakistan,2000,0.1144455455003274,0.0427401330397816,0.0417184375020305,1,1
Pakistan,2001,0.134795258302578,0.0309971987667325,0.0358626790590967,1,1
Pakistan,2002,0.1622587054620368,0.0323737174837992,0.0256172258277587,1,1
Pakistan,2003,0.1643098515483103,0.0287248108838658,0.0526048871684281,1,1
Pakistan,2004,0.1730739249635355,0.0718054097292779,0.0753973708111317,1,1
Pakistan,2005,0.1516292780202057,0.0867585125832417,0.0702401214210155,1,1
Pakistan,2006,0.3570369965589037,0.0762300740502137,0.0587559373899324,1,1
Pakistan,2007,0.1607433691009916,0.0732382349967037,0.04348865348555,1,1
Pakistan,2008,0.0632067172595896,0.1847030612011453,0.0209827252488423,1,1
Pakistan,2009,0.1622043639736432,0.1279336990398993,0.0341361799065005,1,1
Pakistan,2010,0.1359792824846337,0.1216765178833183,0.0149055337449581,1,1
Pakistan,2011,0.1186948139456021,0.1125792323196508,0.0264483080568282,1,1
Pakistan,2012,0.160374300749968,0.0924182919660143,0.0298265713482592,1,1
Pakistan,2013,0.1250070803624012,0.0741065646862644,0.0427420545026855,1,1
Pakistan,2014,0.10924638943413,0.0694270281596924,0.0403395886287398,1,1
Pakistan,2015,0.1149432744135907,0.0249787001760273,0.0413141175268201,1,1
Pakistan,2016,0.1276545865652991,0.0369596893833232,0.0636678761591156,1,1
Pakistan,2017,0.0946856347869058,0.0400412771708946,0.0433719493259836,1,1
Pakistan,2018,0.0938035149823477,0.0495332904463925,0.0596990417027711,1,1
Pakistan,2019,0.1104050373260072,0.1005512447359882,0.0246695579776279,1,1
Pakistan,2020,0.1452486761703149,0.0929448044466401,-0.012822735438366,1,1
Pakistan,2021,0.099115277266403,0.090721630064718,0.0631051733714755,1,1
Pakistan,2022,0.0714972398829196,0.1812698369693759,0.0466746601539682,1,1
Pakistan,2023,0.1505992080280513,0.2682555541203664,-0.0041579924527574,1,1
Pakistan,2024,0.1179087715797742,0.1189604032030793,0.0300342510750617,1,1
Panama,1991,0.2790002070370789,0.0124843529189311,0.0900144163097529,1,1
Panama,1992,0.2276544823185773,0.0180807689829247,0.0788267085929774,1,1
Panama,1993,0.173446466952182,0.0045290292346304,0.0531211941496181,1,1
Panama,1994,0.1463149498176328,0.0126045468979345,0.028102860354199,1,1
Panama,1995,0.0803518740254958,0.0098929726035992,0.0173651373947869,1,1
Panama,1996,0.0705430446536823,0.0124789787614281,0.039986792396256,1,1
Panama,1997,0.1287158592133614,0.0131565835549407,0.0742633320416992,1,1
Panama,1998,0.1443076676227512,0.0055752423476587,0.0805423246852647,1,1
Panama,1999,0.0812544807165593,0.0123946931372831,0.0508038105715655,1,1
Panama,2000,0.0886196992776753,0.0148783771315939,0.0412283670055124,1,1
Panama,2001,0.0759402261415012,0.0030659196218367,0.0094542461966291,1,1
Panama,2002,-0.0172210104075354,0.0100080609074524,0.0247788926560481,1,1
Panama,2003,0.0346082166476051,0.0039090164967152,0.0497122164369727,1,1
Panama,2004,0.0773814809007724,0.0047359982170185,0.0785861413326536,1,1
Panama,2005,0.08219693674463,0.0281586306879155,0.0795150290049306,1,1
Panama,2006,0.2011190597958112,0.0242817327217341,0.0940115072526595,1,1
Panama,2007,0.1484251993086154,0.0408408711707828,0.123571276432429,1,1
Panama,2008,0.1361308203767208,0.0839613261016287,0.0971034123516219,1,1
Papua New Guinea,1991,0.1625050611353451,0.0673378613038182,0.0911825611713403,1,1
Papua New Guinea,1992,0.1179133084978403,0.0421933536502754,0.1297035719610377,1,1
Papua New Guinea,1993,0.1637680930904927,0.0485436033292963,0.167227258498503,1,1
Papua New Guinea,1994,-0.0129080175897726,0.0281278971779386,0.0577226179882472,1,1
Papua New Guinea,1995,0.1288008317033124,0.1594020047231561,-0.0336855278894248,1,1
Papua New Guinea,1996,0.26803692173997,0.1099674918452602,0.0744922164463766,1,1
Papua New Guinea,1997,0.0741233206163336,0.0388781357523062,-0.0398265490612956,1,1
Papua New Guinea,1998,0.0243141394006265,0.1272861093272417,-0.0384198114261842,1,1
Papua New Guinea,1999,0.0877186601339623,0.1391720444262674,0.0183854863131998,1,1
Papua New Guinea,2000,0.0488755351740763,0.1449302446256761,-0.0252649067435832,1,1
Papua New Guinea,2001,0.0606197949109414,0.0889094965921644,-0.001213622197234,1,1
Papua New Guinea,2002,0.0701251422862228,0.1115364292578933,-0.0015902691387772,1,1
Papua New Guinea,2003,-0.0454810876194464,0.1372289803192945,0.0214101825475623,1,1
Papua New Guinea,2004,0.137906627095937,0.0213595647639897,0.0268480999645959,1,1
Papua New Guinea,2005,0.2584337127364833,0.0176513384549643,0.0615164209685978,1,1
Papua New Guinea,2006,0.3284371245439352,0.0234084946507344,0.0526867918839641,1,1
Papua New Guinea,2007,0.2450218485056474,0.0090722271723109,0.0752483644963426,1,1
Papua New Guinea,2008,0.0755077922715408,0.1022083167892349,-0.0029689815258322,1,1
Papua New Guinea,2009,0.1978442540787028,0.0668950422906418,0.0657916870023171,1,1
Papua New Guinea,2010,0.0975448157691154,0.0583972860688222,0.0964772627890795,1,1
Papua New Guinea,2011,0.159865689667054,0.0434505433556671,0.0110145527462854,1,1
Papua New Guinea,2012,0.1038396260856018,0.0443728515429757,0.0455192930490859,1,1
Papua New Guinea,2013,0.0648651247184695,0.0484121637869332,0.0375360865818734,1,1
Papua New Guinea,2014,0.0332682874918468,0.0509033317835667,0.1270182208353851,1,1
Papua New Guinea,2015,0.0772095656082854,0.0582307732578906,0.0637102687597774,1,1
Papua New Guinea,2016,0.1032208187689889,0.0646047265730658,0.0534419293687022,1,1
Papua New Guinea,2017,-0.009390387900332,0.0528015902994365,0.0347357748506276,1,1
Papua New Guinea,2018,-0.038535605461206,0.0428151034179631,-0.0027964292156354,1,1
Papua New Guinea,2019,0.0432263192631374,0.0385346404495621,0.043830404579829,1,1
Paraguay,1991,0.4038297645697994,0.2169270859714318,0.034340073675029,1,1
Paraguay,1992,0.3157502318911902,0.1414365721316337,0.0168219936496676,1,1
Paraguay,1993,0.2463129047718055,0.1672811939415557,0.0481838796042097,1,1
Paraguay,1994,0.2169673440552912,0.18702875086568,0.0518133768934703,1,1
Paraguay,1995,0.005269764445881,0.12597529275906,0.0660012973547132,1,1
Paraguay,1996,0.0935717403010976,0.0934874595691632,0.0156152955065174,1,1
Paraguay,1997,0.0508230400844667,0.0671871923590323,0.0415498841302337,1,1
Paraguay,1998,0.0734398488778218,0.1093320346457349,0.0006801462062,1,1
Paraguay,1999,0.1209042973096892,0.0653406917598009,-0.0137549643965115,1,1
Paraguay,2000,0.0280103222268586,0.0860140109875557,-0.0234133719915909,1,1
Paraguay,2001,0.3333941270402967,0.070160751916954,-0.0083755241515639,1,1
Paraguay,2002,0.0145167939641055,0.0999380192324173,-0.0002140668606607,1,1
Paraguay,2003,0.1036606917643183,0.1331032751820764,0.0423000583065551,1,1
Paraguay,2004,0.1406157631975872,0.0423242089558222,0.0397726604527015,1,1
Paraguay,2005,0.1039987824657906,0.0658568582912995,0.0211105036587468,1,1
Paraguay,2006,0.0937297751225898,0.091570006899575,0.0469514957368559,1,1
Paraguay,2007,0.2620741314598795,0.078168406208845,0.0527975796686313,1,1
Paraguay,2008,0.3043931689885895,0.0967163238920214,0.0629399827781362,1,1
Paraguay,2009,0.1919094392394988,0.0255892517995643,-0.0026147888639016,1,1
Paraguay,2010,0.174094319436719,0.0454623740767576,0.1052175868608991,1,1
Paraguay,2011,0.1492344146968669,0.0793098384578812,0.0419704983249928,1,1
Paraguay,2012,0.1111686668556899,0.0360996841489091,-0.0071056163272977,1,1
Paraguay,2013,0.1901010506820242,0.0264847363834936,0.0796710369760305,1,1
Paraguay,2014,0.1397576911512743,0.049064675769272,0.0516549960907966,1,1
Paraguay,2015,0.1240086367697621,0.0308104724079285,0.0291427126168706,1,1
Paraguay,2016,0.0709288870566453,0.0400551995435343,0.0417945694141081,1,1
Paraguay,2017,0.0806641286657665,0.0353910568089892,0.0469797535601053,1,1
Paraguay,2018,0.0775082004047149,0.0389861679324647,0.0315398516841618,1,1
Paraguay,2019,0.0934620852708576,0.0271977382449204,-0.0040266470800496,1,1
Paraguay,2020,0.1758201099882725,0.0175207701880406,-0.0082316410954632,1,1
Paraguay,2021,0.0798102559652207,0.0467689142597658,0.0393816359522425,1,1
Paraguay,2022,0.0403975070124147,0.0931766934640361,0.001758836002228,1,1
Paraguay,2023,0.0834798653162565,0.0452794646217205,0.0487828109164389,1,1
Paraguay,2024,0.103792641629866,0.0376367932342081,0.041621292001448,1,1
Peru,1991,1.1957239429934423,1.6283188732085474,0.0219499192607308,1,0
Peru,1992,0.632222875995339,0.551170479320513,-0.0054197516038421,1,0
Peru,1993,0.5411437394174392,0.3959532565179611,0.0511072586574385,1,0
Peru,1994,0.3163935035447878,0.2129873921364025,0.1160781715107646,1,0
Peru,1995,0.2566866920013275,0.1055188298618508,0.0714960895959073,1,0
Peru,1996,0.3165957663319858,0.109194637712596,0.0276051774804138,1,0
Peru,1997,0.2683621181004305,0.0821529978091328,0.0627571644083317,1,0
Peru,1998,0.1597958183808856,0.069972061610378,-0.0039230607079403,1,0
Peru,1999,0.1353191970814897,0.0341082432884896,0.0148384697892183,1,0
Peru,2000,-0.0040024175156645,0.036884701546171,0.0265871231939627,1,0
Peru,2001,0.0056230740793949,0.0195780803719207,0.0061599119825466,1,0
Peru,2002,0.0423854456233918,0.0019294873799635,0.0531001858882334,1,0
Peru,2003,-0.0216006113821869,0.0223423165498974,0.0408062165077325,1,0
Peru,2004,0.0320791375234748,0.0359699852668029,0.0483920202170011,1,0
Peru,2005,0.1578176721946924,0.0160337884370456,0.0609545469154753,1,0
Peru,2006,0.0773791115057456,0.0198247644284865,0.0725894537686038,1,0
Peru,2007,0.2577678680095445,0.0176433020109021,0.0817494451598044,1,0
Peru,2008,0.2050942067410979,0.0562468271905896,0.0873381996740327,1,0
Peru,2009,0.0446911014619857,0.0289394992117131,0.0108986301766158,1,0
Peru,2010,0.1910719541183319,0.0151675942380657,0.0800346378640064,1,0
Peru,2011,0.1109689279602257,0.0331379327418757,0.0613508747519695,1,0
Peru,2012,0.1398925675131295,0.0354753710828514,0.0595861977169818,1,0
Peru,2013,0.1525406830337026,0.0273028289688781,0.0568766016815409,1,0
Peru,2014,0.060767205330773,0.0335502993752054,0.0235422670190317,1,0
Peru,2015,0.1256371548898265,0.0334163227966648,0.0320047867516741,1,0
Peru,2016,0.0271883941845203,0.0349537054448285,0.0387717538785281,1,0
Peru,2017,0.0892090053339345,0.0295092909002905,0.024876356121485,1,0
Peru,2018,0.0529080969817457,0.0149787978874913,0.0389259710803848,1,0
Peru,2019,0.0799046296585608,0.0222713609305511,0.0221589838938527,1,0
Peru,2020,0.3241487276496286,0.0198262746400406,-0.1157847317329512,1,0
Peru,2021,0.0283944344920463,0.0418294594844912,0.1254215574178054,1,0
Peru,2022,0.0890370989301523,0.0800461504457228,0.0277030382043079,1,0
Philippines,1991,0.1631089836337196,0.1761480274377884,-0.0043734504129382,1,1
Philippines,1992,0.1231860416771617,0.0829707574747495,0.0041675941634693,1,1
Philippines,1993,0.2479982700877627,0.0650038288754433,0.0215842743730974,1,1
Philippines,1994,0.2369263534101335,0.0988174170688909,0.0428072154791188,1,1
Philippines,1995,0.2140958673084227,0.0660872847141305,0.0452144944789409,1,1
Philippines,1996,0.2129437745062183,0.0720983464311104,0.0569505665844474,1,1
Philippines,1997,0.2078890338657864,0.0543959404662572,0.0505639393764276,1,1
Philippines,1998,0.0821909640662248,0.0883307375417512,-0.0051541659175136,1,1
Philippines,1999,0.155996273094523,0.0576937334767864,0.0329167617076819,1,1
Philippines,2000,0.0780786101907899,0.039000737349732,0.0428918987975492,1,1
Philippines,2001,0.0951801025035514,0.0520752571538389,0.0300366622680101,1,1
Philippines,2002,0.0950233258929209,0.0268636422695474,0.0364886672197037,1,1
Philippines,2003,0.0419791744221136,0.0226334855207044,0.0496175468904134,1,1
Philippines,2004,0.1018642921426256,0.0471622764148378,0.063624620956169,1,1
Philippines,2005,0.0661828002246913,0.0631330395288367,0.0482424439007047,1,1
Philippines,2006,0.2106953054785236,0.0534007767271154,0.0517991262360588,1,1
Philippines,2007,0.0917192533697282,0.0285874568519126,0.0631559240736123,1,1
Philippines,2008,0.0956819569625082,0.0793696846531792,0.0425276172473552,1,1
Philippines,2009,0.0828546719992893,0.0413245612106623,0.0143793504552185,1,1
Philippines,2010,0.1034324029780684,0.0371978642268642,0.0707799400248987,1,1
Philippines,2011,0.0517073314095313,0.0461048194487307,0.0378566373397148,1,1
Philippines,2012,0.0674511150884633,0.0298205535277897,0.066695116299666,1,1
Philippines,2013,0.2571932450779108,0.0254989962675207,0.0653244431707662,1,1
Philippines,2014,0.1172273300322821,0.0353461343370762,0.0615464319493277,1,1
Philippines,2015,0.0879726403785383,0.0067193002240495,0.0615494619420751,1,1
Philippines,2016,0.125100844252902,0.0124590506973252,0.0690544659233829,1,1
Philippines,2017,0.108164704772637,0.0281324235626048,0.0670134714745032,1,1
Philippines,2018,0.0861698590065316,0.0517319910007492,0.0614852920068358,1,1
Philippines,2019,0.0938902780307167,0.0236390367422449,0.0593864500659506,1,1
Philippines,2020,0.0830326830129628,0.0236497508835915,-0.1000225075458551,1,1
Philippines,2021,0.0767783247588163,0.0385202777229825,0.0555740834741733,1,1
Philippines,2022,0.0752961303792325,0.0565802955986756,0.0730737000945289,1,1
Poland,1991,0.321357252322958,0.5696764335451896,-0.0727382207702049,1,0
Poland,1992,0.4425878469858055,0.3791112908566365,0.0248387347286715,1,0
Poland,1993,0.3074296141139641,0.3145491480517637,0.036701294915634,1,0
Poland,1994,0.3226443300664954,0.2851133506792203,0.0515748743731308,1,0
Poland,1995,0.3046809427226087,0.2464802289488443,0.0763095286066217,1,0
Poland,1996,0.2716786600513892,0.1806114864540431,0.0591541527251386,1,0
Poland,1997,0.2550802350429215,0.1390065146328494,0.0616490978057022,1,0
Poland,1998,0.2245580464921985,0.1097316471590978,0.0451799536482084,1,0
Poland,1999,0.1788875569130432,0.0690975465184475,0.0459211457255754,1,0
Poland,2000,0.1093648065791015,0.0944022713113001,0.045511772586618,1,0
Poland,2001,0.1363906605347402,0.0526715310117529,0.0122619603836611,1,0
Poland,2002,-0.0201728563956571,0.0188735895063469,0.0188334752679288,1,0
Poland,2003,0.0523029395427876,0.0068038152240736,0.034627209654932,1,0
Poland,2004,0.0371795847022831,0.0332669362654325,0.0496545092212699,1,0
Poland,2005,0.1401377847318663,0.0216029540086308,0.0320878611519148,1,0
Poland,2006,0.1481124458393274,0.0127651175390379,0.0601737635771861,1,0
Poland,2007,0.1256527955502946,0.0242900254543005,0.0654173334885044,1,0
Poland,2008,0.1708023694265357,0.0408057249662858,0.0429040242417393,1,0
Poland,2009,0.0779356491752736,0.0372513947877068,0.0258151880512542,1,0
Poland,2010,0.0843893344940234,0.0254795585013987,0.0311975314375132,1,0
Poland,2011,0.1176627930383986,0.0415200052181834,0.051220186093424,1,0
Poland,2012,0.044284543101206,0.0349845563456252,0.0150046813875022,1,0
Poland,2013,0.0605252808504488,0.0098709475670846,0.0068191030488655,1,0
Poland,2014,0.0786647856969864,0.0005380683476552,0.0384560807416107,1,0
Poland,2015,0.0867470248572033,-0.0087796876520442,0.0433637248107068,1,0
Poland,2016,0.0913584572712125,-0.006669867509105,0.0298614523213842,1,0
Poland,2017,0.0454885738209043,0.0205468163652398,0.050241089480032,1,0
Poland,2018,0.0876879483611965,0.0179671356294335,0.0605856419733825,1,0
Poland,2019,0.0794029601273855,0.0220303285319189,0.0447865238347944,1,0
Poland,2020,0.1521141160973194,0.0331878377289234,-0.0205657203824607,1,0
Poland,2021,0.0853850704514016,0.049314094010338,0.0669778809212147,1,0
Poland,2022,0.0511420346714608,0.1347882965185682,0.0512201329629924,1,0
Poland,2023,0.0819104205587493,0.1091136788861124,0.0024929982361179,1,0
Poland,2024,0.0883879270606158,0.0372053083608703,0.0298346506676239,1,0
Qatar,1991,0.0232484011679758,0.0432251197380386,-0.0167620263321524,1,1
Qatar,1992,0.0765372939954396,0.0301441263487105,0.1073333178076829,1,1
Qatar,1993,0.1169077748986211,-0.0087719860728365,-0.0133399437983463,1,1
Qatar,1994,0.0867093596894399,0.013129291441793,0.0140873893196733,1,1
Qatar,1995,0.0109449450182346,0.0291365940866543,0.0237090677846296,1,1
Qatar,1996,0.0541268562729904,0.0478805563750501,0.0428095594785808,1,1
Qatar,1997,0.0940783203044866,0.0472126330844941,0.2624568742285476,1,1
Qatar,1998,0.077350949610313,0.0290867383018342,0.106327919567235,1,1
Qatar,1999,0.1075387348494913,0.021582446439246,0.0419483781161638,1,1
Qatar,2000,0.1014382304699594,0.0163686519100672,0.0772214280836038,1,1
Qatar,2001,0.3253726339097795,0.014606152389363,0.0382412592442804,1,1
Qatar,2002,0.0847722912009771,0.0023971245997209,0.0693595532663096,1,1
Qatar,2003,0.053731965555567,0.0223930442074982,0.036524376268769,1,1
Qatar,2004,0.1887918953047389,0.0657815293771664,0.1757912417903959,1,1
Qatar,2005,0.3566786447731154,0.0844734496387928,0.0722532963598538,1,1
Qatar,2006,0.3338557335747403,0.1118616241608503,0.2324619650868875,1,1
Qatar,2007,0.3331797037460937,0.1289046281782795,0.1653928786829226,1,1
Qatar,2008,0.179730475949789,0.1401978921790005,0.1626591487487729,1,1
Qatar,2009,0.1560548420611063,-0.0498551502361985,0.1129407630115615,1,1
Qatar,2010,0.2076388553787396,-0.0245515042506969,0.1789172225987094,1,1
Qatar,2011,0.1578045893060178,0.011319356036064,0.1255327912393156,1,1
Qatar,2012,0.2064775114968782,0.0228895102639858,0.0462162367193812,1,1
Qatar,2013,0.1789284127735619,0.0317116053194768,0.0540724136564456,1,1
Qatar,2014,0.1007582832443354,0.0329483991838914,0.0519693110149859,1,1
Qatar,2015,0.0338592545939882,0.0179781918625527,0.0464381024208329,1,1
Qatar,2016,-0.0467933168293299,0.0264139760570545,0.0301809875969887,1,1
Qatar,2017,0.1927761033298267,0.0039410131368011,-0.0150888877696182,1,1
Qatar,2018,-0.067399362226002,0.0025548873213789,0.0122727010756769,1,1
Qatar,2019,0.0245115556963781,-0.0066887310185625,0.0068589822473583,1,1
Qatar,2020,0.0371614793529104,-0.0257313809814787,-0.0362232396315604,1,1
Qatar,2021,0.0142559345991593,0.0227831385819454,0.0161384308806553,1,1
Qatar,2022,0.1605601192441312,0.0487451682752952,0.0409976928646891,1,1
Qatar,2023,0.0113750970553212,0.0298272030342534,0.0152805669720947,1,1
Qatar,2024,-0.0061738187604518,0.0125937952355421,0.0233229518064597,1,1
Romania,1991,0.7130685690931209,1.1958070397343046,-0.1383224024031335,1,0
Romania,1992,0.6662668245816263,1.1352835612002052,-0.0917560163079116,1,0
Romania,1993,1.0012447064401968,1.2674175263709109,0.0151726558603613,1,0
Romania,1994,0.812914345321218,0.8618742192739607,0.0385661021116874,1,0
Romania,1995,0.5283797552080536,0.2794670568653918,0.0604694237381977,1,0
Romania,1996,0.5279493298445814,0.3280749445478332,0.0383328391882997,1,0
Romania,1997,0.7581372026325184,0.9351654010495948,-0.0497057419315503,1,0
Romania,1998,0.4301502144976581,0.464341270521063,-0.0205069669234241,1,0
Romania,1999,0.4081221276053774,0.3770915669445478,-0.0037737185851263,1,0
Romania,2000,0.342239685545767,0.3761502218856498,0.0243146236906142,1,0
Romania,2001,0.16570300154304,0.2962230865459756,0.0508654973344384,1,0
Romania,2002,0.3825177937012967,0.2032663931266682,0.0554630097083652,1,0
Romania,2003,0.1912179762497992,0.1421372841777408,0.0231416282816034,1,0
Romania,2004,0.3948838478157661,0.1122063020422778,0.0991945623409478,1,0
Romania,2005,0.182678914347381,0.0863145018684088,0.0456246645039435,1,0
Romania,2006,0.1321394135853069,0.0635240766636924,0.0772277747816936,1,0
Romania,2007,0.2914291398363886,0.0472397179261188,0.0698413836725073,1,0
Romania,2008,0.161214680523674,0.0755786282393673,0.0889945249831818,1,0
Romania,2009,0.0864833566371032,0.0543690498036655,-0.0567471518619484,1,0
Romania,2010,0.0659503727497181,0.0591309580183905,-0.0398413460655575,1,0
Romania,2011,0.0626650245876767,0.056278752550658,0.0439746749514036,1,0
Romania,2012,0.0280280411863813,0.0328052034492314,0.0188572488804794,1,0
Romania,2013,0.0843905481685602,0.0390737057663193,0.002783840293123,1,0
Romania,2014,0.0800135412373421,0.0106264376557314,0.0403354866842207,1,0
Romania,2015,0.0897809820534298,-0.0059592856983528,0.0310822630727969,1,0
Romania,2016,0.0929499833238409,-0.015568529766738,0.0281979983504996,1,0
Romania,2017,0.10802602506946,0.0133013555469139,0.0787693890372978,1,0
Romania,2018,0.085149460076721,0.0452169729793148,0.0525404780082681,1,0
Romania,2019,0.1035047734896252,0.0375640948531685,0.0388388093236073,1,0
Romania,2020,0.1424805848986068,0.0259705577373203,-0.0366435018048854,1,0
Romania,2021,0.1468215614521177,0.0492884091768255,0.0543683933118437,1,0
Romania,2022,0.066182897884925,0.1292326929434395,0.0410240194018491,1,0
Romania,2023,0.0998838597475852,0.098914471774048,0.0223262458351705,1,0
Romania,2024,0.1071663059463894,0.0556372005149103,0.0091183389466635,1,0
Russian Federation,2002,0.2908475812687783,0.1465970582792364,0.045928854611823,1,1
Russian Federation,2003,0.325953070098155,0.1280703220361179,0.0704580195224799,1,1
Russian Federation,2004,0.2906911692618124,0.1033560496510479,0.0695255763569662,1,1
Russian Federation,2005,0.3084790886847877,0.1194288268275696,0.0620350661825099,1,1
Russian Federation,2006,0.3392449675581446,0.0922934025214159,0.0788118112426019,1,1
Russian Federation,2007,0.3442836401255356,0.0862446544452719,0.0815797820999186,1,1
Russian Federation,2008,0.132162241721776,0.1319994378912481,0.0506928221486404,1,1
Russian Federation,2009,0.1597049344340675,0.1101748742011281,-0.0812099894029074,1,1
Russian Federation,2010,0.2192187593138861,0.0662501083725004,0.0440168854091886,1,1
Russian Federation,2011,0.1788542774447989,0.0810311254215099,0.0421014558429213,1,1
Russian Federation,2012,0.1227342275081042,0.0495017491041558,0.0394522840066535,1,1
Russian Federation,2013,0.1486900001118378,0.0653631966776533,0.0174019258459487,1,1
Russian Federation,2014,0.138262121493792,0.0752945579549697,0.0073357000570979,1,1
Russian Federation,2015,0.1799607140151735,0.1443981004500312,-0.019924370809818,1,1
Russian Federation,2016,-0.0092876745830743,0.0680551796966639,0.001935027339055,1,1
Russian Federation,2017,0.0714934493982575,0.0361711711321399,0.0180932265540292,1,1
Russian Federation,2018,0.1161738274915578,0.0283766846521862,0.0276856451971454,1,1
Russian Federation,2019,0.0497795665454283,0.043749158847997,0.0217426629677603,1,1
Russian Federation,2020,0.1540627952088584,0.0332625946244098,-0.0268949946899077,1,1
Rwanda,1991,0.0539347369748206,0.1792933582155438,-0.0254653024894295,1,1
Rwanda,1992,0.1172509319433174,0.0913059177645219,0.057067481430824,1,1
Rwanda,1993,0.0249084527886687,0.1164878751917748,-0.0845637408708448,1,1
Rwanda,1996,0.0825993380446199,0.0714958725603915,0.1199646166286036,1,1
Rwanda,1997,0.255088725397357,0.1134663768946575,0.1297094324813663,1,1
Rwanda,1998,0.0346066530566133,0.0602487120611732,0.08488024476733,1,1
Rwanda,1999,0.0759949129104242,-0.0243534741029107,0.0425985433882871,1,1
Rwanda,2000,0.1451966667747122,0.0382541866289583,0.0803893792881567,1,1
Rwanda,2001,0.0420838203100366,0.0328819643922861,0.0814376758676083,1,1
Rwanda,2002,0.138855413157998,0.0197299327377193,0.1239159563526079,1,1
Rwanda,2003,0.161582392235065,0.0718526464038729,0.0217848526769053,1,1
Rwanda,2004,0.162516164874173,0.1155646683598119,0.0718337278870322,1,1
Rwanda,2005,0.1747255518959178,0.0863069464284693,0.0896386650114777,1,1
Rwanda,2006,0.2337519963298646,0.0851021322292107,0.0882587931823408,1,1
Rwanda,2007,0.2882750600478871,0.0869179915010462,0.0735598766098597,1,1
Rwanda,2008,0.1582633321368582,0.1435652559992455,0.1058116398086141,1,1
Rwanda,2009,0.0387007353622763,0.1217254571139383,0.0606082217403525,1,1
Rwanda,2010,0.1838066735000474,-0.0024643208803487,0.0707813979867708,1,1
Rwanda,2011,0.2543716061452734,0.030336855716345,0.0765756770639605,1,1
Rwanda,2012,0.1239185957381785,0.0977709517281368,0.0828833598905482,1,1
Rwanda,2013,0.1144751748776933,0.0575542063689891,0.0461184895638311,1,1
Rwanda,2014,0.1584395494127122,0.0232719993942138,0.059844705070251,1,1
Rwanda,2015,0.1836996167519302,0.0249706504408457,0.0848635817712235,1,1
Rwanda,2016,0.0813676893602028,0.0692866965011429,0.0579928818653563,1,1
Rwanda,2017,0.0878991234916455,0.0795460002358154,0.0384335855292548,1,1
Rwanda,2018,0.173378415547905,-0.0031169542626967,0.0817317471437775,1,1
Rwanda,2019,0.0972150745514923,0.0329305537300319,0.0902737472077817,1,1
Rwanda,2020,0.1941510397339634,0.0939492452687211,-0.0343190953559222,1,1
Rwanda,2021,0.167812868442823,-0.0039211451342522,0.1030838141049663,1,1
Rwanda,2022,0.2063163526738307,0.1628771465803025,0.0784525875675825,1,1
Rwanda,2023,0.2212406437859009,0.1805662400136825,0.0792722850063043,1,1
Rwanda,2024,0.1719663694321767,0.0175480523764637,0.0851740303123875,1,1
Samoa,1991,-0.0189416986133252,-0.0183594885993714,-0.0232687537198117,1,1
Samoa,1992,0.0071347933502963,0.0864633245194634,-0.0020018738637723,1,1
Samoa,1993,0.0142835844783242,0.0170054957980565,0.040181703274893,1,1
Samoa,1994,0.1297313054410551,0.1140461233419229,-0.0257497010408691,1,1
Samoa,1995,0.2179737799905936,-0.0294651517987363,0.0646039234971951,1,1
Samoa,1996,0.060943165696834,0.0523516215046666,0.0693298570007208,1,1
Samoa,1997,0.1410713884285819,0.0663664452762309,0.0064136386218685,1,1
Samoa,1998,0.0245359178053732,0.0219457672513199,0.021711487770716,1,1
Samoa,1999,0.1460588084195215,0.0026476930906929,0.0216189608218542,1,1
Samoa,2000,0.1512232268574784,0.0096213891342546,0.0496759117072755,1,1
Samoa,2001,0.059225740490163,0.037664547558105,0.0712980836852992,1,1
Samoa,2002,0.0972528394963276,0.077426807329922,0.0549801021415348,1,1
Samoa,2003,0.1306773650526977,0.0011576308450811,0.0508131539388152,1,1
Samoa,2004,0.0799292189401583,0.1511159435891818,0.0304056303577624,1,1
Samoa,2005,0.145380889147372,0.0183973651397169,0.064281021859422,1,1
Samoa,2006,0.1288394560100201,0.0363327663305073,0.0210971532198733,1,1
Samoa,2007,0.1044219481444983,0.054270964081474,0.004848054668944,1,1
Samoa,2008,0.0711123639489024,0.1094453230071508,0.0349433539926629,1,1
Samoa,2009,0.0854339079786719,0.0613298165185653,-0.0054314999444393,1,1
Samoa,2010,0.0621627972177201,0.0077400411375627,0.0594448195126098,1,1
Samoa,2011,-0.0632995268628917,0.0510297108429078,0.0377684855907531,1,1
Samoa,2012,-0.0165739155381992,0.0202830886719329,-0.0380355698856682,1,1
Samoa,2013,0.0619683373408364,0.0060823223272814,0.0010723575839115,1,1
Samoa,2014,0.0918154630846004,-0.0040764583620394,0.0065775580459366,1,1
Samoa,2015,0.0586810089675893,0.0072185845629482,0.0377808483592509,1,1
Samoa,2016,0.087623801160845,0.0129628055541459,0.0768116121802471,1,1
Samoa,2017,0.1415555300257409,0.017347623836283,0.0139648598544219,1,1
Samoa,2018,0.0839634074150055,0.0411175561493317,-0.0061151303894675,1,1
Samoa,2019,0.0453643308529017,0.0097753310850494,0.0435560990498622,1,1
Samoa,2020,0.0525331268300881,-0.015813501717667,-0.0315798852986475,1,1
Samoa,2021,0.0167574296498322,0.0308512165370489,-0.0517513489087058,1,1
Samoa,2022,0.0707639699240729,0.1040165530026238,0.0224173486025733,1,1
Samoa,2023,0.1281926260783343,0.0762352856936789,0.141791278806501,1,1
Samoa,2024,0.0850712229032097,0.0214919378929376,0.0463909498374341,1,1
Sao Tome and Principe,1997,0.7721609980993556,0.306139517782134,0.0099139037594184,1,0
Sao Tome and Principe,1998,0.0277070759005688,0.4087472875170017,0.0246924945735393,1,0
Sao Tome and Principe,1999,0.0743195433250285,0.1197826086261715,0.0246926736275838,1,0
Sao Tome and Principe,2000,0.2221708365412311,0.1151925332529293,0.0044736608571227,1,0
Sao Tome and Principe,2001,0.3098302064698508,0.0882126616845724,0.0301846544899824,1,0
Sao Tome and Principe,2002,0.2262069548947316,0.0964797199185776,0.0330496745575317,1,0
Sao Tome and Principe,2003,0.4306482160441156,0.0934213038129727,0.0796566589619978,1,0
Sao Tome and Principe,2004,0.0101306447994495,0.1247444031227744,0.0347676006681254,1,0
Sao Tome and Principe,2005,0.3740493155104545,0.1583038002605112,0.0640505091134677,1,0
Sao Tome and Principe,2006,0.2734661940631504,0.2076402932070609,0.0849485866947468,1,0
Sao Tome and Principe,2007,0.294759579031485,0.1701520885499778,0.0357673711840966,1,0
Sao Tome and Principe,2008,0.3138373963672016,0.2775567637064986,0.0604249319466632,1,0
Sao Tome and Principe,2009,0.0789003704582285,0.1566402280653251,0.0324904199398083,1,0
Sao Tome and Principe,2010,0.1923740137531275,0.1252224266712218,0.0143806532472154,1,0
Sao Tome and Principe,2011,0.0980928684208137,0.1338940360261542,0.0197970596662955,1,0
Sao Tome and Principe,2012,0.1669980624618965,0.1010928401599766,0.0290046951036053,1,0
Sao Tome and Principe,2013,0.1636350001970115,0.0779404938041885,0.0499292994349431,1,0
Sao Tome and Principe,2014,0.1636044864904882,0.0676446244471069,0.0478965315382211,1,0
Sao Tome and Principe,2015,0.1339523762266594,0.0511291252396652,0.0152797112034299,1,0
Sao Tome and Principe,2016,-0.0493273794461828,0.0528819685575259,0.0504727923928243,1,0
Sao Tome and Principe,2017,-0.0021835675230406,0.0553428975582406,0.0403064664215477,1,0
Sao Tome and Principe,2018,0.1412063631285747,0.0757435993243005,0.0428499663879762,1,0
Sao Tome and Principe,2019,-0.0210054234696848,0.0743673587084945,0.0199429774593191,1,0
Sao Tome and Principe,2020,0.1007912575038645,0.0936663559695825,0.0259100126769915,1,0
Sao Tome and Principe,2021,-0.026304793341179,0.0782358798855202,0.0188148740734312,1,0
Sao Tome and Principe,2022,0.0865126632396027,0.165562192526175,0.0016855635614199,1,0
Sao Tome and Principe,2023,0.0582209449787747,0.1927578573937047,0.0037156162903464,1,0
Sao Tome and Principe,2024,0.0049989875556484,0.1341105892324119,0.0109399341135798,1,0
Saudi Arabia,1991,0.1358753694830206,0.0474665372389271,0.0790031282233485,1,1
Saudi Arabia,1992,0.020338675176287,-0.0007703567132439,0.0447877084648951,1,1
Saudi Arabia,1993,0.0332494402571654,0.0105026071762317,0.0037911637220631,1,1
Saudi Arabia,1994,0.0294186507255354,0.0056273912762794,0.0094845389541795,1,1
Saudi Arabia,1995,0.0330149559367924,0.0475363406569586,0.0031122322620724,1,1
Saudi Arabia,1996,0.070057562422928,0.0121465367214179,0.03251251865791,1,1
Saudi Arabia,1997,0.0507923875154787,0.0005713428032381,0.02612884315133,1,1
Saudi Arabia,1998,0.0356666611490545,-0.0037195765731539,0.0276522465010664,1,1
Saudi Arabia,1999,0.0661056489555314,-0.0134272929413237,-0.0063540808920521,1,1
Saudi Arabia,2000,0.0436910537314325,-0.0113137435683032,0.0461021186230894,1,1
Saudi Arabia,2001,0.0496212397500848,-0.0112727801985412,0.0034400083425722,1,1
Saudi Arabia,2002,0.1414855484719588,0.0024688148904417,-0.0069077046545977,1,1
Saudi Arabia,2003,0.0815094288642122,0.0061032905546269,0.0840537341327412,1,1
Saudi Arabia,2004,0.1591551801147268,0.0051418370473408,0.0827866822262315,1,1
Saudi Arabia,2005,0.1243482003229843,0.0047808701224552,0.0577489261581796,1,1
Saudi Arabia,2006,0.185719034228569,0.0218497769321759,0.0325977211751578,1,1
Saudi Arabia,2007,0.18349898477069,0.04083310086801,0.0218950832856101,1,1
Saudi Arabia,2008,0.1651725966331199,0.0941299214606807,0.0605115569452756,1,1
Saudi Arabia,2009,0.102649018405426,0.0493349944032752,-0.0107244732593514,1,1
Saudi Arabia,2010,0.0504301052848248,0.0520174967267079,0.0491664274911443,1,1
Saudi Arabia,2011,0.1245198300327885,0.0566280945549637,0.111172976709799,1,1
Saudi Arabia,2012,0.1526307667181328,0.0282596120481768,0.0560170710816194,1,1
Saudi Arabia,2013,0.0802148825936726,0.0345081079638625,0.0290308754517489,1,1
Saudi Arabia,2014,0.1117494173490918,0.0221709332697566,0.0394579117868332,1,1
Saudi Arabia,2015,0.0286341497653133,0.0121527866906934,0.0455002169519644,1,1
Saudi Arabia,2016,0.0054621278275135,0.02032671315723,0.0168969136396093,1,1
Saudi Arabia,2017,0.0015073941683958,-0.0083835008963317,0.0117517475134114,1,1
Senegal,1991,0.0565447374784646,-0.0176911384588644,0.026252007393694,1,1
Senegal,1992,0.0352790226762387,-0.0011000344870009,0.0131159391487933,1,1
Senegal,1993,-0.1344556429658858,-0.0058816089522037,0.0135104515075248,1,1
Senegal,1994,0.3270621860804219,0.2798540144250925,-0.0004753224344291,1,1
Senegal,1995,0.0716113736325674,0.0757010610806556,0.0532429487286307,1,1
Senegal,1996,0.1105826179560018,0.0271705802308117,0.0199984631047946,1,1
Senegal,1997,0.0366497833434564,0.0173797413494094,0.0300014327599313,1,1
Senegal,1998,0.0814604259164362,0.0115014115025546,0.0573107069098632,1,1
Senegal,1999,0.1234400305791112,0.0082384764490379,0.0609380621035775,1,1
Senegal,2000,0.1027316669212972,0.0072931599565997,0.0381356146291409,1,1
Senegal,2001,-0.090174119361027,0.0293112069243504,0.042205211509767,1,1
Senegal,2002,0.0704502881628705,0.0231040527120445,0.0006867298944577,1,1
Senegal,2003,0.285496526944371,-0.0005201054741208,0.0544309009213961,1,1
Senegal,2004,0.1378298510300872,0.0051346130937224,0.0453871799794889,1,1
Senegal,2005,0.0891352208423192,0.0169685489948729,0.0421993354040672,1,1
Senegal,2006,0.1155906394450951,0.0209028633710115,0.023040233366391,1,1
Senegal,2007,0.1215968376224623,0.0568840277770386,0.02787893770288,1,1
Senegal,2008,0.0901136282350378,0.0708982771287694,0.0363624887024727,1,1
Senegal,2009,0.1240813003169094,-0.0227367466988432,0.0271491487799728,1,1
Senegal,2010,0.1081462178852561,0.0122119417468695,0.033346660534562,1,1
Senegal,2011,0.0723022147821303,0.0334659970482773,0.0132527044813919,1,1
Senegal,2012,0.0601136174481666,0.0140826593453597,0.0392495161125552,1,1
Senegal,2013,0.0773234012724657,0.0070773512292685,0.0238374692649436,1,1
Senegal,2014,0.1054381511916595,-0.0109624190938699,0.0603805867520392,1,1
Senegal,2015,0.1787310956302974,0.0013512060461646,0.0617256028147892,1,1
Senegal,2016,0.1286072857006601,0.008337991559765,0.0616224162945613,1,1
Senegal,2017,0.088497451010447,0.0130954110724026,0.0714596974405488,1,1
Senegal,2018,0.132339300242446,0.004599263578374,0.0602409344191627,1,1
Senegal,2019,0.0789909394419794,0.0174480094357569,0.045103644894997,1,1
Senegal,2020,0.1163467850650654,0.0251134689624583,0.0133314773658668,1,1
Senegal,2021,0.1427192899348774,0.0215689368534137,0.0633878697012022,1,1
Senegal,2022,0.1953202268236289,0.0925501835236231,0.0377815235681104,1,1
Senegal,2023,0.0917505688761757,0.0576977826829985,0.0416929511223251,1,1
Senegal,2024,0.0378258317538389,0.0080128442345142,0.0588399847644183,1,1
Serbia,1998,0.2849642691783884,0.2635919705224012,0.0520480866406387,1,0
Serbia,1999,0.228712132451303,0.353848290966789,-0.1089838006092946,1,0
Serbia,2000,0.9586124232265228,0.5371985533623724,0.0587884875424578,1,0
Serbia,2001,0.6554896282585965,0.6678561712422098,0.0655866228777597,1,0
Serbia,2002,0.4236981438858507,0.1780694640971152,0.0633601333903577,1,0
Serbia,2003,0.2458329328285593,0.0941838994003796,0.0445879183210955,1,0
Serbia,2004,0.2771240430033082,0.1045974890921979,0.06472789416134,1,0
Serbia,2005,0.3518357750438952,0.1494537865155747,0.057358080515808,1,0
Serbia,2006,0.3270611373698173,0.1108615640904222,0.038265126400752,1,0
Serbia,2007,0.3514266612424528,0.0619574409257364,0.0754049257411217,1,0
Serbia,2008,0.0922802226195678,0.1169914938046856,0.0503213082490603,1,0
Serbia,2009,0.1948333452281829,0.0780433341566215,-0.0319305032701997,1,0
Serbia,2010,0.1211034967808402,0.0596128499358208,0.0159813434673523,1,0
Serbia,2011,0.0977054981243377,0.1055970663854131,0.0005425776147234,1,0
Serbia,2012,0.0900345120619867,0.0707416099145685,-0.004449444824413,1,0
Serbia,2013,0.0447143369085125,0.0741261342577672,0.004505622474678,1,0
Serbia,2014,0.0736969729345027,0.0206106139125683,-0.0182074585061613,1,0
Serbia,2015,0.0635770096408521,0.0138275396071998,0.0128741576018143,1,0
Serbia,2016,0.109332383844606,0.0111606275958067,0.029317977824391,1,0
Serbia,2017,0.0350506809494959,0.0308304446808884,0.0233590713809235,1,0
Serbia,2018,0.1355930736366808,0.0194088317584864,0.0454450550959251,1,0
Serbia,2019,0.0802333704872673,0.018323394997922,0.046408357909943,1,0
Serbia,2020,0.1664040621712885,0.0156325022498258,-0.0095456550631638,1,0
Serbia,2021,0.1248103385776069,0.040038675197934,0.0764892308208011,1,0
Serbia,2022,0.0663373916144465,0.1131635978814493,0.0266757868040414,1,0
Serbia,2023,0.1191922165604424,0.1166437589737743,0.0367940503759953,1,0
Serbia,2024,0.1268262573122776,0.0456474189999287,0.038739118608408,1,0
Seychelles,1991,0.1107688576670895,0.0196727655987039,0.0272301343570831,1,1
Seychelles,1992,0.1359556362360301,0.0319515998066024,0.0692745753742265,1,1
Seychelles,1993,0.2129219972426703,0.0137416278522963,0.0704898775807763,1,1
Seychelles,1994,0.1721301278486251,0.0172205977516703,-0.0246674432158506,1,1
Seychelles,1995,0.1344832154624065,-0.0024420036555525,0.0048386418613937,1,1
Seychelles,1996,0.1336539523834865,-0.0110634195442544,0.0952915064681434,1,1
Seychelles,1997,0.1503706909314317,0.0061614489440491,0.1150561366125053,1,1
Seychelles,1998,0.1466535626671188,0.0254713588483137,0.0243749127169294,1,1
Seychelles,1999,0.1722670988821733,0.0615400181413146,0.0185469874371477,1,1
Seychelles,2000,0.0454104500566927,0.0608012534516198,0.0416523538299742,1,1
Seychelles,2001,0.1187277714840036,0.0579822825383491,-0.0229735106698676,1,1
Seychelles,2002,0.0984370519027599,0.0017484705341161,0.0120553701637788,1,1
Seychelles,2003,0.0521926542845321,0.0324919126205807,-0.0606753632849859,1,1
Seychelles,2004,0.1309130337016952,0.0378476932395557,-0.0289186831231056,1,1
Seychelles,2005,0.0163790044433262,0.0090309748905377,0.0862305548203785,1,1
Seychelles,2006,0.0298537212263134,-0.0035409166394178,0.0898967221503816,1,1
Seychelles,2007,-0.0830862131410761,0.0518388481381255,0.0850400443669876,1,1
Seychelles,2008,0.2467721128586966,0.3145534679713035,-0.0276378948599642,1,1
Seychelles,2009,0.0753675205509658,0.2757697069330325,-0.0251063016073018,1,1
Seychelles,2010,0.1280143707125951,-0.0243402218858639,0.0440659946713779,1,1
Seychelles,2011,0.0431228360743531,0.0252706671656914,0.0908437049558799,1,1
Seychelles,2012,-0.0231563522161337,0.0686896179940577,0.0306327738122647,1,1
Seychelles,2013,0.2299082731720183,0.0424744379229222,0.0124594078360118,1,1
Seychelles,2014,0.2359226416784601,0.0137631966509657,0.039832946972524,1,1
Seychelles,2015,0.0289281181437353,0.0396239405697995,0.085388475485022,1,1
Seychelles,2016,0.1143954076656186,-0.010206731082361,0.1143774855290082,1,1
Seychelles,2017,0.1519707039041691,0.0281675023634928,0.0672301659213836,1,1
Seychelles,2018,0.0743792991654999,0.036360071485098,0.0482135476966085,1,1
Seychelles,2019,0.1283199756297115,0.0179096014381139,0.0536762276460258,1,1
Seychelles,2020,0.2407027446704184,0.011954900952146,-0.1248816053087438,1,1
Seychelles,2021,-0.0522709664920562,0.0932088769743222,0.0055076214818967,1,1
Seychelles,2022,0.0060314188295009,0.0259214799407079,0.1196521224052666,1,1
Seychelles,2023,0.0557006139732614,-0.0104069740304257,0.0223411009071234,1,1
Seychelles,2024,0.0713709467701804,0.003112411926244,0.034069783943984,1,1
Sierra Leone,2007,0.1579377716383483,0.1101985634741398,0.0368116410478656,1,1
Sierra Leone,2008,0.235380345929034,0.0789139877355191,0.0361974910819711,1,1
Sierra Leone,2009,0.2966142511704213,0.0720324245587678,0.0151920466459287,1,1
Sierra Leone,2010,0.2163597401375447,0.0693923107628231,0.0616186307599768,1,1
Sierra Leone,2011,0.2594985638469644,0.06570705300875,0.0778925995744046,1,1
Sierra Leone,2012,0.1987253626418734,0.0637985198471975,0.1005539676618099,1,1
Sierra Leone,2013,0.1014396836410185,0.0537694495927789,0.1368300294508735,1,1
Sierra Leone,2014,0.2144293156864769,0.0453491240433621,-0.0813729225333581,1,1
Sierra Leone,2015,,0.064751957342696,-0.0446138894770413,1,1
Sierra Leone,2016,0.1643433946520929,0.1033330101294041,0.0623871761001026,1,1
Sierra Leone,2017,0.0675743003964193,0.1673898770506863,0.0315748354487936,1,1
Sierra Leone,2018,0.1349776816094667,0.1486746689763505,0.0285277506221781,1,1
Sierra Leone,2019,0.1337373544152953,0.1380648430346589,0.0535664478663449,1,1
Sierra Leone,2020,0.3233865705262886,0.1261644453960464,-0.0126126970328641,1,1
Sierra Leone,2021,0.1992771546368246,0.1122026844990298,0.0572953466753638,1,1
Sierra Leone,2022,0.3488539001372892,0.2406556230267416,0.0517719486491401,1,1
Sierra Leone,2023,0.2838678037281497,0.3896261536838548,0.0555295169458069,1,1
Sierra Leone,2024,0.1669841359941806,0.2517990330742341,0.0420362013949038,1,1
Singapore,1991,0.1172996317648227,0.0336833112605763,0.0647422273216591,1,1
Singapore,1992,0.0852170865720971,0.0223784363345096,0.0642866666389103,1,1
Singapore,1993,0.0811553845882073,0.022634883687286,0.1084924638609905,1,1
Singapore,1994,0.1347786359225686,0.0305304914160995,0.1052217098149448,1,1
Singapore,1995,0.0815770448972692,0.0170590027617025,0.0692965691613061,1,1
Singapore,1996,0.0934022369921088,0.0137370188743171,0.0720544946256502,1,1
Singapore,1997,0.0977263363728475,0.0198377853584181,0.0798846254368434,1,1
Singapore,1998,0.2642742373697082,-0.0026786071960209,-0.0221537420640665,1,1
Singapore,1999,0.0817138841000328,0.0001670843779972,0.0556085021642758,1,1
Singapore,2000,-0.0207088461037123,0.0135243712508783,0.0865291603927858,1,1
Singapore,2001,0.0569272551045578,0.0099225874599655,-0.0107663775138355,1,1
Singapore,2002,-0.0033259788706274,-0.0039244592924125,0.0384835257957085,1,1
Singapore,2003,0.0774510075995884,0.0050661981213835,0.0444785532474014,1,1
Singapore,2004,0.0604933362875499,0.0164905523345266,0.0947644189434981,1,1
Singapore,2005,0.0600941605045051,0.0042420525247459,0.0710763751484044,1,1
Singapore,2006,0.1770479099129929,0.0096102484675357,0.0862397684312057,1,1
Singapore,2007,0.1258562664688121,0.0208785352324056,0.0863751034768824,1,1
Singapore,2008,0.1137633192811264,0.0642457337540891,0.0184633333385519,1,1
Singapore,2009,0.1073897357653415,0.0058741336418162,0.0012787159219946,1,1
Singapore,2010,0.0824120880196517,0.0278957237445585,0.1355771086901782,1,1
Singapore,2011,0.0952022593750676,0.0511792722280137,0.0602945359896551,1,1
Singapore,2012,0.0697621111566029,0.0447902207104951,0.0433994469345009,1,1
Singapore,2013,0.0422512776427126,0.0233687897715526,0.0470518063979028,1,1
Singapore,2014,0.0327742371031831,0.0102786884089756,0.038600715966762,1,1
Singapore,2015,0.0151249475636703,-0.0052334266378606,0.0293335275132555,1,1
Singapore,2016,0.0773676010479889,-0.00531218229293,0.0367906329749416,1,1
Singapore,2017,0.0314846756628242,0.005751062802024,0.0437958002946565,1,1
Singapore,2018,0.0382767954005274,0.0043782436395174,0.0339373187060978,1,1
Singapore,2019,0.0483267292301405,0.0056622391091805,0.0129956019930439,1,1
Singapore,2020,0.1239067293995042,-0.0017226014856301,-0.0388937387083672,1,1
Solomon Islands,1991,0.2141026698217842,0.1401977671804863,0.0582689228064339,1,1
Solomon Islands,1992,0.2189124417741759,0.1021157002414403,0.1195592195140697,1,1
Solomon Islands,1993,0.1452568200948363,0.0877238611670025,0.039220708680741,1,1
Solomon Islands,1994,0.2241518175819017,0.1244808448739283,0.0778865500004712,1,1
Solomon Islands,1995,0.0881078456845898,0.0919337561063238,0.0961154499349277,1,1
Solomon Islands,1996,0.1424794191677492,0.1113119779911397,0.0159708604909063,1,1
Solomon Islands,1997,0.0646634695092096,0.0777385291367696,-0.0091828050768434,1,1
Solomon Islands,1998,0.0250913771861398,0.1168893369849488,0.012832433497202,1,1
Solomon Islands,1999,0.0673846851498218,0.0771496195852834,-0.0048691423368971,1,1
Solomon Islands,2000,0.0056086129682135,0.075937942670325,-0.1540490135592094,1,1
Solomon Islands,2001,-0.1068741813171278,0.066965299009106,-0.0829100473173909,1,1
Solomon Islands,2002,0.0617523902782721,0.103725888067228,-0.0283992984378649,1,1
Solomon Islands,2003,0.2136247543789515,0.0794529660563814,0.0631951209033374,1,1
Solomon Islands,2004,0.1632228080297508,0.0675263222127791,0.0740274926866639,1,1
Solomon Islands,2005,0.3792456523027496,0.0707441955757106,0.0710089102314661,1,1
Solomon Islands,2006,0.2344681926842362,0.10633991907841,0.0405396736793051,1,1
Solomon Islands,2007,0.1963910739348762,0.073863843608934,0.0357506127331461,1,1
Solomon Islands,2008,0.077010210432789,0.1597356138393602,0.0603978324544094,1,1
Solomon Islands,2009,0.1554600658780565,0.068524788861823,0.0282459320307495,1,1
Solomon Islands,2010,0.1250520786433817,0.0104599201311916,0.0926536758283838,1,1
Solomon Islands,2011,0.2295351776914351,0.070856399933735,0.071671497625207,1,1
Solomon Islands,2012,0.16030299826539,0.0574384315332769,0.0243600536609669,1,1
Solomon Islands,2013,0.1167720712593016,0.0525105101955416,0.0510490114965733,1,1
Solomon Islands,2014,0.0541079956540038,0.0503689399064404,0.011824366774924,1,1
Solomon Islands,2015,0.1398545138775766,-0.0057612570796621,0.0166189974724595,1,1
Solomon Islands,2016,0.1261002978379757,0.0051117688817479,0.0540614226673845,1,1
Solomon Islands,2017,0.0343801934827538,0.0048749656249746,0.0302911724536372,1,1
Solomon Islands,2018,0.0660422965311333,0.0340291337508684,0.027088301106783,1,1
Solomon Islands,2019,-0.0311194825076057,0.0162163556783614,0.017341291328357,1,1
Solomon Islands,2020,0.0640436480203447,0.029204855345271,-0.0343974600495755,1,1
Solomon Islands,2021,0.0192318925482943,-0.0011550457527151,-0.0022823555208937,1,1
Solomon Islands,2022,0.0513032020722796,0.0537125937362334,-0.0261846822528504,1,1
Solomon Islands,2023,0.0594761962384495,0.0571915257901682,0.0280150725809846,1,1
Solomon Islands,2024,0.0376061478632365,0.0423105451241303,0.0295351114370419,1,1
South Africa,1991,0.1579540043924758,0.142668831305964,-0.0102346454389277,1,1
South Africa,1992,0.0282104250838308,0.1299285680397122,-0.0216019801801223,1,1
South Africa,1993,0.0611871452019094,0.0927380319211534,0.0122601160823485,1,1
South Africa,1994,0.1681890721060526,0.0856139017754586,0.0314986670881687,1,1
South Africa,1995,0.1486904095452743,0.0832415018926391,0.0305292050400964,1,1
South Africa,1996,0.1334721156665992,0.0709627141336701,0.042101175992439,1,1
South Africa,1997,0.1639302029647282,0.0824807435168306,0.0256677467628456,1,1
South Africa,1998,0.1279793235727737,0.0665416249321957,0.0049875415144384,1,1
South Africa,1999,0.1035240962015109,0.0505171392426699,0.0237165265925405,1,1
South Africa,2000,0.0696665096899131,0.0520131470234446,0.0411419433376849,1,1
South Africa,2001,0.1839026089349964,0.055452633222182,0.0266419309482799,1,1
South Africa,2002,0.1679368471426059,0.0907060861305018,0.0363355396947469,1,1
South Africa,2003,0.1253154990697602,0.0552400251260447,0.0290642670426848,1,1
South Africa,2004,0.1235706799965967,-0.0069444513612033,0.0445388535429991,1,1
South Africa,2005,0.1881168143398142,0.0204186442073677,0.0514252794202114,1,1
South Africa,2006,0.2039445025320923,0.0319240383416064,0.0545242306472957,1,1
South Africa,2007,0.2145558842596422,0.0599449758326553,0.0522173708098314,1,1
South Africa,2008,0.1374829430501805,0.0944915226146312,0.0314118792462174,1,1
South Africa,2009,0.017457585269728,0.0698813655480661,-0.0155004043230597,1,1
South Africa,2010,0.0670419151833954,0.0398694984110532,0.0299444839857052,1,1
South Africa,2011,0.0801161006779906,0.048798291640689,0.0311939334098063,1,1
South Africa,2012,0.0504243544058091,0.0557938797611283,0.0236797328218543,1,1
South Africa,2013,0.0574817184507772,0.0561928782558718,0.0245508270101559,1,1
South Africa,2014,0.0702672801618646,0.0595212324176337,0.0140392514181719,1,1
South Africa,2015,0.0982480924140922,0.0441957301783597,0.0131320187315324,1,1
South Africa,2016,0.0590181455509686,0.0639406088981831,0.0066235389337663,1,1
South Africa,2017,0.0622753656753758,0.0505617991849565,0.0115129405485845,1,1
South Africa,2018,0.0544845457198803,0.0441113560612045,0.0154479028323564,1,1
South Africa,2019,0.0593084170083564,0.0402091740284058,0.0025959832864828,1,1
South Africa,2020,0.0900904576458678,0.0318124580945955,-0.0636740172186662,1,1
South Africa,2021,0.0555291697742532,0.0451525603786651,0.0474430538960817,1,1
South Africa,2022,0.0828485455611733,0.0680312213539835,0.0203724317593447,1,1
South Africa,2023,0.073192307417198,0.0589785039031802,0.008028728836841,1,1
South Africa,2024,0.0649367023424609,0.0426873173891584,0.005334183233856,1,1
Sri Lanka,1991,0.1977987803261349,0.1149847304626692,0.0449732436928691,1,1
Sri Lanka,1992,0.1553220461923636,0.1078084504800394,0.043059405665609,1,1
Sri Lanka,1993,0.2095023498047687,0.1110648481306957,0.0667242237311782,1,1
Sri Lanka,1994,0.1795451442037716,0.0811071792639595,0.0544874156351156,1,1
Sri Lanka,1995,0.3062502062818524,0.0739458401170871,0.0535415748344192,1,1
Sri Lanka,1996,0.1067033067248885,0.1478666714084551,0.0372954688060929,1,1
Sri Lanka,1997,0.1449114650649186,0.091427162131024,0.0620861386516224,1,1
Sri Lanka,1998,0.1240622539771933,0.089513804201224,0.0459138701486168,1,1
Sri Lanka,1999,0.1256592047469169,0.0458497084110893,0.0421063581541396,1,1
Sri Lanka,2000,0.1210204919791131,0.0599305071875013,0.05826922093798,1,1
Sri Lanka,2001,0.1274441032200997,0.1324172604520033,-0.0155747403823163,1,1
Sri Lanka,2002,0.1253765706204781,0.0912202973533817,0.0388809985830818,1,1
Sri Lanka,2003,0.1425302375821147,0.0612327932710248,0.0577052500346546,1,1
Sri Lanka,2004,0.1791065054661835,0.0730266990668027,0.0530198851206478,1,1
Sri Lanka,2005,0.1744305246328288,0.1101064109339757,0.0605469533298652,1,1
Sri Lanka,2006,0.164078055798658,0.0954936502971621,0.0738849435089861,1,1
Sri Lanka,2007,0.1532371273014448,0.1470579701462133,0.0657580221088558,1,1
Sri Lanka,2008,0.0811883094268068,0.2034671995698396,0.0577979306724394,1,1
Sri Lanka,2009,0.1706711364494211,0.0340628498033597,0.034777317927837,1,1
Sri Lanka,2010,0.146638683640738,0.060320094446058,0.0771088762316054,1,1
Sri Lanka,2011,0.405353225361825,0.0650081149475587,0.0831408236623723,1,1
Sri Lanka,2012,0.1623546732362619,0.0727197794321448,0.0827975070497188,1,1
Sri Lanka,2013,0.1503881865940712,0.0668026780139658,0.0397181502789827,1,1
Sri Lanka,2014,0.1354631339044232,0.0312951801011118,0.0618284042479544,1,1
Sri Lanka,2015,0.1573019339657619,0.0369909967843904,0.0411990959636945,1,1
Sri Lanka,2016,0.1500233073525301,0.038825331788165,0.0493007470373783,1,1
Sri Lanka,2017,0.1604550929492667,0.0742178159925019,0.0626055410471231,1,1
Sri Lanka,2018,0.1080509336610688,0.0211256510977468,0.0228380574334359,1,1
Sri Lanka,2019,0.0799523434526179,0.0346757232232786,-0.0022072731042541,1,1
St. Kitts and Nevis,1991,0.0712754298512159,0.0423287574407686,-0.0188229364649394,1,1
St. Kitts and Nevis,1992,0.159155262672737,0.0281835533808112,0.0418036612518868,1,1
St. Kitts and Nevis,1993,0.0989128419423543,0.0177894400796576,0.0658059933303683,1,1
St. Kitts and Nevis,1994,0.0628768524592722,0.0143196781497634,0.0516595582909289,1,1
St. Kitts and Nevis,1995,0.153787650372994,0.029139299222904,0.0524325004874555,1,1
St. Kitts and Nevis,1996,0.0505159365045599,0.0206510305522122,0.056785147762401,1,1
St. Kitts and Nevis,1997,0.1081306040266341,0.0853074405330573,0.0660121233779555,1,1
St. Kitts and Nevis,1998,0.1128870161362769,0.0338830185462857,-0.0048793424455801,1,1
St. Kitts and Nevis,1999,0.0627623730929443,0.0330772296173513,0.0316913463813186,1,1
St. Kitts and Nevis,2000,0.215911781182438,0.0212609294118433,0.095699271508991,1,1
St. Kitts and Nevis,2001,0.0484688208652102,0.0227731861425501,0.0512010635204518,1,1
St. Kitts and Nevis,2002,0.0534634935522433,0.0202053993706767,0.0135844626819796,1,1
St. Kitts and Nevis,2003,0.0911036964263409,0.0221081698788347,-0.0401284315524286,1,1
St. Kitts and Nevis,2004,0.1519917658760619,0.0228817507730818,0.0391855842791031,1,1
St. Kitts and Nevis,2005,0.0659715959125506,0.0332202370190817,0.0928783225347693,1,1
St. Kitts and Nevis,2006,0.1355083458049932,0.0814646417086946,0.0310177491082086,1,1
St. Kitts and Nevis,2007,0.1060300944083678,0.0438339604204847,0.0059880590010124,1,1
St. Kitts and Nevis,2008,0.0023243511048427,0.051646051293412,0.1072121228151772,1,1
St. Kitts and Nevis,2009,0.0475595700072517,0.0203704767295445,-0.0346405158883129,1,1
St. Kitts and Nevis,2010,0.0621756332763361,0.0084727908163761,-0.0005420889690093,1,1
St. Kitts and Nevis,2011,0.0922409356363935,0.05671265246258,0.0160367935174008,1,1
St. Kitts and Nevis,2012,0.113094373452661,0.0081277728004316,-0.0074037073015063,1,1
St. Kitts and Nevis,2013,0.1046829659338399,0.0110090330025061,0.0556927707707366,1,1
St. Kitts and Nevis,2014,0.1015782829169182,0.0024755871276562,0.0730363684077204,1,1
St. Kitts and Nevis,2015,0.0474253395988242,-0.0232878249788655,0.00691737497878,1,1
St. Kitts and Nevis,2016,-0.0044002331806396,-0.0068940808918904,0.0385734190183697,1,1
St. Kitts and Nevis,2017,-0.0249697922616007,0.0069251329351107,0.0022069743126031,1,1
St. Kitts and Nevis,2018,-0.0260766772406135,-0.0104253772971549,0.0198371904048428,1,1
St. Kitts and Nevis,2019,-0.163903267230534,-0.0033010631552672,0.0289590746793955,1,1
St. Kitts and Nevis,2020,-0.0847221763105743,-0.0117411080165927,-0.1660768888771109,1,1
St. Kitts and Nevis,2021,0.0848933122093278,0.0118859698628446,0.003669328564591,1,1
St. Kitts and Nevis,2022,0.0367144833319876,0.0263320029929756,0.0996687959005591,1,1
St. Kitts and Nevis,2023,-0.018714220641737,0.0349530842701097,0.0297653368466832,1,1
St. Lucia,1991,0.076453492715931,0.0596787678723265,0.0037497412754845,1,1
St. Lucia,1992,0.0277709762421949,0.0501121261777104,0.0765264593158399,1,1
St. Lucia,1993,0.0590887041049263,0.0084460474740604,0.0058150573161341,1,1
St. Lucia,1994,0.0629758691381923,0.0277699862885123,0.0158591774226373,1,1
St. Lucia,1995,0.1022608398622288,0.0547690096288047,0.0173312019667513,1,1
St. Lucia,1996,0.0479545775623471,0.0092059212710333,0.0288069464398894,1,1
St. Lucia,1997,0.0410889339544162,-5.520439428075008e-05,-0.0069655043180674,1,1
St. Lucia,1998,0.109379003317013,0.0315174984401096,0.0609678214119497,1,1
St. Lucia,1999,0.0784497006696511,0.0344381201609271,0.0263556534712243,1,1
St. Lucia,2000,0.059655191709087,0.0364359362505863,0.0004873667527292,1,1
St. Lucia,2001,0.0438292322387816,0.0517118044976889,-0.0346749261204877,1,1
St. Lucia,2002,0.0132777698821442,-0.0025586367903249,0.0041558573799704,1,1
St. Lucia,2003,0.1017608678573473,0.0102894191410101,0.0417618230219289,1,1
St. Lucia,2004,0.0768739996082956,0.0144980746107776,0.0701546791132052,1,1
St. Lucia,2005,0.1173938321538656,0.0382420970377204,-0.0041114878573438,1,1
St. Lucia,2006,0.160688323467685,0.02367376032484,0.0601092635495668,1,1
St. Lucia,2007,0.0671456186573138,0.0278398863086453,0.0167747004385958,1,1
St. Lucia,2008,0.074078498090131,0.0540103030657848,0.0483073994695004,1,1
St. Lucia,2009,0.0298290062095745,-0.0015705936083669,-0.0286968391860114,1,1
St. Lucia,2010,0.0180479259921604,0.031986378455743,0.0032947518001194,1,1
St. Lucia,2011,0.0315247809960936,0.0273175346265643,0.0423594629408192,1,1
St. Lucia,2012,0.0322658548805172,0.0409272933379831,-0.0010881533067461,1,1
St. Lucia,2013,0.0294658314315796,0.0145788611794994,-0.0183551909188821,1,1
St. Lucia,2014,0.0279213119256489,0.0345652346884106,0.0131934841722625,1,1
St. Lucia,2015,0.0527651183633182,-0.0098847026289901,0.0010186593544716,1,1
St. Lucia,2016,0.0099819056671073,-0.0312659003695028,0.033704296292889,1,1
St. Lucia,2017,0.0283432153631721,0.0010420776380319,0.0332396523382918,1,1
St. Lucia,2018,0.0484087700804209,0.019171241067819,0.0284589648431925,1,1
St. Lucia,2019,-0.0871022953196032,0.0053763968342446,-0.0070278616320607,1,1
St. Lucia,2020,-0.1357013667113129,-0.0177140549015328,-0.2792044190256924,1,1
St. Lucia,2021,0.1385820983738916,0.0238210438284784,0.1097399641115757,1,1
St. Lucia,2022,0.0397483429105065,0.0618299840291642,0.1855533554261192,1,1
St. Lucia,2023,0.1041664888682198,0.0398994079730554,0.0218581873535548,1,1
St. Lucia,2024,0.1028846106783589,-0.0011034443291784,0.0381793080232704,1,1
St. Vincent and the Grenadines,1991,0.0145554652933519,0.0534649713543222,0.0112917594523445,1,1
St. Vincent and the Grenadines,1992,0.0752595012849823,0.0340490016014154,0.0618280444912358,1,1
St. Vincent and the Grenadines,1993,0.0911955394529044,0.0420184835725416,0.0416286844885149,1,1
St. Vincent and the Grenadines,1994,0.0654700955356624,0.0100389363585007,-0.0125547153012419,1,1
St. Vincent and the Grenadines,1995,0.0565739431467022,0.0172343605403453,0.0747980576893319,1,1
St. Vincent and the Grenadines,1996,0.0657610250777231,0.0431351679996705,0.0127968894507617,1,1
St. Vincent and the Grenadines,1997,0.1139087519870187,0.0044263495431584,0.0344511923650507,1,1
St. Vincent and the Grenadines,1998,0.1234407129607007,0.0211977954853272,0.0400875962751499,1,1
St. Vincent and the Grenadines,1999,0.1212156315551808,0.0100844846698722,0.0267423223324669,1,1
St. Vincent and the Grenadines,2000,0.0464783283555405,0.0016753921213874,0.0162574476639321,1,1
St. Vincent and the Grenadines,2001,0.0490083260413172,0.008968249619385,0.0173312526335003,1,1
St. Vincent and the Grenadines,2002,0.0445260579518631,0.0183849953862802,0.0520432203292742,1,1
St. Vincent and the Grenadines,2003,0.0223143222149104,0.0020576985736928,0.064769775523036,1,1
St. Vincent and the Grenadines,2004,0.04618986409697,0.0291707606252016,0.0403229785551921,1,1
St. Vincent and the Grenadines,2005,0.039153012366448,0.0366542414715498,0.0245809706452888,1,1
St. Vincent and the Grenadines,2006,0.0465234812380188,0.0270379105761264,0.0676299215900648,1,1
St. Vincent and the Grenadines,2007,0.0767359575279869,0.0698631981240742,0.0326895139047316,1,1
St. Vincent and the Grenadines,2008,0.039909353423809,0.0959121969609428,0.0040382433948913,1,1
St. Vincent and the Grenadines,2009,-0.0203298927752157,0.0042065313849724,-0.013877788645253,1,1
St. Vincent and the Grenadines,2010,0.0264095861994348,0.0074433198990799,-0.0457347500231861,1,1
St. Vincent and the Grenadines,2011,0.0213832785905552,0.0313633004900264,-0.0060812197064734,1,1
St. Vincent and the Grenadines,2012,0.0477543469664745,0.0256525823204425,0.0116233087020738,1,1
St. Vincent and the Grenadines,2013,0.0652823385749492,0.0080190394293788,0.0243265375165258,1,1
St. Vincent and the Grenadines,2014,0.0834153914449444,0.0019367089758137,0.0113921343979122,1,1
St. Vincent and the Grenadines,2015,0.0408089991231577,-0.0174881496524319,0.0274701946342759,1,1
St. Vincent and the Grenadines,2016,0.0186267419448213,-0.001497537225684,0.0406589188692443,1,1
St. Vincent and the Grenadines,2017,0.0138555108569349,0.0213047973794822,0.0153624089280839,1,1
St. Vincent and the Grenadines,2018,0.0123141560399346,0.0229754791961926,0.031262315898072,1,1
St. Vincent and the Grenadines,2019,0.0526050009390033,0.009089264453018,0.0066620440332414,1,1
St. Vincent and the Grenadines,2020,-0.06783111731459,-0.0063011235412977,-0.0436272207430832,1,1
St. Vincent and the Grenadines,2021,0.120283118992063,0.015604900971847,0.0207179067771008,1,1
St. Vincent and the Grenadines,2022,0.0018180200714361,0.0550571312848964,0.030634272293291,1,1
St. Vincent and the Grenadines,2023,0.0369974529045116,0.0446346581745338,0.0518935790300467,1,1
St. Vincent and the Grenadines,2024,0.1466986716077265,0.0356345537307447,0.0398151028197197,1,1
Sudan,1991,0.5161109611875823,0.8045907280702487,0.0724221480941906,1,0
Sudan,1992,0.8745867032640042,0.7776007716441822,0.0637056248600842,1,0
Sudan,1993,0.7125563014323113,0.7000255887965608,0.0446745560853116,1,0
Sudan,1994,0.4132714726053343,0.767317963528738,0.0100120046729159,1,0
Sudan,1995,0.5462720780434118,0.5210245946870944,0.0582414762431255,1,0
Sudan,1996,0.5045106463231441,0.8451116611404623,0.0575056335391011,1,0
Sudan,1997,0.3221117450606208,0.3864082540141007,0.1681605715386425,1,0
Sudan,1998,0.2618302440955133,0.2201139952091946,0.0421827091784194,1,0
Sudan,1999,0.2108017934588275,0.158425348286983,0.0305689289354091,1,0
Sudan,2000,0.3137738096276692,0.0687912682357936,0.0615264967929114,1,0
Sudan,2001,0.2192529732668973,0.0191680703305583,0.0629781844511434,1,0
Sudan,2002,0.2656874740051584,0.2006911655674708,0.0583299584897325,1,0
Sudan,2003,0.2481079557307417,0.0628755650052905,0.0609898084120708,1,0
Sudan,2004,0.2636350361493953,0.092192108085999,0.0501310601723972,1,0
Sudan,2005,0.3605889143080816,0.0816339095877101,0.0549001791286727,1,0
Sudan,2006,0.2790610967790528,0.0695179460218922,0.0632697016525227,1,0
Sudan,2007,0.1022702636682773,0.1376229352689089,0.0557683715247065,1,0
Sudan,2008,0.1513610464731449,0.1336312090639522,0.0377460179709103,1,0
Sudan,2009,0.2133929585196305,0.1066704856290927,-0.0280672700985569,1,0
Sudan,2010,0.2332722132185658,0.1220199706222544,0.0378567251935493,1,0
Sudan,2011,0.1631395402312456,0.1663328926232194,-0.0326629958220543,1,0
Sudan,2012,0.3303147662947374,0.3042372074564632,-0.1863860665928918,1,0
Sudan,2013,0.1228686193649899,0.3113181142427503,0.0193627720742917,1,0
Sudan,2014,0.156919439599136,0.3141290680389685,0.0455599960490964,1,0
Sudan,2015,0.1896028096773605,0.156230549156711,0.018921620603411,1,0
Sudan,2016,0.2488805967895224,0.1633957025850589,0.034088741934056,1,0
Sudan,2017,0.5234533410017264,0.2802920289476116,0.0070675289238764,1,0
Sudan,2018,0.750596539762082,0.4903729301775001,-0.0271752298714638,1,0
Sudan,2019,0.4704968177853565,0.412070256013096,-0.0220232517206291,1,0
Sudan,2020,0.6312259413776182,0.9679635271928566,-0.0369731693438772,1,0
Suriname,1991,0.2126527385595835,0.2308534535360356,0.0266419225277232,1,0
Suriname,1992,0.177889550222936,0.3623222167323749,0.0039920213545592,1,0
Suriname,1993,0.5066591660943018,0.889994223512659,-0.0693500583032324,1,0
Suriname,1994,1.1169769460834864,1.5443191028684624,0.0334347654224131,1,0
Suriname,1995,1.035670000897177,1.2106270607929388,0.0,1,0
Suriname,1996,0.3260557974039599,-0.0070436206709731,0.0099503429602414,1,0
Suriname,1997,0.1743562718815248,0.0690139129480786,0.0554346849703613,1,0
Suriname,1998,0.3222071059191513,0.1737463041825617,0.0227395031088235,1,0
Suriname,1999,0.3209732270619838,0.6869937439986935,-0.0140989291468223,1,0
Suriname,2000,0.5908277281642107,0.4662571608959811,0.0207825280905069,1,0
Suriname,2001,0.2481264174490149,0.3263229628811768,0.0411419473699048,1,0
Suriname,2002,0.773581817214751,0.1443375359157244,0.0276151737305099,1,0
Suriname,2003,0.1812452777644715,0.2070323170068269,0.0610950940271806,1,0
Suriname,2004,0.2807594816522467,0.0951858549831214,0.0815799886955943,1,0
Suriname,2005,0.105622047728989,0.0943825214406386,0.0440168874346582,1,0
Suriname,2006,0.2401253329092121,0.1068910826888638,0.0563193068541103,1,0
Suriname,2007,0.252978426263855,0.0622823467457696,0.0498513892302483,1,0
Suriname,2008,0.1895329766468982,0.1368633345439667,0.0405986749782023,1,0
Suriname,2009,0.1387868975056037,-0.0013372602011427,0.0296917932295208,1,0
Suriname,2010,0.1014679369068609,0.0671078633279327,0.0503967315416211,1,0
Suriname,2011,0.1943816420100255,0.1630689051857921,0.0568468377603927,1,0
Suriname,2012,0.1917688198544525,0.048855525782578,0.026547961065841,1,0
Suriname,2013,0.1049700284544918,0.019051718386434,0.0289123958111723,1,0
Suriname,2014,0.0530745373729821,0.0332743447216294,0.0025517717757637,1,0
Suriname,2015,0.1111342705362865,0.0666666013398211,-0.0347264712835944,1,0
Suriname,2016,0.4200748401148395,0.4409119654755802,-0.0503638370885113,1,0
Suriname,2017,0.0833772800382774,0.1988258011962296,0.0155390199019436,1,0
Suriname,2020,0.4827612754770314,0.2992878464787862,-0.1740580940202534,1,0
Suriname,2021,0.3639958497994904,0.4644863283014659,-0.0246553181061344,1,0
Suriname,2022,0.3842745373916898,0.4216404279150296,0.0237772899666168,1,0
Suriname,2023,0.1791122571387688,0.4159916159103769,0.0238785470360305,1,0
Suriname,2024,0.093408561106969,0.1503974961195844,0.0170631663394438,1,0
Sweden,1991,0.0407011693917276,0.090248548876815,-0.0115259174282265,1,1
Sweden,1992,0.0322475888374285,0.0234661754687897,-0.0116535674121038,1,1
Sweden,1993,0.0408277573620274,0.046197979228312,-0.0208724863559979,1,1
Sweden,1994,0.0069245539163667,0.0213517993293557,0.0393722964621723,1,1
Sweden,1995,0.0304459115879325,0.0242549419795761,0.0401278969964522,1,1
Sweden,1996,0.0849215201998951,0.0053171586118629,0.0169035255641851,1,1
Sweden,1997,0.0111700777303518,0.0065625220329792,0.0301895922225092,1,1
Sweden,1998,-0.0043750263094537,-0.0026749010436155,0.0415816911018325,1,1
Sweden,1999,0.0817096595274442,0.0046111100361594,0.0411526850974297,1,1
Sweden,2000,0.0190227680292558,0.0089512550524277,0.0452708487852007,1,1
Sweden,2001,0.2023584877147257,0.0237747118527869,0.013516306060044,1,1
Sweden,2002,0.0793431177447843,0.0213551679113743,0.0225217572917486,1,1
Sweden,2003,0.0431732931309376,0.0190734924137379,0.0186355513981482,1,1
Sweden,2004,0.0331422448674771,0.0037296345455839,0.0409459950888617,1,1
Sweden,2005,0.1525659893642874,0.004521471251258,0.0275484121629112,1,1
Sweden,2006,0.1399491422622851,0.0135104680797413,0.0457003946848324,1,1
Sweden,2007,0.1705001092162383,0.0218805535228083,0.0317396083888255,1,1
Sweden,2008,0.0268275864276219,0.0337930204779945,-0.0092740034398062,1,1
Sweden,2009,0.0050382671738873,-0.0049568704524007,-0.0434881898506063,1,1
Sweden,2010,0.0344301714366928,0.0115133466000312,0.0559148638345341,1,1
Sweden,2011,0.0643695042279119,0.02918155379347,0.0311486607956155,1,1
Sweden,2012,0.0331342093456328,0.008844546500172,-0.0041525870921788,1,1
Sweden,2013,0.037449853254138,-0.0004430278238301,0.0113124395737642,1,1
Sweden,2014,0.0409250848433657,-0.0017980003754862,0.0226981604809886,1,1
Sweden,2015,0.0643665846642456,-0.0004679569245968,0.0429469039666692,1,1
Sweden,2016,0.0847716893090613,0.0097945686691804,0.0210878710881097,1,1
Sweden,2017,0.0958910859462527,0.0177858797985024,0.0186531615180172,1,1
Sweden,2018,0.0374713658674643,0.0193469872459637,0.0175476883476832,1,1
Sweden,2019,0.068186633957243,0.0176842181298946,0.0257479592107614,1,1
Sweden,2020,0.1666465618305608,0.0049613453356274,-0.0195273949873531,1,1
Sweden,2021,0.0993703946203332,0.021401322862629,0.0509389424896689,1,1
Sweden,2022,0.0283055475017661,0.0803745694200346,0.0124762094654791,1,1
Sweden,2023,-0.0128979658799401,0.0820280423378623,-0.0020426979365026,1,1
Sweden,2024,0.0030650178076427,0.0279635166852623,0.0081672748929157,1,1
Switzerland,1991,0.0230429705109855,0.0569434700687887,-0.0092003599787773,1,1
Switzerland,1992,0.0256381640047962,0.039576709469336,-0.000437425742966,1,1
Switzerland,1993,0.0852412702649694,0.0323957626411797,-0.001260628862937,1,1
Switzerland,1994,0.0407208890881101,0.0084850697150686,0.012617639719398,1,1
Switzerland,1995,0.0450314844553894,0.0178382262670906,0.0047971390540695,1,1
Switzerland,1996,0.0913634570572803,0.0080835802969314,0.0047017297797928,1,1
Switzerland,1997,0.064140375530254,0.0051887692508092,0.0223613636731059,1,1
Switzerland,1998,0.0497253148496596,0.0001793682909854,0.02984972405876,1,1
Switzerland,1999,0.1246917396918654,0.0080320999563792,0.0164902951188921,1,1
Switzerland,2000,-0.1854929018366355,0.0154650886323546,0.038823710394741,1,1
Switzerland,2001,0.0383863169773874,0.0098416153382325,0.0156337730870994,1,1
Switzerland,2002,0.0557384894919792,0.0064065492336773,-0.0007324407391848,1,1
Switzerland,2003,0.0802808039622995,0.0063624459551752,-0.0003240367496779,1,1
Switzerland,2004,0.0281036972964301,0.0079970256907264,0.0266585727698753,1,1
Switzerland,2005,0.0666085463491441,0.0116514000789074,0.0271257389770305,1,1
Switzerland,2006,0.0450313718080934,0.0105393581667527,0.0399284282200085,1,1
Switzerland,2007,0.0327480517263438,0.0072968193749787,0.0384163105955437,1,1
Switzerland,2008,0.0394031026548482,0.0239708025930953,0.0276928254178407,1,1
Switzerland,2009,0.0733039645930979,-0.0048163996177024,-0.0232417544827079,1,1
Switzerland,2010,0.0535519989901445,0.0068588115550385,0.0319190937506626,1,1
Switzerland,2011,0.1064198875017865,0.0023108200740162,0.017968675109877,1,1
Switzerland,2012,0.1222617128322447,-0.0069496128967605,0.011723548392144,1,1
Switzerland,2013,0.0399482122649281,-0.0021755964457739,0.0177627442974745,1,1
Switzerland,2014,0.0446860853476778,-0.0001320341036352,0.0232269674961784,1,1
Switzerland,2015,0.0007938299851204,-0.0115050163406476,0.0163124998463644,1,1
Switzerland,2016,0.0325386975040764,-0.0043556587670687,0.0204758289822777,1,1
Syrian Arab Republic,1991,0.1237925280172334,0.0861776962410525,0.0738680051015165,1,1
Syrian Arab Republic,1992,0.1776746812258629,0.1044426633675961,0.1219768078748764,1,1
Syrian Arab Republic,1993,0.2648903497991881,0.124190380231385,0.0596914389894642,1,1
Syrian Arab Republic,1994,0.1154019848442295,0.1426141071988413,0.0696475963570648,1,1
Syrian Arab Republic,1995,0.0876761418526541,0.0767754480435627,0.0679071180048644,1,1
Syrian Arab Republic,1996,0.0971001969136935,0.079272165643693,0.093723188515078,1,1
Syrian Arab Republic,1997,0.0791260031875289,0.0186854482073863,0.0490168480757482,1,1
Syrian Arab Republic,1998,0.0998937158050488,-0.0080035998605225,0.0656501329837979,1,1
Syrian Arab Republic,1999,0.126064174444533,-0.0377403279828465,-0.0361812157684404,1,1
Syrian Arab Republic,2000,0.1736173616427478,-0.0392207131532806,0.0067337035391936,1,1
Syrian Arab Republic,2001,0.2113663055383732,0.029558802241544,0.0104184104147542,1,1
Syrian Arab Republic,2002,0.1698338941245083,-0.0013059051472428,0.0387863104201038,1,1
Syrian Arab Republic,2003,0.075186685481956,0.056350365586872,0.0695674335534981,1,1
Syrian Arab Republic,2004,0.1018635237443739,0.0433768851310727,0.0667513158027581,1,1
Syrian Arab Republic,2005,0.1077426869718678,0.0699023854262561,0.0602958885932913,1,1
Syrian Arab Republic,2006,0.070319227158798,0.095529342493311,0.0492300250912407,1,1
Syrian Arab Republic,2007,0.1171896167382691,0.0383329105619703,0.0551942974514645,1,1
Syrian Arab Republic,2008,0.2245969177789355,0.1462221193114574,0.0437936330918944,1,1
Syrian Arab Republic,2009,0.0826256656137864,0.0287905180416956,0.0574387786937222,1,1
Syrian Arab Republic,2010,0.1263760913869198,0.0430347174247023,0.0506161706781824,1,1
Syrian Arab Republic,2011,-0.0813172328735305,0.046436576547574,0.0281014577587086,1,1
Tajikistan,2001,0.3117753417764355,0.3263633813704891,0.0914923208507687,1,1
Tajikistan,2002,0.3739031513496549,0.1155582050849415,0.1025566222525888,1,1
Tajikistan,2003,0.4510234394012329,0.1510328920451149,0.1043600070184531,1,1
Tajikistan,2004,0.348525331050368,0.0689845455969022,0.0980337306703837,1,1
Tajikistan,2005,0.4680665916804081,0.0685174612785761,0.0648509584166525,1,1
Tajikistan,2006,0.3740062571973617,0.0954089493686893,0.0676586784840012,1,1
Tajikistan,2007,0.5890212404348993,0.1235364503681912,0.0751074735881189,1,1
Tajikistan,2008,-0.0208160695100509,0.1862349055714522,0.0760346702569947,1,1
Tajikistan,2009,0.3417354715690415,0.0624886228810472,0.0382587231687239,1,1
Tajikistan,2010,0.1704961534564653,0.0624611875466172,0.0629747905778437,1,1
Tajikistan,2011,0.28573756724019,0.1171743975230192,0.0713900016692328,1,1
Tajikistan,2012,0.1785659799332997,0.0566748648241581,0.0723206565862817,1,1
Tajikistan,2013,0.180043486108719,0.0488820309347817,0.071389993731028,1,1
Tajikistan,2014,0.0682851522438738,0.0592535896875849,0.0648509787878701,1,1
Tajikistan,2015,0.1711971012993522,0.0555724409831901,0.0584509983154148,1,1
Tajikistan,2016,0.3152407069838752,0.0583121225036293,0.0667236320429083,1,1
Tanzania,1991,0.2629665586757248,0.2522801454008645,0.0205081451601003,1,1
Tanzania,1992,0.3406819284305022,0.1975947164142608,0.0058262159136219,1,1
Tanzania,1993,0.330899644312808,0.2253592095322893,0.0119858894671409,1,1
Tanzania,1994,0.3026696705447023,0.2932915404689566,0.0155550087691054,1,1
Tanzania,1995,0.2852376606458868,0.2423796292852111,0.0350766756756968,1,1
Tanzania,1996,0.0807009717139415,0.1904324051121193,0.044441358032671,1,1
Tanzania,1997,0.1209009281291102,0.1492012079026636,0.0346456306112443,1,1
Tanzania,1998,0.1023536339970832,0.1204439726476112,0.0364140049397896,1,1
Tanzania,1999,0.1701978648604054,0.075946020256207,0.0474927872600652,1,1
Tanzania,2000,0.1379957653570755,0.0575513025592733,0.0442157616781671,1,1
Tanzania,2001,0.2943791068842358,0.0501936360059867,0.0589366878202426,1,1
Tanzania,2002,0.2275836824153003,0.0518125793170201,0.0685292505445502,1,1
Tanzania,2003,0.1652495063722554,0.0516770997682707,0.0645959241512521,1,1
Tanzania,2004,0.1265698133714181,0.0462708165097796,0.0723561461463049,1,1
Tanzania,2005,0.2984874705056768,0.0491193489599988,0.0721003513572782,1,1
Tanzania,2006,0.1947101339236923,0.0700014405045594,0.0632773016515173,1,1
Tanzania,2007,0.1865469964842425,0.067897072102359,0.0654930829260074,1,1
Tanzania,2008,0.1810450480677019,0.0978378349735971,0.0553061920935498,1,1
Tanzania,2009,0.1631009947674009,0.1145977714112751,0.0513497926544737,1,1
Tanzania,2010,0.2265531216455336,0.0601553913353738,0.0614386285563881,1,1
Tanzania,2011,0.1675423136915235,0.1194791029200459,0.073920826538206,1,1
Tanzania,2012,0.1176545325164823,0.1484294348206623,0.0440183548903476,1,1
Tanzania,2013,0.094996878172811,0.0757633208752981,0.0656153062025204,1,1
Tanzania,2014,0.1446825370931002,0.0595097825422863,0.0651551609916758,1,1
Tanzania,2015,0.1723482477476636,0.0543761480383695,0.059783126908929,1,1
Tanzania,2016,0.0338995347994028,0.0504532214086763,0.0664159719649788,1,1
Tanzania,2017,0.0772131185588911,0.0518209576455497,0.0651065157511148,1,1
Tanzania,2018,0.0439001007999166,0.0343478841106374,0.0535661314769697,1,1
Tanzania,2019,0.0920431210888033,0.0340562519822089,0.056380333435797,1,1
Tanzania,2020,0.0552198452284251,0.0323731937353084,0.019723845825144,1,1
Tanzania,2021,0.1440942163637188,0.0362443611706169,0.0423061817993435,1,1
Tanzania,2022,0.1100940225384619,0.0425830545531971,0.044648320128136,1,1
Tanzania,2023,0.1315136449672884,0.0372883946764046,0.0494520739353347,1,1
Thailand,1991,0.1772713693148944,0.0555279154003813,0.0821168043662936,1,1
Thailand,1992,0.1442187409687818,0.0405577588204746,0.0777328545397928,1,1
Thailand,1993,0.1738773081397333,0.032585205286554,0.0792908797239917,1,1
Thailand,1994,0.1015280478140496,0.0492448129610769,0.0769334913788952,1,1
Thailand,1995,0.1633318182179337,0.056552169504922,0.0780744520479217,1,1
Thailand,1996,0.1009323060294029,0.0564285888632278,0.0549799626844951,1,1
Thailand,1997,0.1785690439335958,0.0547324496848027,-0.0279219666654597,1,1
Thailand,1998,0.0959428285883383,0.0769122320771575,-0.0794116224480561,1,1
Thailand,1999,0.0372873339961898,0.0028432188121856,0.0447085863389666,1,1
Thailand,2000,0.0479131266456676,0.0157943024751929,0.0435885357297749,1,1
Thailand,2001,0.1516664368841134,0.0161381652030172,0.03386262467831,1,1
Thailand,2002,0.0129744170476691,0.00694889020781,0.0596739211223003,1,1
Thailand,2003,0.0605836039189391,0.0178826475332671,0.0694257152950434,1,1
Thailand,2004,0.05631226067187,0.0272177073395125,0.0609948322716924,1,1
Thailand,2005,0.0591786761756694,0.0444031189180105,0.0410233031732047,1,1
Thailand,2006,0.0783970161347724,0.0453315649627423,0.0484835542404695,1,1
Thailand,2007,0.0606526082002076,0.0221678764452759,0.0529259020179857,1,1
Thailand,2008,0.0876883278571476,0.0532420445566366,0.0171097778555484,1,1
Thailand,2009,0.0654545092928877,-0.0084931256250095,-0.0069301403696222,1,1
Thailand,2010,0.1038455144829981,0.0319596889162339,0.0724452169163925,1,1
Thailand,2011,0.140813285310017,0.0373804688399399,0.0083662261587491,1,1
Thailand,2012,0.0987175301780602,0.0297034471522934,0.0699252012890561,1,1
Thailand,2013,0.0706527627099902,0.021613596161611,0.02652016660263,1,1
Thailand,2014,0.0454307138773231,0.0187740771372988,0.0097965454012616,1,1
Thailand,2015,0.0434007768723638,-0.0090450328883031,0.0308593857191432,1,1
Thailand,2016,0.0413510049987948,0.0018797292459806,0.0337747348983512,1,1
Thailand,2017,0.0489117853392535,0.0066342634585652,0.0409277268385572,1,1
Thailand,2018,0.0456189281449965,0.0105827797442108,0.041361403772548,1,1
Thailand,2019,0.0357232289371864,0.0070424297893314,0.0209251127234608,1,1
Thailand,2020,0.0967629071622653,-0.0084953550323287,-0.0624078695860319,1,1
Thailand,2021,0.0469323378212394,0.0122288757019068,0.0154024320350067,1,1
Thailand,2022,0.0380254982455028,-0.0162379275043536,0.0254764881781284,1,1
Thailand,2023,0.0193170281687571,0.0813776784576862,0.0199766411086557,1,1
Thailand,2024,0.0331578855649752,0.0135656235225631,0.0251005359866312,1,1
Timor-Leste,2003,0.3443546172701914,0.0692009996946776,-0.0220643087941283,1,1
Timor-Leste,2004,0.066867501426266,0.0318621081775107,0.0039920212695356,1,1
Timor-Leste,2005,0.1680383589731704,0.0110554032423495,0.0294091843746358,1,1
Timor-Leste,2006,0.2481224473889263,0.0386067035273569,-0.0420320262435467,1,1
Timor-Leste,2007,0.3637185107922143,0.0980419180936786,0.097719805511673,1,1
Timor-Leste,2008,0.2930897105088839,0.0867668457729617,0.1079105374650737,1,1
Timor-Leste,2009,0.3313952130343729,0.006674487826257,0.0966452102032171,1,1
Timor-Leste,2010,0.0947481219166235,0.0654691205177888,0.0892143475784443,1,1
Timor-Leste,2011,0.0888172459429199,0.1266312433427447,0.0578778412494394,1,1
Timor-Leste,2012,0.2328050245082167,0.1115441445873433,0.0474618665747286,1,1
Timor-Leste,2013,0.2062337199559074,0.1051246644460714,0.030571588323216,1,1
Timor-Leste,2014,0.1817163191347006,0.0072365033972854,0.0437536855135682,1,1
Timor-Leste,2015,0.0683560266877698,0.0055127371664562,0.0244978409766076,1,1
Timor-Leste,2016,0.1333537500852877,-0.0134757794453479,0.0296552401245868,1,1
Timor-Leste,2017,0.1144870234762898,0.0055566883463988,-0.0323415465693663,1,1
Timor-Leste,2018,0.0307422956003442,0.0260231612632173,-0.0046759388978756,1,1
Timor-Leste,2019,-0.0737394557136426,0.0095424530259098,0.2168266731694075,1,1
Timor-Leste,2020,0.1008733695721666,0.0049427565824338,0.2755518704879165,1,1
Timor-Leste,2021,0.249105197160155,0.0363118803161137,0.0523058971084822,1,1
Timor-Leste,2022,0.0825481466142754,0.0677082683081291,-0.2296959534433078,1,1
Timor-Leste,2023,0.0267302756121274,0.0808456255542635,-0.2001096917864941,1,1
Timor-Leste,2024,0.0704870914790625,0.0204185310204429,-0.0954178162719223,1,1
Togo,1991,0.0309368366920459,0.003863345639298,-0.0070242875958612,1,1
Togo,1992,-0.1984868468203302,0.0138416275199526,-0.0406208357311683,1,1
Togo,1993,-0.1765852445827889,-0.0101198502751311,-0.1636469476117348,1,1
Togo,1994,0.3666530037201028,0.3304740504135228,0.1396090119364039,1,1
Togo,1995,0.2010963086886832,0.1521501382412582,0.075532542830107,1,1
Togo,1996,-0.0656025991189821,0.0458095360312942,0.0846739205387407,1,1
Togo,1997,0.0512854147799437,0.0792808028747718,0.1343331249100643,1,1
Togo,1998,0.0006524348836585,0.0097061265930689,-0.0232673635843347,1,1
Togo,1999,0.0804714094655132,-0.0005322778835665,0.0245145619924933,1,1
Togo,2000,0.1429600721697248,0.0184547188307897,-0.0078656493738442,1,1
Togo,2001,-0.0950131883041152,0.0384472538851055,0.0082006699215924,1,1
Togo,2002,-0.0272137940073768,0.0301393965316192,0.0375522314032501,1,1
Togo,2003,0.1245662945010011,-0.0093435239268657,0.0650400024687911,1,1
Togo,2004,0.1712297506530262,0.0039230814533199,-0.009834857381147,1,1
Togo,2005,0.0256957160841153,0.0656278862852417,-0.0477868112297841,1,1
Togo,2006,0.2141500240231586,0.0220449916517084,0.0261562443677405,1,1
Togo,2007,0.1007900346788588,0.009412297740349,-0.0118209620798737,1,1
Togo,2008,0.2221986652465233,0.0833740278317929,0.0395630887090519,1,1
Togo,2009,0.134552583915628,0.0364631252730056,0.0531028603424807,1,1
Togo,2010,0.1374704746225461,0.0143559107743529,0.0568937554004769,1,1
Togo,2011,0.1593312331716347,0.0350149073791969,0.0566001223370236,1,1
Togo,2012,0.0964855985713555,0.0254453218244954,0.0611206330757028,1,1
Togo,2013,0.1565133818553725,0.0180893443774863,0.0566095197685569,1,1
Togo,2014,0.0355823125609013,0.0019069314125159,0.0548028837864151,1,1
Togo,2015,0.1887884973539968,0.0255215753254693,0.0532377957357574,1,1
Togo,2016,0.1167845666039149,0.0127725670756859,0.0412849645248982,1,1
Togo,2017,0.0949191552616426,-0.0098674219665317,0.0392967929098091,1,1
Togo,2018,0.0892458973180225,0.0092347821018599,0.0468376242592469,1,1
Togo,2019,0.0443199838041792,0.0067238717251214,0.0480549722068666,1,1
Togo,2020,0.1096172787504023,0.0168500829511666,0.0213924077707936,1,1
Togo,2021,0.1158235711732658,0.0410096415397038,0.0500170411243736,1,1
Togo,2022,0.1429088602828656,0.0766607517591566,0.0610427642198345,1,1
Togo,2023,0.0646299014631957,0.0534392042485469,0.0600796806045345,1,1
Togo,2024,0.0830105057864329,0.0282241327517542,0.0632756464435075,1,1
Tonga,1991,0.1141704505404703,0.1007087575835097,0.0621759220714679,1,1
Tonga,1992,-0.0484052256755838,0.0763773534340517,0.0025165647513638,1,1
Tonga,1993,0.2210380749673461,0.0095631713666959,0.0366988639037799,1,1
Tonga,1994,0.0438901717224062,0.0100785609179605,0.0483378832734153,1,1
Tonga,1995,0.0433168370887635,0.0144945082784779,0.0604190498892194,1,1
Tonga,1996,0.0481978279181056,0.0295129782781633,0.0009287503466133,1,1
Tonga,1997,0.0677547100249533,0.0210247363350566,-0.0060234832404404,1,1
Tonga,1998,0.1382570076889742,0.0322197785328506,0.0226669183932806,1,1
Tonga,1999,0.1137060590318697,0.0436757236560327,0.0227635589935566,1,1
Tonga,2000,0.170530497782849,0.0613550421861552,0.036853465837467,1,1
Tonga,2001,0.1346404080256462,0.0796452427425373,0.0148145334490088,1,1
Tonga,2002,0.080043529006982,0.0985690529211069,0.0433393698252686,1,1
Tonga,2003,0.135191042151618,0.1100968789821479,0.0005179203068514,1,1
Tonga,2004,0.1299946592995624,0.1041203953379854,-0.0198756934787596,1,1
Tonga,2005,0.2000219410047528,0.0831059392897861,-0.0065982275397509,1,1
Tonga,2006,0.0653464842389368,0.0596746748967875,-0.0218945808594064,1,1
Tonga,2007,0.1136357930600553,0.0567795802767054,-0.0249518010345681,1,1
Tonga,2008,0.034083424220487,0.0993654688371936,0.0474830371440511,1,1
Tonga,2009,-0.024316705302823,0.0141677588565096,-0.0526539901511853,1,1
Tonga,2010,0.0615081831980433,0.0347386876345945,0.0082101732417392,1,1
Tonga,2011,-0.0155404969921519,0.0608199253783414,0.0648856246000804,1,1
Tonga,2012,0.1199070459330826,0.0114100425501346,0.0091555698164746,1,1
Tonga,2013,0.0308172933888641,0.0077263678219123,0.0039314868690141,1,1
Tonga,2014,0.0851969076348559,0.0247987175223762,0.019709841177665,1,1
Tonga,2015,0.1500310082161213,-0.0105959222315403,0.0110758759703273,1,1
Tonga,2016,0.1289376859217981,0.025454811335301,0.0639011714595021,1,1
Tonga,2017,0.0903336763702036,0.072479373035561,0.0315211136022917,1,1
Tonga,2018,0.0766878191221778,0.0490958024082486,0.0052643914065662,1,1
Tonga,2019,-0.0050116555658057,0.0117264096041775,-0.0028561629001053,1,1
Tonga,2020,0.1611024222830011,-0.0035035070871671,0.0179006957843945,1,1
Tonga,2021,0.1494451085953834,0.0548717424587268,-0.0093932417238598,1,1
Tonga,2022,0.0354552791678237,0.1041020116865265,-0.0215152471380228,1,1
Tonga,2023,0.0197144199667747,0.0615759790389791,0.0275192837264555,1,1
Trinidad and Tobago,1991,0.0249813681870172,0.0371329790422221,0.0306495456670781,1,1
Trinidad and Tobago,1992,-0.0715595440751108,0.0624098902593197,0.0961550910659738,1,1
Trinidad and Tobago,1993,0.1419673908612289,0.1028745514955469,-0.0067136337544226,1,1
Trinidad and Tobago,1994,0.154091538452473,0.0844761946241741,0.0350503041297756,1,1
Trinidad and Tobago,1995,0.0388273133298895,0.0505239497720015,0.037391282530919,1,1
Trinidad and Tobago,1996,0.2085913800728676,0.0334790152256241,0.06891465809991,1,1
Trinidad and Tobago,1997,0.1073211574136543,0.0356188376272301,0.0725332401578562,1,1
Trinidad and Tobago,1998,0.1353227223386071,0.0546085291495774,0.0781137468539299,1,1
Trinidad and Tobago,1999,0.0414638254611396,0.033813194890929,0.0771908077331389,1,1
Trinidad and Tobago,2000,0.110548784857567,0.0349366766500547,0.066736350303735,1,1
Trinidad and Tobago,2001,0.1294143320403478,0.0538881308861372,0.0408398245870991,1,1
Trinidad and Tobago,2002,0.0144152277426741,0.0406625445285944,0.0763748479432209,1,1
Trinidad and Tobago,2003,0.0038885488660014,0.0374027755899986,0.1348891289492755,1,1
Trinidad and Tobago,2004,0.175617933106686,0.0365397127694064,0.0764984481444486,1,1
Trinidad and Tobago,2005,0.2365868842795393,0.0664853866004984,0.0602380801027351,1,1
Trinidad and Tobago,2006,0.1801050186975281,0.0800082779853346,0.1240571663388081,1,1
Trinidad and Tobago,2007,0.1098170535088449,0.0759826770233829,0.0464465600823125,1,1
Trinidad and Tobago,2008,0.1521867709313902,0.1135995820729265,0.033354860688771,1,1
Trinidad and Tobago,2009,0.1591677371886675,0.0674538354684965,-0.044910855524975,1,1
Trinidad and Tobago,2010,0.0101206370361772,0.1002904876211667,0.03269199265333,1,1
Trinidad and Tobago,2011,0.007863326464534,0.0498099572669401,-0.0029478848365549,1,1
Trinidad and Tobago,2012,0.1892345097095571,0.0885627522157976,0.0649516819107205,1,1
Trinidad and Tobago,2013,0.0315705484759973,0.0506913786168263,0.0331271167416176,1,1
Trinidad and Tobago,2014,0.069479558969828,0.0552872801836317,0.0360509689555534,1,1
Trinidad and Tobago,2015,0.0112645911334539,0.0455584332812026,-0.0040711086157152,1,1
Trinidad and Tobago,2016,0.0275139946235043,0.0302446584897309,-0.078354732854379,1,1
Trinidad and Tobago,2017,-0.0036110799998496,0.0186292372004155,-0.0499547114179037,1,1
Trinidad and Tobago,2018,0.0116663795799496,0.0101341684281486,-0.0094994744837038,1,1
Trinidad and Tobago,2019,0.0284237599442604,0.0099557063859689,0.0046664404995055,1,1
Trinidad and Tobago,2020,0.0688249699555783,0.0059719953924322,-0.0919924694582654,1,1
Trinidad and Tobago,2021,0.0166382064597385,0.0203831202398481,-0.0071932155128848,1,1
Trinidad and Tobago,2022,0.0184977990277666,0.0566485997668602,0.0085757313410148,1,1
Trinidad and Tobago,2023,0.0138569940246924,0.0452534643100994,0.014558109341145,1,1
Trinidad and Tobago,2024,0.0102377070576906,0.0052550144511576,0.0247824440656039,1,1
Tunisia,1991,0.0564053226501499,0.0787530927431574,0.0383024580623612,1,1
Tunisia,1992,0.0799959746377716,0.0566104123192294,0.0751606146482402,1,1
Tunisia,1993,0.0595473445892089,0.0389798795317446,0.021661964925336,1,1
Tunisia,1994,0.0775925969264683,0.0462462706425528,0.0312894525601805,1,1
Tunisia,1995,0.0636327425970861,0.0605695641828756,0.0232444410898331,1,1
Tunisia,1996,0.1253051369151236,0.0365743755242222,0.0690229600672793,1,1
Tunisia,1997,0.1527624398617533,0.0358692012528516,0.0529808329532635,1,1
Tunisia,1998,0.0529879239198791,0.0307752057786077,0.0467286357101137,1,1
Tunisia,1999,0.172877070458302,0.0265457710955168,0.0587841949539438,1,1
Tunisia,2000,0.1322432326093654,0.0291927930099475,0.0460241796330365,1,1
Tunisia,2001,0.1686218191229933,0.019639215252349,0.0372598656210136,1,1
Tunisia,2002,0.0306078396926814,0.0268467088923447,0.013138877163751,1,1
Tunisia,2003,0.046307541862113,0.0267645375948983,0.0459518498001116,1,1
Tunisia,2004,0.07839922985222,0.0356786787952589,0.06049087849415,1,1
Tunisia,2005,0.1058861354984941,0.0199769886979881,0.0342714235140846,1,1
Tunisia,2006,0.111249163593925,0.0317433403646223,0.0511122264041894,1,1
Tunisia,2007,0.1255278999146085,0.029237821847154,0.0649401995902501,1,1
Tunisia,2008,0.125146700051431,0.0425327997898286,0.0415044637454151,1,1
Tunisia,2009,0.1209230726489387,0.0359934274725359,0.0299805591509105,1,1
Tunisia,2010,0.1111341493110025,0.0328444629690043,0.0292784984034462,1,1
Tunisia,2011,0.0914916747397711,0.0318864641441027,-0.0206786766480178,1,1
Tunisia,2012,0.0775688486348542,0.0450865936687785,0.0413019796163958,1,1
Tunisia,2013,0.0605534698914951,0.0517974027796004,0.0240087784824254,1,1
Tunisia,2014,0.0764686041999809,0.0452176091908622,0.030435389098919,1,1
Tunisia,2015,0.0527114160330768,0.0434173877943111,0.0096318069182785,1,1
Tunisia,2016,0.0773328378482389,0.0356508813198122,0.0111103702619779,1,1
Tunisia,2017,0.1130108528219224,0.0517272599696152,0.0222761770794015,1,1
Tunisia,2018,0.0687228655513827,0.0705292138047664,0.0257356747880379,1,1
Tunisia,2019,0.1038876650205828,0.0650391020320277,0.0153820183320014,1,1
Tunisia,2020,0.0981444586562361,0.0548115341278654,-0.0940373786822661,1,1
Tunisia,2021,0.0832678541191498,0.0554947827401548,0.046273060654606,1,1
Tunisia,2022,0.0874051834501585,0.0797946268530411,0.0271509309851261,1,1
Tunisia,2023,0.0857519531891419,0.0891914619813869,0.0018384644727582,1,1
Tunisia,2024,0.0990859995718551,0.0695877824947182,0.0160155206416661,1,1
Turkiye,1991,0.6039333646663891,0.5066884855506779,0.0071769741533209,1,0
Turkiye,1992,0.577402947812395,0.5310758207057988,0.0491294869640626,1,0
Turkiye,1993,0.4960488732303005,0.507382761804444,0.0737267906841516,1,0
Turkiye,1994,0.8952582611467825,0.7188879581173515,-0.047806195746638,1,0
Turkiye,1995,0.7138786672949173,0.6371762114422841,0.0758332468613787,1,0
Turkiye,1996,0.7726039603637851,0.5900737760173322,0.0691323142379047,1,0
Turkiye,1997,0.6820658233797658,0.618797280336177,0.070997576220968,1,0
Turkiye,1998,0.638250228511474,0.6132450735434276,0.0189058590790622,1,0
Turkiye,1999,0.7030524786990746,0.4999718600087433,-0.0310033818877002,1,0
Turkiye,2000,0.3411609443632031,0.4377087855710448,0.0675211341422432,1,0
Turkiye,2001,0.6437895619740637,0.4343776741530489,-0.0561409028218768,1,0
Turkiye,2002,0.2459647932106605,0.3713160840756901,0.0623690649238923,1,0
Turkiye,2003,0.1348527938468287,0.1955868363779278,0.0563717626090678,1,0
Turkiye,2004,0.188897324821081,0.0824852147644144,0.0946318181253005,1,0
Turkiye,2005,0.307245359318248,0.0786185589906098,0.0872008190816586,1,0
Turkiye,2006,0.2002783273002784,0.091642025096859,0.0682904682377731,1,0
Turkiye,2007,0.1417223393888385,0.0839383183171067,0.0498199683964806,1,0
Turkiye,2008,0.221732069736646,0.0993395815458706,0.0091591092205227,1,0
Turkiye,2009,0.1191993436825455,0.0606338135944852,-0.0500592563054951,1,0
Turkiye,2010,0.1701381317851051,0.0821921885498602,0.081968837506313,1,0
Turkiye,2011,0.1415345149116795,0.0627107236500501,0.1041794812574181,1,0
Turkiye,2012,0.099141690944208,0.0851824301658501,0.0469563596470976,1,0
Turkiye,2013,0.1918825524648006,0.0722563832857039,0.0814717497339216,1,0
Turkiye,2014,0.1060111313184855,0.0848426101223891,0.0449809609552396,1,0
Turkiye,2015,0.1528468800331381,0.073908736186107,0.0564330150945942,1,0
Turkiye,2016,0.1625336293674095,0.0748767793975941,0.0326962547230955,1,0
Turkiye,2017,0.1514492263484079,0.1056592707827572,0.075347307360726,1,0
Turkiye,2018,0.1687298327063118,0.151281973869815,0.0340936794735355,1,0
Turkiye,2019,0.2391986673786874,0.1412983403980092,0.0129322533182048,1,0
Turkiye,2020,0.2944805502180081,0.1158162801601809,0.0178700008867735,1,0
Turkiye,2021,0.4221120704187164,0.178953329775136,0.111640604609164,1,0
Turkiye,2022,0.4721221789279362,0.5441182388142893,0.0529835037542198,1,0
Turkiye,2023,0.5302537802968992,0.430869069316814,0.0492198213594861,1,0
Turkiye,2024,0.3140114931221696,0.4606251051132766,0.0327345608707254,1,0
Uganda,1994,0.3060466084514281,0.0956443046985442,0.0620695608250798,1,1
Uganda,1995,0.1305423729408694,0.0634454882732074,0.1090628478675306,1,1
Uganda,1996,0.1768616313493929,0.0694481361453807,0.0868390791222282,1,1
Uganda,1997,0.1774561841741935,0.0785248311221971,0.0497421096375632,1,1
Uganda,1998,0.2065006267220255,0.000687805127796,0.0478875234310223,1,1
Uganda,1999,0.1271465299514105,0.0561664068397451,0.0774604384280372,1,1
Uganda,2000,0.1667183126752576,0.0333576124238015,0.0309355951744869,1,1
Uganda,2001,0.0933883587305004,0.0184794507237171,0.0505377897523544,1,1
Uganda,2002,0.2193523226832212,-0.0028792261139178,0.0837222599433999,1,1
Uganda,2003,0.1649450038306845,0.0832419831359754,0.062723675347609,1,1
Uganda,2004,0.0840995333652614,0.0365371872526774,0.0658554661810768,1,1
Uganda,2005,0.1585653723370583,0.0811073077672004,0.0614014034903078,1,1
Uganda,2006,0.1563278028576391,0.070557956701001,0.1024188927962654,1,1
Uganda,2007,0.1985725234906041,0.0595747610970143,0.0807725271260011,1,1
Uganda,2008,0.2686231777505874,0.1137826496450324,0.0835021191716194,1,1
Uganda,2009,0.16119041614429,0.1223703307017665,0.0658019478210079,1,1
Uganda,2010,0.3226890969583351,0.0389952347039814,0.0548442926799417,1,1
Uganda,2011,0.1230849366803994,0.1532732917558981,0.0897644258870116,1,1
Uganda,2012,0.1441493245160714,0.1193732170694001,0.0376565636441021,1,1
Uganda,2013,0.0944301523423511,0.0478869826804233,0.0352407442104905,1,1
Uganda,2014,0.136352749297913,0.0302935486530291,0.0498021027049588,1,1
Uganda,2015,0.1109653443676492,0.0543905106515341,0.0505777070862514,1,1
Uganda,2016,0.1055845062619553,0.0554950177104416,0.0467022745444758,1,1
Uganda,2017,0.1195598922465457,0.0507854775322442,0.030833770844282,1,1
Uganda,2018,0.0791082998896044,0.0258237960685718,0.0611320110269204,1,1
Uganda,2019,0.1473516756651101,0.0282724221459291,0.0623994696795158,1,1
Uganda,2020,0.1581340859606967,0.032596154671606,0.0290859372758163,1,1
Uganda,2021,0.0491275298888922,0.0218062270585086,0.034754797518083,1,1
Uganda,2022,0.0723458615281167,0.0694867788523669,0.0448588459098573,1,1
Uganda,2023,0.1013361139914401,0.0521269532040928,0.0519942917050961,1,1
Uganda,2024,0.064636323402361,0.0326935020958982,0.0587931174829563,1,1
Ukraine,1993,2.949244358015207,3.8784485066329486,-0.1531511794867661,1,0
Ukraine,1994,1.8989830727512145,2.2937337836105214,-0.2600669054087987,1,0
Ukraine,1995,0.7678103699668029,1.561814034901169,-0.1301086853554309,1,0
Ukraine,1996,0.3010616134747614,0.5895933732388956,-0.1053605156578285,1,0
Ukraine,1997,0.2920707018072939,0.1479077999544888,-0.0304592074684535,1,0
Ukraine,1998,0.2154724500085763,0.1005433822124399,-0.0191828194386083,1,0
Ukraine,1999,0.340603691952424,0.2044390827589985,-0.0020020026717375,1,0
Ukraine,2000,0.3684203567989677,0.2484455176360911,0.0573250666216189,1,0
Ukraine,2001,0.3698231295506033,0.1129608367576455,0.0843411484675016,1,0
Ukraine,2002,0.3530618354052208,0.0075456681698282,0.0520196789746911,1,0
Ukraine,2003,0.381020392635456,0.0504999190298254,0.0909060400239916,1,0
Ukraine,2004,0.2765493897287037,0.0866185885796944,0.111499804352892,1,0
Ukraine,2005,0.4342844833299146,0.1272454718508777,0.0302501204343208,1,0
Ukraine,2006,0.2965414455368531,0.0866594600946903,0.0729848201703085,1,0
Ukraine,2007,0.4170459331346627,0.1207898849420416,0.0789576064101105,1,0
Ukraine,2008,0.2637687302210736,0.2249536058357701,0.0221869550388547,1,0
Ukraine,2009,-0.0567014590746097,0.1473952773282487,-0.1641257245270786,1,0
Ukraine,2010,0.2044996044983698,0.0895932424037102,0.0401049794465109,1,0
Ukraine,2011,0.1367938283272423,0.0765510002544376,0.0530219670711957,1,0
Ukraine,2012,0.1203662164296304,0.0056711682010099,0.0015219908560943,1,0
Ukraine,2013,0.1618028329517109,-0.0023923456386203,0.0004542877406237,1,0
Ukraine,2014,0.0511800313607793,0.113970053581264,-0.1062375110402769,1,0
Ukraine,2015,0.0382807287982025,0.3967597572115791,-0.1028413271779236,1,0
Ukraine,2016,0.1037176081102053,0.1302622691064936,0.0241166608587981,1,0
Ukraine,2017,0.0919152995777317,0.1348658259248916,0.023325554504268,1,0
Ukraine,2018,0.0553338003861405,0.1039261909235902,0.0342889792381235,1,0
Ukraine,2019,0.1184584290061891,0.0759115781990775,0.0314938595239873,1,0
Ukraine,2020,0.251720185340698,0.0269582596258244,-0.0382504905457352,1,0
Ukraine,2021,0.1130148361590634,0.089503710998728,0.0338758843877222,1,0
Ukraine,2022,0.1887346357269095,0.1838506925842393,-0.3390958543153211,1,0
Ukraine,2023,0.2070762123394374,0.1208806533731081,0.0538699407030058,1,0
Ukraine,2024,0.1254212312806082,0.0629934341679678,0.0287217745000987,1,0
United Arab Emirates,2008,0.192858633162313,0.115562084456342,0.0314195580516312,1,1
United Arab Emirates,2009,0.0776962637463576,0.0154974239234677,-0.0538536419539319,1,1
United Arab Emirates,2010,0.060879544383873,0.0087415142741171,0.015901400403731,1,1
United Arab Emirates,2011,0.0495441046851823,0.0087352027422129,0.0651926933940636,1,1
United Arab Emirates,2012,0.0438926016623568,0.0066008553432128,0.0457690881876615,1,1
United Arab Emirates,2013,0.2049328468921487,0.0109510019332077,0.0480134632553443,1,1
United Arab Emirates,2014,0.0761542781536981,0.0231916687542685,0.0452876704486904,1,1
United Arab Emirates,2015,0.0531115258149803,0.0398932377619019,0.0684776913392859,1,1
United Arab Emirates,2016,0.0320372700404334,0.0160454612048095,0.0550366455742228,1,1
United Arab Emirates,2017,0.0405269095533782,0.0194773349648418,-0.0106704939163115,1,1
United Arab Emirates,2018,0.024990360576524,0.0302249278308188,0.0152547211499154,1,1
United Arab Emirates,2019,0.0770031036044471,-0.0194997008907993,0.0126332869966105,1,1
United Arab Emirates,2020,0.0452678509977353,-0.0210132722611255,-0.0909473985570024,1,1
United Arab Emirates,2021,0.0555226178553702,0.0017977364647761,0.0445218843180299,1,1
United Arab Emirates,2022,0.0861352875724819,0.051559906259242,0.0724553897871977,1,1
United Arab Emirates,2023,0.17176687087969,0.016136192288477,0.0421125113350804,1,1
United Arab Emirates,2024,0.1349787091230823,0.0164968270197958,0.0391419317313967,1,1
United Kingdom,1991,0.0164786232396103,0.0719650909995213,-0.0130086441793899,1,1
United Kingdom,1992,-0.3372894680583158,0.044892571707618,0.0128641853739424,1,1
United Kingdom,1993,0.0458820515775322,0.0252639417341757,0.0343095137643381,1,1
United Kingdom,1994,0.0737600653579484,0.0219475077968986,0.0483463602554827,1,1
United Kingdom,1995,0.1847463834314204,0.0266175409999558,0.034723992691017,1,1
United Kingdom,1996,0.1354610454939298,0.0281187597028411,0.0258131169761099,1,1
United Kingdom,1997,0.22717715007375,0.0217726769939945,0.047646513343416,1,1
United Kingdom,1998,0.1893405731714104,0.0180418784531637,0.0319473534854921,1,1
United Kingdom,1999,0.0430279157730701,0.0173776384105615,0.0290194208651328,1,1
United Kingdom,2000,0.1049329464892139,0.0117601401016091,0.0442501667989034,1,1
United Kingdom,2001,0.0845679783362776,0.0152072770125943,0.0236288498834724,1,1
United Kingdom,2002,0.0487334452148147,0.0150896017470092,0.0169458777542708,1,1
United Kingdom,2003,0.0934698396613917,0.0136711266873579,0.0316780707978843,1,1
United Kingdom,2004,0.0936872290948578,0.0138082021325747,0.022993790245156,1,1
United Kingdom,2005,0.1297075471344335,0.0206761328384263,0.0275242554830299,1,1
United Kingdom,2006,0.131882895280782,0.024259949877484,0.0216618911674935,1,1
United Kingdom,2007,0.1467940878322196,0.0235852827291713,0.0288878134490353,1,1
United Kingdom,2008,0.163847251199801,0.0346082513510763,-0.0004942388432986,1,1
United Kingdom,2009,-0.0006515630491428,0.0194273778361733,-0.0469596266447958,1,1
United Kingdom,2010,0.0391248993719806,0.0246209487998578,0.022353729381205,1,1
United Kingdom,2011,-0.0451861869910708,0.0378362210210836,0.0084783345229091,1,1
United Kingdom,2012,0.0076699136644222,0.0254068432868468,0.0151670008063184,1,1
United Kingdom,2013,0.0208051227395067,0.022658023892589,0.0170387093591095,1,1
United Kingdom,2014,-0.0256707088628509,0.0144069217499573,0.0311126770193865,1,1
United Kingdom,2015,0.0195497988637569,0.0036737120719569,0.0211782062469545,1,1
United Kingdom,2016,0.083576501193761,0.0100336676589165,0.021825288243086,1,1
United Kingdom,2017,0.0797010949865431,0.0252559248814554,0.0297842350665789,1,1
United Kingdom,2018,0.0516415811976145,0.0226694933514632,0.0153942083117257,1,1
United Kingdom,2019,-0.0137354825159263,0.0172317234007195,0.0124847303855091,1,1
United Kingdom,2020,0.0926378867480224,0.0098462333933646,-0.1058928421780258,1,1
United Kingdom,2021,0.0928774913199852,0.024871826736815,0.0819772522686683,1,1
United Kingdom,2022,0.0825702759759821,0.0762390104558106,0.050214900039009,1,1
United Kingdom,2023,-0.0266569854402902,0.0657312508145793,0.0027128174645554,1,1
United Kingdom,2024,0.025314277223245,0.0321919629761398,0.0112012577268281,1,1
United States,1991,0.0148936195929891,0.0414774337326067,-0.0010837158316228,1,1
United States,1992,-0.0015328765254452,0.0298385658045514,0.0346187670876751,1,1
United States,1993,0.0059465703549363,0.0290893422215141,0.0271461452608043,1,1
United States,1994,0.0040385237615794,0.0257402742563535,0.0394997389319087,1,1
United States,1995,0.0664356505421288,0.0276678863488948,0.0264903199582313,1,1
United States,1996,0.0757147968846574,0.0288906586943618,0.0370334448557763,1,1
United States,1997,0.0769934250047832,0.0231078447020758,0.0435108046107224,1,1
United States,1998,0.0916845065232472,0.0154035449055491,0.0438554690764263,1,1
United States,1999,0.0908322833663568,0.0216443342042884,0.0467731317766144,1,1
United States,2000,0.0779833377216157,0.0332109335450292,0.0399664519135747,1,1
United States,2001,0.0763385897312645,0.0278697175004838,0.0095100195575206,1,1
United States,2002,0.0435593004121734,0.0157358557134168,0.0168615155467932,1,1
United States,2003,0.0430948687615035,0.0224471174825833,0.0275724225708131,1,1
United States,2004,0.0558324113963628,0.0264202578207326,0.0377559071521602,1,1
United States,2005,0.0776414218562422,0.0333646270639143,0.0342424762646622,1,1
United States,2006,0.0862036035427671,0.0317500317892607,0.0274647630818805,1,1
United States,2007,0.1107672771784926,0.0281274140367937,0.0198404530302838,1,1
United States,2008,0.0785810661572625,0.0376724026066837,0.0011352278837364,1,1
United States,2009,0.0536602020159904,-0.0035617983423428,-0.0261027336972148,1,1
United States,2010,-0.0279092646084464,0.0162673998780853,0.0265951195045737,1,1
United States,2011,0.0646949640409566,0.031080377734149,0.0155229615733567,1,1
United States,2012,0.0478534721291907,0.0204821734627689,0.0226330627992901,1,1
United States,2013,0.0440275409922144,0.0145420761577339,0.0209571576077358,1,1
United States,2014,0.050487765801261,0.0160920553309553,0.0249249740181198,1,1
United States,2015,0.0309465744079204,0.0011855682916221,0.0290300261033067,1,1
United States,2016,0.0377718925737369,0.0125369154867991,0.018030975296984,1,1
United States,2017,0.0469022304171069,0.0210774026958207,0.0242790861100843,1,1
United States,2018,0.0395131706104656,0.0241322926836895,0.0292335558499416,1,1
United States,2019,0.0805831679384212,0.017959852736082,0.0255100865053421,1,1
United States,2020,0.1587074790994371,0.0122603774349681,-0.0218676552311549,1,1
United States,2021,0.1557780694678925,0.045908481475255,0.0587881405866923,1,1
United States,2022,-0.0084637424301234,0.076986965064183,0.0248133401304144,1,1
United States,2023,0.0176080149313087,0.0403387262489092,0.0284665166671693,1,1
United States,2024,0.0524677304828138,0.0290686355746521,0.0275470837539586,1,1
Uruguay,1991,0.5980280045672579,0.7029573194208695,0.0347763178331383,1,0
Uruguay,1992,0.4088462726073452,0.52152336141657,0.0763273998163249,1,0
Uruguay,1993,0.3112333033705106,0.4324366987161885,0.0262284677508972,1,0
Uruguay,1994,0.3519551571176862,0.3697414985423264,0.0702845682323456,1,0
Uruguay,1995,0.3139275727889163,0.3524040753378754,-0.0145817891036443,1,0
Uruguay,1996,0.2934494896926303,0.2495287684979135,0.0542794301994504,1,0
Uruguay,1997,0.251913868933201,0.18081049336558,0.0820193669588889,1,0
Uruguay,1998,0.236247838872547,0.1026564958392395,0.044197635556948,1,0
Uruguay,1999,0.121967359071089,0.0550437888555355,-0.0153263093562401,1,0
Uruguay,2000,0.0911610849169157,0.0465383424096752,-0.0194879692882246,1,0
Uruguay,2001,0.1360620376541526,0.0426699562475669,-0.0391996649525943,1,0
Uruguay,2002,0.2305316622089854,0.1307867647512766,-0.0804728783505162,1,0
Uruguay,2003,0.1414654896272722,0.177139236525361,0.0080205880758441,1,0
Uruguay,2004,-0.0309606276208995,0.0876225700310291,0.0488297858191941,1,0
Uruguay,2005,0.0002748257277822,0.0459220301487892,0.071949728887926,1,0
Uruguay,2006,0.1100351048755285,0.0620133018019117,0.0401681233958726,1,0
Uruguay,2007,0.0374432862536266,0.0780220115504457,0.0633644964124897,1,0
Uruguay,2008,0.251266912693751,0.0758221868442534,0.0693035067706269,1,0
Uruguay,2009,-0.0268542996941967,0.0682399630654595,0.0415592669365345,1,0
Uruguay,2010,0.2000770800994509,0.0648388716820305,0.0751391013995643,1,0
Uruguay,2011,0.1654373300409766,0.0778202280684707,0.0503330972798643,1,0
Uruguay,2012,0.0948928065654683,0.0778658705964607,0.0347702352263432,1,0
Uruguay,2013,0.1755443298931958,0.0822722361810717,0.0453321791679997,1,0
Uruguay,2014,0.1767759014459287,0.0850518639433843,0.0318744804396864,1,0
Uruguay,2015,0.2136390772269472,0.0831112552080739,0.0037005570617303,1,0
Uruguay,2016,0.0386925847471282,0.0920267358914221,0.0167567996426427,1,0
Uruguay,2017,0.0189259564181583,0.060324283313399,0.0172540533578313,1,0
Uruguay,2018,0.1119007828374023,0.0733111811207649,0.0016464199958718,1,0
Uruguay,2019,0.1478417803892355,0.0758677465665877,0.009240684472811,1,0
Uruguay,2020,0.2177408613584681,0.0930932365713976,-0.0764203196526942,1,0
Uruguay,2021,0.1554413119401729,0.0746241833944294,0.0567987064501629,1,0
Uruguay,2022,-0.0173142973393005,0.0871348511482947,0.0438850779814714,1,0
Uruguay,2023,0.0132920847872775,0.0570332733337268,0.0073938855863531,1,0
Uruguay,2024,0.1479862963903144,0.0473524040983637,0.0306092675975442,1,0
Uzbekistan,2014,0.146171926541033,0.0887715180137487,0.0664788728197471,1,1
Uzbekistan,2015,0.2174568971843768,0.0838987892780878,0.0697011733252459,1,1
Uzbekistan,2016,0.2110444793485655,0.0781722212061106,0.0576286163878805,1,1
Uzbekistan,2017,0.3379422320087393,0.1299376902659546,0.0430142263047876,1,1
Uzbekistan,2018,0.1321187475659222,0.1614739106927247,0.054101706531167,1,1
Uzbekistan,2019,0.1300009620372151,0.1356293799248922,0.0655997453076295,1,1
Uzbekistan,2020,0.1629743286872766,0.1210464138076377,0.0155124845702694,1,1
Uzbekistan,2021,0.2598813134783668,0.1030008916908755,0.0772821296409596,1,1
Uzbekistan,2022,0.2637091634341075,0.1083757585395712,0.0582815714592115,1,1
Uzbekistan,2023,0.11479540191349,0.0949154720318254,0.0610143468127049,1,1
Uzbekistan,2024,0.2672580642237605,0.0919249532903805,0.0629747991611751,1,1
Vanuatu,1991,-0.0034370091345472,0.0626849524882482,0.0309911592319629,1,1
Vanuatu,1992,-0.0469057653812576,0.0397824933871495,0.0255255702436798,1,1
Vanuatu,1993,0.0508353253088138,0.0350375231089961,0.0073275676370343,1,1
Vanuatu,1994,0.0283113453879302,0.022764518835161,0.086924812427874,1,1
Vanuatu,1995,0.1248697810611219,0.022052068974399,0.0099893899070941,1,1
Vanuatu,1996,0.0959626855478248,0.0090226175996379,0.0230066596475602,1,1
Vanuatu,1997,-0.0034374446051046,0.0279137822863839,0.0479022718019059,1,1
Vanuatu,1998,0.1187479091895191,0.0322944731216017,0.0116998328602484,1,1
Vanuatu,1999,-0.0964548723222264,0.0197925770954263,0.0033672566417095,1,1
Vanuatu,2000,0.0538977775457105,0.025060237127322,0.057559307893964,1,1
Vanuatu,2001,0.0532988902557391,0.035150465160985,-0.0345664190929362,1,1
Vanuatu,2002,-0.0162871691238386,0.0194453825310025,-0.0533830422784689,1,1
Vanuatu,2003,-0.0086232196097775,0.0297164723284772,0.0419893300417157,1,1
Vanuatu,2004,0.0944678294948069,0.0140894648753011,0.039099482749112,1,1
Vanuatu,2005,0.1094940120746734,0.0119206709623114,0.0516938156578241,1,1
Vanuatu,2006,0.0679678194868778,0.0202027073175186,0.0812176860887703,1,1
Vanuatu,2007,0.1480437584316654,0.0386001732636822,0.0283531464855393,1,1
Vanuatu,2008,0.1253217566951434,0.0472815336308256,0.0544975774887497,1,1
Vanuatu,2009,0.0045504003977185,0.0420730426368329,0.0299209069746453,1,1
Vanuatu,2010,-0.0618339955573823,0.0272522090975222,0.0125100934803654,1,1
Vanuatu,2011,0.0131492422645891,0.0086999762655759,0.0309151916403997,1,1
Vanuatu,2012,-0.0062572876165916,0.0133840687108044,0.0100498079538731,1,1
Vanuatu,2013,-0.0570701800369057,0.0144839367080642,0.0046232006707072,1,1
Vanuatu,2014,0.0824079357706253,0.0079568981382092,0.0254244453821286,1,1
Vanuatu,2015,0.1081524835276219,0.0245293676237503,0.038892961991511,1,1
Vanuatu,2016,0.1009191171862973,0.0083854346062066,0.0341264586315404,1,1
Vanuatu,2017,0.0889065712256069,0.0303791088440386,0.0431808038036685,1,1
Vanuatu,2018,0.1229929665853575,0.023042117571725,0.0285896946780219,1,1
Vanuatu,2019,0.0668182117250815,0.0272505110001661,0.0318976926261065,1,1
Vanuatu,2020,-0.0056062504679523,0.0519219287002536,-0.0512142599202789,1,1
Vanuatu,2021,0.085002153851736,0.0231625019053032,-0.015644691396023,1,1
Vanuatu,2022,0.070652506198062,0.0646570061698632,0.0505621991326741,1,1
Vanuatu,2023,0.0577562758030651,0.1060028247125499,0.0207212566980778,1,1
Viet Nam,1996,0.2294854403463908,0.0551981604647635,0.089292267524403,1,1
Viet Nam,1997,0.2254777002571231,0.0315909696076315,0.0783682370838683,1,1
Viet Nam,1998,0.2135734971236509,0.0701433911294211,0.0560443172393512,1,1
Viet Nam,1999,0.5095343741131231,0.0403460639173371,0.0466315205781882,1,1
Viet Nam,2000,0.3032058414831766,-0.0172513248785715,0.0656689732291866,1,1
Viet Nam,2001,0.241662707127169,-0.0043247835265076,0.0600870026176778,1,1
Viet Nam,2002,0.124644198649193,0.0375927385453227,0.0612909502795702,1,1
Viet Nam,2003,0.2855701764509462,0.0318343488218197,0.0667148713922962,1,1
Viet Nam,2004,0.2704085643475125,0.0746894582952006,0.0726593075712429,1,1
Viet Nam,2005,0.2693147496283217,0.079592505713566,0.0727600787795061,1,1
Viet Nam,2006,0.2598287132368142,0.0715577394758515,0.0674525974389723,1,1
Viet Nam,2007,0.3994872587761051,0.0801453076198752,0.0688682389238124,1,1
Viet Nam,2008,0.1881174535926462,0.2079523336213986,0.0550729688946596,1,1
Viet Nam,2009,0.2329566087384265,0.0650101227274921,0.0525725024832333,1,1
Viet Nam,2010,0.2601665192039704,0.0880792494155464,0.0622538334350402,1,1
Viet Nam,2011,0.1128146785866306,0.171241501374241,0.0621591510880747,1,1
Viet Nam,2012,0.2194948846133755,0.0870461575108532,0.0535838437643683,1,1
Viet Nam,2013,0.1939163281672762,0.0638446062999014,0.0540478498114396,1,1
Viet Nam,2014,0.1801526938884805,0.040033406543686,0.0622444209619921,1,1
Viet Nam,2015,0.1389654506405193,0.0062921717543256,0.0675385880517644,1,1
Viet Nam,2016,0.1644999991547138,0.026332712448962,0.0647573308838893,1,1
Viet Nam,2017,0.1332745823774033,0.0345971262926845,0.0670995237215947,1,1
Viet Nam,2018,0.1195448951824005,0.0347842332387848,0.0719950909661264,1,1
Viet Nam,2019,0.1277008229454637,0.027574540473509,0.0710106196730464,1,1
Viet Nam,2020,0.1278080832225612,0.0317014988764157,0.0282512799340928,1,1
Viet Nam,2021,0.0923599358807578,0.0181808771671452,0.0252166560017954,1,1
Viet Nam,2022,0.0552398888328227,0.0310771392719537,0.0819255537064727,1,1
West Bank and Gaza,1999,0.1718621078717745,0.0539614538172941,0.0795557409793907,1,0
West Bank and Gaza,2000,0.2227180929013634,0.0275976466884184,-0.0894387499552316,1,0
West Bank and Gaza,2001,-0.0351698714604893,0.012153691361588,-0.0977350098901084,1,0
West Bank and Gaza,2002,-0.0457443858590949,0.0555247298914078,-0.1333986263505018,1,0
West Bank and Gaza,2003,0.0850430988734025,0.0430885332657684,0.1311655133326752,1,0
West Bank and Gaza,2004,0.0424002094045121,0.029599335268478,0.1982317008818874,1,0
West Bank and Gaza,2005,0.0380328595853889,0.0402514385728913,0.1069750722059943,1,0
West Bank and Gaza,2006,0.0592351057734248,0.0377036134801525,-0.0100155496249847,1,0
West Bank and Gaza,2007,0.1857434555355936,0.0184266201845346,0.0371828835811953,1,0
West Bank and Gaza,2008,0.1236168809148097,0.0943096602416808,0.0716616747790332,1,0
West Bank and Gaza,2009,0.0585274772217907,0.0271669620402246,0.0824412830574452,1,0
West Bank and Gaza,2010,0.0913760865604977,0.0368058504484842,0.0561663413192548,1,0
West Bank and Gaza,2011,0.03887103278905,0.0283662816166208,0.0916745652243093,1,0
West Bank and Gaza,2012,0.0654455268292011,0.0274117191289828,0.0591784619324116,1,0
West Bank and Gaza,2013,0.1019431242300257,0.0170970031023705,0.0459152724400233,1,0
West Bank and Gaza,2014,0.0693432066241221,0.0171814017506104,-0.0015799139155241,1,0
West Bank and Gaza,2015,0.0985158333007802,0.0142146066649671,0.0365373051779833,1,0
West Bank and Gaza,2016,0.0955992405047361,-0.0021934699463344,0.0849348951088728,1,0
West Bank and Gaza,2017,0.1191497832133237,0.0021234532188687,0.0140938885374879,1,0
West Bank and Gaza,2018,0.0375148570418701,-0.0019529835688327,0.012196098098677,1,0
West Bank and Gaza,2019,0.0951868013771601,0.0156782842307325,0.0135348637378278,1,0
West Bank and Gaza,2020,0.1300263745425418,-0.0073804889383231,-0.1201185044400148,1,0
West Bank and Gaza,2021,0.0793415297955171,0.0122988681891822,0.0677706260911925,1,0
West Bank and Gaza,2022,-0.0012490318442495,0.036729380807734,0.0400161685550273,1,0
West Bank and Gaza,2023,0.0657473933570962,0.0570521471968703,-0.0466284473589553,1,0
West Bank and Gaza,2024,0.0685567312159172,0.4296317015967155,-0.3086677590473528,1,0
"Yemen, Rep.",1991,0.106745293036301,0.3074846997479603,0.0610338920297621,1,0
"Yemen, Rep.",1992,0.1893869805935253,0.2578291093020999,0.0788814010384939,1,0
"Yemen, Rep.",1993,0.2710686120823702,0.3056617009806384,0.0392396204867111,1,0
"Yemen, Rep.",1994,0.281255097940349,0.4014179653384699,0.0650566599022184,1,0
"Yemen, Rep.",1995,0.4102509055303649,0.4387780642035919,0.0551448950034512,1,0
"Yemen, Rep.",1996,0.0774740541332086,0.2679924982941575,0.0453076053490626,1,0
"Yemen, Rep.",1997,0.1060387199658059,0.0215337424995571,0.0509888124214548,1,0
"Yemen, Rep.",1998,0.1115918216645717,0.0580472658406736,0.0583320627213694,1,0
"Yemen, Rep.",1999,0.1291623401863226,0.0830555751373265,0.0370600199218174,1,0
"Yemen, Rep.",2000,0.2251599159928368,0.0448777587780839,0.0599836220000966,1,0
"Yemen, Rep.",2001,0.1719555183755226,0.1125390101401375,0.0373309081334269,1,0
"Yemen, Rep.",2002,0.1612653602085032,0.1154561878798516,0.0385977451612937,1,0
"Yemen, Rep.",2003,0.1794010466781728,0.1028486097830736,0.0367888950722772,1,0
"Yemen, Rep.",2004,0.1360399865395329,0.1179172057620232,0.0389581440810289,1,0
"Yemen, Rep.",2005,0.1345260655042537,0.1116421204404902,0.0544100390075534,1,0
"Yemen, Rep.",2006,0.2318862029966233,0.1029608269293831,0.0312118949288979,1,0
"Yemen, Rep.",2007,0.1569994396385681,0.0760821160120546,0.0328391244081416,1,0
"Yemen, Rep.",2008,0.1241985942439072,0.1737537698374298,0.0358262032229674,1,0
"Yemen, Rep.",2009,0.1205252561150977,0.0526660810020436,0.0379336305627013,1,0
"Yemen, Rep.",2010,0.1113039286757953,0.1059338560113696,0.0741913393776059,1,0
"Yemen, Rep.",2011,0.0040267139822915,0.1785106521215365,-0.1359903780642355,1,0
"Yemen, Rep.",2012,0.1989104717937699,0.0942677015658315,0.0236480693293152,1,0
"Yemen, Rep.",2013,0.1286659007430195,0.1040756699471483,0.0471079794701481,1,0
Zambia,1991,0.6795897065783123,0.6812887624955523,-0.0003613991356239,1,0
Zambia,1994,0.4649104737555234,0.4356795002017808,-0.0902031046172631,1,0
Zambia,1995,0.4413008217824057,0.299582881691586,0.0285648024982876,1,0
Zambia,1996,0.3001705736239408,0.3581854884796813,0.0603285449447597,1,0
Zambia,1997,0.2236210829064617,0.2184824779209426,0.0374307226255261,1,0
Zambia,1998,0.2280461065886143,0.2188017903094383,-0.0038649206508978,1,0
Zambia,1999,0.2444635534173542,0.2373438219619794,0.0454530760544393,1,0
Zambia,2000,0.5525201324409217,0.2313530552431975,0.03823294608177,1,0
Zambia,2001,0.0835438023674441,0.1938694736918216,0.0518034128597442,1,0
Zambia,2002,0.2481601073104435,0.2007616929470748,0.0440744366824503,1,0
Zambia,2003,0.222964348748949,0.193933694119504,0.0671442543473546,1,0
Zambia,2004,0.2773032135947062,0.1652414275586418,0.067961360737371,1,0
Zambia,2005,0.0320311513504627,0.168260154539884,0.0698580878071801,1,0
Zambia,2006,0.3649770026176568,0.0863572440871056,0.0760689252153383,1,0
Zambia,2007,0.225272939134463,0.1012683003547723,0.0802190266927951,1,0
Zambia,2008,0.2088711804258061,0.1172991794730293,0.0748652893170422,1,0
Zambia,2009,0.0738193631368169,0.1257093581565191,0.0881972006764968,1,0
Zambia,2010,0.2612796389378609,0.0815962203505478,0.0980176324727466,1,0
Zambia,2011,0.1964050864040913,0.0623116385746209,0.0541969704668723,1,0
Zambia,2012,0.1643224332827024,0.0636872186409442,0.0732261217502561,1,0
Zambia,2013,0.1888963910546586,0.0674499917055975,0.049337985045053,1,0
Zambia,2014,0.118832132262753,0.0751712509321693,0.0458647766668605,1,0
Zambia,2015,0.301529291813587,0.0963150646562143,0.0287854461154601,1,0
Zambia,2016,-0.0587130951928536,0.1644098462632595,0.0368631315943233,1,0
Zambia,2017,0.1935593890358156,0.0637004657740334,0.0346512773522995,1,0
Zambia,2018,0.152532294990511,0.0722701666051035,0.0395523302456375,1,0
Zambia,2019,0.1181849521083755,0.0875557961622748,0.0143101794803044,1,0
Zambia,2020,0.3814698394791911,0.1461161504555868,-0.0282457318700437,1,0
Zambia,2021,0.035917427567913,0.1990210706892554,0.0604827016028437,1,0
Zambia,2022,0.2191668047437112,0.1042987875121435,0.0507997968715194,1,0
Zambia,2023,0.2197775833280175,0.1033192188499549,0.0522882563705167,1,0
Zambia,2024,0.2067005099038965,0.1396369456485588,0.0374889092075143,1,0
Zimbabwe,2010,0.4766874248874231,0.0297788753556123,0.1796129560273733,1,0
Zimbabwe,2011,0.2714977962050469,0.034074124156552,0.1327278320571885,1,0
Zimbabwe,2012,0.2427866824885232,0.0365761295255362,0.1541400715512821,1,0
Zimbabwe,2013,0.0445078701438497,0.0162172901537536,0.0196995390440655,1,0
Zimbabwe,2014,0.1185042140655134,-0.0019798066256937,0.0234917515197281,1,0
Zimbabwe,2015,0.0788286930165842,-0.0246100423436885,0.0176419964205436,1,0
Zimbabwe,2016,0.174356992862755,-0.015557082315424,0.0075295224511364,1,0
Zimbabwe,2017,0.3267572596292414,0.0088999012862434,0.0462575424323965,1,0
Zimbabwe,2018,0.247238634960631,0.1009204660123916,0.048884650590935,1,0
Zimbabwe,2019,1.2522922239467285,1.2678063635427064,-0.0654183722027355,1,0
Zimbabwe,2020,1.7673763448032034,1.8828209654816828,-0.0813939183347471,1,0
Zimbabwe,2021,0.8408319063676792,0.6858511546355492,0.0812851672062819,1,0
Zimbabwe,2022,1.593072616703406,0.7164005659041894,0.059581850325781,1,0
