Country Name,year,trade_open,gdp_pc_growth,pop_growth,investment_share
Afghanistan,2006,,1.13248505528998,4.09270201656348,
Afghanistan,2007,,11.6923032922081,1.8925975396006,
Afghanistan,2008,,1.6772791560615,2.18654618162979,
Afghanistan,2009,,17.0438963216074,3.64638090813246,
Afghanistan,2010,,11.0550305527288,2.93468670173474,
Afghanistan,2011,,-3.21329500579925,3.69150308391849,
Afghanistan,2012,,8.27936899310519,4.04786256315645,
Afghanistan,2013,,2.0520682606117,3.41822667584596,
Afghanistan,2014,,-0.939984755736006,3.63251884652008,
Afghanistan,2015,,-1.66505744749013,3.11995924146907,
Afghanistan,2016,,-0.300121027406746,2.53571991833963,
Afghanistan,2017,,-0.195569548342789,2.80833730805469,
Afghanistan,2018,,-1.71374269254262,2.91080959861384,
Afghanistan,2019,,0.856294729087764,2.98438913621969,
Afghanistan,2020,46.7098945514103,-5.38251464221077,3.15360920291972,11.5
Albania,1995,40.1386989518314,14.0244959350984,-0.617703658436963,16.4271239839877
Albania,1996,44.4117820054663,8.00551384353483,-0.62151139901728,21.1475152669262
Albania,1997,44.7293780649181,-11.1576605254893,-0.625430096900055,19.7587807672594
Albania,1998,47.1306266993222,8.99380682261059,-0.629334392525913,22.7895725962923
Albania,1999,49.8954184095195,12.9639268824224,-0.63335227398725,24.2715109633495
Albania,2000,61.6092610436407,8.14996793452505,-0.637356833943492,34.0401392244169
Albania,2001,64.2474462587009,9.89019357107392,-0.93847042771206,38.2280453184166
Albania,2002,65.9914650336802,4.94262296313663,-0.299876697084691,38.5753358181086
Albania,2003,64.8232150960777,5.72810598121802,-0.374149169291299,36.7221284326025
Albania,2004,65.0379383187697,5.70712308403314,-0.417931377925999,36.3319472329288
Albania,2005,69.1162926602322,5.67025027957055,-0.511790116421897,38.3843892451909
Albania,2006,72.2019089483674,6.68998139667232,-0.630911244851673,37.3389564722485
Albania,2007,79.9119008919954,7.30798262922809,-0.75571875541991,35.6688758642439
Albania,2008,75.2485472798728,7.73056161381389,-0.767342959142321,33.3056707670518
Albania,2009,73.3213575646169,3.38511539501225,-0.673894046451936,32.4404588015772
Albania,2010,75.5325329687378,3.48564808644622,-0.49646196338738,32.4926226328977
Albania,2011,80.6989985298954,2.73953255678821,-0.269017331764615,33.8376091539876
Albania,2012,76.9683583166821,2.5545386692104,-1.54313670532257,29.7150278852687
Albania,2013,75.7506185619748,3.28889031489732,-1.54314471365633,29.0566378899977
Albania,2014,75.0212023084129,3.83017022939833,-1.54313753739282,28.3047822758213
Albania,2015,71.2794476606014,3.81743447071763,-1.54312006878448,27.8134648405134
Albania,2016,74.0144504546815,5.52482598081943,-1.54313470861992,26.814346013014
Albania,2017,76.7873817898989,4.88935288088643,-1.54315156766944,27.657593194662
Albania,2018,75.6940783717425,5.28357949627288,-1.54309991591532,27.1252994132038
Albania,2019,75.382128932689,3.64975808463876,-1.54313709096794,25.2875256073276
Albania,2020,59.5206994391875,-1.81016536329729,-1.54315589345436,26.2183472454095
Algeria,1991,52.7175867077307,-3.52712947648031,2.38357644702334,31.8413271022186
Algeria,1992,49.1890842360411,-0.649140042449275,2.43525019358237,30.7574894245852
Algeria,1993,44.9228133698634,-4.42745904751482,2.40609915355137,29.0909081133635
Algeria,1994,48.5844377877809,-3.0685083752782,2.21250190534871,30.0801428611511
Algeria,1995,55.1910052081435,1.67474517206692,2.06869750539347,30.9085562401555
Algeria,1996,53.7051478767794,2.08184989450046,1.95770195001196,25.6784142626908
Algeria,1997,52.2439115059386,-0.767068614422456,1.86401965879386,22.4469725267253
Algeria,1998,45.0944505585079,3.43950503955708,1.59253627896162,27.1484816562939
Algeria,1999,50.9291093379713,1.77694241787516,1.3885288478211,26.2476846690659
Algeria,2000,62.8583436360347,2.35726435010288,1.3996685583388,23.5639069007647
Algeria,2001,54.5296491177208,1.59517814379704,1.37329134127777,29.4025185679593
Algeria,2002,56.5896052814114,4.00705031536965,1.33039477696898,32.422149775997
Algeria,2003,57.7691353044878,5.09333212662064,1.32961524189621,32.0808213874135
Algeria,2004,61.3579975707176,3.05086148235007,1.39644042529783,32.8514476424712
Algeria,2005,66.8404602203906,3.86890214242119,1.46330884553002,31.175075513314
Algeria,2006,65.9152919677621,1.32618894855368,1.54127363754195,30.3621197641824
Algeria,2007,67.5454733939763,1.39346833661227,1.6690716779345,33.5715459915764
Algeria,2008,71.0284922505261,0.652527943948144,1.81885306168943,35.5369334164485
Algeria,2009,64.2847547238993,-0.72042057547074,1.91588522187232,46.0669131037696
Algeria,2010,63.4912159928425,2.77921908194712,1.9470588317966,43.2868274827225
Algeria,2011,62.2200899610479,1.00399237129356,1.9568943735315,39.7538222142123
Algeria,2012,60.7576393340605,0.379563284418055,1.99280790148967,40.2823786992933
Algeria,2013,59.151008157244,0.548743629610698,2.01953115835273,44.5820108403061
Algeria,2014,56.9235419669867,2.00005200987388,2.03786524232338,46.8984793363791
Algeria,2015,53.2046225904145,1.09962061859601,2.05624795728459,51.779612559441
Algeria,2016,49.7609327925216,1.78594064734014,2.05569111181654,51.6415142855742
Algeria,2017,49.8208161712587,-0.541667024495979,2.03200060784518,48.2675922575805
Algeria,2018,52.4361676779223,-0.546019580108478,1.93780623340147,46.4568594962626
Algeria,2019,46.5068426081672,-0.939992962004737,1.84041291439333,44.6295617875004
Algeria,2020,40.3897565625388,-6.61247509707083,1.71191216459393,42.9493576825015
Angola,1996,,9.76893815229334,3.3816089218138,
Angola,1997,,3.69291015107154,3.39551504166387,
Angola,1998,,1.24533172646349,3.34679546644871,
Angola,1999,,-1.1307987789491,3.29527663572252,
Angola,2000,,-0.302928309232016,3.31228746945312,
Angola,2001,,0.769184668379836,3.35370941359163,
Angola,2002,90.5708209731095,9.85780236264037,3.40747615681454,29.7741669107851
Angola,2003,90.6807161820483,-0.0654379872422197,3.49334277776736,29.8069552741519
Angola,2004,90.3860384733605,7.48604694407922,3.59445752400652,32.7033343298252
Angola,2005,95.3414592884703,10.0673593264113,3.64626893356444,28.0139948974484
Angola,2006,84.6246041171541,7.79557532887203,3.68489201610335,24.1285215642067
Angola,2007,97.2256306999958,8.85163544291412,3.74258021023639,26.8723206787845
Angola,2008,108.680408741993,6.67888592419779,3.77828976645524,31.0476642804707
Angola,2009,102.263183257986,-1.80906009330889,3.80156187494836,42.1126629946906
Angola,2010,90.9940631355109,1.31579076620976,3.85109824897149,29.7638327935383
Angola,2011,89.0369443425845,-0.356512141669299,3.8879459971363,27.3662454536118
Angola,2012,81.9394785486361,4.37008778613288,3.88358355528674,27.9685614009235
Angola,2013,77.3498013716078,0.921826358320473,3.84998068971631,26.9937630528609
Angola,2014,69.5801424481147,0.821220988941135,3.73272806660513,28.8734781928265
Angola,2015,54.9793808779835,-2.80470818378251,3.60507162233632,29.1086095935763
Angola,2016,47.0155661405313,-5.15402904669538,3.57644143982026,30.134293482854
Angola,2017,45.6643423539921,-3.62286501702881,3.54061221486272,29.1829432051553
Angola,2018,58.916480075976,-3.96852454312942,3.45323300897802,24.2002490160737
Angola,2019,60.7148243336685,-3.52900012504749,3.38788422184303,24.6757736004733
Angola,2020,54.3442286847189,-7.1276148271679,3.26795864914978,19.6439562319095
Antigua and Barbuda,1999,,1.94235195854947,1.71693315212405,
Antigua and Barbuda,2000,,4.43708445751554,1.67727282735622,
Antigua and Barbuda,2001,,-5.99992111346744,1.53267318275276,
Antigua and Barbuda,2002,,-0.235736724833515,1.25800968019549,
Antigua and Barbuda,2003,,4.91622766558386,1.09996203153919,
Antigua and Barbuda,2004,,4.64519467801469,1.06640091579038,
Antigua and Barbuda,2005,,5.28070690333209,1.12677248463423,
Antigua and Barbuda,2006,,11.3196408319242,1.23960018151071,
Antigua and Barbuda,2007,,7.84344693304287,1.35546842030699,
Antigua and Barbuda,2008,,-1.47076894898352,1.46768441039016,
Antigua and Barbuda,2009,,-13.2817680568047,1.50944003614049,
Antigua and Barbuda,2010,,-9.0794536101368,1.35346888620455,
Antigua and Barbuda,2011,,-3.10800074739414,1.17914352935743,
Antigua and Barbuda,2012,,2.27378133147778,1.06918387987395,
Antigua and Barbuda,2013,,-1.50846791062001,0.917165517536032,
Antigua and Barbuda,2014,141.546161057996,1.39120573166151,0.792860528793727,
Antigua and Barbuda,2015,130.071549851721,0.691094824520249,0.722892009464778,
Antigua and Barbuda,2016,132.025917905085,3.47228425039911,0.624381829779871,
Antigua and Barbuda,2017,127.664323582144,2.1461875762954,0.553103046635761,
Antigua and Barbuda,2018,130.655152659419,6.17448976886325,0.504979187034594,
Antigua and Barbuda,2019,137.537783631991,2.67761319425004,0.480553889847623,
Antigua and Barbuda,2020,94.289529886499,-19.2945462845167,0.526173366134419,
Armenia,1994,112.429364602262,8.17931421395623,-2.60275046427601,27.9421579326358
Armenia,1995,86.1148570667578,8.74315812160908,-1.70949509169847,20.8085693442274
Armenia,1996,79.2295601199241,6.79679451868454,-0.87594292287609,21.0954471662552
Armenia,1997,78.5477450545048,4.35375293195368,-0.994517948945717,23.2656792922768
Armenia,1998,71.8424518815414,8.56710543978232,-1.1739815592385,22.6863518699904
Armenia,1999,70.5604791440404,4.64095231749397,-1.28976124297341,20.7688804703858
Armenia,2000,72.2333302273367,4.13075887426186,1.68478463633775,21.92233140183
Armenia,2001,69.8642663925336,9.91735475361723,-0.289138848080883,22.9043552862001
Armenia,2002,73.9845018432309,13.6245265308361,-0.374321979277905,25.4182967616869
Armenia,2003,80.0513676022426,14.6197014940959,-0.542125640304999,28.3479499830947
Armenia,2004,73.0706339919371,11.1144901880771,-0.554559192905497,29.1225577000264
Armenia,2005,70.1397385835334,14.5697018806234,-0.586251738490671,35.765438994108
Armenia,2006,61.0301379818566,13.8986537041733,-0.615288463799411,42.2254576837845
Armenia,2007,56.9750470853147,14.4208244850475,-0.631969382170487,44.3516229755633
Armenia,2008,54.5423279613666,7.60294775074826,-0.655422477046795,47.9428358213473
Armenia,2009,57.2742357441995,-13.5088421403002,-0.685835845567342,41.1450508029059
Armenia,2010,64.642975973633,2.91158696816194,-0.693856288987436,38.8147549853077
Armenia,2011,69.4355736620453,5.28437530828725,-0.556590762896162,31.9217989798477
Armenia,2012,75.9616759606704,7.33470454115984,-0.125578337719131,24.6809527475996
Armenia,2013,77.5550481598824,3.37178358702843,-0.0694662703047376,22.1524900726313
Armenia,2014,75.778866962639,3.88187670110254,-0.271712284863074,21.2830406859193
Armenia,2015,71.6820743427575,3.51599547257022,-0.305729335573084,20.7305301265762
Armenia,2016,76.0779674593548,0.611877151180408,-0.410212518071397,18.0155086734171
Armenia,2017,87.202376539837,7.96544606461424,-0.432038450211669,18.4217402148728
Armenia,2018,92.473107021212,5.56850117850011,-0.349674218173286,22.3997393267701
Armenia,2019,97.847004865327,7.83608438672164,-0.219168932037313,17.4085294108567
Armenia,2020,70.1213571368789,-7.16866452731679,-0.0337609726366775,19.663832943599
Aruba,1991,,2.81343465185566,4.88713560049167,
Aruba,1992,,1.11185560632529,4.61012241010557,
Aruba,1993,,0.49219478038809,6.5620284925223,
Aruba,1994,,2.75152351032429,5.17037414583618,
Aruba,1995,171.362098138748,-0.292643137693034,2.80831670109337,31.1336717428088
Aruba,1996,175.344129554656,-2.73386429761131,3.95074287081186,28.4615384615385
Aruba,1997,168.781911013858,2.97839664366641,3.87475976651232,30.2334062727936
Aruba,1998,163.267359946327,-0.487159557964318,2.4607540856619,31.7007715531701
Aruba,1999,164.559014267185,-0.12596572599432,1.35648590551186,30.8690012970169
Aruba,2000,145.072879516204,6.51922376579444,1.03081685259869,25.4941135775374
Aruba,2001,140.391108618306,3.21240568796392,0.93503293482838,23.9991775312859
Aruba,2002,133.230771421249,-1.62809915245946,0.692051826700269,26.629979781872
Aruba,2003,132.794291274023,-0.0338394415310148,1.13822893851655,28.8817040907799
Aruba,2004,132.430929795173,5.02691151582482,2.13535781849357,28.4513918843887
Aruba,2005,145.050280144237,-2.93082349408309,2.59075665615847,33.160442199198
Aruba,2006,141.042626734626,-0.673257700327071,1.79663785158395,34.5191296544988
Aruba,2007,139.972309491093,2.32267757939195,0.746664790352749,31.746651038248
Aruba,2008,139.110149824701,1.06177235220186,0.762933470313563,32.1030557196345
Aruba,2009,137.556575933708,-12.2749362798142,0.678450763317743,29.6421797785745
Aruba,2010,135.464654677581,-2.95695264975568,0.230041095930877,28.2831797071863
Aruba,2011,154.437786862887,2.61052505937265,0.736689418341162,27.4166371579459
Aruba,2012,156.645197205944,-2.4846479774957,1.46978228958006,23.5225068320821
Aruba,2013,155.731904417046,4.85525795729174,1.49203139661921,23.825859897396
Aruba,2014,156.491052766236,0.35112842842166,1.06551209965487,23.1114410000278
Aruba,2015,140.493001133496,2.55621874043514,1.02370103122312,21.538867068293
Aruba,2016,136.887263320827,0.469912651203259,0.75796755862231,20.5749571545811
Aruba,2017,138.716620095236,3.48581549286742,0.007357607309414,20.5511714864529
Aruba,2018,138.824972245657,3.0485184481057,0.158975971141518,22.4017184437014
Aruba,2019,137.9619293134,0.951663645650427,0.270504632854835,22.6154511785237
Australia,1991,32.1456909693335,-1.64629276060377,1.2746217855676,24.1869322471591
Australia,1992,32.9981716307874,-0.685109221290034,1.11959770147047,22.3143615452669
Australia,1993,35.3502769485307,3.12440890934566,0.889539825558206,23.5691741898356
Australia,1994,36.4066117966299,2.98223871616621,0.963092494678111,24.2365489229294
Australia,1995,37.646874037201,2.73953092805972,1.11373422085118,25.9545428001265
Australia,1996,38.1740208800895,2.61251726692284,1.21385498322201,24.7503241868902
Australia,1997,37.9217014956962,2.79958588575271,1.0820399195962,24.8171857091867
Australia,1998,39.9240664596368,3.63864607453812,0.996734717801419,25.6000393051793
Australia,1999,38.9602467102359,3.88549898573662,1.09397580294231,26.0993037595699
Australia,2000,40.8631257691954,2.73354609011429,1.14447285147721,26.2042380502619
Australia,2001,44.1337313971929,0.729781869182801,1.28396809127349,23.3481102313323
Australia,2002,41.3813128146921,2.7740361493122,1.1375387361946,24.3675142044517
Australia,2003,40.1348011794482,1.91232481392237,1.15019273319182,25.8939093336516
Australia,2004,36.9505159618289,3.11057041061613,1.06919812205752,27.0204316493562
Australia,2005,39.0978822564811,1.90739095765275,1.21729073052406,27.4127496143182
Australia,2006,41.4878923489153,1.39339848998918,1.34945083098893,27.4574581872329
Australia,2007,41.9297451276561,1.91249613831002,1.82499679529254,27.4507449663445
Australia,2008,42.7522207880308,1.56811983624921,2.00391140524272,28.5401924147253
Australia,2009,45.5936120867789,-0.124768741461196,2.06083316277243,27.2762472195114
Australia,2010,40.3905070860606,0.632264496011231,1.55570626204128,26.697693257066
Australia,2011,41.7219860149689,0.981771621515961,1.38952731561803,26.3824449207632
Australia,2012,43.0198495527558,2.15339832775771,1.74582000067359,27.6233466177263
Australia,2013,41.100511881056,0.902732553895234,1.721151439989,27.7570773936691
Australia,2014,42.2993095385282,1.08218148890933,1.49156648912847,26.6111234581966
Australia,2015,41.4947506939901,0.704511799724457,1.43921665259925,26.1669365772477
Australia,2016,40.813402217321,1.16312811538609,1.56194049810399,25.3483902403269
Australia,2017,42.0354135251854,0.62251098729871,1.64682779735017,24.0798824498086
Australia,2018,43.5732253645218,1.3466306507712,1.49599671041328,24.5546475824653
Australia,2019,46.0016827052171,0.695209563773375,1.47749071058438,23.2971815966264
Australia,2020,44.499564103879,-1.35774770320791,1.23342825131378,22.3449300806534
Azerbaijan,1993,133.490445859873,-24.2568641648081,1.51580689251655,21.7974522292994
Azerbaijan,1994,55.3493194555644,-20.7755585486808,1.34847501163452,15.3130504403523
Azerbaijan,1995,85.8937107507733,-12.8134294386306,1.15566613988888,23.7791733058393
Azerbaijan,1996,80.8497401741931,0.280213889570334,1.01179991660887,29.0016833784674
Azerbaijan,1997,82.0789665326283,4.78428235238688,0.964673773704232,34.2367729474717
Azerbaijan,1998,77.2278091030634,8.96088676293809,0.949138146647058,33.3662733244202
Azerbaijan,1999,69.8259648751026,6.46158407611676,0.877598699856844,26.4946623930492
Azerbaijan,2000,78.5485682796041,10.1910292674816,0.821519963674211,20.6735762277188
Azerbaijan,2001,78.8151854917601,9.05182203818752,0.774765939386613,20.6768756114079
Azerbaijan,2002,92.8181443298969,8.62535106573642,0.746173582716985,34.5764948453608
Azerbaijan,2003,107.551948506262,9.37646036430615,0.757650955616913,53.1714825439026
Azerbaijan,2004,121.507115894117,8.30153847939059,0.875427280482454,57.9904339874798
Azerbaijan,2005,115.841884607706,26.6600947700296,1.02226559239828,41.5348372928728
Azerbaijan,2006,105.262399846369,32.9970665765516,1.09858657441812,29.8593848353266
Azerbaijan,2007,96.6418081486575,24.0486787589595,1.13385546615645,21.5250083743234
Azerbaijan,2008,89.2428968637573,8.29339095519384,2.09985403259251,18.6936308461975
Azerbaijan,2009,74.7440416836369,7.12223856098808,2.07614826384645,18.9486398045026
Azerbaijan,2010,74.9859884610856,3.54945543779385,1.18978770786007,18.0595784763923
Azerbaijan,2011,80.5080450059522,-2.84718268648209,1.30300085487651,20.2678468568795
Azerbaijan,2012,78.263069540422,0.85388594737168,1.32876382733755,22.3167232028526
Azerbaijan,2013,74.6758447629851,4.48320316777964,1.29344702700591,25.6579354439517
Azerbaijan,2014,69.4832251953347,1.52243135535144,1.24820899735588,27.5100357372221
Azerbaijan,2015,72.6015079073189,-0.147024760133903,1.19120985807018,27.9135711658698
Azerbaijan,2016,90.0773187345677,-4.14117487259738,1.11785721013911,25.6813382496045
Azerbaijan,2017,90.4023156823216,-0.824348468311783,0.98126180450475,24.3789256985575
Azerbaijan,2018,91.6725765369825,0.62488437469257,0.866316916370841,20.1294761024821
Azerbaijan,2019,85.8181454084561,1.61582943287135,0.846646726414021,20.3077798481492
Azerbaijan,2020,72.0178676487811,-4.85235140794201,0.684365325388407,23.6659543305763
"Bahamas, The",1991,106.118618136001,-5.81532737138369,1.71953449633695,29.3568958202085
"Bahamas, The",1992,101.461563203602,-5.57330907482256,1.83396180238937,27.8613702155034
"Bahamas, The",1993,103.359961190168,-1.55554108245764,1.87510041150555,23.3395860284605
"Bahamas, The",1994,104.401963792574,1.3503874431031,1.75900345094607,25.8606934642528
"Bahamas, The",1995,104.465441819773,2.66415684647076,1.65630824579208,27.6550014581511
"Bahamas, The",1996,105.856747021336,2.5876999442699,1.58198810753699,30.4937655860349
"Bahamas, The",1997,79.7348855718879,-0.222584467419338,1.50236472132864,29.0792058569001
"Bahamas, The",1998,77.7261671656993,3.23454357427582,1.42560280610243,32.1122399103205
"Bahamas, The",1999,75.7027383336782,5.72071861955573,1.33738067724252,28.7524385498453
"Bahamas, The",2000,79.6449438925669,2.79090551843051,1.31201091278679,30.1852170564615
"Bahamas, The",2001,72.5008806383396,1.37353399953901,1.22793565259293,26.8735956373237
"Bahamas, The",2002,70.2779817050926,1.5348629318823,1.14581585690751,24.2085493336456
"Bahamas, The",2003,71.063540505226,-2.44284894921039,1.20019665232897,24.2737108642641
"Bahamas, The",2004,76.0019833710461,-0.353931310699963,1.23306270632529,23.1908641247271
"Bahamas, The",2005,81.3962709176308,2.1597593545269,1.20292348556941,27.3367763973892
"Bahamas, The",2006,87.5507143032777,1.197964733166,1.2946015448339,33.5164375814502
"Bahamas, The",2007,88.0128155625079,0.0223161568588637,1.41342994265638,30.5104187660218
"Bahamas, The",2008,87.4292228766863,-3.62901783567871,1.34543405372794,29.4556336690101
"Bahamas, The",2009,76.5210439633098,-5.41414044702256,1.30111554909733,28.053608710113
"Bahamas, The",2010,78.6756024311196,0.248837037553542,1.27841716584672,27.9860060064819
"Bahamas, The",2011,88.3336891598687,-0.537416355238307,1.15016412529445,30.1833582411908
"Bahamas, The",2012,84.2515204656543,3.47892776270808,1.00108170366546,31.3421141002201
"Bahamas, The",2013,84.5484138879077,-3.756252482479,0.923627563339724,29.1972544939047
"Bahamas, The",2014,80.5370272284116,0.955837779605616,0.878822235669929,31.3993051503263
"Bahamas, The",2015,69.6779752652565,0.198544914739557,0.794122280116855,24.6114077177806
"Bahamas, The",2016,67.212921580015,-1.84653148444181,0.700545015838571,25.7808751862233
"Bahamas, The",2017,68.334284038596,2.728115494957,0.624247409539043,27.5562589881818
"Bahamas, The",2018,72.1542685971043,1.8159781736959,0.569969444023085,25.6388854218672
"Bahamas, The",2019,68.7866234842208,-1.33052999956263,0.497339072752345,25.3844995104316
"Bahamas, The",2020,53.4207580670063,-20.3291813559269,0.300555038290333,23.0710591323143
Bahrain,1991,158.867796593681,13.8269392087557,-2.30791037210701,25.1521262819148
Bahrain,1992,159.291898335568,3.92058393511722,2.63004242215019,25.870904237088
Bahrain,1993,144.763045585989,9.93939920516908,2.6307476061814,16.0977766087387
Bahrain,1994,136.473470897416,-2.84120790487738,2.63203699876798,17.2666142954711
Bahrain,1995,134.086732319169,1.2311327478419,2.63111770149598,12.8476626290964
Bahrain,1996,144.333450490306,1.40416077716732,2.63339695459039,12.6688993317759
Bahrain,1997,130.672449001883,0.411529525314464,2.63544494635445,15.3435407727243
Bahrain,1998,113.001418957352,2.06527153677192,2.63458561251159,18.8405037317512
Bahrain,1999,124.735737154328,1.58798229607446,2.6346101512442,6.95233313658607
Bahrain,2000,135.809135327865,2.55964691370853,2.63695278007044,16.5750590582953
Bahrain,2001,127.026266277537,-1.18735356761402,3.65488929440491,15.7093968978237
Bahrain,2002,131.133634216392,-3.81287513307996,7.18117509546341,23.3477306246465
Bahrain,2003,128.091582155216,-1.20657192911173,7.32007217674901,23.735810361348
Bahrain,2004,140.737310039923,-0.710582645687865,7.46118982341814,20.5199354428997
Bahrain,2005,148.313525108923,-1.04880316974081,7.60408303822153,26.7352737398905
Bahrain,2006,147.104181068989,-1.47038032480991,7.74778631282051,30.3879536462009
Bahrain,2007,137.785050572304,0.0756469326690166,7.89230240298341,34.7132604204404
Bahrain,2008,145.882511145821,0.0637144631576234,5.99407232077657,34.9481240884218
Bahrain,2009,117.963725409489,-3.97919772562874,6.56869933315068,26.1446971919251
Bahrain,2010,115.561486449616,0.0771669589062469,4.16585991920366,28.5983559958528
Bahrain,2011,167.529641035854,4.78747209697194,-2.76659927564461,22.497932951159
Bahrain,2012,178.824020821684,2.60578123430011,1.1600872869288,28.3178818196342
Bahrain,2013,184.58950884485,1.5766868455926,3.59293039406627,26.202347618295
Bahrain,2014,168.57585814186,-0.560855463138182,4.78104318433597,26.9460773553345
Bahrain,2015,147.916060172904,-1.66329278716239,4.15422184212278,25.6249300828539
Bangladesh,1991,18.8898268850747,1.52679628840617,1.91061096227259,16.8959474633294
Bangladesh,1992,19.9340055024511,3.47383819956345,1.8848730627462,17.3050292766937
Bangladesh,1993,23.1215830698982,2.7790785666494,1.86277225280699,17.9468320109013
Bangladesh,1994,22.8658645545703,1.98156571211732,1.85417955110796,18.402556188374
Bangladesh,1995,28.2094960764218,3.18589383291992,1.85825551797916,19.1197958221399
Bangladesh,1996,26.0760877233809,2.62954460746047,1.82805195849607,20.7299506037379
Bangladesh,1997,26.3255133900833,2.57102378007102,1.85349089461291,21.8162145054057
Bangladesh,1998,27.8800634028394,3.20995244419584,1.88796139153147,22.1214128239602
Bangladesh,1999,28.3879405571158,2.70069249240193,1.89951780093278,22.7213703034657
Bangladesh,2000,29.3217143619038,3.38671358983686,1.82732806740512,23.8085625731369
Bangladesh,2001,32.0980170730117,3.34027882244948,1.66689324749509,24.1743067306933
Bangladesh,2002,28.9673807211649,2.24286058481829,1.54340635736975,24.3414161366729
Bangladesh,2003,27.657884900158,3.22632477639362,1.45530530506763,24.6791888612834
Bangladesh,2004,26.8582341492431,3.81635685042457,1.36154790691024,24.9918339447004
Bangladesh,2005,34.396934864465,5.20131368672413,1.2606651625389,25.8304355145863
Bangladesh,2006,38.1119244325921,5.44042881455881,1.16116775095831,26.1441457474299
Bangladesh,2007,39.9423826531735,5.91320275589507,1.07564253185597,26.1784970672047
Bangladesh,2008,42.6209140325589,4.96057170242533,0.9984405660693,26.2022714003991
Bangladesh,2009,40.092796223023,4.07076421640669,0.931892491457971,26.2060570157536
Bangladesh,2010,37.8028426708321,4.65046297355514,0.876530534249878,26.2466561760577
Bangladesh,2011,47.4208498356898,5.501503282369,0.908525895582217,27.4209733686034
Bangladesh,2012,48.1109227490467,5.50548020192592,0.958355912717609,28.2623350097187
Bangladesh,2013,46.2964027228174,5.02341839695075,0.938408350120779,28.3896207536466
Bangladesh,2014,44.5140801968096,5.09905460197942,0.911167733810249,28.5778757115563
Bangladesh,2015,42.0859963070382,5.60449539732434,0.89381937776758,28.886689247008
Bangladesh,2016,31.3341501346142,6.16181560014782,0.892432416039535,30.2397639179985
Bangladesh,2017,29.9997306724343,5.68710307010265,0.850917315689336,30.9468731155675
Bangladesh,2018,32.5146317240884,6.44197494702485,0.820955197842845,31.8225747704431
Bangladesh,2019,31.5780544912404,6.97264399779152,0.84641125179804,32.2137331126266
Bangladesh,2020,26.271447376215,2.58647816564581,0.836310836229073,31.3079413414304
Barbados,1991,,-4.19297972140566,0.30543217651289,
Barbados,1992,,-6.01646094594443,0.34408470557972,
Barbados,1993,,0.499601553883736,0.291582308049379,
Barbados,1994,,1.77956018959944,0.226921901192945,
Barbados,1995,,1.850877928286,0.160027838504736,
Barbados,1996,,3.87935174789595,0.0934538510922293,
Barbados,1997,,4.69699251955964,0.0411682644242812,
Barbados,1998,,3.71107319952932,0.0167673981201888,
Barbados,1999,,0.303697654101057,0.0308599057983595,
Barbados,2000,,4.62813476022488,-0.173090896850965,
Barbados,2001,,-2.50014582126109,0.138039405089234,
Barbados,2002,,0.129980080741561,0.65442252041875,
Barbados,2003,,1.5496090723601,0.614429662267209,
Barbados,2004,,0.83415869757664,0.57102921384559,
Barbados,2005,,3.41073813264497,0.525370422072861,
Barbados,2006,,5.56141136626469,0.481152127044188,
Barbados,2007,,1.59529283000614,0.475162083022934,
Barbados,2008,,0.107256161300668,0.524263979237198,
Barbados,2009,,-5.50548928278727,0.515328376885536,
Barbados,2012,,-3.69257089899511,0.288929228963865,
Barbados,2013,,-2.02836384026963,0.26216966601587,
Barbados,2014,,0.505392415183394,0.245677832545378,
Barbados,2015,,-1.39790250487843,0.230380947989644,
Barbados,2016,,1.27579693620899,0.217691837314076,
Barbados,2017,,0.50241999615892,0.204727378663704,
Barbados,2018,,-1.46593817049695,0.192553930005438,
Barbados,2019,,0.050927970591033,0.176538259610281,
Belarus,1995,103.718194772782,-10.1088526843034,-0.324414829587043,24.7498002520531
Belarus,1996,96.7748997857579,3.14668598096435,-0.336671341030207,23.5192009966691
Belarus,1997,125.516179156558,11.8639521970984,-0.415604443400529,26.8369544475643
Belarus,1998,122.957697735989,8.88936445502398,-0.450435237181926,26.7119649197264
Belarus,1999,120.835117829629,3.86637869492188,-0.450029843493719,23.7067689249137
Belarus,2000,141.609165955024,6.29963628199231,-0.471131334643547,25.3986730605006
Belarus,2001,137.044930473063,5.26389218814623,-0.512966688341309,23.7608599445648
Belarus,2002,131.002058282291,5.71608251433059,-0.636565666436346,22.1768515932559
Belarus,2003,134.141852273225,7.79491781867831,-0.699809190918934,24.9543276593883
Belarus,2004,142.136510387704,12.2126184264071,-0.682169472243919,28.6673014374357
Belarus,2005,118.88435169233,10.1497671646981,-0.683005560010688,28.4604661956657
Belarus,2006,124.295103889386,10.6755867171242,-0.612296198031047,32.1841371566982
Belarus,2007,128.153877979073,9.09946004068696,-0.458847535622636,34.0919031794272
Belarus,2008,129.599478545475,10.581305038428,-0.345415054298517,37.6416510261128
Belarus,2009,108.63564482836,0.446705717445226,-0.245915441295321,36.8640444559238
Belarus,2010,115.917972989303,7.98573283435519,-0.218522755959381,40.6563662623236
Belarus,2011,157.974255073313,5.7975501732946,-0.234282914157686,37.2175950788459
Belarus,2012,153.085269313372,1.86726973670382,-0.156617600248906,35.0942730563184
Belarus,2013,119.815965235724,1.03749004802856,-0.0383800002667846,38.7980262073973
Belarus,2014,110.651424367582,1.59406202466224,0.056151567510169,34.8410329356421
Belarus,2015,115.914826201946,-3.9572512636508,0.132853236725342,29.0346959914608
Belarus,2016,125.209322899662,-2.61191381567238,0.0877210878706449,26.4775827022928
Belarus,2017,133.367754723012,2.64480751685403,-0.109782322950581,28.0303589091824
Belarus,2018,139.393736250171,3.36999150781449,-0.213824206997671,28.0788785453202
Belarus,2019,130.850406102184,1.6513675093432,-0.201786600970723,29.1499946931726
Belarus,2020,118.934176146534,-0.251224685296094,-0.42347525027949,27.4548359346196
Belize,1991,79.1779659554057,9.40974058942497,2.14211305492924,24.205544292346
Belize,1992,80.3474754942984,10.4086919637307,2.08619211260685,22.9947445253166
Belize,1993,75.74810886971,4.00371351909538,2.03124492836904,24.9782337814503
Belize,1994,80.8829702605987,-2.12657838875785,2.12952750179899,18.3051430481526
Belize,1995,77.3367628065445,-1.75976504320663,2.50432809859251,19.4626188132585
Belize,1996,79.5739076328491,-1.85800125948006,2.97472085581548,18.1535871983306
Belize,1997,85.4507314878676,0.813912719992345,3.33679111455288,17.8004116203385
Belize,1998,85.2837692818555,0.327844039583852,3.4918451808564,16.6226358838681
Belize,1999,93.3222988336503,5.72065023666906,3.44226447456504,21.3316711230288
Belize,2000,96.6018447146265,8.63286312471467,3.26709202067925,26.2033579229094
Belize,2001,93.1624050489864,1.78938135201594,3.09932448206021,21.9693029743777
Belize,2002,93.0794584713606,2.25779720240918,3.02567946888712,20.6306064805787
Belize,2003,94.3631228859413,6.43447208603128,2.99028222861427,17.7005500159465
Belize,2004,86.3853536846826,1.73082295725253,2.95389266992451,16.6841070074175
Belize,2005,92.9971266332515,-0.719879317857163,2.91740780047982,17.7739187670556
Belize,2006,98.8810743235728,1.55376134075311,2.87083521745194,17.2466623086068
Belize,2007,95.9555511519831,0.469905572241231,2.81604558312441,17.2933361571682
Belize,2008,105.461874277231,-4.29751566746636,2.75172617782414,21.0239807378235
Belize,2009,89.5808843860925,-3.07491344525414,2.67547057673273,16.2264058728229
Belize,2010,94.8581591507411,-0.999227091889964,2.41171251993503,15.4511716601437
Belize,2011,106.914960208874,-2.28218512422295,2.17847430341063,11.8723938779086
Belize,2012,111.166652365429,1.73206971753382,2.15086754763262,13.0724770204323
Belize,2013,108.672614067831,1.86924052413502,2.13397522406827,14.1295773427114
Belize,2014,107.112517468788,1.71986752597024,2.11317688838933,17.0966974648616
Belize,2015,104.070958799941,0.623344723744751,2.10144194153298,16.7264083366378
Belize,2016,96.4998358304218,-2.31386521552362,2.32231207163985,17.9729353607653
Belize,2017,97.7072571800462,-4.06828153670182,2.30310203964335,15.0577226916743
Belize,2018,100.989214362975,-1.04044004654376,1.86459847610366,16.5318151258508
Belize,2019,102.441856907677,2.74257530356437,1.46284533510266,16.8394904249154
Belize,2020,81.6431433128545,-14.6255152617956,1.28323598131052,18.4434323395975
Benin,1993,55.3817991336605,1.24312443544126,4.43675552850148,16.0581365080412
Benin,1994,64.4004792535565,-1.72472268031545,3.74003044963406,17.8022147065571
Benin,1995,63.800140010475,3.82668355558341,2.11424008856257,21.4197671425652
Benin,1996,56.5177914456367,1.62986021443862,2.6166771873555,17.5511679710447
Benin,1997,58.7116296113966,2.65891588399134,2.95210198459104,18.5448564263514
Benin,1998,59.5936252981433,0.80483062510794,3.0829668212606,18.1551570848512
Benin,1999,54.3917891538957,2.1324003787548,3.09369584671073,18.227093726169
Benin,2000,47.3481515012844,2.65043149973154,3.07665265205002,16.0084024487125
Benin,2001,48.2571706392197,2.16452439056758,3.05435506649292,17.7527202451424
Benin,2002,43.7684225364311,1.50964025698303,3.04010801597376,14.8337225342659
Benin,2003,41.6162305574334,0.336976510869505,3.04920259714654,15.1637900420403
Benin,2004,39.9029743365096,1.28077994352564,3.06173106096489,15.218605125346
Benin,2005,39.0959311879142,-1.51043339492205,3.22061199704122,12.0860448919113
Benin,2006,39.7746987128551,0.750089697773319,3.12066888297415,12.8734651191902
Benin,2007,49.1137841529705,2.9001757042866,2.95509554727715,16.3768679983693
Benin,2008,47.7753592695169,1.77647069609412,3.01959398464251,13.7404206600646
Benin,2009,44.7026290629806,-0.703743155603306,2.99903642214246,14.8657187295579
Benin,2010,51.4308599492924,-0.888244805144353,2.98424162798508,15.608089212583
Benin,2011,47.2170288118403,-0.0571230167535077,2.97782202797765,16.4625572802737
Benin,2012,50.7367367791134,1.74647753021327,2.96766540040992,15.276312739626
Benin,2013,59.2001918331875,4.076668026964,2.94885160135819,18.86187234768
Benin,2014,65.2682749404551,3.26077217060734,2.9550187594558,19.2575856279899
Benin,2015,56.7563131849476,-1.18432043750336,2.95391627666724,20.731792085746
Benin,2016,58.9869283378276,0.361166139903119,2.92460216679542,20.2720396046954
Benin,2017,61.4765969588474,2.67041720047298,2.88117869411855,23.9604222292501
Benin,2018,61.7951944903448,3.73701554279164,2.8136418840483,26.3865130249513
Benin,2019,63.68133231423,3.98211326561793,2.73538842831436,25.6298005790604
Benin,2020,44.8332333768726,1.12020264806804,2.66259875153288,25.6338435081567
Bhutan,1991,75.9729858132023,-2.15086741379645,1.76562588713205,32.4271872410223
Bhutan,1992,91.7608375674865,8.5856077926902,-3.73868016502051,39.9853761229255
Bhutan,1993,78.7559933474217,6.23389087430508,-4.0804037833298,41.0868079846613
Bhutan,1994,72.1007793556435,4.98481583399588,-0.0317354420831988,48.9149717328521
Bhutan,1995,83.8829086495551,8.34574582313611,-1.18061827424054,44.7169159640622
Bhutan,1996,84.629491433895,5.41224511341356,0.144970771387412,37.4597045608218
Bhutan,1997,85.2114372285036,3.5041831485531,1.79023653749442,27.2132660409736
Bhutan,1998,85.5831350923996,3.91677951253379,1.9037354324329,31.3105533972852
Bhutan,1999,85.866205982457,5.54766474341531,2.28201573945798,35.2474105213207
Bhutan,2000,74.0264971104432,0.881596585426465,2.42228077592733,54.0420474077414
Bhutan,2001,71.0945747295588,4.8804269584859,2.30721437926679,61.3891806428222
Bhutan,2002,70.2833172005966,8.03559524029754,2.2045852261164,68.5694487644125
Bhutan,2003,72.8499006593611,5.5461872466835,2.10043282502438,66.860297997122
Bhutan,2004,89.0605518004294,3.07510668161098,1.99990053168434,67.7331934324244
Bhutan,2005,97.7434135429344,5.10597951676202,1.72526717067528,61.2151499544783
Bhutan,2006,108.157794891125,4.23383383576189,1.34079315421153,47.8076929499924
Bhutan,2007,106.929022415,14.7631409986349,1.16227298430616,42.9183614516456
Bhutan,2008,101.954235669521,3.35523609267926,1.12968896454968,44.1634785286925
Bhutan,2009,101.559411565244,6.48266406090858,1.10655106118336,50.189271152596
Bhutan,2010,105.010666693593,10.7124208428696,1.0954380761045,62.9334525245912
Bhutan,2011,102.795600221106,7.30476940871061,1.0978069996978,68.2199911028334
Bhutan,2012,94.0450271469571,4.006257825918,1.10777662014052,69.4487268866834
Bhutan,2013,95.0525382780424,0.614996700864396,1.10832494505463,64.0143242143309
Bhutan,2014,87.9342562013295,4.74506543590765,1.07871798585886,56.5119544142318
Bhutan,2015,89.6391604595496,5.58370603464722,1.01496572424441,56.4311104866744
Bhutan,2016,76.3847528498375,7.42464056841786,0.973884473914115,56.3993877727553
Bhutan,2017,76.7884016850221,1.21137239128886,0.86127488782821,54.1677690387849
Bhutan,2018,79.7397203296083,2.76296102776938,0.716471130925301,54.0155173557361
Bhutan,2019,76.1235167041505,5.05479153201512,0.66444642692507,46.0853579354704
Bhutan,2020,71.8303510394637,-10.8226112381065,0.675256502719854,39.0705723574357
Bolivia,1991,48.444968874686,3.09553411801879,2.08394091464415,15.5777692542444
Bolivia,1992,49.1108578783889,-0.406134714304287,2.04005205570035,16.7043358669022
Bolivia,1993,47.4671256895523,2.22139747426289,1.98359137070415,16.5637752364324
Bolivia,1994,48.8608505020702,2.66087168747602,1.93553666553041,14.371195053134
Bolivia,1995,49.737987097898,2.7194959730227,1.88896808659587,15.244003062267
Bolivia,1996,49.8562913723023,2.44811781398879,1.85028162992902,16.2372212746505
Bolivia,1997,50.4696628058748,3.07606050823537,1.80569805808475,19.6319690404537
Bolivia,1998,52.2811629581228,3.19121970002631,1.76561111828867,23.6065117115701
Bolivia,1999,44.1682564870165,-1.31118057425465,1.74582928419343,18.771852078251
Bolivia,2000,45.5977750218555,0.762647490787714,1.71712723342906,18.1434786934628
Bolivia,2001,45.2278224315522,-0.0171004578048155,1.68688229604066,14.2684344660588
Bolivia,2002,49.3502603725957,0.785766490656115,1.67248263752338,16.294673391902
Bolivia,2003,51.967836443987,1.00515839382646,1.67509392038728,13.2320723069973
Bolivia,2004,57.4642660901316,2.43501168410201,1.68272509947837,11.0217031489009
Bolivia,2005,67.6419413613743,2.67600659638214,1.68564890189224,14.2536216336637
Bolivia,2006,74.537848431547,3.02573624628771,1.70464062326774,13.8653311051279
Bolivia,2007,76.0619114476148,2.79100341987355,1.71051652675101,15.1866548549559
Bolivia,2008,82.8670208961798,4.37162980865963,1.68811436886035,17.5527400611141
Bolivia,2009,68.6270739127592,1.65007711075671,1.66527120616965,16.971260971496
Bolivia,2010,75.5116262512877,2.42845713052691,1.64440681785103,17.0070184588469
Bolivia,2011,82.4803954243518,3.51064971722133,1.62276978666345,19.8155524290026
Bolivia,2012,84.9487611684942,3.45406361160401,1.59965176170266,17.6729919914841
Bolivia,2013,81.2309075267174,5.12847092655504,1.57374447646261,19.0177268858945
Bolivia,2014,85.2644695625131,3.84418416828554,1.54455877769864,21.0337970312715
Bolivia,2015,67.9328451905248,3.27865155787241,1.51686119793977,20.2812768788265
Bolivia,2016,56.4010345026573,2.7222071569043,1.48970583998181,21.0573618533858
Bolivia,2017,45.5761123650708,2.68372843487559,1.46124572329841,24.3763407852814
Bolivia,2018,46.9261953417368,1.40411994190022,1.43337090655267,24.0294938980641
Bolivia,2019,45.8209732749024,0.0889440250061426,1.40657823805422,22.7024136915554
Bolivia,2020,37.5164342446486,-13.7898619967426,1.23396442673807,17.268345922029
Bosnia and Herzegovina,2006,79.8299477752016,6.27585979363216,-0.814268145096121,25.812454778118
Bosnia and Herzegovina,2007,83.551858889163,7.1739207271968,-1.23438180520165,30.4691927596175
Bosnia and Herzegovina,2008,86.1628798430504,7.20155128475226,-1.65511289388464,32.3119832270202
Bosnia and Herzegovina,2009,73.7474942255023,-1.31069341204288,-1.73115539384589,23.713209921992
Bosnia and Herzegovina,2010,80.9682159626823,2.67372042856877,-1.77665932121615,21.9146685888149
Bosnia and Herzegovina,2011,87.8363477136556,2.83942425948602,-1.84492216631166,22.6759067100927
Bosnia and Herzegovina,2012,88.1451088628529,1.11532015786369,-1.93437927837206,22.8835705606596
Bosnia and Herzegovina,2013,87.9312380280562,4.02941435250273,-1.62767576055568,21.6685850406414
Bosnia and Herzegovina,2014,90.5522780395662,2.45997274934615,-1.2829607801223,23.0340139751835
Bosnia and Herzegovina,2015,88.291992587588,5.65603511201289,-1.30696713269434,22.1698345771577
Bosnia and Herzegovina,2016,88.2440340022738,4.59597025623206,-1.30267774814121,23.3303836437325
Bosnia and Herzegovina,2017,96.6458803566861,4.57868807789549,-1.28437067954589,25.1642904731319
Bosnia and Herzegovina,2018,98.4320694182631,5.10677209046635,-1.22313569369776,24.8120206694305
Bosnia and Herzegovina,2019,94.516125154246,4.16109545157208,-1.23185506471358,25.1910361335464
Bosnia and Herzegovina,2020,82.5216467994007,-1.65750707667169,-1.39008469041609,23.4676997821764
Botswana,1991,99.5583853464229,4.57073178203704,2.72429719004269,33.2101747012514
Botswana,1992,89.7512545868151,0.0625321470667757,2.81282080899369,30.4193006321517
Botswana,1993,86.2082050096699,-0.960421541128198,2.86304423228008,28.7795309764933
Botswana,1994,88.1806097283683,0.795369761855596,2.77143347713386,25.9825442079303
Botswana,1995,94.595171646002,4.25881194607905,2.62366178434921,27.1301337481509
Botswana,1996,90.955575275056,3.27499725471586,2.44368367103611,23.4435212132871
Botswana,1997,108.604415150755,5.86002742979099,2.30264662254376,24.0519865995919
Botswana,1998,101.841039320292,-1.75710977151495,2.21541249490062,37.9366725943489
Botswana,1999,98.9290812021418,7.32308245266344,2.16069492392568,25.6259512487481
Botswana,2000,91.924729689918,-0.163772714868571,2.13210606291764,29.551080393757
Botswana,2001,87.5250655680957,-1.79114300046759,2.05763865830609,29.888136618651
Botswana,2002,91.8357740585774,4.09320837350506,1.88080986109573,30.1938052068805
Botswana,2003,85.8340425151264,2.80097379395592,1.75962550604573,30.1430074223364
Botswana,2004,90.9978228872631,0.920692081948033,1.75338203751141,31.3514430014324
Botswana,2005,88.5053520573505,2.69660633056192,1.79499163132533,25.374133887578
Botswana,2006,86.612433913524,6.36142559180612,1.86517712065057,21.692781593681
Botswana,2007,98.4965249407252,3.7618955229655,1.9381347493906,23.0747568630383
Botswana,2008,99.008222007989,1.1992313160418,2.0082147581123,35.4683348008758
Botswana,2009,88.4807886337378,-15.8997149078875,2.06587846755776,32.6299076727603
Botswana,2010,94.6390020873926,7.82114699392078,2.10943597528371,34.7021091252242
Botswana,2011,98.9614677801469,4.75557328946104,1.96877479635498,39.1181150467037
Botswana,2012,111.875280620952,-1.83175900387364,1.67774021157009,35.9998617809678
Botswana,2013,125.78303991122,9.43871073960261,1.50921875015756,24.8793287159182
Botswana,2014,119.497541791464,4.17099012944411,1.45441898422222,25.2530625662887
Botswana,2015,112.900891016005,-6.19995412245493,1.42753223737773,28.4432892203156
Botswana,2016,100.464689766026,5.69319455388396,1.41970172619868,22.0676982064961
Botswana,2017,81.9239513763494,2.6459126098983,1.42047647332447,25.0058963191325
Botswana,2018,87.4551039946493,2.72071433079989,1.41898108514606,25.902879643882
Botswana,2019,83.0929813601175,1.57639094067899,1.42262847077389,30.8204405592326
Botswana,2020,77.6634178592071,-10.0332383222742,1.4394103578493,32.7272598389392
Brazil,1991,16.5920777626646,-0.686503405731187,1.71576956519978,19.768768868394
Brazil,1992,19.2533747878959,-2.18850140503228,1.66724681782032,18.9345399423489
Brazil,1993,19.5993205474635,3.23867795195491,1.61992855794359,20.8463552065145
Brazil,1994,18.6747597961023,4.21094030549472,1.56329973533197,22.1455629464805
Brazil,1995,16.9844599991956,2.63205630361686,1.53901255207011,17.2923463458623
Brazil,1996,15.6355914783829,0.672968776246492,1.51410759163045,17.2669463783506
Brazil,1997,16.5762092633371,1.8692443488235,1.48650426533337,17.7639856150889
Brazil,1998,16.438584928207,-1.14360390931397,1.48772098102752,18.1647519173076
Brazil,1999,20.982166473881,-0.984800297786677,1.45652767159292,17.3895597433765
Brazil,2000,22.6397613589755,2.96222044712435,1.37521128317928,18.90311926897
Brazil,2001,26.936285024943,0.0770005208743356,1.30335503159977,18.7418602932515
Brazil,2002,27.6183574077173,1.7820430814383,1.24142062598122,17.4490794845036
Brazil,2003,28.1403847215489,-0.0458328306526994,1.18021395482771,16.8566883977988
Brazil,2004,29.6782524803495,4.57169367314847,1.12991417032023,17.9125683419391
Brazil,2005,27.0867952052479,2.07730833921147,1.09590612526605,17.2048834481574
Brazil,2006,26.0416998879446,2.8675208375461,1.05833842529955,17.8164738802739
Brazil,2007,25.2926113757805,5.00147015892721,1.01236820635667,19.8193259823578
Brazil,2008,27.2575694165953,4.09221626871856,0.957984635895359,21.6193828522601
Brazil,2009,22.1059756060711,-1.01632362228523,0.895632239477021,18.7961350295102
Brazil,2010,22.7721781132208,6.62782994929138,0.84088322514573,21.801321557926
Brazil,2011,23.9344051765103,3.13169854409105,0.81381388423754,21.826271117187
Brazil,2012,25.1142736103322,1.09733293754664,0.811598483382088,21.4172253693275
Brazil,2013,25.7859573281452,2.17333080616082,0.810511647523289,21.6937669560679
Brazil,2014,24.685405813292,-0.303163572469245,0.806314177734439,20.5484107558184
Brazil,2015,26.9536259372369,-4.30639755989316,0.791721773592796,17.4116258667237
Brazil,2016,24.5336820770756,-4.01012719205779,0.761972670496742,14.9695469727335
Brazil,2017,24.3197343741684,0.587668928601474,0.72824666001736,14.6255875977741
Brazil,2018,28.876203376153,1.09040860420944,0.683439571425594,15.0950416297894
Brazil,2019,28.8902578697354,0.562970836695342,0.651994346081362,15.5167908016709
Brazil,2020,32.3020785443492,-3.83550546624957,0.579350709708032,16.1158206044059
Brunei Darussalam,2000,87.0553329877697,1.2515924816352,2.17184750364769,18.7374704379378
Brunei Darussalam,2001,91.0997876196857,-0.64060526761881,2.09808399029796,20.8703202916699
Brunei Darussalam,2002,93.2161814722477,1.8968766451203,2.00587619956124,33.8596055630689
Brunei Darussalam,2003,89.085616098756,1.62971827418733,1.90413711851639,21.987880654086
Brunei Darussalam,2004,84.8821666638192,-1.67510542923259,1.79377776163247,19.5879660530209
Brunei Darussalam,2005,81.6201140155232,-1.67695306815315,1.68724773243682,16.1152698630712
Brunei Darussalam,2006,81.5709547429689,2.45784696303623,1.58852615956489,15.1721720330137
Brunei Darussalam,2007,81.0114146368958,-5.37503174884661,1.68860465252749,19.7540037479305
Brunei Darussalam,2008,89.7454253523344,-5.66095294794741,1.84867406299599,20.641358896163
Brunei Darussalam,2009,90.2870882587894,-3.72462679896589,1.87722246166003,26.2203911122241
Brunei Darussalam,2010,95.3715460226132,0.808737769071328,1.89897689252094,23.6902575256773
Brunei Darussalam,2011,99.5379309038179,1.91129549119837,1.78274591747739,26.0242928941481
Brunei Darussalam,2012,105.640902140819,-0.62162371685136,1.53255515873327,32.8821465207434
Brunei Darussalam,2013,110.939599584216,-3.46841841572171,1.38231470645459,39.5934116228483
Brunei Darussalam,2014,102.421000963035,-3.80575468176978,1.34019436885468,27.44181699276
Brunei Darussalam,2015,89.8961882533585,-1.68097052571925,1.30210359279592,35.2473258617273
Brunei Darussalam,2016,87.319801332806,-3.69864300009469,1.25964272152269,34.6202628541232
Brunei Darussalam,2017,85.1768604269985,0.109331621558866,1.2107045656128,34.804760189414
Brunei Darussalam,2018,93.8980617666778,-1.09895909064488,1.15739958778106,41.0665959296934
Brunei Darussalam,2019,108.509658357959,2.72616506285996,1.10621350885567,38.6777534991209
Brunei Darussalam,2020,110.291003658452,0.0657353317528475,1.06148281648515,40.5878302733583
Bulgaria,1992,100.049800796813,-6.27126388892331,-1.07385319076042,19.8889442231076
Bulgaria,1993,84.0414854466377,-0.691213573224346,-0.797665851516421,15.2820341251255
Bulgaria,1994,90.7201293759513,2.16435885208668,-0.339586079485037,9.39117199391172
Bulgaria,1995,55.2627350026692,3.35646361681499,-0.44539850047226,17.7287824425775
Bulgaria,1996,85.8207914540411,5.74937030570024,-0.515729879636827,1.15731098937928
Bulgaria,1997,86.4637364673225,-13.5909226994504,-0.608797354537911,9.7273816374924
Bulgaria,1998,77.0452030341,4.4840245421659,-0.66730270106626,18.7086050292142
Bulgaria,1999,90.0749616578503,-7.8810728954104,-0.560648224779443,19.8436996364963
Bulgaria,2000,77.7457041594489,5.1050556930103,-0.493896416633318,19.0461434857678
Bulgaria,2001,79.0813687477668,5.91115958058398,-1.99063220438276,21.3510717892793
Bulgaria,2002,75.2696110143524,8.19521633481884,-2.17069878030004,20.5290208799206
Bulgaria,2003,79.0138853713575,6.07406175136217,-0.79211363763553,22.0741733883245
Bulgaria,2004,93.063897964183,7.31740492679138,-0.754796951273604,23.4333521102503
Bulgaria,2005,99.7142112127381,7.86550144024491,-0.752977445493645,27.7396716608631
Bulgaria,2006,111.04746275381,7.61684968390605,-0.759505915531059,32.0563353125989
Bulgaria,2007,123.532557660753,7.44148890461591,-0.735282283991309,33.6062336623614
Bulgaria,2008,124.688747515359,6.87712653095458,-0.70192274454598,36.9245389748046
Bulgaria,2009,92.6926456036375,-2.72241480587978,-0.644281362547054,28.5382207093012
Bulgaria,2010,103.380522321192,2.22607896520175,-0.658275446635908,22.5179685624585
Bulgaria,2011,117.41810388629,2.74691014250048,-0.641228920515067,21.3581829600151
Bulgaria,2012,123.971322714174,1.33406661288926,-0.579220596364389,21.8870849869755
Bulgaria,2013,129.688682986482,1.48366085514411,-2.01699190933907,21.0060108987805
Bulgaria,2014,130.248377115245,2.18296501943183,-1.21450935947823,21.5078339407257
Bulgaria,2015,126.73664221295,4.72028584001873,-1.2711551188344,20.9999295980527
Bulgaria,2016,122.805514356513,4.37288163509066,-1.29824041616821,18.9624324900328
Bulgaria,2017,129.634429048004,4.1152395764986,-1.32391481752631,19.8169984706422
Bulgaria,2018,129.166502930632,3.74323820792699,-1.3714611289258,21.1661572589054
Bulgaria,2019,125.260418346411,5.26897872493906,-1.41171852077109,20.7340031845359
Bulgaria,2020,110.423899846249,-2.15683103882644,-1.00293821352921,20.1519208043409
Burkina Faso,1991,33.7962364263647,6.33847249922952,2.53625917894951,21.2456099038687
Burkina Faso,1992,28.3740163771975,-2.20972690363685,2.46694750828756,19.3024334654199
Burkina Faso,1993,29.6250839534616,0.920491455019118,2.48654572072589,19.459397383889
Burkina Faso,1994,39.2292222386411,-1.20776072545993,2.52154952786592,27.1661616484543
Burkina Faso,1995,40.7474714183407,3.04032535754941,2.56393697670826,23.9253428809499
Burkina Faso,1996,38.1802977691941,8.20998110484305,2.55894111772828,24.944707127053
Burkina Faso,1997,37.4164187803511,3.61102243460883,2.57799245224128,27.3917783789695
Burkina Faso,1998,40.9397835752562,4.38231550291239,2.76403220911076,24.1745628345865
Burkina Faso,1999,35.2548157814824,4.29384816238002,2.9303462196778,17.2965015904257
Burkina Faso,2000,35.1229419704263,-1.10710660159205,2.98414422391968,14.5706990626075
Burkina Faso,2001,31.6581708148511,3.40975770830711,3.05099351122556,13.5458978685006
Burkina Faso,2002,31.3125228527966,1.17736897014072,3.09039308299234,13.4516848777294
Burkina Faso,2003,30.3682364077323,4.49294688106092,3.11812174449527,15.4592813585183
Burkina Faso,2004,35.4809436017462,1.24360966999572,3.14512608695879,15.5181038099984
Burkina Faso,2005,34.1721697681049,5.29574030906821,3.14680149143287,17.5635935306702
Burkina Faso,2006,35.1065423554549,2.98889211912471,3.12034537509581,16.1250056320714
Burkina Faso,2007,33.7797172895073,1.00131276742226,3.03277637197036,18.2510847811436
Burkina Faso,2008,35.3853169801502,2.73663676272773,2.93816522811728,20.7319624459801
Burkina Faso,2009,40.2959836735924,-0.000227773519867469,2.91916025918168,19.9900322638267
Burkina Faso,2010,49.0732385398039,5.31934915891263,2.92577947499021,21.9904340000138
Burkina Faso,2011,57.4972531038508,3.51633623623128,2.95657078370668,22.1235118043343
Burkina Faso,2012,61.2386079818398,3.28878346500349,3.0171707485343,24.6529928973207
Burkina Faso,2013,64.0358513024234,2.66508275857795,3.00083639274971,23.7099150061433
Burkina Faso,2014,58.8235624937426,1.27047655599692,2.9733794200807,19.2622491931648
Burkina Faso,2015,59.0891813101662,0.888259827767996,2.96196306547686,19.4066997164243
Burkina Faso,2016,57.8931727994406,2.9035090911533,2.92508251378454,20.7955479484027
Burkina Faso,2017,59.2687802020168,3.21640521697573,2.85291595529266,22.0618365902649
Burkina Faso,2018,60.5956256236488,3.76772678322459,2.69713675384815,21.7391048190018
Burkina Faso,2019,60.4086928753226,3.24391866186016,2.52989803984158,19.7578680144889
Burkina Faso,2020,60.7397786403239,-0.443420002406739,2.43522959287393,17.1615174265995
Burundi,1991,,2.84668515883749,2.06908349172423,
Burundi,1992,,-1.65473544627476,2.67351109579947,
Burundi,1993,,-3.24124864614819,-3.14824552751545,
Burundi,1994,,-4.45293293605653,0.649848385023095,
Burundi,1995,,-13.2699852268517,5.98577493416484,
Burundi,1996,,-8.06350047055535,0.0690460841637087,
Burundi,1997,,-1.5824774393535,-0.00764380652711988,
Burundi,1998,,2.76802982431101,1.91022480299428,
Burundi,1999,,-3.35382029606878,2.39621572131493,
Burundi,2000,,-2.89542791949714,2.07761630416467,
Burundi,2001,,-0.469619802706177,2.50568660000274,
Burundi,2002,,1.54204707066606,2.82021948884885,
Burundi,2003,,-4.2953882781394,3.15909277106132,
Burundi,2004,,0.997721140754805,3.72769286109058,
Burundi,2005,,-2.77894802793541,3.71426552783148,
Burundi,2006,,1.68473642542624,3.6016417629351,
Burundi,2007,,-0.311187520314832,3.69817167466282,
Burundi,2008,,0.668760370648471,4.12553206908571,
Burundi,2009,,-1.33995105464051,5.06613607694958,
Burundi,2010,,0.287652254263818,4.68101057302388,
Burundi,2011,,0.368535841377152,3.57769854786004,
Burundi,2012,,0.762376963720541,3.56852147814432,
Burundi,2013,,1.2220776240641,3.59186709345175,
Burundi,2014,,0.765722877623617,3.39447686677984,
Burundi,2015,,-2.63843207790325,2.26851729292704,
Burundi,2016,,1.43842311150118,1.72186004024144,
Burundi,2017,,1.41976303921598,2.35048627086438,
Burundi,2018,,2.20950781918904,3.01898182778662,
Burundi,2019,,1.08494176938687,3.28367531420808,
Burundi,2020,,-2.56910007625271,2.9086530249822,
Cabo Verde,1991,80.9539693096621,-1.01055136482147,2.41007225580579,
Cabo Verde,1992,83.9398899681127,8.44798979477743,2.26976033226457,
Cabo Verde,1993,60.3064320023898,6.39603048677317,2.14999857933375,
Cabo Verde,1994,71.5634420456064,16.782010354077,2.03480825423247,
Cabo Verde,1995,77.5155513809747,12.0601838641087,1.90171027115883,
Cabo Verde,1996,75.4899678573908,9.39028619703035,1.77250887678015,
Cabo Verde,1997,85.979346154719,9.26550233677044,1.6815812275736,
Cabo Verde,1998,81.8814137506275,10.7299407310629,1.60125908365746,
Cabo Verde,1999,80.9690199640443,9.54503889861623,1.51982553166013,
Cabo Verde,2000,87.5206083614917,12.5710382620585,1.51097073984668,
Cabo Verde,2001,92.1637224974152,0.682276166499946,1.52715832330257,
Cabo Verde,2002,101.089702293616,3.72907261625122,1.45645106544752,
Cabo Verde,2003,98.7683808076547,2.78169096285627,1.34770321112892,
Cabo Verde,2004,101.567169989502,8.82078735562469,1.25679558194683,
Cabo Verde,2005,104.343839857053,5.64634152921253,1.19132344131983,
Cabo Verde,2006,117.816697232822,6.74862061785244,1.15040265762577,
Cabo Verde,2007,94.2062075477847,13.9029028555293,1.10689150817132,47.271484248355
Cabo Verde,2008,90.9663882396256,5.93628669264135,1.03555151023311,45.9358045471371
Cabo Verde,2009,80.4609561325344,-2.43495532260619,0.950085360363308,41.3602933111924
Cabo Verde,2010,85.5484498816191,1.10867941118087,0.717181999615317,44.9568060390526
Cabo Verde,2011,90.5564501122747,3.58680088003479,0.325685661710053,44.9117743846551
Cabo Verde,2012,90.649916554117,0.983345735610456,0.0992767342106355,35.2038713812683
Cabo Verde,2013,86.1698600308418,0.579092309567969,0.052725108136232,29.9872865504067
Cabo Verde,2014,91.3038524117221,0.676815488926465,0.0197159536864678,34.9962522997627
Cabo Verde,2015,94.0084870167993,0.922631249857901,0.0132719182020122,29.1071744394227
Cabo Verde,2016,95.3781398609533,4.24816232606327,0.0312210963482392,28.5553782407275
Cabo Verde,2017,100.052133904219,4.48221093147532,0.0661175101881539,29.2834862444324
Cabo Verde,2018,105.867524052105,3.60152349643896,0.101723857752759,27.486159184509
Cabo Verde,2019,103.602656463726,6.80449531732363,0.134109462358547,23.4319738651901
Cabo Verde,2020,78.3934545931901,-20.8937523404244,0.11178257414313,28.9619236573871
Cambodia,1995,77.7667280459137,1.35412063704641,8.09818955055196,14.5523168445019
Cambodia,1996,69.161566797509,-1.77693528347505,7.52306354037061,14.7200558132128
Cambodia,1997,78.9346444583816,-2.91199173422457,6.883669247052,15.0204998406386
Cambodia,1998,75.6194730009492,0.452139873018837,4.12422750057528,11.8337696618173
Cambodia,1999,94.1768880770207,10.7982054875931,1.70665891380385,16.9837280190751
Cambodia,2000,110.397125303731,8.25832877301973,1.59016992993238,20.3442509411501
Cambodia,2001,111.771741244001,5.72566644409127,1.56166865874357,20.2055208570396
Cambodia,2002,118.269562072288,4.63862356700642,1.54239258007881,23.868414318253
Cambodia,2003,120.074969093599,8.62974314019115,1.5110719151833,24.0058224692333
Cambodia,2004,131.351481056276,7.85639001144227,1.47375057040259,23.9729963521885
Cambodia,2005,133.551965265648,11.6637861428805,1.4576145365221,24.3001536627765
Cambodia,2006,140.348734318483,9.31792401297673,1.47594305468246,25.2476635792145
Cambodia,2007,133.700023826819,8.78143916559131,1.47554433066197,25.6914602814207
Cambodia,2008,130.393510678736,5.85728555368171,1.51791486007376,23.0800200013877
Cambodia,2009,102.2879490147,2.44674504763958,1.57665618141569,26.3323279290139
Cambodia,2010,109.998400607758,3.45435117133705,1.55621745380597,22.317490039603
Cambodia,2011,109.790505166814,5.66993084409259,1.51839242344005,22.3677149230901
Cambodia,2012,116.740233418212,6.04756982656951,1.49998418675996,24.6712332656387
Cambodia,2013,124.887552768657,6.25691498312409,1.49510212980529,26.8520095001976
Cambodia,2014,124.454908526693,6.41109251902618,1.4824372519955,30.0126716073678
Cambodia,2015,122.109596815379,5.652931676093,1.46023762985186,29.8714938168298
Cambodia,2016,122.704555602667,6.34300627617029,1.45860767566845,30.3850325759008
Cambodia,2017,121.155451298689,6.59196495590379,1.38176596089867,30.6334526919382
Cambodia,2018,118.43765541305,7.43177030242717,1.24368277407927,30.7394192448512
Cambodia,2019,115.736679072448,6.58272364852731,1.26258301009769,31.3945541935104
Cambodia,2020,122.105396346568,-4.96368199399319,1.47062988552696,31.351227539335
Cameroon,1991,34.6387793556715,-6.57350502462501,2.91649859858171,16.6726548065075
Cameroon,1992,38.8625921730277,-5.83737588435096,2.86561545097735,14.3053862792332
Cameroon,1993,26.1588429586065,-10.5166043582515,2.84736268467474,13.7616244323822
Cameroon,1994,36.9611210051921,-0.943945008602924,2.8078428743676,16.611616276948
Cameroon,1995,36.682272663701,0.107723326425074,2.74525060356896,17.5396063138349
Cameroon,1996,45.1156121020442,1.4475466909911,2.69148816728723,17.3666475143596
Cameroon,1997,48.4696352704455,1.79214014657076,2.65155206464138,17.6839404673153
Cameroon,1998,42.2946538344074,1.98875448721377,2.64804169057659,18.4534049673478
Cameroon,1999,37.2383798464814,1.77511312312416,2.65296340314705,17.6692974002941
Cameroon,2000,47.9279442460149,1.13442792226186,2.63276307164066,17.1923305666251
Cameroon,2001,51.5722691890366,1.61992408023583,2.62643255915311,18.7740622006083
Cameroon,2002,48.4817227279603,1.71295981541175,2.68124815756453,19.4413944162664
Cameroon,2003,40.2431925894529,2.61581878981131,2.72747133462562,18.0947361657846
Cameroon,2004,41.8377424272557,4.14782057634264,2.74741504067453,18.8678143226466
Cameroon,2005,44.9976813478478,-0.550411134631503,2.75573848394242,18.6709254882433
Cameroon,2006,47.1044341803567,0.995178501621496,2.74855128044116,17.7758598449069
Cameroon,2007,53.2156908605178,1.44056500100977,2.80627824632764,18.3784496512645
Cameroon,2008,56.9244171562734,-0.054684354254718,2.86258453269924,19.7540543269388
Cameroon,2009,42.1761073594765,-0.318334274636157,2.86539222671372,18.5596853746796
Cameroon,2010,47.2385853965951,0.000136421484427274,2.85766146651935,18.2284440377378
Cameroon,2011,51.521987603918,0.496174364645441,2.82842297078772,18.732400822037
Cameroon,2012,50.0360127271229,1.723811615485,2.8130471843416,18.0007381699582
Cameroon,2013,49.6745363462134,2.08714719116143,2.80909371019789,18.6515459692181
Cameroon,2014,50.8323893087648,2.56873406379989,3.02592195035823,19.7278343398902
Cameroon,2015,45.5401468279393,2.40123368709621,3.13934346036401,18.2498554883353
Cameroon,2016,40.6386315268268,1.45711722669677,2.98933225067819,19.8180548448427
Cameroon,2017,39.1990216052629,0.647004976201075,2.83499798189177,19.4451374024879
Cameroon,2018,40.587602877028,1.11514946861584,2.77030987519388,19.5380296351056
Canada,1991,49.2234668475419,-3.30029993067963,1.24276123131684,19.3412969720978
Canada,1992,52.7380309449972,-0.296709575701925,1.18367554138942,18.377419839763
Canada,1993,58.2507961453047,1.53574575465912,1.09893087887878,18.4749885213182
Canada,1994,64.3915441455001,3.35581443227358,1.09525810706129,19.5160940033233
Canada,1995,69.0617480799547,1.62528126114066,1.03476948386834,19.380342728238
Canada,1996,70.2600734560392,0.631530881733894,1.04531178311831,18.9277232582103
Canada,1997,74.3366100816522,3.24897485599347,0.993788591465188,21.218002084034
Canada,1998,78.0811853628611,3.03423769242876,0.829909353323744,21.0452729764529
Canada,1999,80.1150293129295,4.28983665547817,0.812842623716166,20.6842428493616
Canada,2000,82.7653578503214,4.16394849476771,0.931281553452429,20.6144677111521
Canada,2001,78.3442183943698,0.774519407466116,1.0861994547665,19.6713949333135
Canada,2002,75.7070320779233,1.88796484648248,1.08479328329522,19.7393454062916
Canada,2003,69.8400946170607,0.89501858100094,0.899226809998674,20.4666776118118
Canada,2004,70.1924199909562,2.13581560192544,0.932186964148048,21.3828605310678
Canada,2005,69.7591330167357,2.23757661617552,0.94708626967041,22.6320421110981
Canada,2006,68.0521644769988,1.60290147691838,1.01355939144957,23.5958930196569
Canada,2007,66.2834197482347,1.06414487775739,0.970654173316653,23.9078762217461
Canada,2008,67.0236083618983,-0.0933427924909864,1.083871149194,24.0725027760344
Central African Republic,1991,43.7093216871222,-3.61601860351969,3.12894145604828,12.6480117971933
Central African Republic,1992,43.2290760804125,-9.3499022024904,3.17660886218298,12.402501317821
Central African Republic,1993,39.9886220219109,-2.81054491449957,3.18551160699761,10.5784818131858
Central African Republic,1994,48.4180322318527,1.67643599170786,3.12114580888137,11.7060536294691
Central African Republic,1995,50.4758911171183,4.3152308340197,2.7279293178596,14.1190311542986
Central African Republic,1996,47.0844050293092,-6.45635774727835,2.59191336397251,7.27502143391952
Central African Republic,1997,55.8185083614851,2.44553463232529,2.74815236149256,10.0801891360073
Central African Republic,1998,51.0495318767161,1.89780136644271,2.7130114137794,11.0127689102356
Central African Republic,1999,43.212343897896,0.804779828695573,2.73513141405881,12.9619643989924
Central African Republic,2000,45.6597819937269,-5.13401462675454,2.74955419856204,11.0722959362908
Central African Republic,2001,39.7304997372329,2.17071826482889,2.2204466205594,10.2408292129649
Central African Republic,2002,36.1085647794782,1.37690566221247,2.18516803355959,9.62494666555282
Central African Republic,2003,36.2312260023474,-7.63416642788093,2.39269152862068,6.4047925068294
Central African Republic,2004,33.2439549188203,3.72625182811642,2.16355960798951,6.81213802638146
Central African Republic,2005,35.0709368656226,-1.35012540536219,2.2634335589763,9.86481735599986
Central African Republic,2006,36.3958702287378,2.64652651726671,2.04865266623958,10.2342110190608
Central African Republic,2007,37.5808990187896,2.61065388109087,1.92738176317224,10.6872405778362
Central African Republic,2008,34.4375218095517,-0.0996463174017777,2.1330142206447,12.728492373968
Central African Republic,2009,31.4942464896799,9.30502220176477,-0.65882495965577,13.2041724777738
Central African Republic,2010,34.4304819543042,5.47038096593693,-0.799202484181735,16.8437813047686
Central African Republic,2011,34.4756183327299,2.55065326927321,1.59035970102042,13.7084644737209
Central African Republic,2012,33.0594485943314,4.00963689358869,0.998867377606297,10.8339751287687
Central African Republic,2013,38.3992875721315,-36.8245466038613,0.682377856508138,7.5153240218181
Central African Republic,2014,53.0950920179825,0.497506544343594,-0.415235398986532,21.9907907197476
Central African Republic,2015,53.1451477769621,4.19878078824811,0.132677645471712,21.8053804538636
Central African Republic,2016,50.53064402191,2.87598768927953,1.80553237158984,22.463467946845
Central African Republic,2017,57.1435457117119,2.7861131027974,1.67978155291511,25.6012512008403
Central African Republic,2018,49.6602000024318,1.9780319759616,1.76068487647458,26.0
Central African Republic,2019,50.0658000014868,1.72290159793216,1.34469255324203,26.0
Central African Republic,2020,49.5210200011921,-0.744488614542561,1.64324789708014,25.9999999979092
Chad,1991,36.3495413219118,4.63768979959917,3.65701555224212,6.54307025873686
Chad,1992,35.904560029092,3.51468324567341,4.2431121638925,7.46811391470718
Chad,1993,42.6473333333747,-17.6741907151847,2.35805086936322,9.75930185156408
Chad,1994,50.9883513558935,7.63158983937645,2.30098346349967,16.6399110712347
Chad,1995,55.6965565726313,-3.1278218855421,4.40674928139961,13.1924876039231
Chad,1996,46.6100331929446,-2.21398378372668,4.429169919678,20.2501604910022
Chad,1997,49.313101141288,2.06853854681179,3.45193185234224,19.4847788586122
Chad,1998,48.0589828951249,3.33471416519863,3.44028362441506,16.9342205128578
Chad,1999,50.5078677642823,-4.11148626055815,3.51320614922956,13.6915005957516
Chad,2000,51.5711720135652,-4.24950215625832,3.45886279310456,23.2739022193722
Chad,2001,64.3219080406854,7.9544570688811,3.3732389780589,40.2503769127795
Chad,2002,126.350807849912,4.77730878839424,3.48319249588089,60.1561730301281
Chad,2003,83.3789149599315,10.2279881032445,3.9958067889148,52.1217743230429
Chad,2004,101.768590921564,27.8073148134373,4.4546309402426,24.2838719183309
Chad,2005,77.577493649797,12.6968038845754,4.03110110056051,19.1098438642877
Chad,2006,77.0815766029615,-4.05733919622048,3.59763738193098,17.7039292404167
Chad,2007,75.1059962731949,0.671852923392407,3.44475544445336,18.3692276250245
Chad,2008,69.0677746090641,-0.463468027675191,3.49922011538019,18.5468847123789
Chad,2009,64.8597511917067,-4.86874608942905,3.57296976276489,19.7181814380475
Chad,2010,63.7311691270791,9.80713115149598,3.46077094768596,21.8544482247032
Chad,2011,57.5437561870898,0.870883384911707,3.53020185416521,24.9696238126319
Chad,2012,54.3851887421013,5.29734255122003,3.51265481153462,24.9268683598444
Chad,2013,51.5308164549816,-0.767831669015877,3.5694788341769,23.9026222562092
Chad,2014,40.8116269859319,-1.51652756708047,3.56998697827762,29.4795971629017
Chad,2015,48.5114982079885,0.0674074942708955,3.18336105662872,22.8922387955511
Chad,2016,43.9580149331537,-7.0850619018951,3.13868697646131,18.3585890168831
Chad,2017,43.2900613852468,-4.81719581978666,3.30639583736028,18.5366518857505
Chad,2018,46.7384317860183,2.24768972082788,3.35956028710956,21.9262549263931
Chad,2019,46.6777247152768,2.04363651475524,3.21991132048391,24.2909930911624
Chad,2020,40.6428170621932,-3.51319644461273,3.18197036099619,22.7874455493419
Chile,1991,57.5075471638552,5.97914025557384,1.66290007957355,23.341676276014
Chile,1992,55.5417477003547,9.71844044949243,1.61244609996212,24.8635574680026
Chile,1993,52.9138530560271,5.03866265296217,1.55575470326431,27.7812912604082
Chile,1994,52.8076839539658,3.50625803516114,1.50594720365816,25.5343368834102
Chile,1995,54.6874835998853,7.66762918859645,1.46395387384967,27.5292622461532
Chile,1996,53.9207498943257,5.61243124571355,1.41256567140629,29.8812112607094
Chile,1997,54.0992981792892,5.96496367578787,1.33747554386278,29.8592656479706
Chile,1998,53.8361785153282,2.83546295262515,1.29984189219994,28.6186862846601
Chile,1999,54.6956098321562,-1.52035804686301,1.25802753178631,22.5504746913607
Chile,2000,58.7119230876973,3.72361873178446,1.19601925947085,23.7507555521354
Chile,2001,62.1447669687645,1.96875181903661,1.15569441781061,24.0912139068772
Chile,2002,62.4838519016295,2.06991885847773,1.10379186272101,24.1083878093603
Chile,2003,65.693419590905,3.63301530196716,1.04651515030085,23.3991354342023
Chile,2004,69.8893600532458,5.60291985486168,1.00938163923532,21.243227279331
Chile,2005,72.0625342380294,4.79182839139716,0.992481122862039,23.2677008692697
Chile,2006,73.7116350448521,5.01952135827457,0.976434392610197,22.1863203852459
Chile,2007,76.9770247140928,4.14386212927862,0.978803488234499,22.34802267387
Chile,2008,80.6766262406468,2.75755699285021,0.999137869915681,28.8969424712342
Chile,2009,66.6860309631418,-2.11061042692428,1.00886800592722,22.920007922655
Chile,2010,69.7176801370338,4.79363748014636,1.00455362363927,24.775467656778
Chile,2011,72.4816428077334,5.18104033334399,0.986604121119825,26.6462967159419
Chile,2012,68.156142891334,5.14158431251035,0.959562935237505,28.7913494665394
Chile,2013,65.1432879523879,2.32789256098182,0.95374468290385,27.4969587973855
Chile,2014,65.6346281218887,0.783002086375433,0.996818460180589,25.1580934170755
Chile,2015,59.3491104775309,1.11370445947465,1.0215666887643,25.5994379460368
Chile,2016,56.0578610877723,0.52983351729867,1.2094154366484,23.7087902931288
Chile,2017,56.0261589675707,-0.235110167425177,1.58394825779579,22.6366699629063
Chile,2018,58.177050633437,2.14988195463914,1.78538584857741,24.203078424347
Chile,2019,57.6117545680829,-0.962096016030856,1.59911795256016,24.9390098912825
Chile,2020,58.1828635629748,-6.98113061984451,0.896491953505063,21.0582071011998
China,1991,25.8729814947102,7.87966755592007,1.36443400840349,35.5377442696039
China,1992,30.0340940533808,12.9073763491845,1.2255362283362,39.3081668840399
China,1993,35.9086416582146,12.626827003835,1.14961943083465,43.4763551900211
China,1994,35.605463524878,11.8018881692803,1.13026063215591,40.2783746945492
China,1995,34.1049521589323,9.83296054402696,1.08650915088974,39.092189056179
China,1996,33.6287512313005,8.82951365878655,1.04814151412165,37.7768637845413
China,1997,34.3135763220021,8.17484627382208,1.02345002419879,35.7413524462449
China,1998,32.1717399357488,6.89019016050649,0.959550406298151,34.9859486932226
China,1999,33.2255380760054,6.80818759993021,0.865851392993279,34.2336141056633
China,2000,39.0109424774998,7.73418016479314,0.787956592953992,33.6326827140045
China,2001,38.0826469518334,7.52872737128337,0.726380637838525,35.523858010134
China,2002,42.1944423387413,8.51390950160066,0.669999567758626,36.0687816828708
China,2003,51.0774801301803,9.4344412783923,0.622860936133583,39.4280130265115
China,2004,58.6403340408439,9.47923943183717,0.593932815112141,41.6343741627493
China,2005,61.3600749408237,10.8046485485004,0.588124989556992,40.178086700104
China,2006,63.5695798621627,12.0472818925694,0.558374367373002,39.6897003482818
China,2007,61.2664640006176,13.5553663508412,0.522271866392275,40.2220879226288
China,2008,56.7111330003209,9.10974706584638,0.51238693163744,41.9607249432501
China,2009,44.4197644331119,8.85990205362064,0.497381400884935,44.9282638913962
China,2010,49.8540722338977,10.0634243207535,0.482959688678361,46.1023443345586
China,2011,49.9458272253643,8.86480747550642,0.546457594880274,46.2703012824496
China,2012,47.4802130784317,7.12701272347094,0.678345458846803,45.8169211701107
China,2013,45.9160413795571,7.06322465705706,0.666072977690069,45.9224093546636
China,2014,44.0684564812532,6.78666987945924,0.630326389541893,45.3115352657107
China,2015,38.6971848362625,6.35855026398104,0.581456146657648,42.7349872564364
China,2016,36.177170692978,6.16542718232793,0.573050906069647,42.1386166189127
China,2017,36.95085261586,6.24626618729064,0.605245013482969,42.5497375507577
China,2018,36.8943843914718,6.25861232477357,0.467672053461959,43.313827489682
China,2019,35.1994202738836,5.6929006014863,0.354740890170827,42.6695374085222
China,2020,34.0389507864581,2.09686667315867,0.238040870229883,42.5723735094229
Colombia,1991,33.5299180947153,-0.0271315908869099,2.00897406347511,19.1054638472664
Colombia,1992,33.6115913436524,2.00413314386418,1.98094862084333,20.5545014602291
Colombia,1993,36.1774714449627,3.30195850247352,1.99678655879278,24.9421331103752
Colombia,1994,35.917537450138,3.74840675934975,1.97202887200902,25.5384467490805
Colombia,1995,35.4972303177666,3.21251345205344,1.9096370992151,25.7987433287578
Colombia,1996,36.0441071863282,0.213941191632387,1.82129460113512,22.1509386589832
Colombia,1997,35.5970680886793,1.59578906492865,1.78958066993845,20.9237506240474
Colombia,1998,35.9089230535138,-1.21587529995685,1.79149449060697,19.7280791808155
Colombia,1999,36.1492793141794,-5.85488076514964,1.73833578882204,12.8801341708134
Colombia,2000,32.6670854693067,1.25270223212341,1.63798274950516,14.8956270290748
Colombia,2001,33.9011117949445,0.0920725777672828,1.57194688390217,16.0322513515548
Colombia,2002,32.9826392144234,0.939608606713477,1.53792282248162,17.2515418448331
Colombia,2003,36.51618351723,2.36282939630979,1.5081090586904,18.6818190163212
Colombia,2004,35.8634269337995,3.79715867736165,1.46883725533231,19.4409966142669
Colombia,2005,37.422697494955,3.37111077766936,1.4002642115634,21.6562413080915
Colombia,2006,39.6413559606293,5.31174394421016,1.32542990992624,22.9389629039528
Colombia,2007,37.0988970982903,5.39446786231066,1.26689099629201,23.4542806868515
Colombia,2008,39.1676494164355,2.04799051810861,1.20339154806457,23.7209214485662
Colombia,2009,35.1561285074585,-0.0317051022677077,1.16491370094378,21.9875830884376
Colombia,2010,34.2646031687681,3.31434936742798,1.13596836363633,21.8887622688674
Colombia,2011,39.4704235545367,5.80823503363762,1.07133727666266,22.9955914400596
Colombia,2012,38.835151018669,2.87569627540904,1.00290782655336,22.1046440622529
Colombia,2013,37.9866487978457,4.14129387844136,0.948709328751527,22.1825448506007
Colombia,2014,37.4874656411103,3.5703066542077,0.892711563926366,24.0033136584861
Colombia,2015,38.3607641184453,2.06923227113727,0.864942376762699,23.7736922946916
Colombia,2016,36.202652984202,1.08114925712198,0.990548549326914,23.1674195572494
Colombia,2017,35.2829149424588,-0.101221554133033,1.45147726169193,21.5993768407696
Colombia,2018,36.5347527968973,0.695264947238812,1.83913784861099,21.1954755611258
Colombia,2019,37.558533980839,1.36014067984289,1.78615507724394,21.3806095458027
Colombia,2020,34.0555709680101,-8.50949477621059,1.43632167326968,19.1281469366662
Comoros,2001,35.7572288509346,3.27352621774114,2.05675116831034,18.0423401335293
Comoros,2002,35.7571190335913,2.40756578317429,2.11608023442771,18.0423117261602
Comoros,2003,35.7569591176854,-0.011062920777249,1.92701943618421,18.0423216260422
Comoros,2004,35.7570631253248,1.16411909687749,1.89592485384757,18.0423340046778
Comoros,2005,35.7574093238258,3.53060047143931,2.04084019817184,18.0423131684956
Comoros,2006,35.7572745739842,-3.71626145355258,2.0170547631074,18.042325784844
Comoros,2007,33.1561792127495,-1.18558697748325,1.99305922756432,16.8874091034811
Comoros,2008,36.2185263542809,1.91937430669343,1.98685114604965,19.2488768740532
Comoros,2009,37.8969223253542,1.20778430816443,1.98865318234701,17.990680545639
Comoros,2010,39.5501058029898,1.73524239121446,1.98790768401212,18.1749508973221
Comoros,2011,40.00094857244,2.08269275960269,1.99871797531046,16.0214526432815
Comoros,2012,40.8104424089423,1.11385857437342,2.01149862727803,16.1515733552023
Comoros,2013,39.2433304149929,2.28108217474703,2.11384957294193,16.3561844068715
Comoros,2014,39.2358244169194,-0.0905881667515871,2.17541496047092,15.2029658478834
Comoros,2015,37.8049520714563,-0.965303682858504,2.11093338446849,13.6380402758518
Comoros,2016,37.1328797158337,1.22276485365785,2.05111578193354,12.5606730066488
Comoros,2017,40.164358921352,1.76756640070596,1.99257798738542,13.4334433748138
Comoros,2018,42.9961533369453,1.63835635175063,1.95274153616222,14.868092932593
Comoros,2019,42.2680785372908,-0.178316983862871,1.92385702700328,12.7348062523346
Comoros,2020,33.7299346029218,-2.13464959719172,1.96199379762606,11.8017625207878
"Congo, Dem. Rep.",1991,,-11.4194977980426,3.32896574554935,0.0
"Congo, Dem. Rep.",1992,,-13.4729897751751,3.37819074562411,
"Congo, Dem. Rep.",1993,,-16.5071139550223,3.57407160295395,
"Congo, Dem. Rep.",1994,42.5167224681773,-8.34247342983156,4.73302553589306,7.54464240751745
"Congo, Dem. Rep.",1995,52.2085314177979,-3.39481121542804,4.15133342018812,9.37360155268959
"Congo, Dem. Rep.",2000,27.0144029227569,-9.84965913371938,3.20780748301006,14.4334963339406
"Congo, Dem. Rep.",2001,25.0419375138391,-5.1521414670669,3.1670663452371,6.70414075173646
"Congo, Dem. Rep.",2002,29.3168456429821,-0.150938085596692,3.05620605844951,7.43579108293426
"Congo, Dem. Rep.",2003,54.0313561776419,2.53825002902359,2.92124332432638,9.52455484338981
"Congo, Dem. Rep.",2004,49.3364146254994,3.64120168828556,2.94457864295254,12.2569205489908
"Congo, Dem. Rep.",2005,51.0276749145565,2.92453150481739,3.07172770424984,17.1365592567105
"Congo, Dem. Rep.",2006,44.7667089929736,1.91803613632446,3.08284543640824,17.4216172639662
"Congo, Dem. Rep.",2007,72.9983031777719,5.29572569310682,3.02531584938763,15.8599755149209
"Congo, Dem. Rep.",2008,72.9527093196566,4.21104272850354,3.01581282864875,19.1942664559253
"Congo, Dem. Rep.",2009,63.0860045505312,-2.49542488145794,3.09097719189927,18.3539612035209
"Congo, Dem. Rep.",2010,80.9975153909582,4.45970291691562,3.18751592835336,24.0289275977627
"Congo, Dem. Rep.",2011,83.4133637998303,4.1213329035411,3.28016564590395,25.2869778606739
"Congo, Dem. Rep.",2012,66.7056747465748,5.10047276850003,3.33860489598034,26.1121884425366
"Congo, Dem. Rep.",2013,72.5557545139014,5.95809677482721,3.40170849300578,28.101667729394
"Congo, Dem. Rep.",2014,74.1131729382021,3.72497982298587,3.39069033335839,31.9941439501849
"Congo, Dem. Rep.",2015,57.7539236163245,2.90483865777841,3.3022434270539,28.2489760430453
"Congo, Dem. Rep.",2016,68.0083342860132,-3.09891686152069,3.54100823238224,25.730139110082
"Congo, Rep.",1991,69.6845429946663,-0.475490065299297,2.84375270288645,20.5281644334591
"Congo, Rep.",1992,57.1407058861412,-0.248600824528538,2.82732962442827,21.5996908809892
"Congo, Rep.",1993,74.1761942770688,-3.86655032881671,2.95877222797506,29.4961189317195
"Congo, Rep.",1994,132.736248422167,-8.25141208282898,2.96210080829983,54.486135428967
"Congo, Rep.",1995,128.312504260557,1.09899574840317,2.81495847083628,36.5726424919523
"Congo, Rep.",1996,128.407663306917,1.43771518416713,2.77351309990398,32.7904131722705
"Congo, Rep.",1998,148.901662464134,1.48155360506634,2.19871345259958,26.6843752717155
"Congo, Rep.",1999,131.394190298765,-5.17796321884211,2.70071143354333,27.7720278755261
"Congo, Rep.",2000,123.909884405671,3.53179165255042,3.83186610159414,22.6259541984733
"Congo, Rep.",2001,130.732481081873,-0.041524211389671,3.77361792459761,26.356637211346
"Congo, Rep.",2002,135.45607107226,2.1400863574699,2.36249435317099,23.4075965604067
"Congo, Rep.",2003,156.861777335368,-1.96564823937744,2.79519896193446,26.0903241706861
"Congo, Rep.",2004,131.368198717322,-0.000136349476449027,3.41769832826944,22.5203408420881
"Congo, Rep.",2005,119.552892262402,3.9415931821321,3.60380377830421,25.9379984821473
"Congo, Rep.",2006,125.600762974491,4.01799119733973,3.74399199815897,28.2834567847369
"Congo, Rep.",2007,148.586625395069,-9.96945133776909,3.65924543843284,61.0536960552352
"Congo, Rep.",2008,133.108486659608,2.86698415150693,3.28885266905607,42.0714121709361
"Congo, Rep.",2009,135.552365681975,7.26428280496805,3.99594017742806,54.295110833528
"Congo, Rep.",2010,124.064754399607,5.47046970435608,4.14243050486562,47.1901706659231
"Congo, Rep.",2011,124.591742710141,-1.06295910259951,3.25058981932031,36.8419012310002
"Congo, Rep.",2012,97.444435145443,6.91517273107118,2.79640825415116,43.8168282700271
"Congo, Rep.",2013,93.0028633915235,-3.09694323656935,2.43092781986762,47.0644823800022
"Congo, Rep.",2014,104.197620103417,4.1002792779107,2.41608932821437,52.8446172450901
"Congo, Rep.",2015,117.320721558581,-1.98214587471384,2.41638740919909,76.7823246780685
"Congo, Rep.",2016,122.259818284021,-10.8700508595295,2.42169941927317,71.266855758205
"Congo, Rep.",2017,94.6170952583422,-7.86139425991523,2.43024073423953,45.8944862253605
"Congo, Rep.",2018,100.583216779714,-4.6581397485937,2.43884022378671,29.5270088622039
"Congo, Rep.",2019,91.5757547930374,-1.27988440285151,2.40634419722279,25.9000965433665
"Congo, Rep.",2020,69.3066247188397,-8.48578578986992,2.39477691216791,23.7315670324983
Costa Rica,1991,71.4396757036532,-0.304259137596418,2.5450931455096,18.4018684180591
Costa Rica,1992,76.0962354814708,6.47188909841982,2.53101725222341,20.4335201018738
Costa Rica,1993,79.3523368268699,4.4518785245649,2.50102787685133,21.0288008483041
Costa Rica,1994,77.9973079960212,1.98449368105796,2.45483655616742,20.7707559088756
Costa Rica,1995,79.7743745489399,1.67753988339345,2.40636903822296,19.5418396212549
Costa Rica,1996,84.0571640061047,-0.997395703484344,2.34382507825926,17.7504799592427
Costa Rica,1997,87.6131980978704,3.11977762053399,2.25938084660032,20.0544180745753
Costa Rica,1998,92.0380212366186,4.85724857204252,2.16793763840442,22.6617794576162
Costa Rica,1999,87.5386137677373,2.0759808874472,2.07368143393479,21.0797980565977
Costa Rica,2000,86.5249235130705,1.87355738973982,1.93953648052985,20.6866903035723
Costa Rica,2001,80.852758718109,1.65293176701229,1.79219125961783,20.1154891211379
Costa Rica,2002,80.4139443360039,1.72295991851902,1.65151245454059,19.8863193754647
Costa Rica,2003,83.3277075355642,2.72728694399899,1.53582870223889,18.9650510388737
Costa Rica,2004,85.2564771965872,2.90067518188641,1.47010716590985,18.9299706136343
Costa Rica,2005,89.2226638923224,2.48427897192691,1.44571011925289,18.9641457289161
Costa Rica,2006,89.8145546136931,5.83402547469416,1.40053416057494,21.0856415119869
Costa Rica,2007,86.4565958439349,6.75979498090572,1.35398044462869,23.2867682663601
Costa Rica,2008,86.4015127113254,3.32734114862421,1.35616451871952,24.6107400918404
Costa Rica,2009,69.7593177251535,-2.18936686159658,1.33639622760454,18.4529135968439
Costa Rica,2010,67.512089684107,4.06134325895124,1.24057536472066,19.8339185211217
Costa Rica,2011,68.6391465074016,3.18309278796906,1.17549258554055,20.0481795975156
Costa Rica,2012,67.0485392950976,3.66596860469166,1.16676672488044,19.8541955079701
Costa Rica,2013,64.0664105879442,1.36003489549176,1.11328546681261,19.5904601620008
Costa Rica,2014,65.1912420532368,2.43499498820891,1.07499865275958,19.2231532892007
Costa Rica,2015,60.753561939521,2.55664330007954,1.06246520512643,18.8537264424501
Costa Rica,2016,62.1784781768295,3.1560705780562,1.01105286688192,18.888940977993
Costa Rica,2017,65.0719537438815,3.17871970343413,0.944345948457895,18.0648742424157
Costa Rica,2018,66.945342016636,1.69193410358987,0.904494518403601,18.3698605660091
Costa Rica,2019,65.7605300176622,1.56255641347028,0.838278384859255,16.0640851994464
Costa Rica,2020,60.1398862509533,-4.93444227198336,0.6929953994471,16.1630546690345
Cote d'Ivoire,1991,56.9978213142969,-3.85610474106537,3.97333758123589,7.35800116106434
Cote d'Ivoire,1992,60.0250653360901,-4.14732494866662,3.99092066742327,6.92388460182044
Cote d'Ivoire,1993,55.3485218490843,-4.08453429777113,3.97762421552749,9.79307108436347
Cote d'Ivoire,1994,69.8366580166987,-3.07844096219641,3.93475451975512,13.7157180662276
Cote d'Ivoire,1995,76.202343905242,3.02718524731407,3.90104410052876,15.5984458141094
Cote d'Ivoire,1996,52.8042944211567,3.63603752351062,3.87367317960594,13.0192531132058
Cote d'Ivoire,1997,54.0062903380367,5.51590083803082,3.84212357223658,16.5285766916775
Cote d'Ivoire,1998,53.6538337944761,0.404815446696844,3.7715073412938,20.2721403299213
Cote d'Ivoire,1999,55.8935626908747,-2.07680883648156,3.25878249601035,14.6266918422589
Cote d'Ivoire,2000,54.9639916295152,-2.98789209303686,2.76729583954346,15.8924072733403
Cote d'Ivoire,2001,53.1141047180447,-4.73706957562547,2.67539291726228,14.2203409229788
Cote d'Ivoire,2002,55.9019482275388,-5.21173930372343,2.58396350857445,12.0234754844887
Cote d'Ivoire,2003,53.260060681877,-7.07101837658274,2.49227881118865,13.9684419032966
Cote d'Ivoire,2004,58.1182963035946,0.712925866714116,2.42497124712807,14.7182926366705
Cote d'Ivoire,2005,62.8209360402806,-1.38664840401142,2.38748971138117,13.8421414471747
Cote d'Ivoire,2006,63.690377061452,0.421959618326611,2.35559796287643,14.1808271176765
Cote d'Ivoire,2007,61.4309423484426,-1.22415870474471,2.3271214491968,13.7262735107761
Cote d'Ivoire,2008,61.9406212969499,2.42600024388695,2.27477682329573,18.1800206859596
Cote d'Ivoire,2009,66.6729037469185,1.32618518113594,2.22245214914258,14.7435495856944
Cote d'Ivoire,2010,67.472940081257,4.5193074547668,2.20359114199838,21.6810545298756
Cote d'Ivoire,2011,64.7159030611345,-7.40424970030114,2.17265768049368,16.5937189121478
Cote d'Ivoire,2012,70.3010893191249,5.39583595248281,2.08872019159152,20.4508171031026
Cote d'Ivoire,2013,58.3526792527234,8.5732243032672,1.99427988380631,22.9098013286147
Cote d'Ivoire,2014,53.6804175610344,6.75169825092141,2.42493545476417,22.6204558252908
Cote d'Ivoire,2015,52.7153604615931,4.14232947521536,2.88906178023194,23.3881494701744
Cote d'Ivoire,2016,47.5663138935656,4.10858359182184,2.90076810314127,23.1954091913848
Cote d'Ivoire,2017,48.6596050387177,4.42161228468103,2.82237176165589,20.8188163794498
Cote d'Ivoire,2018,46.040028237159,2.05334874793748,2.69696827034562,22.2527904990641
Cote d'Ivoire,2019,44.6604105830795,3.96244737490909,2.61916841176218,21.9899384954404
Cote d'Ivoire,2020,41.9426318190526,-1.81621061689408,2.53019803537112,21.7428934104601
Czechia,1994,74.8030180799195,2.87214353749437,0.0361217655856125,29.7817050664405
Czechia,1995,82.9009990725253,6.28655461872729,-0.0613140627238111,33.8561860572745
Czechia,1996,80.59955795966,4.28988759442122,-0.11638129923463,35.8320529231384
Czechia,1997,84.1532306677233,-0.48866001797569,-0.107762749274352,32.6953430221502
Czechia,1998,83.9386523207327,-0.298733210762791,-0.0947447516571582,30.7431840522591
Czechia,1999,85.4571236396114,1.4819978336992,-0.102175934295454,29.7451345778523
Czechia,2000,97.4983956327874,4.3027395227283,-0.280414108078884,31.8350210442972
Czechia,2001,98.5368737300189,3.30462712952885,-0.375719704335905,32.0060318555442
Czechia,2002,90.8792715456582,1.7094695893478,-0.192901617564167,30.4816181826653
Czechia,2003,94.6468600665608,3.33040637361914,-0.028620590719166,29.5495865624593
Czechia,2004,113.173975970415,4.70446820099657,0.0304348483027166,29.8242716361965
Czechia,2005,121.191287316105,6.22798628216121,0.138325980046718,29.2856028582089
Czechia,2006,127.051015055016,6.33483268224242,0.270795629232185,30.0796940275085
Czechia,2007,129.876739504889,4.87504670244317,0.583542205385113,32.1072107272958
Czechia,2008,123.904809929948,1.76470872925512,0.829412602993033,30.9994095449633
Czechia,2009,113.049254784875,-5.33917399896316,0.569729451418061,26.3978882297703
Czechia,2010,126.756480116798,2.41582948883936,0.29136167418042,26.7312876523202
Czechia,2011,136.750855542438,1.56218619113156,0.206747667335417,26.6053370220652
Czechia,2012,145.480195396935,-0.909418387644408,0.139925655740972,25.6688421143623
Czechia,2013,145.502230624961,-0.0749629946207335,0.0331699460503076,24.3768606031502
Czechia,2014,156.415122826886,2.13762755318902,0.105277581527518,25.3494353917128
Czechia,2015,154.018400997633,4.75262406436026,0.196588748472653,26.9686249210792
Czechia,2016,148.547004664435,2.3840542545404,0.192048415842684,25.0750046974725
Czechia,2017,147.750834854762,4.8945501951199,0.265642663548985,25.0897410946251
Czechia,2018,145.141717890789,2.48698770067625,0.334427262299794,25.6426079021172
Czechia,2019,138.154609993871,3.15874802851988,0.393788864202175,26.171850655873
Czechia,2020,128.780430305965,-5.53491969820153,0.243222682211879,24.7302051809802
Denmark,1991,69.1684762769411,1.1952189616914,0.259518212115074,19.6001118620312
Denmark,1992,66.9797006123946,1.68600814422976,0.330671401713551,18.923380103226
Denmark,1993,65.643583372576,-0.411249992824509,0.333166395661953,17.3548958584816
Denmark,1994,67.8432179369762,4.93970794392429,0.337707376243322,18.7158365815896
Denmark,1995,68.5733146504851,2.50262818967406,0.520962181078711,20.6446400534927
Denmark,1996,68.5264824216641,2.31508116508303,0.565926341934592,20.0192738426291
Denmark,1997,71.2901759751981,2.74063896703012,0.415564969331455,22.0150354063714
Denmark,1998,71.345417498121,1.95536592147863,0.363162523600756,22.5996961616985
Denmark,1999,72.7288566436859,2.62716376228171,0.330886246186545,20.8350374028012
Denmark,2000,83.0420859548864,3.37790720232864,0.334233618829261,22.2944061771116
Denmark,2001,83.922664599029,0.588959728591007,0.358315678955486,21.7493884508849
Denmark,2002,84.4845925538271,0.13609648331196,0.319487125340996,21.256815503883
Denmark,2003,80.7613001763544,0.168251992521974,0.272010444031566,20.885998901756
Denmark,2004,82.0077308240144,2.51108744805822,0.258432282052875,21.6460819600503
Denmark,2005,89.3987952460671,2.07801485327876,0.275481733409308,22.1713094338111
Denmark,2006,97.4298607727841,3.47585987311464,0.328645158919929,24.2627515456151
Denmark,2007,100.047674594039,0.540321532272571,0.443466054321374,25.231367727118
Denmark,2008,104.470310168489,-1.00055940971312,0.587547590258978,24.0357328016323
Denmark,2009,89.3948566562728,-5.48158280998165,0.535079062079429,19.0326255602397
Denmark,2010,94.3877282319057,1.13266938250023,0.444197154509531,17.8221551141916
Denmark,2011,102.012930474308,0.894526404293345,0.411737855195019,18.9874945831856
Denmark,2012,104.362280505171,-0.380977125445526,0.376272242619955,19.2269717517509
Denmark,2013,103.612813249189,0.970845909690212,0.416901360752097,19.3525146403367
Denmark,2014,103.210859225139,0.765766155124069,0.507053283010163,20.1482030437865
Denmark,2015,105.130362453899,1.38566632188861,0.706423849687002,20.5435311718122
Denmark,2016,101.452783808643,2.27180151789635,0.780392644135167,21.680712423112
Denmark,2017,104.215676920442,2.39559065097636,0.643350903737356,21.9568242214893
Denmark,2018,108.813985501909,1.35619600199787,0.495838925879129,22.5323146804877
Denmark,2019,111.891475065653,1.34779245340653,0.358130915892652,21.8859998750194
Denmark,2020,104.433432671151,-2.06613837683189,0.291641177476633,22.7626532555055
Djibouti,2014,298.564535821251,5.28018025983934,1.80056496059208,3.11518509884608
Djibouti,2015,268.363456254629,5.45836831293627,1.73961273409176,-3.94592435677103
Djibouti,2016,213.071998607921,5.33331529745931,1.68519891610854,21.9359401140492
Djibouti,2017,305.967966403468,3.73971530980459,1.64286125399062,21.6328079279849
Djibouti,2018,300.398900523844,3.10861540140996,1.60259372935612,2.78690075604472
Djibouti,2019,320.93923036418,3.91378440928256,1.55766086478885,2.28145969959191
Djibouti,2020,225.744871323723,-0.306867602824667,1.50228656339009,-0.248727784664231
Dominica,1991,,1.83186797642074,-0.476523867679645,
Dominica,1992,,1.98673248763679,0.0418407029570831,
Dominica,1993,,2.00251375869615,0.155666731732821,
Dominica,1994,,-0.0288746186022735,0.0633503728623354,
Dominica,1995,,3.0427308230102,-0.0115152649357831,
Dominica,1996,,3.1918365192295,-0.0849660546943118,
Dominica,1997,,2.34930373458376,-0.16004732741785,
Dominica,1998,,4.0369538099694,-0.252848288556863,
Dominica,1999,,0.724194338825384,-0.368132363513844,
Dominica,2000,,2.8764856526242,-0.522635323904246,
Dominica,2001,,0.262506178015016,-0.326026063827631,
Dominica,2002,,-3.19940574714551,0.115619638945565,
Dominica,2003,,5.5517552208191,0.239594557194758,
Dominica,2004,,3.91890401306556,0.172036782480506,
Dominica,2005,,0.790489438557572,0.123741672326271,
Dominica,2006,,4.29152770069501,0.104696825035423,
Dominica,2007,,5.29519443966164,0.059570080147079,
Dominica,2008,,7.11042175462228,0.0101669559495206,
Dominica,2009,,-1.15010790521457,0.0145224299184914,
Dominica,2010,,-0.0983573113798997,-0.00726095133303796,
Dominica,2011,,-0.238324807305119,0.281339010328044,
Dominica,2012,,-0.2512858516139,0.094086320276983,
Dominica,2013,,-0.851878257402049,0.860031375499996,
Dominica,2014,,1.37836503321573,0.9394164226089,
Dominica,2015,,-3.42415928778391,0.0525631657968539,
Dominica,2016,,2.6190351438682,-1.14845280097172,
Dominica,2017,,-6.04609004192379,-1.60754211187345,
Dominica,2018,,3.45033107598908,-0.471208891199626,
Dominica,2019,,4.3983147374291,-0.432182012456847,
Dominica,2020,,-15.323436855213,-0.453294538586472,
Dominican Republic,1991,83.09106896203,-1.11194103186752,2.0578790631895,16.6480690176188
Dominican Republic,1992,80.4648015417106,9.03255738016968,2.00207035295166,18.7912677867218
Dominican Republic,1993,78.0028967722022,5.28712763371406,1.95588671013188,19.758137929436
Dominican Republic,1994,77.157908271893,0.644106083307577,1.91867451075805,21.0043956056779
Dominican Republic,1995,73.8979593803276,3.73796115811189,1.87366695978571,20.0495370317422
Dominican Republic,1996,72.6424908698332,4.05142622944865,1.81876652347671,20.0542675368915
Dominican Republic,1997,74.2332371692166,7.01862158352682,1.74230660119003,22.1014052569614
Dominican Republic,1998,75.9113027135939,4.95595590327112,1.65352423438546,28.0693783386682
Dominican Republic,1999,76.3027532814337,4.25234098357188,1.62144133588108,27.1127710844376
Dominican Republic,2000,79.3003930961432,2.96955695961634,1.62045560357101,27.8926622004107
Dominican Republic,2001,70.5105678080061,0.870183146599885,1.57295522360966,26.7706440741139
Dominican Republic,2002,68.7232829028777,2.9290209406912,1.50182779865574,26.9567556785451
Dominican Republic,2003,84.4495031861592,-2.75964568450404,1.43989527377933,19.4091627404806
Dominican Republic,2004,81.3514229381911,1.18538383413113,1.37429292476688,20.6273486504175
Dominican Republic,2005,61.6535587358027,8.00660714348427,1.31090240619311,24.7730711459319
Dominican Republic,2006,63.7664826351505,7.81376318948548,1.25120281923629,26.9268715003108
Dominican Republic,2007,61.229259153164,6.11794398001162,1.21803887479734,27.6334194585944
Dominican Republic,2008,61.4285058325394,2.00088270726057,1.23469232350419,29.8982115807869
Dominican Republic,2009,50.6509376792025,-0.268926599782176,1.26774062661765,23.3722106355299
Dominican Republic,2010,56.0573964175321,7.02231182986095,1.28013209833069,26.0714218346178
Dominican Republic,2011,59.0692578401698,1.89038252427819,1.26934108138221,24.6033236905519
Dominican Republic,2012,58.5062536731089,1.50210074555162,1.24691664021516,23.7525597160893
Dominican Republic,2013,56.8137658014945,3.66423400861591,1.21814094005704,22.1057612783667
Dominican Republic,2014,55.6601041506633,5.84760695663518,1.18674032060011,22.3946076084169
Dominican Republic,2015,52.3471238667007,5.76452490966611,1.14988204322301,22.6506907232187
Dominican Republic,2016,51.7306571245477,5.54040978660888,1.11122425240832,22.1728652705364
Dominican Republic,2017,50.7595355508472,2.80931921775627,1.08787494846018,21.1809206285418
Dominican Republic,2018,52.3351709577013,5.95314205477773,1.07428473724925,25.2022908220767
Dominican Republic,2019,50.912982200697,3.81572682273033,1.0333133463082,25.2348623794613
Dominican Republic,2020,44.7331613466756,-8.88467221699831,1.04334076460591,24.879515915457
Ecuador,1991,45.196639984556,2.06266435124181,2.16013714348183,17.8993560734041
Ecuador,1992,44.8065436522069,-0.0134164931923948,2.10568663668025,18.5671580687204
Ecuador,1993,43.1712184234683,-0.0759415801517349,2.02997298367132,17.0310040842616
Ecuador,1994,43.7777474951998,2.26037167910633,1.93487740447413,17.4256704062713
Ecuador,1995,45.9112707318244,0.326536599281397,1.90154880558548,16.0884542552235
Ecuador,1996,44.2157026832153,-0.166942955094115,1.88400623342994,14.9386605261091
Ecuador,1997,45.0171863180765,2.41860087252594,1.84701407802257,16.6179432038656
Ecuador,1998,43.395107949805,1.4116455525819,1.81253773221791,19.9849105614128
Ecuador,1999,49.2012507989376,-6.41692756074212,1.77669252856716,15.7601582851424
Ecuador,2000,65.4042953826391,-0.648225387551591,1.73622001498213,17.1669504072431
Ecuador,2001,56.128486744205,2.41820763888565,1.73078123060297,18.4913081237538
Ecuador,2002,54.7966439366136,3.10935393746668,1.74851970226664,19.6562625754518
Ecuador,2003,52.3575426975979,1.08541692667872,1.76411317879339,15.7730766736655
Ecuador,2004,56.0745467239942,4.9766254911447,1.75235156486952,16.2503185471483
Ecuador,2005,61.9581507902572,3.59103374682795,1.72987869573938,17.4645010337808
Ecuador,2006,65.8423556166562,2.56360111087805,1.7182541754606,18.118128561743
Ecuador,2007,68.8505854462677,0.176823126136227,1.70789173160639,18.3175597771056
Ecuador,2008,74.5902963648439,4.76318326284088,1.70519778784789,21.5659407925863
Ecuador,2009,57.3473460627608,-0.618743696364604,1.7057702083506,21.1732351412126
Ecuador,2010,65.7773849135062,2.2990259381485,1.67708805313164,23.4900158733515
Ecuador,2011,70.0356837525249,6.71524931054121,1.6415369766541,23.5320911453288
Ecuador,2012,67.0029290916898,4.11233799510666,1.59213440589397,23.0133036457677
Ecuador,2013,63.4333003342414,5.61780573490684,1.49740896116979,24.8833528938608
Ecuador,2014,61.4263766217565,2.74412306472649,1.43205886583809,24.7058907826623
Ecuador,2015,47.8280397077826,-1.30274985042635,1.43093059839379,22.6864358338097
Ecuador,2016,40.5344917996647,-2.12550882201938,1.45809147770557,20.2460508591084
Ecuador,2017,43.6177233172817,4.36195467405905,1.52946083980042,22.4803878213361
Ecuador,2018,48.0093476154836,-0.674558960176682,1.71572391035149,22.5404393330524
Ecuador,2019,48.0828494933307,-1.51253154807527,1.68935479627168,21.04923118303
Ecuador,2020,43.9893109378389,-10.3108339169142,1.18125258230486,17.5849129748726
"Egypt, Arab Rep.",1991,62.8444444444444,-1.62451619436897,2.7569751613283,23.7333333333333
"Egypt, Arab Rep.",1992,59.3098490294752,2.00607720448467,2.3894924999556,19.4823867721064
"Egypt, Arab Rep.",1993,55.9278350515464,0.55376389998851,2.30727793019304,19.8453608247423
"Egypt, Arab Rep.",1994,50.6285714285714,1.75753283456244,2.15400517051219,20.6285714285714
"Egypt, Arab Rep.",1995,50.2450980392157,2.46357101461021,2.10420542038277,20.1470588235294
"Egypt, Arab Rep.",1996,46.9485614646905,2.83434543777562,2.07336196347662,18.1342632955536
"Egypt, Arab Rep.",1997,43.7382474614517,3.32846450125051,2.07255934283796,17.562993606619
"Egypt, Arab Rep.",1998,41.9276270006959,3.29389108583953,2.18480759530922,21.5031315240083
"Egypt, Arab Rep.",1999,38.3615084525358,3.71403670912393,2.23056416641405,21.6189856957087
"Egypt, Arab Rep.",2000,39.0179359012055,4.09609057659976,2.16091978529782,19.5530726256983
"Egypt, Arab Rep.",2001,39.8104265402844,1.35955211640928,2.12380362345226,18.2603847226094
"Egypt, Arab Rep.",2002,40.9870678279229,0.258696268364815,2.10372359745955,17.9994721562418
"Egypt, Arab Rep.",2003,46.1796407185629,1.05358246778609,2.09545323003183,16.8862275449102
"Egypt, Arab Rep.",2004,57.8199052132701,1.96524683873078,2.06437734857129,16.9379765093756
"Egypt, Arab Rep.",2005,62.9526462395543,2.38032461797421,2.02220952721924,17.9758588672238
"Egypt, Arab Rep.",2006,61.5185365063947,4.77751297935043,1.95291342300488,18.7307754573418
"Egypt, Arab Rep.",2007,65.077873254565,5.0854672784842,1.88753217077119,20.8512352309345
"Egypt, Arab Rep.",2008,71.6806253489671,5.17381069878276,1.86740413264217,22.3897264098269
"Egypt, Arab Rep.",2009,56.5534446363462,2.7155259206418,1.88836522446639,19.1901746305891
"Egypt, Arab Rep.",2010,47.9363500745898,3.14977851168294,1.91795124102801,19.5010774075916
"Egypt, Arab Rep.",2011,45.2556341623514,-0.354646267702748,2.1044607622412,17.1030559404857
"Egypt, Arab Rep.",2012,40.7117692721084,-0.0429670178954922,2.24475795490011,16.0267510598913
"Egypt, Arab Rep.",2013,40.373038056332,-0.14323388107762,2.30526364315625,14.2119974199097
"Egypt, Arab Rep.",2014,36.9201877934272,0.599558564006458,2.27643956620182,13.6431924882629
"Egypt, Arab Rep.",2015,34.8459429600229,2.20415858015615,2.09892554805563,14.2886370146078
"Egypt, Arab Rep.",2016,30.2465490514505,2.24497375649698,2.03468294927084,15.0402303092936
"Egypt, Arab Rep.",2017,42.8321343581608,2.12015477172733,1.99817843887244,18.734101042151
"Egypt, Arab Rep.",2018,45.9110196733959,3.35166753247044,1.89713831833082,20.6249196348206
"Egypt, Arab Rep.",2019,41.1240171551108,3.71584088573542,1.75497438173801,20.6540385989993
"Egypt, Arab Rep.",2020,32.1262555667523,1.88111975917718,1.62495386951696,18.8180606572831
El Salvador,1991,47.7534309263615,-0.267045668925647,1.75043889541275,15.4554851564894
El Salvador,1992,48.675245823902,5.28734272506964,1.63408681572402,18.8329726464859
El Salvador,1993,53.5272904870361,4.4283085085419,1.32228263595871,18.9576297314485
El Salvador,1994,55.1486486416098,3.69954329248556,0.952558466946274,20.3581224744068
El Salvador,1995,59.3607543357884,3.86158381842201,0.836549188274834,20.9442219176574
El Salvador,1996,55.2818567293307,0.0620554724499129,0.746151024345767,15.3549641813834
El Salvador,1997,63.5570927549383,2.44459286819176,0.674551204861833,15.0832034797636
El Salvador,1998,60.8722907509534,2.02033395877885,0.61751823622014,18.651055747783
El Salvador,1999,60.9904896201298,1.58990630941676,0.561593603832819,17.3014845451564
El Salvador,2000,68.7100889044911,0.626535379070958,0.497012728838862,17.6690604559246
El Salvador,2001,65.8907385362251,0.462204790046101,0.414627692393218,17.7140700026255
El Salvador,2002,65.9190907767708,1.25783126943534,0.310690003422966,17.0646701352869
El Salvador,2003,68.23698247861,1.36275661190544,0.199712545823042,18.4292273233695
El Salvador,2004,69.7822641767691,0.787383831431995,0.101172439142576,18.1407410137797
El Salvador,2005,69.7158116750578,2.66532259162382,0.0151037668199,18.6047081235542
El Salvador,2006,73.4555675070266,4.39364908718933,-0.0542809466140504,20.0754505187223
El Salvador,2007,77.6210560347995,1.72041607620905,0.124956903635591,20.80003526974
El Salvador,2008,80.6659739399085,1.82447186659891,0.32349566022278,20.1725812522343
El Salvador,2009,66.0711911744487,-2.41599153160278,0.314334857085954,14.0546154274436
El Salvador,2010,73.5372876725398,1.81801613607789,0.329632681613896,16.6715814032151
El Salvador,2011,79.2766437025052,3.40079170641816,0.359883978139975,17.7899287016523
El Salvador,2012,77.6485716222883,2.48637921457058,0.390819912101065,17.7095456638993
El Salvador,2013,80.4511944908271,1.76908303690966,0.405850184762601,17.0194025181256
El Salvador,2014,78.1044257477935,1.33132680650547,0.392073398284828,16.397215655674
El Salvador,2015,76.5602707370519,2.05686593954016,0.335654632494608,16.0169876236441
El Salvador,2016,72.8190933731491,2.25589267443243,0.276539934558171,15.967514115536
El Salvador,2017,74.3046511916519,2.0380895055328,0.205133928097967,16.6770019364119
El Salvador,2018,75.6336168879956,2.30913946286621,0.100922206462958,18.3715366715538
El Salvador,2019,76.0420130991468,2.39613321946494,0.0403628806830014,18.3447949008115
El Salvador,2020,66.4595069497083,-8.07562588564387,0.198362574897496,17.2116179042815
Equatorial Guinea,1991,,-4.63031817511198,3.71344624108483,
Equatorial Guinea,1992,,29.8508862868735,3.69997148660368,
Equatorial Guinea,1993,,6.99994947988674,3.70010107990884,
Equatorial Guinea,1994,,12.4030083731601,3.72487540140105,
Equatorial Guinea,1995,,13.1414865232391,3.76822937217459,
Equatorial Guinea,1996,,60.3410922687992,3.8172285032395,
Equatorial Guinea,1997,,140.490577857747,3.86718544941997,
Equatorial Guinea,1998,,19.0314989040498,3.90730641331893,
Equatorial Guinea,1999,,20.8161079369241,3.93421808112877,
Equatorial Guinea,2000,,12.1516339606444,5.26428495953201,
Equatorial Guinea,2001,,53.2356880825419,6.41008323195062,
Equatorial Guinea,2002,,12.258597420866,6.2200195333548,
Equatorial Guinea,2003,,7.24786542705019,6.06631754137354,
Equatorial Guinea,2004,,30.0162976688723,5.95846501494265,
Equatorial Guinea,2005,131.02447181321,10.9012034435108,5.13840208613784,39.4767488235046
Equatorial Guinea,2006,118.532782368937,3.03105558195507,4.43647900593476,26.5011245422482
Equatorial Guinea,2007,134.083789857569,10.1968975693747,4.51135451899463,29.585907339941
Equatorial Guinea,2008,128.688006601458,12.5326733451216,4.57370994415875,27.5417518128173
Equatorial Guinea,2009,122.212077110801,-3.22046029526918,4.60787133294314,39.3928256509129
Equatorial Guinea,2010,144.668225001248,-13.0151718370352,4.59586770504622,38.0562994925977
Equatorial Guinea,2011,114.37734663649,1.99905762799257,4.34060206449919,32.0492712659016
Equatorial Guinea,2012,116.675422472364,3.98800386782088,4.07484554769573,41.1481428957988
Equatorial Guinea,2013,106.893284926066,-7.8885603944365,3.99605995538999,30.3080451576082
Equatorial Guinea,2014,104.379198671388,-3.43058595312914,3.90501924555756,28.7093001746
Equatorial Guinea,2015,98.8780591680756,-12.4917142663428,3.79160484192286,24.7014529043977
Equatorial Guinea,2016,92.6007307237942,-12.0971098998986,3.66421838047825,16.6986459903143
Equatorial Guinea,2017,102.428258251803,-8.94053555047577,3.53129362583944,14.03171665413
Equatorial Guinea,2018,103.645681622953,-9.37041905185943,3.39945242088076,12.5014966275534
Equatorial Guinea,2019,94.8787924253545,-8.52391282041842,3.271454421427,10.891703090741
Equatorial Guinea,2020,77.9278846441807,-7.35874657366674,2.73390823188935,6.98846405853807
Eswatini,1991,,-2.24655670549149,4.01723775393439,
Eswatini,1992,,-0.628243221917131,3.80548239176343,
Eswatini,1993,,0.144296378973081,2.91465814625799,
Eswatini,1994,,2.41186771794808,-0.0109136023747648,
Eswatini,1995,,4.90979831565213,-0.0802412430488199,
Eswatini,1996,,1.80600304729556,1.98019605226475,
Eswatini,1997,,1.38270941621718,1.68240400828878,
Eswatini,1998,,1.29408471711525,1.28492880676892,
Eswatini,1999,,1.83934999328466,1.08553641403639,
Eswatini,2000,,0.72128383137229,1.02616676195214,
Eswatini,2001,,0.48113089277777,0.922357932930459,
Eswatini,2002,,3.26561899934499,0.793842610388924,
Eswatini,2003,,3.82725927049805,0.682836011828583,
Eswatini,2004,,2.99348109442741,0.603686468671865,
Eswatini,2005,,5.4163606626928,0.544843998142576,
Eswatini,2006,,6.19597048349081,0.500496085577333,
Eswatini,2007,,3.71813879735403,0.576423998080883,
Eswatini,2008,,0.758242258979109,0.6748941459051,
Eswatini,2009,,0.784947122409747,0.6410569310186,
Eswatini,2010,,3.21763655344279,0.586161116007687,
Eswatini,2011,,1.27643647351354,0.554659161024556,
Eswatini,2012,,3.53199247160502,0.537986822820009,
Eswatini,2013,85.2034551274939,3.53016648859264,0.54369252057836,16.1345781176745
Eswatini,2014,91.6200186943398,1.49073514248317,0.556770676458685,19.6275885076679
Eswatini,2015,88.2620944023684,1.12454682394791,0.57162769864017,17.2217061828251
Eswatini,2016,89.3584874439935,2.34965752297238,0.584038792817515,17.3577663965022
Eswatini,2017,86.8801420302976,2.74440888521023,0.752960394981198,17.6967903356276
Eswatini,2018,85.4927768173538,-0.853481330729949,0.922518621738631,19.8490383026284
Eswatini,2019,86.6407948477595,5.4445627805287,0.931970814127083,16.2318349707561
Ethiopia,1991,,-11.073793028812,4.33132322477119,0.0
Ethiopia,1992,,-12.4354814898344,4.20762887536633,0.0
Ethiopia,1993,,9.23479849541557,3.51513575633339,0.0
Ethiopia,1994,,-0.340437448684114,3.48116024765652,0.0
Ethiopia,1995,,2.57532696159824,3.40438831875411,0.0
Ethiopia,1996,,8.77685691778561,3.2998173533243,0.0
Ethiopia,1997,,-0.119280615629108,3.20515425246965,0.0
Ethiopia,1998,,-6.44288564763505,3.14046071441714,0.0
Ethiopia,1999,,1.92717241678638,3.12448426110007,0.0
Ethiopia,2000,,2.86806618904541,3.06823302462214,0.0
Ethiopia,2001,,5.06530432457272,3.03351132311934,0.0
Ethiopia,2002,,-1.52885894017255,3.04403477269573,0.0
Ethiopia,2003,,-5.07288652380292,3.02102233073437,0.0
Ethiopia,2004,,10.221815108184,2.99474712931538,0.0
Ethiopia,2005,,8.5508986289875,2.96602247201649,0.0
Ethiopia,2006,,7.62653694970021,2.93729031507005,0.0
Ethiopia,2007,,8.23770708038126,2.93015925736888,0.0
Ethiopia,2008,,7.62786742867665,2.89435688963486,0.0
Fiji,1991,,-3.49122700936645,0.816503481425083,
Fiji,1992,,5.33128466821873,0.727158824335362,
Fiji,1993,,1.48096957497465,0.63755400111807,
Fiji,1994,,4.51788199442078,0.555409782867107,
Fiji,1995,,1.98990209455494,0.498897500907314,
Fiji,1996,,4.14248160105227,0.629379907071343,
Fiji,1997,,-3.20552921674985,1.03347108524829,
Fiji,1998,,0.0533665427538494,1.23827066451942,
Fiji,1999,,7.54827842644328,1.1571474257357,
Fiji,2000,,-2.76154290467852,1.08577609197596,
Fiji,2001,,0.95706444404766,1.02774927786764,
Fiji,2002,,2.18333270830786,0.990026503572045,
Fiji,2003,,0.039650228411432,0.955390066776006,
Fiji,2004,,4.32692435902962,0.928394421815226,
Fiji,2005,,-0.214469573875704,0.912261662506839,
Fiji,2006,,0.938932759583992,0.900982208728377,
Fiji,2007,,-1.67524974022302,0.835147738211046,
Fiji,2008,,0.410201583535269,0.618134789575492,
Fiji,2009,,-1.80343336104428,0.424160517694519,
Fiji,2010,,2.59506233236984,0.34990116341096,
Fiji,2011,,2.41603525489221,0.28188992280493,
Fiji,2012,,1.19750021980838,0.211061144367838,
Fiji,2013,,4.57032082317075,0.156612656036956,
Fiji,2014,,5.4616102411598,0.134464835572885,
Fiji,2015,,4.38823265794895,0.108160342715375,
Fiji,2016,,2.38011625327333,0.0639915048086223,
Fiji,2017,,5.40003492628165,-0.0442890767199793,
Fiji,2018,,3.99107263181943,-0.172010114641272,
Fiji,2019,,-0.33408046448406,-0.24900685817593,
Fiji,2020,,-17.1893281212242,0.00699506301854314,
Gabon,1991,80.5349385481311,3.26931010464506,2.71596477280142,26.4680317687759
Gabon,1992,79.868842088552,-5.6624500156035,2.69019023311537,22.4251144731331
Gabon,1993,83.3430365420292,1.21485157056252,2.66313721619497,22.448524189334
Gabon,1994,99.9266868001633,1.03021807065934,2.62054442635647,21.8675948708097
Gabon,1995,95.1346961861668,2.31093356602501,2.56947054894018,23.3031666249192
Gabon,1996,95.6709008514144,1.03427662418945,2.53192547257579,24.8489415957155
Gabon,1997,98.5362645138464,3.10492993236622,2.52206040049182,30.7613138432344
Gabon,1998,95.9747826086956,0.890580320643267,2.53208551111539,39.5576567296786
Gabon,1999,97.7314524555904,-11.2242968907633,2.54866423910635,26.1685818669453
Gabon,2000,101.701928939637,-4.3871748201515,2.58540209287646,21.9020564270273
Gabon,2001,83.6386132424108,-0.517762468580202,2.6318642070048,22.7454690749839
Gabon,2002,84.7590815376223,-2.88501235798608,2.67810322358967,25.1070976391096
Gabon,2003,80.3026082056312,-0.505326252378111,2.72905696679518,22.6391014756493
Gabon,2004,81.7675371418698,-2.09108844494591,2.80043793009716,21.4960517696994
Gabon,2005,83.9495998399241,-0.262443845603784,2.90380819435636,21.3645323014692
Gabon,2006,88.6494092562519,-5.6960834287439,3.01803087434569,24.0451962615575
Gabon,2007,85.1324791636578,2.74524486560748,3.12630083622847,24.8786940506869
Gabon,2008,88.9988725945748,-6.37298501256997,3.22072516127824,25.0898974271767
Gabon,2009,83.5045774235636,-3.14683049052138,3.32765333333101,27.981113361031
Gabon,2010,89.1576627248353,3.45835073677657,3.44994267851283,29.7011138055349
Gabon,2011,90.4983773331323,3.35937600321799,3.54739719912158,26.6423895609865
Gabon,2012,92.3428089420545,1.552307854364,3.57746904510728,26.9661499641622
Gabon,2013,90.6350361478645,1.98480609519432,3.52009296367142,29.1805950279998
Gabon,2014,73.5203290162438,0.869784891054778,3.35844001734251,35.1390486032907
Gabon,2015,73.9497814588281,0.693296575495864,3.11465625322556,29.2309562924902
Gabon,2016,70.1333810645308,-0.79183198007,2.86485541015556,26.9822610431075
Gabon,2017,75.0687404456638,-2.16361774149249,2.65889572463952,21.2986084367913
Gabon,2018,77.0365976973024,-1.68804743568779,2.53688289832205,19.2582324284114
Gabon,2019,73.4280894486644,1.38257599119697,2.47279132038176,21.8987965722319
"Gambia, The",1991,64.1029468943288,-1.13578611453352,4.20203326368108,20.33774597816
"Gambia, The",1992,67.4430836477238,-0.7383852538714,4.06398984278952,24.7893296900346
"Gambia, The",1993,64.6299221312549,-0.696495507138579,3.66656079991363,5.27775613441201
"Gambia, The",1994,49.9160789438545,-3.01711393290937,3.2177925037665,4.68549362124338
"Gambia, The",1995,59.2767980339628,-2.07739136660906,2.97725538054394,6.90370339562912
"Gambia, The",1996,50.9543943800384,-0.690360718985545,2.89194004292625,6.77920057408904
"Gambia, The",1997,48.3174980980993,1.96357415868005,2.83918735061881,5.17516950891356
"Gambia, The",1998,53.8709622701508,0.636396539831622,2.80576133005976,4.88440201890588
"Gambia, The",1999,52.4132975230667,3.48466497383448,2.77821307558819,4.75504718389999
"Gambia, The",2000,56.3598198850954,2.65021456237223,2.73837212713207,4.56249739677209
"Gambia, The",2001,46.9292631865623,2.97441795005224,2.70699337593192,11.1727401352846
"Gambia, The",2002,59.642950918834,-5.81287900613223,2.68468779375919,7.27832762883119
"Gambia, The",2003,68.8587930342232,4.0302689250437,2.69312348458537,10.0388860071725
"Gambia, The",2004,49.9342995615683,4.16456397721086,2.73240205558954,14.3183765243099
"Gambia, The",2005,50.0187233950976,-5.03011452953602,2.78121010687734,13.8318506658647
"Gambia, The",2006,50.374468581975,-3.35221701800941,2.852561853424,15.6906853088323
"Gambia, The",2007,44.2938444656791,0.0963372438063175,2.90157035551494,12.5665208782691
"Gambia, The",2008,39.0890994561344,3.21187607038,2.90664631280342,10.5224347295927
"Gambia, The",2009,41.7773944257977,3.61238687182772,2.90429853945953,12.8914138046647
"Gambia, The",2010,41.0125150279466,2.87350950500529,2.90737929979677,13.8767105275043
"Gambia, The",2011,42.6397020468894,-10.7772609082744,2.92337692748517,12.8961682852301
"Gambia, The",2012,47.7006731141985,2.18645897140155,2.94591935774346,20.8771686494917
"Gambia, The",2013,45.4619193623296,-0.0966163079995681,2.92894143394412,14.7115331277791
"Gambia, The",2014,58.2579307752264,-4.17258609769029,2.84475839442236,16.6526122015212
"Gambia, The",2017,55.7335796090833,2.20807546707253,2.52588138504562,22.9597266827213
"Gambia, The",2018,64.8124640003735,4.66787430455537,2.42294300881827,20.8784242569263
"Gambia, The",2019,55.9979116186993,3.74848295956672,2.35622071960344,24.6538431612228
"Gambia, The",2020,47.3955201736291,-1.7631871131438,2.3686612920428,32.34205468872
Georgia,1996,45.6965490500194,15.3128352453698,-3.62954607972126,19.5957321959416
Georgia,1997,57.7530659289995,14.1232447418547,-3.20751817162219,17.83745856111
Georgia,1998,53.5666693215985,5.68429106346969,-2.474222975613,27.1704525995102
Georgia,1999,57.1518743274472,5.00558453773334,-2.05737687863556,26.4529962778062
Georgia,2000,62.6613956413099,3.84018024327052,-1.9446291567975,26.581315880922
Georgia,2001,63.3299250824094,6.44578529290918,-1.55123839698929,30.3277464788732
Georgia,2002,71.6291255364807,6.42465284351501,-0.89725367267161,28.5011829399142
Georgia,2003,77.6333765369391,11.8096106867876,-0.675365805865971,29.0958769748135
Georgia,2004,79.0407459055607,6.44984993877193,-0.619262410024726,30.9874494874953
Georgia,2005,84.5295975354749,10.2895785214873,-0.635292218459481,33.3296044196233
Georgia,2006,89.125374368197,10.0452966712851,-0.568484712403705,29.7348059086723
Georgia,2007,88.3934140686603,13.1643509520424,-0.521646734447263,33.4545540138168
Georgia,2008,86.2982243681487,2.7332346709434,-0.303790529341209,27.6897912964157
Georgia,2009,78.1930390303569,-2.79118104819281,-0.888185042750245,13.9858779050373
Georgia,2010,81.6733870603639,7.02428366897674,-0.729475256932528,20.929149397264
Georgia,2011,85.4659350932986,8.8036288733672,-0.802164039694326,23.1207490708456
Georgia,2012,89.7348800946338,7.36675215463949,-0.736565518814038,26.0276223249812
Georgia,2013,93.8139137895532,5.44978265548417,-0.300972141406188,21.7000864850024
Georgia,2014,94.9506979383393,4.04162752314514,0.0469539002549217,25.6503571653742
Georgia,2015,97.0163115086257,3.18839294862944,0.157481405176007,26.8771593145768
Georgia,2016,94.9262528383443,3.38835328316745,0.0598165991047394,28.9031069953219
Georgia,2017,102.584277697146,5.14582677562736,0.0133860746662629,25.1248176100629
Georgia,2018,109.847740556266,6.10344745087359,-0.0390365463489613,27.9262958963283
Georgia,2019,117.810080239714,5.56167165873158,-0.171565740223868,27.1682284921369
Georgia,2020,92.8910841752194,-6.35478715206467,0.0686562494680967,24.6056865974412
Ghana,1991,42.4883492637987,2.6620471162506,2.51983177629257,15.8789864096371
Ghana,1992,45.9935958613923,1.32904577852237,2.48576941139296,12.8
Ghana,1993,56.6691201156995,2.2924206369743,2.46951819870346,22.2101701918855
Ghana,1994,62.0211527377522,0.846121792203618,2.40415651514833,23.9577329490874
Ghana,1995,57.4230942889947,1.68402714615945,2.36010348077285,20.02141465743
Ghana,1996,72.2049441293975,2.18761953564251,2.33565497080505,21.1999964722587
Ghana,1997,85.4018379695892,1.74682048999631,2.37895957415826,24.8062125356045
Ghana,1998,80.5995432469935,2.18441521078265,2.43236771924415,23.1093894542091
Ghana,1999,81.7051040340528,1.882232640083,2.44120807599366,21.0005345047085
Ghana,2000,116.048430162968,1.12706117579829,2.51243583964957,23.9986004971918
Ghana,2001,110.045854160811,1.26692433665509,2.6631054412646,26.5994216024397
Ghana,2002,97.4892431746551,1.6652639048673,2.75013769977312,19.7
Ghana,2003,97.2871457139532,2.39760659496866,2.69999623325849,22.9369279766376
Ghana,2004,99.6703343472122,2.83982995857866,2.64856422445373,28.3775066840527
Ghana,2005,98.1715141146279,3.15861099530474,2.62275723095941,29.0021406363098
Ghana,2006,64.5190542439152,3.66950804093835,2.59967236461776,22.46580573765
Ghana,2007,65.3543222852532,1.69171777527903,2.57742881770877,15.3845449877747
Ghana,2008,69.5142256111434,6.41466992518754,2.5377798286274,16.4919639408033
Ghana,2009,71.5947385281523,2.26068893513001,2.49528498609835,16.4317931081367
Ghana,2010,75.3778157916824,5.30617508163762,2.43301424000427,13.1001937072805
Ghana,2011,86.2954538549695,11.3370417824575,2.40497145453178,12.8099929663177
Ghana,2012,93.1680351286831,6.67974740594653,2.4199090803465,16.967722122965
Ghana,2013,60.7593219028775,4.75796338524816,2.40927930949909,24.7715380530843
Ghana,2014,63.8365624430783,0.452244093941871,2.36498553072391,27.1650663374465
Ghana,2015,76.5212709243242,-0.208325820413904,2.30712733064921,27.7096411705743
Ghana,2016,67.8769994445865,1.04704406736222,2.27621203911157,25.4556554537134
Ghana,2017,70.5483652904116,5.78094585817396,2.19535792776401,19.5655199555214
Ghana,2018,67.9585174644902,4.01895338314475,2.07517136640112,21.7093349999065
Ghana,2019,76.824802732152,4.39063133478864,2.00780519953703,18.6472756161472
Ghana,2020,66.5754987162431,-1.46830801654092,1.99181985149439,18.2236669857819
Grenada,1991,,0.544631077893825,0.83288152698663,
Grenada,1992,,-1.64061570247593,0.79943112085571,
Grenada,1993,,-2.70574496205592,0.764769591406898,
Grenada,1994,,0.948143796818869,0.735698141186243,
Grenada,1995,,1.4107174227084,0.706259245855209,
Grenada,1996,,3.72423125640337,0.686008648507177,
Grenada,1997,,4.30836321717575,0.675636393755152,
Grenada,1998,,10.998703794283,0.677705597105252,
Grenada,1999,,6.17920960237524,0.675017605197415,
Grenada,2000,,4.18122183760816,0.676075747933343,
Grenada,2001,,-2.51021033342408,0.497591980928424,
Grenada,2002,,3.0394289508191,0.385413918499282,
Grenada,2003,,8.98141669840049,0.44181066675233,
Grenada,2004,,-1.04641274220963,0.402370769308206,
Grenada,2005,,12.851921344972,0.375245239614051,
Grenada,2006,,-4.34487991607801,0.364763058562721,
Grenada,2007,,5.7518527541441,0.350771012752736,
Grenada,2008,,0.607094088064969,0.337822901198071,
Grenada,2009,,-6.91378690534548,0.322305028053305,
Grenada,2010,,-0.807153746059768,0.297971859311282,
Grenada,2011,,0.321541246692931,0.440838574124411,
Grenada,2012,,-1.76486904539074,0.619070350394075,
Grenada,2013,,1.70896295471954,0.629360962214971,
Grenada,2014,,6.73549593358203,0.566738037163935,
Grenada,2015,,5.9402683055354,0.475508745345535,
Grenada,2016,,3.33052048330798,0.39511639438688,
Grenada,2017,,4.16002295455056,0.26716646126376,
Grenada,2018,,4.13321655238465,0.218925449466702,
Grenada,2019,,0.424779227477273,0.250354079448358,
Grenada,2020,,-14.0234896211443,0.309914935427349,
Guatemala,1991,39.5202562231777,0.887968720143007,2.70887378380925,14.2952804419133
Guatemala,1992,45.3622490673106,2.08938748174239,2.65707563037112,18.3253187154602
Guatemala,1993,43.7789281525868,1.19079545990648,2.66822004304583,17.2462854326623
Guatemala,1994,42.3708926972021,1.29965096299168,2.66323183173165,15.6812995803929
Guatemala,1995,44.6894303422515,2.20828318179657,2.64574830362473,15.0551087041391
Guatemala,1996,40.392952957301,0.326032377839908,2.58937937554223,12.6867821057714
Guatemala,1997,41.5519511569592,1.72822661280783,2.55808378912126,13.6845417528487
Guatemala,1998,44.4237399632554,2.34123862089682,2.55860019843295,17.3955162051438
Guatemala,1999,46.3605068544295,1.26683252082374,2.51603216485806,17.353993219007
Guatemala,2000,49.1455879049537,1.17641998878537,2.37572059022903,17.8353874290357
Guatemala,2001,70.6690331769476,0.00856424754331897,2.29722223631695,19.9770448018788
Guatemala,2002,67.1048115244645,1.48647617022837,2.29188375209677,20.887908572384
Guatemala,2003,67.0023391862425,0.276550484041408,2.25198017204481,20.6215067836553
Guatemala,2004,70.2148723581872,0.87051616698119,2.22294147751077,21.1896060622906
Guatemala,2005,67.1036996082037,1.06472255613932,2.16441478461999,20.0511386188244
Guatemala,2006,67.9119237396616,3.14600619827499,2.11558878139909,21.1650083094562
Guatemala,2007,69.0013643101763,4.12107602558113,2.10656403182052,21.1695664233488
Guatemala,2008,65.1787305213103,1.1948125938613,2.05271863868285,16.6715643176913
Guatemala,2009,58.0406869738673,-1.50524953899686,1.99245795432888,13.2666014648944
Guatemala,2010,63.1251925746222,0.865525448373077,1.9815646590713,14.1641936924863
Guatemala,2011,65.0470510420457,2.10758860221354,1.99386386318175,15.4821754242397
Guatemala,2012,61.9594193352042,0.944366952930409,1.99138673642109,15.1941445941618
Guatemala,2013,56.6852490208198,1.68869465074424,1.95360189099984,15.8426344411704
Guatemala,2014,55.0832735945126,2.48328449500936,1.89511231857489,15.0711607830911
Guatemala,2015,49.8934517710689,2.20204503621608,1.83250767864618,14.8281546619502
Guatemala,2016,46.3727344722496,0.803225184137091,1.84256060230578,13.8619677416617
Guatemala,2017,46.0694033463258,1.22202117929733,1.81876091504989,13.5961014124753
Guatemala,2018,47.0116852699223,1.69836306771796,1.66602273310221,13.7904254321553
Guatemala,2019,45.5167341512863,2.44813633260803,1.52062955252943,14.3298340372808
Guatemala,2020,41.1407594507716,-3.22007713683627,1.47137710546514,13.5006823739789
Guinea,2005,47.9377003917167,0.957366356559277,2.00041954618802,13.3976935679061
Guinea,2006,69.3862937148949,-0.903894697466356,2.09058658116716,24.5633976978161
Guinea,2007,71.1210322265015,4.37307821452357,2.31497296404672,23.4196733530526
Guinea,2008,64.1842433909581,1.64417388168144,2.41908604968745,26.2176976521342
Guinea,2009,69.8153454158123,-3.50758302722751,2.44158489420853,21.3066122469499
Guinea,2010,73.5465739340387,2.26713039266406,2.45929310036327,20.3254011637907
Guinea,2011,85.9546732708386,3.02826048764469,2.47697352651722,24.0533327443322
Guinea,2012,86.6743318322581,3.34759058991902,2.45416156342286,26.0215285191708
Guinea,2013,80.4264477180461,1.4353219620192,2.44471498509098,23.4939613943409
Guinea,2014,76.7719658952305,1.15630967477851,2.48019346390261,22.8165774180333
Guinea,2015,72.4427307469345,1.2305341257089,2.53151277572433,24.16336683296
Guinea,2016,111.839467415368,8.01216245351651,2.56690869267138,52.6698445118375
Guinea,2017,101.251633768429,7.51589992127235,2.55652318226129,22.270417145837
Guinea,2018,88.984111543709,3.68700873912611,2.54385572881799,19.5473148183264
Guinea,2019,78.4153132285974,2.9464024435663,2.56100451729991,19.7285576989784
Guinea,2020,115.765259518929,2.06694997562413,2.55139953603925,31.5164009990609
Guinea-Bissau,1991,47.7736098789209,2.88417399037313,2.13084470989571,30.9893744027146
Guinea-Bissau,1992,55.0143756809514,-1.83295371146548,2.94395441757296,48.1099242666037
Guinea-Bissau,1993,41.5863006471537,-1.21630081950958,3.3020121973914,30.8574690279429
Guinea-Bissau,1994,50.7637789858982,0.0543794271908382,3.09550207753633,21.7707041676943
Guinea-Bissau,1995,46.8104328931542,1.79752507182782,2.52438833577734,22.301054752872
Guinea-Bissau,1996,42.3601714670932,9.29819236395304,2.08411932394768,23.0520754974251
Guinea-Bissau,1997,69.4903546403129,4.48886786202216,1.90644469915242,53.9278362124338
Guinea-Bissau,1998,43.5009973080258,-23.8778523409397,1.86387310391317,30.6089755651661
Guinea-Bissau,1999,49.0994892293696,14.6207205646875,1.89630732259312,21.9445482040627
Guinea-Bissau,2000,52.7373461180145,-0.908641384543557,2.00706384351502,20.0607519051822
Guinea-Bissau,2001,47.5832172774612,2.58170548418317,2.12602969093669,18.8821713857088
Guinea-Bissau,2002,39.6760635550924,1.40014043705072,2.19833363261225,23.5961232443338
Guinea-Bissau,2003,38.0334709318917,-2.51633136885211,2.26219170729877,27.64774494114
Guinea-Bissau,2004,43.192131633446,-1.13385031185746,2.30540545476551,20.9616308959262
Guinea-Bissau,2005,45.7842315450716,4.08995783100083,2.34505544706955,18.2527613564441
Guinea-Bissau,2006,48.7605033860226,0.220591080099751,2.41122516333709,20.0790987853146
Guinea-Bissau,2007,46.2445284700147,0.0376503174978779,2.48996828898925,24.2726381660371
Guinea-Bissau,2008,45.1388893744724,1.92082759963192,2.52259007377628,17.3390259766336
Guinea-Bissau,2009,43.5957474099206,-0.124226604498276,2.54277273891846,18.3648740410824
Guinea-Bissau,2010,43.5145876385454,2.91052833964689,2.58492032110101,19.4936149100766
Guinea-Bissau,2011,48.6174602066373,5.28027330014127,2.62922766462762,15.8456824536409
Guinea-Bissau,2012,44.1280665609795,-4.29238918450449,2.65952739224803,19.3541909065405
Guinea-Bissau,2013,39.9574617805787,0.543365078897963,2.66229101877146,19.2302341915086
Guinea-Bissau,2014,46.8696583055238,-1.65358336592615,2.62731155689981,20.1399364198987
Guinea-Bissau,2015,54.3703755891285,3.4407197814937,2.57045957815277,14.6862099976075
Guinea-Bissau,2016,54.3006730474711,2.81765698941554,2.51155296505032,17.6713587535475
Guinea-Bissau,2017,56.9137475938811,2.14454305364472,2.4363257519627,18.1207259537486
Guinea-Bissau,2018,55.0195890357005,1.32710524004433,2.37405997248475,19.1670199875353
Guinea-Bissau,2019,49.9435101361017,2.89045755858285,2.34095994762157,22.6551521221886
Guinea-Bissau,2020,42.8853856881523,0.563014905333631,2.28895000835492,25.6521152299655
Guyana,1995,213.32717044128,4.67607346167401,0.338922930937764,33.2286832637757
Guyana,1996,211.337532492477,7.65203166896895,0.281517111831782,31.8572069303129
Guyana,1997,209.136671614275,5.94120905202725,0.225772716999827,31.8879419916993
Guyana,1998,203.842431497026,-1.85177439532187,0.17577311579919,28.9207551153805
Guyana,1999,201.05931477536,2.83934433431648,0.117403088869874,24.9979547163444
Guyana,2000,206.767370475214,-1.40881252207762,0.0456413500238234,23.7759824891985
Guyana,2001,199.577000730114,2.32701717600905,-0.0464261972402426,21.5703446978272
Guyana,2002,196.72507835983,1.24188408073948,-0.107975187978655,20.8604990254453
Guyana,2003,189.162485631386,-0.560476505993833,-0.0721793274906879,20.952115865171
Guyana,2004,200.725286901642,1.65433601876252,-0.0895433023955464,23.5456808733306
Guyana,2005,194.350757310172,-1.7571567715639,-0.197461943777183,32.3339782741868
Guyana,2006,,5.39944024794079,-0.256336166889951,
Guyana,2007,,7.48935908253156,-0.277736358188614,
Guyana,2008,,2.05930009878752,-0.298385829541619,
Guyana,2009,,3.95757174257776,-0.333444259304938,
Guyana,2010,,4.53289275994231,-0.378060196527414,
Guyana,2011,,5.63372747844741,-0.41500411640408,
Guyana,2012,,5.25728662587919,0.0180911674723709,
Guyana,2013,,3.13748133371095,0.498962145496388,
Guyana,2014,,1.1191644103188,0.559482928582681,
Guyana,2015,,0.0833711927134857,0.601716278706478,
Guyana,2016,,3.15936322443832,0.626279284065059,
Guyana,2017,,3.06887182440371,0.643724559372237,
Guyana,2018,,1.39604562755792,2.95873919098606,
Guyana,2019,,3.25156178245531,2.0146740033225,
Guyana,2020,,43.5123463015091,-0.0227843180487706,
Haiti,1991,39.8074901808928,-0.173086383540081,2.03631743410881,24.3679814128451
Haiti,1992,32.5376884422111,-7.18236675047231,1.997247117895,22.1202164669501
Haiti,1993,48.7522666436404,-7.26639617990007,1.96485594576854,13.8373197478629
Haiti,1994,31.1336399762195,-13.6308577536038,1.92672258189762,10.2005694796458
Haiti,1995,37.8478190633142,7.82292405059231,1.90597118137502,26.0895832219771
Haiti,1996,40.223379852938,2.18145500226173,1.89933701618306,28.1304263939803
Haiti,1997,36.8940488093915,0.785892869122677,1.88596217408093,24.528756064141
Haiti,1998,36.5207867041288,0.293961772099124,1.86484829220057,26.0044129085512
Haiti,1999,41.9484795102088,0.830848511128352,1.84675522078588,27.6980391024345
Haiti,2000,27.1535220636918,-0.974737113523176,1.84581482966936,8.32239600531104
Haiti,2001,27.569933019116,-2.14318391327505,1.82314699522453,8.04811181920893
Haiti,2002,24.9396784759828,-0.729374655833098,1.77837458948683,9.49595832222187
Haiti,2003,37.1973434444641,1.6820034644329,1.75355620763416,16.6792585587853
Haiti,2004,33.7809703531059,-2.98301062977993,1.70178992075307,11.4076572923675
Haiti,2005,34.9651045038228,1.35443141019209,1.6805859467599,9.81592773095545
Haiti,2006,37.0570704128996,0.0540583442750062,1.69924650861823,14.3527712251236
Haiti,2007,34.2825489611293,2.95569722727539,1.68627123390703,9.22466753259594
Haiti,2008,36.1450381454244,0.961802640900089,1.66611362408622,12.6171620718569
Haiti,2009,33.0964998246108,4.15489282064615,1.65252529367171,12.6069242243299
Haiti,2010,44.7215241260457,-6.7459038549499,1.16672671353074,24.988217664925
Haiti,2011,44.1635704019387,3.91514494215959,1.13206279763289,20.9967494829716
Haiti,2012,40.2582414988129,-1.04324222181728,1.54988860322553,17.5092344164627
Haiti,2013,40.3325097562551,2.767509667507,1.50397078747826,17.880859322137
Haiti,2014,42.3515259071619,1.39231187945737,1.46512576303264,16.556866327765
Haiti,2015,41.9457381172044,-0.0454395053176881,1.43574035756707,13.9737286463314
Haiti,2016,41.4109022161974,0.398402974127237,1.39862723308259,13.5922278864188
Haiti,2017,42.0745477868911,1.12394427912376,1.36160662434986,16.876979845919
Haiti,2018,45.1385763027223,0.326678559605597,1.32790959369268,16.0510920039064
Haiti,2019,44.5687187758294,-2.98683711868885,1.29423660619831,18.5362500202298
Haiti,2020,37.4138801252638,-4.49816442182016,1.24109993204209,17.70308377994
Honduras,1991,89.5935124691766,22.521576814819,2.83669117205293,21.5461270559524
Honduras,1992,84.7584594344201,5.98144335160316,2.84070727716059,23.4645078748842
Honduras,1993,98.2484665384967,10.4560243022111,2.83932196540695,30.7930055845464
Honduras,1994,114.438113886322,25.4117088712275,2.83578425221741,33.4611674810783
Honduras,1995,114.537647463165,21.1904167257791,2.83430430416844,27.5106119916622
Honduras,1996,122.725112727964,19.5352792735659,2.82263280263084,27.2382792837506
Honduras,1997,121.466190207647,19.0501940282307,2.79758191616759,28.6162160833594
Honduras,1998,122.69670703096,8.65940440372148,2.64892008444086,28.7126482507076
Honduras,1999,121.502105602734,8.68151278385452,2.62830155529534,32.3507550525747
Honduras,2000,120.392164584236,6.65751932854472,2.73259067031821,28.2884312103977
Honduras,2001,115.943071737954,-0.0161960531288656,2.70297142800253,26.0009441315636
Honduras,2002,117.997454450299,1.0499116620788,2.64113992979828,24.2584383269359
Honduras,2003,122.248277175534,1.89850421782039,2.56598338265854,25.2808823550006
Honduras,2004,135.461758741854,3.61570269241076,2.49393448320234,29.6655573270591
Honduras,2005,136.489768018486,3.50707975469855,2.42763175756451,27.6229758897269
Honduras,2006,133.13183510432,4.08321335137572,2.35854731680492,28.3419297293105
Honduras,2007,135.070634917917,3.77627878562679,2.29767725446285,33.665300607277
Honduras,2008,135.748955193053,1.9188349629601,2.24385864950969,36.0659698365463
Honduras,2009,96.9050060188904,-4.54399131651867,2.18878854544431,20.599443751492
Honduras,2010,109.441838241682,1.5491216313325,2.12597244017857,21.8798406875029
Honduras,2011,122.216902597337,1.71164194817371,2.06679823709264,25.9999916424846
Honduras,2012,121.188215808285,2.04382616957031,2.02251270813154,24.5642087901292
Honduras,2013,116.306049247436,0.777167217053545,1.97914318489325,21.7603523031056
Honduras,2014,112.97509728471,1.0812751128465,1.93678209287486,22.1838322277385
Honduras,2015,107.26440535424,1.88202222037501,1.90365241356179,25.1179830288624
Honduras,2016,99.8157169505924,1.96051068302054,1.87756675968273,23.3771285357634
Honduras,2017,101.813111079622,2.92107278326836,1.85007611234979,24.8207131723601
Honduras,2018,103.551162215452,1.96196872528638,1.82994643094924,26.572086282814
Honduras,2019,99.4599779937589,0.71936151617345,1.81063773761993,22.9676941165281
Honduras,2020,88.0008563836292,-10.5484174868395,1.75456432541029,19.666372727561
"Hong Kong SAR, China",1992,240.13281627495,5.34669247035933,0.839650031457883,28.176873613916
"Hong Kong SAR, China",1993,233.969130299352,4.39241266340737,1.71777073417072,27.2498684224659
"Hong Kong SAR, China",1994,237.427997065577,3.67477522795076,2.25203043111788,31.3792742066101
"Hong Kong SAR, China",1995,256.89826506739,0.36660760874021,1.98013277729748,34.2907008541509
"Hong Kong SAR, China",1996,244.85376438617,-0.267987767009188,4.43860779481101,31.800346636164
"Hong Kong SAR, China",1997,233.440294577968,4.22845216857921,0.832512854813318,34.2001903745076
"Hong Kong SAR, China",1998,221.133284508369,-6.66507453315447,0.834808807338866,29.0038636957848
"Hong Kong SAR, China",1999,220.272313145342,1.53235223822557,0.955125814331738,24.9795092484443
"Hong Kong SAR, China",2000,247.654020445592,6.7184512388573,0.881594075853745,27.58240928418
"Hong Kong SAR, China",2001,240.848977626932,-0.177510266157995,0.736962668138432,25.4912038221478
"Hong Kong SAR, China",2002,255.996457369342,1.20749745493134,0.44284682728195,23.1809524249985
"Hong Kong SAR, China",2003,292.454655919737,3.25996792728786,-0.197404126472125,22.3796401439042
"Hong Kong SAR, China",2004,326.841054589054,7.85562604957764,0.77991856230718,22.3574337350953
"Hong Kong SAR, China",2005,342.689209524653,6.92006481506586,0.436871406105885,21.0598211914668
"Hong Kong SAR, China",2006,359.208661184248,6.3474408353708,0.642270482876128,22.2851483120043
"Hong Kong SAR, China",2007,362.14946363969,5.55352397860919,0.859633272217027,21.3960754951065
"Hong Kong SAR, China",2008,376.656806171877,1.51877053317028,0.598238786949717,21.0412143694213
"Hong Kong SAR, China",2009,348.397554309339,-2.66898437200337,0.215353334344996,21.846864085774
"Hong Kong SAR, China",2010,404.770560908659,5.98640945097021,0.734446396338105,23.8904664218175
"Hong Kong SAR, China",2011,421.854706554386,4.11214756917033,0.672543291818633,24.1431842971831
"Hong Kong SAR, China",2012,430.568530415663,0.583751958193886,1.1039579972368,25.2201335356512
"Hong Kong SAR, China",2013,442.620019127299,2.68790568876102,0.401982535858444,24.0303885554212
"Hong Kong SAR, China",2014,425.975871734797,2.04318180024958,0.702370950536049,23.8224694193154
"Hong Kong SAR, China",2015,389.405949263639,1.51995547711607,0.851197911086988,21.5414797271378
"Hong Kong SAR, China",2016,371.727231773253,1.54454440525488,0.619366345332479,21.5074050489079
"Hong Kong SAR, China",2017,376.795666734722,3.00148096033243,0.768513877614955,22.0690168599844
"Hong Kong SAR, China",2018,376.892773545026,2.0272229246582,0.800230596967774,21.9946611253535
"Hong Kong SAR, China",2019,353.743521139731,-2.39668495991923,0.739283471323064,18.189947213062
"Hong Kong SAR, China",2020,350.679705044448,-6.20876017979512,-0.358932661902885,18.9818868649406
Hungary,1991,58.2052641583218,-11.8870465995984,-0.00566818338922841,21.1958705871222
Hungary,1992,55.2935236018396,-3.02623555314709,-0.0391365832684134,16.6599937556592
Hungary,1993,53.4135360713045,-0.462665222231223,-0.114035594392761,20.679039803699
Hungary,1994,56.3059945915153,3.08816830633975,-0.13688310430324,22.9964145435708
Hungary,1995,78.1758915933919,1.63091759717385,-0.139220003601429,23.420550366966
Hungary,1996,83.021980635108,0.27332748929139,-0.171771608629025,25.1079029013767
Hungary,1997,94.6879101466758,3.18554631713963,-0.201458936335808,26.4418752273102
Hungary,1998,107.319335097669,4.09002256717154,-0.232679336866497,28.8224890364809
Hungary,1999,113.869532830977,3.37847426779435,-0.283260610485194,27.2873039051869
Hungary,2000,137.26231309347,4.68094650632939,-0.259764908288633,28.1973908964954
Hungary,2001,130.903714236387,4.30099676765016,-0.229379183308447,26.3575592807833
Hungary,2002,118.269335242555,5.02871060786862,-0.28475137719698,25.7468753302212
Hungary,2003,116.787088540862,4.23691963512549,-0.286433268128688,24.7088343047099
Hungary,2004,123.615686104174,5.19581258967388,-0.221439378654807,27.5022265501896
Hungary,2005,128.004810647538,4.50792078649896,-0.198878843237103,26.164171343722
Hungary,2006,149.231531568461,4.09589996478341,-0.155716484651578,26.3418856770072
Hungary,2007,155.60143236807,0.487904817715162,-0.154915158060948,24.8978381794695
Hungary,2008,158.453224115619,1.17042884387347,-0.17509736747488,25.1420059545726
Hungary,2009,145.30587733019,-6.59558642753552,-0.154908813950621,20.9966487581136
Hungary,2010,157.838960085896,1.2966366075499,-0.226013875689698,21.1892791243323
Hungary,2011,166.754347209897,2.2059103447462,-0.283360435946948,21.0337908782192
Hungary,2012,166.17569860957,-0.828646515876528,-0.516437606548041,20.2865308170944
Hungary,2013,164.476024791467,2.52439305270235,-0.481259646558662,21.8946534040546
Hungary,2014,168.358355086413,4.75555169835647,-0.402887577253118,24.4405160787979
Hungary,2015,167.290738494524,4.03310873929586,-0.35946625276649,23.8567656111926
Hungary,2016,163.97194450015,2.83749039789862,-0.388598014975531,22.0321821931455
Hungary,2017,165.032855840268,4.47743568209606,-0.338685889370073,23.2730768860194
Hungary,2018,162.700858777925,5.82146361803679,-0.203687269785053,27.0910945827596
Hungary,2019,159.925556464831,5.2087641343076,-0.125143121699401,28.6983472177676
Hungary,2020,154.527002936377,-4.09730738033811,-0.252049642963059,27.4644940725212
Iceland,1991,60.8702680765282,-1.37340662912069,1.15914942010018,21.5449985523037
Iceland,1992,57.8570070035451,-4.58053143553516,1.25663207739645,19.4723815157361
Iceland,1993,59.4790808364344,0.288501985344382,1.01681192843817,18.1896405377412
Iceland,1994,63.2886233208855,2.7146204899408,0.866835946606811,17.2152184609068
Iceland,1995,64.3005949240328,-0.425046357711153,0.542467997811547,17.5771002221107
Iceland,1996,68.6955297848167,3.93497734946855,0.539913016609299,20.055046687195
Iceland,1997,69.2597923595091,3.29123630944122,0.819197091458816,21.3593693970198
Iceland,1998,70.7676395257416,5.87066560158962,1.07085904319717,25.462234584976
Iceland,1999,68.4725808469369,2.64917861744279,1.20923878595741,23.2450819899207
Iceland,2000,70.2477741981669,3.47861640541853,1.36919283329812,24.6194667661392
Iceland,2001,73.9395325755249,2.46972063629258,1.32929525456819,22.6569252253114
Iceland,2002,68.7108314689249,-0.351156727256466,0.892596377462957,19.5095367275369
Iceland,2003,67.4009987460124,1.57552048118407,0.692497620476186,21.1252538271133
Iceland,2004,69.7326204452496,6.68188294901493,0.8779361576874,24.596069073569
Iceland,2005,71.2106793861355,5.34851964673268,1.58289197780465,29.1309380362617
Iceland,2006,76.6308537686708,3.21994146791231,2.34742243028387,35.9714130790896
Iceland,2007,73.6249668831341,6.0245936089685,2.53008548940662,29.6512685107527
Iceland,2008,81.9027481853952,-0.174091482130947,1.85957217059918,25.8874469911237
Iceland,2009,89.00144405735,-8.63377661962879,0.341241978970882,14.7799889271266
Iceland,2010,92.4901528110187,-2.08101145067769,-0.143903000294037,13.8337714379496
Iceland,2011,100.133252648313,1.07078538162074,0.305468368224399,15.3142065291421
Iceland,2012,102.433137099998,0.632418770044652,0.532100734916982,15.8900528697338
Iceland,2013,97.6980221861272,2.62166783315034,0.945885900369151,15.0113948829854
Iceland,2014,95.2879194201667,0.786303485429585,1.11250475522796,17.0733671860941
Iceland,2015,94.8888027460231,2.69299664107407,1.04194038662969,19.1932461301069
Iceland,2016,87.7600165983392,4.75387973177391,1.38808149583838,20.8155538899524
Iceland,2017,86.3585336945067,1.08598544714937,2.34558267643862,21.5754325297001
Iceland,2018,88.934996973139,1.89500633642427,2.67814276922904,22.1950214764255
Iceland,2019,83.7923659518443,-1.06147502015334,2.19893225826166,20.2034835852927
Iceland,2020,68.6550233460548,-8.14886569197427,1.6230862512591,21.046340093825
India,1991,16.9877265511351,-1.11028105297254,2.16777668657973,25.1405052782292
India,1992,18.433099041828,3.25939544010092,2.12998519274824,27.44020415513
India,1993,19.6515397864684,2.57408951744785,2.09986069412181,22.716410511618
India,1994,20.0781443769255,4.50057521481919,2.04435418122792,26.3101665553988
India,1995,22.8674487062499,5.4307028028752,2.01296632914892,29.1523371515588
India,1996,21.9294878713867,5.42226141059896,1.99775909414655,22.7592531809279
India,1997,22.6193868670479,2.02374489021264,1.966425183613,25.6927329065132
India,1998,23.6994700790647,4.14849485733681,1.93596384442712,24.9753699423901
India,1999,24.8155980442929,6.79504192468139,1.90202919152067,30.9580879683861
India,2000,26.9009229104474,1.90763005816579,1.87939826197393,25.677316683955
India,2001,25.9932547534365,2.88134658268626,1.87060822112685,29.9078889827325
India,2002,29.5086629350614,1.94070548515326,1.81129424097937,30.2513001207186
India,2003,30.592436132908,6.00579964314747,1.73438204419235,30.8396999424416
India,2004,37.503814059447,6.09996522450102,1.7035704679088,35.0964917017773
India,2005,42.0016696148691,6.17702892486365,1.63142146860079,37.4282640165983
India,2006,45.7244804992652,6.38367720854581,1.56412522526913,38.9985063717532
India,2007,45.686268679348,6.05160013740698,1.50599144392136,41.9507982267334
India,2008,53.3682204392226,1.61413451702882,1.43877181746736,38.4224196528192
India,2009,46.2728696428837,6.31340985793889,1.44601731955273,39.2567917551336
India,2010,49.2552064974161,6.93079780415253,1.45460361883041,39.7856241847736
India,2011,55.6238800135298,3.76074153145865,1.41682761544376,39.590421855219
India,2012,55.7937217287511,4.01726735836323,1.37405616603306,38.3474156730403
India,2013,53.8441319466777,4.97769997302639,1.33270430507476,34.0231978997548
India,2014,48.9221857470669,6.06398074162718,1.26129027125347,34.2678056268836
India,2015,41.9229138658647,6.71566734640226,1.19285563384335,32.1167301358276
India,2016,40.082485713276,6.97394690929247,1.19162966402099,30.172690580036
India,2017,40.7424969545225,5.561185034605,1.1623961434697,30.9821728344733
India,2018,43.6169693323889,5.29211971914722,1.09729906702925,32.3432182154485
India,2019,39.9054035306442,2.79675759965889,1.04001395098104,30.0961975685688
India,2020,37.7581053292768,-6.69047102833747,0.973438646910149,28.9223840080659
Indonesia,1991,54.8395648805761,5.03614580488336,1.77013689509296,31.8694254830288
Indonesia,1992,57.4274341101528,4.66756863412716,1.7332257161332,30.1758273386831
Indonesia,1993,50.5233858882307,4.69961217882648,1.70158442607601,28.2806731118536
Indonesia,1994,51.877101049475,5.74209717065936,1.6859518715422,29.5706877484337
Indonesia,1995,53.9585900635426,6.43541890424098,1.66278546327292,30.4298110883689
Indonesia,1996,52.264743657148,6.05859636441346,1.64546182640737,31.6023606375148
Indonesia,1997,55.9938588086777,3.01090769720686,1.62630782020292,30.3076757881764
Indonesia,1998,96.1861923602686,-14.489150562289,1.58071800042293,27.4295066667294
Indonesia,1999,62.9439128601924,-0.712606708277562,1.50317096427875,22.1387593118175
Indonesia,2000,71.4368759173731,3.4278636272189,1.43244007763682,22.2456969315568
Indonesia,2001,69.7932075256238,2.21481343921472,1.38801892806803,22.539266316067
Indonesia,2002,59.0794617663723,3.09230929876641,1.35572575488289,21.4040702075173
Indonesia,2003,53.6164937473016,3.40244595178829,1.32378197652859,25.5984983869787
Indonesia,2004,59.761294836691,3.7043674512371,1.27101139474106,24.0563663747717
Indonesia,2005,63.9879358688635,4.3443558422024,1.28380661170743,25.0814099389568
Indonesia,2006,56.6571268148867,4.11201890218061,1.32525502272966,25.4002172943548
Indonesia,2007,54.8292499782075,4.94958392275811,1.32086532413059,24.9202838487256
Indonesia,2008,58.5613996312961,4.64721758277069,1.29735043016571,27.8162445798583
Indonesia,2009,45.5121213687054,3.31160021271401,1.26698625068088,30.9851924139981
Indonesia,2010,46.7012738758737,4.89326246908787,1.26054140134601,32.8801214533558
Indonesia,2011,50.1800131841104,4.82294276512758,1.27668830646548,32.9843332593045
Indonesia,2012,49.5828982992627,4.67540374198676,1.28583816632167,35.0715936108893
Indonesia,2013,48.6373726752893,4.25603923226443,1.24038001568984,33.8313567879018
Indonesia,2014,48.0801755855227,3.77968595157438,1.17536091203837,34.6003439149803
Indonesia,2015,41.9376402415294,3.70583428895539,1.12233981761262,34.0627921803386
Indonesia,2016,37.4213418023318,3.91054275495577,1.0744882002252,33.8587393039462
Indonesia,2017,39.3554970704606,4.00109865179923,1.02232939771064,33.7105947957751
Indonesia,2018,43.0743089552002,4.15930013909383,0.969743409524713,34.5705858319707
Indonesia,2019,37.6277775357108,4.0413041818536,0.935604959235128,33.7801423773995
Indonesia,2020,32.9721754002427,-2.89423403981894,0.849801187379341,32.3434120537481
"Iran, Islamic Rep.",1991,44.1941716478042,9.69687907443604,2.71517805230603,42.1745793936032
"Iran, Islamic Rep.",1992,40.3979272522381,1.2753229636286,1.9775061761777,42.1998932885281
"Iran, Islamic Rep.",1993,46.0408643243691,-1.82171593144423,0.356575347965537,30.3952910243117
"Iran, Islamic Rep.",1994,41.6091363981328,-1.88532440370534,0.190450849489937,23.2945876948872
"Iran, Islamic Rep.",1995,35.1442449159574,1.27346796269859,1.10724517815505,30.1801718644517
"Iran, Islamic Rep.",1996,35.2212991546042,5.20766542268932,1.08043248596744,37.7860855954427
"Iran, Islamic Rep.",1997,32.6495581116416,0.14269505881002,1.19876929995268,35.5428395113477
"Iran, Islamic Rep.",1998,29.2282196463134,0.68737125932347,1.37365526787202,33.8589348069767
"Iran, Islamic Rep.",1999,34.8854141345934,0.560168989485433,1.4243001822483,32.5416653826154
"Iran, Islamic Rep.",2000,41.2572474638031,4.29451656429561,1.47619563346635,35.1005334892763
"Iran, Islamic Rep.",2001,40.535566479523,0.823553037936534,1.54382818918331,35.2518166911727
"Iran, Islamic Rep.",2002,48.1726865520657,7.19000975928768,0.82578098646242,39.0541109969948
"Iran, Islamic Rep.",2003,50.6791057753261,7.44180127291611,1.10838882782602,42.1052670447947
"Iran, Islamic Rep.",2004,51.3138573265888,2.12837885127104,2.13922055681238,45.9987878391338
"Iran, Islamic Rep.",2005,54.4404952635536,0.931246313659614,2.21304950909032,38.7176635773832
"Iran, Islamic Rep.",2006,53.1673587143845,2.76183106993244,2.15444092874448,38.6491173626565
"Iran, Islamic Rep.",2007,49.8873069225934,6.40171006806331,1.63508865342221,39.7289451366129
"Iran, Islamic Rep.",2008,48.2294027741438,-0.959303455562093,1.214476845232,41.7574530941627
"Iran, Islamic Rep.",2009,43.6995802243585,-0.239219321569081,1.24185106066412,40.8981709173692
"Iran, Islamic Rep.",2010,43.7706437371399,4.48194624429263,1.25167392158024,40.262449246465
"Iran, Islamic Rep.",2011,41.2194147918578,1.38495950276369,1.2358675452331,36.0168035751403
"Iran, Islamic Rep.",2012,44.0893466807452,-4.94408603979183,1.25130743376216,36.3509581769324
"Iran, Islamic Rep.",2013,47.0867179194755,-2.80061992960059,1.30690505728311,34.9452115156879
"Iran, Islamic Rep.",2014,45.3514201413161,3.58412137758084,1.343129076071,36.9396571448965
"Iran, Islamic Rep.",2015,39.42258866118,-2.75798228082138,1.36159478810594,31.9824085202657
"Iran, Islamic Rep.",2016,39.8772417738866,7.26636493161325,1.43348558597155,33.8794450615252
Iraq,2005,115.742540308642,-1.29394759634579,2.96374347121646,22.1552649539445
Iraq,2006,89.6505198581778,4.86652515076509,0.733263441372763,18.9175988102635
Iraq,2007,74.092853105498,2.69566336957755,-0.789042539847969,9.34171909242017
Iraq,2008,81.0555432665835,6.06351402987207,2.02029989529593,15.1841021528875
Iraq,2009,78.6873788189898,-0.359808708496018,3.6839129631095,11.2966377544437
Iraq,2010,73.4974796202443,3.01924651269078,3.23138521802744,15.8678653909697
Iraq,2011,72.1713282233655,3.81441942451566,3.53181678520421,16.7595018107714
Iraq,2012,73.6086845912812,8.88055394419878,4.53892168180122,13.4461715093466
Iraq,2013,67.4100184095672,2.6646473210161,4.7215668344982,20.2677398214538
Iraq,2014,68.9824868569036,-1.2842545257663,3.53101933211143,18.2159749362255
Iraq,2015,69.5917685983115,-0.153622231589026,2.72710976935126,20.359651707882
Iraq,2016,54.588320188677,11.0984155585203,2.39151227352058,17.8772047937279
Iraq,2017,59.7809123923157,-3.98546687274897,2.23055046409754,17.8524768622366
Iraq,2018,65.8017917701083,0.267762550620816,2.33235769663486,17.5854705162866
Iraq,2019,68.9899384202806,3.14043943264693,2.27501115691232,22.7407245883586
Iraq,2020,57.742316395146,-13.9675322686437,2.21938669515023,22.3468589955872
Israel,1991,55.7180811923951,1.43538016006042,6.01700878321945,29.0190768445117
Israel,1992,54.9072515488719,4.09927943070052,3.45546689873163,28.7580516252425
Israel,1993,60.0140704374175,1.38569527041521,2.6580917791605,29.472681957864
Israel,1994,59.7877596777587,4.68195851697766,2.58926284874797,28.7778478864925
Israel,1995,59.3894071749673,3.79606677263391,2.66828695661805,28.9059485534975
Israel,1996,58.1311357730736,3.10605874021471,2.61650594252757,29.2288510112299
Israel,1997,57.5674452599649,1.05577005544572,2.49839504329334,27.9980908339097
Israel,1998,56.9044666793177,1.75806760751156,2.28687869043162,26.3098951191508
Israel,1999,64.7395856251294,0.700091057272843,2.54643388659354,26.6308190899458
Israel,2000,68.3468590369834,5.75056411535006,2.64233191305756,25.7054135720842
Israel,2001,62.139584755155,-2.05810142001393,2.35711729946802,25.5112065105127
Israel,2002,65.4711054145982,-2.12531106462188,2.01405839404727,24.1887720819014
Israel,2003,66.8817503698504,-0.366188460974456,1.80551975888109,22.8189221878312
Israel,2004,74.9731995265147,2.81436914832607,1.76762364154994,22.7469810591964
Israel,2005,78.3242613769325,2.56366494259233,1.76289766113006,23.6701125407691
Israel,2006,78.4352889718463,3.75119939110648,1.76780587358185,23.5973079641713
Israel,2007,78.8371062996628,4.45161075798397,1.7761008691798,24.4314394857535
Israel,2008,75.380922305658,1.40446742128471,1.7765791059698,23.2287706528845
Israel,2009,61.67564796397,-1.15337011091322,2.39020733801215,21.1617869838312
Israel,2010,65.6330798689153,3.62399103334153,1.82675240987847,21.5383508792439
Israel,2011,68.9094378497374,3.58663560932411,1.84807786159597,23.4471273552999
Israel,2012,69.9650250827043,0.573190077448643,1.84615132126711,23.914364095377
Israel,2013,64.1340511293501,2.16142471851542,1.86605289478673,22.3351826403335
Israel,2014,61.7133541160002,1.80280307810176,1.91954379859591,22.8773413865491
Israel,2015,58.897971915566,0.231915657737829,1.98128897562083,22.0950032219134
Israel,2016,57.7990316850783,2.4319477135746,1.9603489624817,23.0646486702564
Israel,2017,56.2801142540924,2.34341452190721,1.93872567441099,23.1765981056332
Israel,2018,58.7437542387448,2.01931484013397,1.92662286520241,24.1309941879779
Israel,2019,56.325348642584,1.74945844686911,1.90898263957994,23.8648600543139
Israel,2020,51.2366737920366,-3.73449084409626,1.76367939210866,24.6898161307496
Jamaica,1991,,3.92158553110389,0.878194947525997,
Jamaica,1992,,0.953437709168753,0.987746266754911,
Jamaica,1993,,8.29096099965061,1.03455204361498,
Jamaica,1994,,0.346954542208792,1.0275542704578,
Jamaica,1995,,1.32934397119848,1.00218490909892,
Jamaica,1996,,-1.07569221177816,0.96772367916816,
Jamaica,1997,,-2.04782575477212,0.922071445759518,
Jamaica,1998,,-3.16642937890479,0.855408859585008,
Jamaica,1999,,0.265019143424567,0.777555210444778,
Jamaica,2000,,0.181209199316882,0.693820204754118,
Jamaica,2001,,0.704785923037818,0.633651755909455,
Jamaica,2002,,1.37273149144548,0.614211874970001,
Jamaica,2003,,3.03997803691765,0.606020700548159,
Jamaica,2004,,0.732138408370318,0.585569135450925,
Jamaica,2005,,0.33654893030193,0.553843332498697,
Jamaica,2006,,2.36949906247872,0.516033523535749,
Jamaica,2007,,0.952340641642138,0.473963945332093,
Jamaica,2008,,-1.24242279776804,0.435156176173166,
Jamaica,2009,,-4.74232025652036,0.415917474774269,
Jamaica,2010,,-1.87206742708895,0.421944554103184,
Jamaica,2011,,1.29087650393585,0.432960044008846,
Jamaica,2012,,-1.04151903293869,0.431454273219438,
Jamaica,2013,,0.111200802511547,0.405211603822983,
Jamaica,2014,,0.327176684512608,0.360811344710918,
Jamaica,2015,,0.605132259299552,0.313958647771979,
Jamaica,2016,,2.49050959451111,0.263022586225724,
Jamaica,2017,,2.08054717136154,0.207939418780596,
Jamaica,2018,,2.35833186418979,0.153765355594745,
Jamaica,2019,,1.69497447065874,0.112486030848061,
Jamaica,2020,,-8.54632871499803,0.264166647844328,
Japan,1991,17.7594512543168,3.11749463335597,0.392819832481862,35.2116697180349
Japan,1992,17.018068824019,0.526745036286385,0.371192387198527,33.5372495939791
Japan,1993,15.7233391305175,-0.781376228236013,0.32416759914373,31.7683446786091
Japan,1994,15.8103062322757,0.801559685146586,0.279192363973672,30.6525083081156
Japan,1995,16.3901049340172,2.39051955802327,0.234590173412918,30.9336318941132
Japan,1996,18.2538682255522,2.90014123428134,0.226884732460898,32.0269488823051
Japan,1997,19.7835176233669,0.740905952757132,0.238271217591483,31.1103727489921
Japan,1998,19.0031862223377,-1.53824407567605,0.271729610231193,29.5908237393136
Japan,1999,18.1256307166911,-0.515740589995616,0.182586374140107,28.2004333138473
Japan,2000,19.5623715839054,2.59289108643961,0.167275578113187,28.417439318872
Japan,2001,19.5596044720071,0.144511690081188,0.240952587521069,27.7549548681953
Japan,2002,20.4471220661583,-0.190392013639268,0.232527187105684,25.8988591910406
Japan,2003,21.3261252678119,1.31809196260171,0.213980948779682,25.6609651799745
Japan,2004,23.6643534228975,2.15172332915763,0.0336622582725446,25.638207264098
Japan,2005,26.2299545778565,1.79433980048837,0.00939209655766336,26.052325978807
Japan,2006,30.0163760986692,1.3081271829718,0.0633735894181335,26.0775543929763
Japan,2007,32.816578051879,1.36742232597771,0.114908847726211,25.7687401593638
Japan,2008,34.1294765412245,-1.27210994875956,0.0484253945978966,25.869579962101
Japan,2009,24.3901665338555,-5.68145234041657,-0.0124946312294096,22.6031764761029
Japan,2010,28.4984726938389,4.07922304856318,0.0179605415195644,22.5903041279796
Japan,2011,30.1949607286296,0.209251802844406,-0.185226486410846,23.5405686895679
Japan,2012,30.4709109171752,1.53678665868971,-0.159710675844347,24.0049297197241
Japan,2013,33.9787686509511,2.15237106568597,-0.144271883387076,24.4176240405457
Japan,2014,37.4314345686579,0.429381122519686,-0.132694222147042,25.0363619892408
Japan,2015,35.4274083544798,1.66846511717627,-0.106124993746747,25.1653478796719
Japan,2016,31.3102468455884,0.805362824501671,-0.0511374152133631,24.8355973184149
Japan,2017,34.4232135721686,1.75861180168305,-0.081874296046114,25.2148269758242
Japan,2018,36.609931802107,0.771168471505248,-0.126880068088791,25.6417143090178
Japan,2019,35.2164181084145,-0.262170828573062,-0.140464977878172,25.7896961306359
Japan,2020,31.335208636773,-3.88641911578898,-0.294194617750067,25.2240172261075
Jordan,1991,137.261663286004,-6.00185291540443,7.78524286596351,24.9661933739013
Jordan,1992,131.644698648349,8.46165434064829,5.28652677916716,33.4810547307778
Jordan,1993,130.485233240655,-0.807674227489841,5.20019138057655,36.6285655442282
Jordan,1994,118.336176072338,0.0608321468427988,4.79103402702833,33.3050283432401
Jordan,1995,124.582688188008,1.93929287053838,4.09548745418131,32.962860839502
Jordan,1996,131.059123299943,-1.24666808036049,3.32004503110433,30.5256942747781
Jordan,1997,120.737112880307,0.569931792363377,2.68660948168777,25.7294687871061
Jordan,1998,109.052402937716,0.658442073539419,2.3114138594789,21.8189596777069
Jordan,1999,104.470373639306,1.19180638460756,2.14859183776887,21.5686274509804
Jordan,2000,110.328904595996,2.10734677821851,2.07260479051429,22.3615116608599
Jordan,2001,109.285478573786,3.12682361391026,2.0568547225817,21.05693228782
Jordan,2002,114.03885781572,3.57676471497919,2.10844376833598,20.0956726523403
Jordan,2003,115.706835253918,1.88023738458077,2.21462077394044,20.8405384093959
Jordan,2004,134.621611934395,5.97888573730077,2.41295841696554,27.383850993091
Jordan,2005,146.908891279018,5.50057037395844,2.47713068142819,34.1478444026172
Jordan,2006,141.747381831126,1.4032017956128,6.38870724302854,28.339921689117
Jordan,2007,145.994246288526,1.84052436528839,6.03529982681035,30.2679844699249
Jordan,2008,140.91292596092,4.72560086199387,2.35427976058258,36.0506744249725
Jordan,2009,112.151998187109,2.79012172938629,2.14968786053504,32.5395198179394
Jordan,2010,114.222677694125,0.137449407888951,2.15109331746781,35.0376311945169
Jordan,2011,118.699679501801,0.218599818569089,2.48202772730679,31.7477038455304
Jordan,2012,117.855587685189,0.988823291779653,1.41635205030682,31.0322030208821
Jordan,2013,111.451527997628,-2.58592238614169,5.19641467868427,26.5997319791875
Jordan,2014,109.938805535022,-6.02217249989295,9.53920898641561,25.8085951940917
Jordan,2015,95.3579122266791,-5.58980174753611,8.21798329205466,24.8350329106344
Jordan,2016,88.7207178954687,-2.71126216102509,4.72325254401232,23.4044187563796
Jordan,2017,89.7316005071358,0.192083988017671,2.25160030043779,24.717360352457
Jordan,2018,87.6359151906857,-0.302781677584093,2.20412998393259,24.3624336974922
Jordan,2019,85.6878334964204,-0.247049289948436,1.98343822476301,21.4133341743379
Jordan,2020,66.0599488089059,-2.86253982856009,1.79543228239066,21.4585413761158
Kazakhstan,1994,84.1817390088715,-11.416894545868,-1.34458733859617,28.7040745386673
Kazakhstan,1995,82.522407044045,-6.48128800058484,-1.85492469940638,23.319259704789
Kazakhstan,1996,71.2735732877076,2.42544484330412,-1.89774390163026,16.1466394801284
Kazakhstan,1997,72.3595506961877,4.06306962919871,-2.29698510244531,15.5982639039436
Kazakhstan,1998,65.2041827454395,0.579278352126394,-2.49588892763766,15.8045617414779
Kazakhstan,1999,82.579151355772,3.97519541542795,-1.23402481599988,17.7761650475639
Kazakhstan,2000,105.699692634521,9.47962640033421,0.292205742065896,18.139048031664
Kazakhstan,2001,92.8490685069707,12.9575000867226,0.479119436795366,26.8764228364096
Kazakhstan,2002,94.03168564978,9.23105777770729,0.519509431468551,27.2877232823977
Kazakhstan,2003,91.4633324250457,8.67044524900558,0.577653086141081,25.703912594675
Kazakhstan,2004,96.4091997009336,8.88930817801581,0.650552959098631,26.3110896798392
Kazakhstan,2005,97.7625030243024,8.88963565884097,0.74145148778579,30.9697680425121
Kazakhstan,2006,91.4535267973373,9.76786673957737,0.845600611531775,33.9007913190431
Kazakhstan,2007,92.1616330969975,7.871783713981,0.948669591386937,35.5266994941709
Kazakhstan,2008,94.2948046483658,2.23526924918258,1.03606576058941,27.5064843034904
Kazakhstan,2009,75.7660674636533,0.0228479849101006,1.17001171080735,29.4145645191248
Kazakhstan,2010,74.1382658957842,5.91730119035698,1.29700375015965,25.3735490201768
Kazakhstan,2011,73.1178570509129,5.95764573473487,1.35207363651395,22.9981460184012
Kazakhstan,2012,73.7237324891671,3.34601033412712,1.39710899026626,25.2296602336096
Kazakhstan,2013,65.4076093299538,4.48819679131283,1.4364978420859,24.5696053585629
Kazakhstan,2014,64.9720346513507,2.6806378826727,1.46885610538904,25.7902472414133
Kazakhstan,2015,53.0497288072652,-0.299093532608879,1.49239879824091,27.9079156027413
Kazakhstan,2016,60.3115965864153,-0.438395201172128,1.53335297365685,27.8275828886455
Kazakhstan,2017,56.825387935971,2.49076945691363,1.5579235201186,26.3524825267661
Kazakhstan,2018,63.5279565118188,2.5560669084423,1.49423322942686,25.258212709599
Kazakhstan,2019,64.8586165517565,2.99405538115775,1.45157995956237,27.6275749485747
Kazakhstan,2020,57.0264423660931,-3.86406094514987,1.4089156380377,28.8069153648376
Kenya,1991,55.5976992243654,-1.79555975482411,3.23997624716531,20.9705148585975
Kenya,1992,52.9308701038286,-3.79370437133613,3.06483168454324,16.9208390832406
Kenya,1993,72.8584813635643,-2.58233453633143,2.96883713169678,17.6104350597216
Kenya,1994,71.2661252293107,-0.304212273442516,2.903399231403,19.2932429676681
Kenya,1995,71.7457416403035,1.4837374235438,2.83906557159965,21.8197611034428
Kenya,1996,57.3121107038102,1.31900626661266,2.75278021555245,15.0038226855311
Kenya,1997,54.0571168602893,-2.23366307984048,2.73276496655617,15.1409881437805
Kenya,1998,48.8972419400753,0.478811112143987,2.75957646009425,16.6927164077638
Kenya,1999,48.1922749889095,-0.603257549690113,2.88430050146184,15.5214148674685
Kenya,2000,53.3090443862273,-2.38610693277963,3.01293994477925,17.4140906154511
Kenya,2001,55.9468360286644,0.575576747494395,3.13629206541925,18.790340524259
Kenya,2002,55.1726722640053,-2.56736280977373,3.14626442047843,15.1382158893462
Kenya,2003,54.132265895729,-0.194798007216917,3.08528898836117,16.4821493891933
Kenya,2004,59.4770033484289,1.89113513278383,3.10482476419105,16.962495556485
Kenya,2005,64.4788661639796,2.70244103195117,3.07223123352542,17.6496847904784
Kenya,2006,55.2364851257303,3.27715457506901,3.04704867411558,18.633585404403
Kenya,2007,53.8947888046059,3.66978666216018,3.02220921188685,20.4569783889085
Kenya,2008,57.5785986473131,-2.7588645638462,3.02964938264436,19.6127114227698
Kenya,2009,45.9451918127805,0.232598394599862,3.0211086032266,19.0191724248254
Kenya,2010,50.3942873502834,4.96811299885232,2.90158845467743,21.2639987992095
Kenya,2011,58.4022059745625,2.26952218964762,2.75013743696978,21.8858122759467
Kenya,2012,51.6236920232481,1.87670753904403,2.6080744180495,22.1933629258823
Kenya,2013,47.4646425127304,1.26331129067221,2.47210752389349,22.4049681039862
Kenya,2014,46.170489362216,2.59218353342239,2.33901192230694,24.9507189987733
Kenya,2015,40.3273846919019,2.65589352795405,2.2270329432256,22.1033982020293
Kenya,2016,34.8650195731824,1.93794795580835,2.20775684612709,19.3484358309332
Kenya,2017,35.9950578754074,1.60475183361922,2.17412854990493,20.6634949022773
Kenya,2018,34.4147531767425,3.52404781491717,2.03083744189606,19.3759862497025
Kenya,2019,31.759461841481,3.07004769448449,1.96381549826771,19.3418324204191
Kenya,2020,30.3991387830411,-2.2103217118529,1.96197633664853,19.6515841707054
"Korea, Rep.",1991,48.2898598963294,9.78296218320472,0.989785981821526,41.6650097673713
"Korea, Rep.",1992,47.2068242485094,5.25214973420644,1.03916135557339,39.1134328128938
"Korea, Rep.",1993,45.4216180794097,5.9133443470155,1.01582143742509,38.0802818259482
"Korea, Rep.",1994,47.7418242135125,8.27690074725467,1.00615724501748,38.9077981467888
"Korea, Rep.",1995,51.3967337856387,8.63726671625133,1.00620085457685,39.3437583690468
"Korea, Rep.",1996,51.6134521171463,6.9664053263099,0.952779421852704,39.7079062029067
"Korea, Rep.",1997,55.894947743273,5.29022802019921,0.937713808920155,37.3821324455577
"Korea, Rep.",1998,66.3289851108207,-5.62267154232035,0.72186501759031,28.1282300284005
"Korea, Rep.",1999,57.8948578896383,10.8267064308936,0.710794593061376,31.2530573623569
"Korea, Rep.",2000,64.0588155729056,8.29254041446951,0.836180864297766,33.0175871343191
"Korea, Rep.",2001,60.4277386641693,3.92550900636917,0.767241774760276,31.8665946248999
"Korea, Rep.",2002,56.6688767960273,7.12308072036979,0.577957276814842,31.3062897445161
"Korea, Rep.",2003,59.4242945541732,2.54185039649609,0.518321452985646,32.3968627960539
"Korea, Rep.",2004,67.9270638751076,4.7675860552671,0.396331436697806,32.6846860376336
"Korea, Rep.",2005,66.1695148242697,4.13723386737684,0.211997784117548,32.7143604319037
"Korea, Rep.",2006,68.3749509402263,4.6937077744137,0.525199940498775,33.0040207975187
"Korea, Rep.",2007,71.3239614988013,5.30856236809566,0.505234032920336,33.2491377792946
"Korea, Rep.",2008,92.0833544961819,2.22523680909987,0.759316681850927,33.7038348910437
"Korea, Rep.",2009,83.1246099057162,0.302292304284919,0.514682827535803,29.5580079908835
"Korea, Rep.",2010,88.0278677123124,6.44997750684229,0.49822508440111,32.7792421992313
"Korea, Rep.",2011,101.68061646213,2.89375816160189,0.768971758582589,33.2613430738444
"Korea, Rep.",2012,101.51727207905,2.00997301929048,0.525713660600414,31.2149587741292
"Korea, Rep.",2013,94.1675235855873,2.82226288554209,0.455218622164662,29.8990183063853
"Korea, Rep.",2014,86.9342577972039,2.5683693516693,0.628149861433639,29.7893883422049
"Korea, Rep.",2015,75.3881774564907,2.37903405951899,0.527288497407793,29.3122032932439
"Korea, Rep.",2016,69.8997221316919,2.76290075939411,0.396851823381145,29.9823963274728
"Korea, Rep.",2017,73.1921408264016,3.14298545917306,0.280968018301691,31.9652912711332
"Korea, Rep.",2018,74.7075162140824,2.72979572830845,0.433519027613049,31.2486531343572
"Korea, Rep.",2019,71.4470632403511,1.95849636720857,0.347874968577526,31.1955884616555
"Korea, Rep.",2020,65.544957860621,-0.837051834035137,0.137869266247028,31.5248657192138
Kosovo,2009,77.7553766977497,5.39636701673933,-0.343592772985139,32.619616274023
Kosovo,2010,82.1774799739022,5.28831482675317,-0.331415173591033,33.1284870466064
Kosovo,2011,86.1517494661872,6.12959202990389,0.179071579276493,36.0573444918945
Kosovo,2012,81.3639162574412,0.857974394903721,0.843388368514639,31.9017216861076
Kosovo,2013,75.1034836607029,4.70387084053738,0.606471214728733,29.9978585507713
Kosovo,2014,77.0760521643276,3.65273027273803,-0.293645848305844,27.8460008694681
Kosovo,2015,74.0204422546574,7.36815111994392,-1.36150828171389,30.4324686404239
Kosovo,2016,75.0188123077463,6.20761650241487,-0.600477091754396,33.5220002547509
Kosovo,2017,80.4101373469745,4.03838879864328,0.753859367983812,34.6926494889605
Kosovo,2018,86.3150846710967,3.05752931278261,0.338173257577919,36.2945421291487
Kosovo,2019,85.7534085053482,5.23669676312298,-0.457058941890623,34.5581995450224
Kosovo,2020,75.6080171280001,-5.40690184268419,0.0704099058940516,33.4061275308265
Kuwait,1992,94.6880649671661,51.1035091581689,19.0478598691413,22.3633412449439
Kuwait,1993,92.057035197515,31.0104104388079,2.24918707357862,17.1915420607294
Kuwait,1994,93.1842842757839,8.94369840376427,-0.466955560472215,16.1517621741909
Kuwait,1995,94.3196243483405,3.78870129848272,1.02527173759103,14.7586240895254
Kuwait,1996,91.4721447434007,-2.22845237949566,2.85696115718215,15.1043047586726
Kuwait,1997,92.4435465476229,-0.819070755595845,3.26567730356611,13.6389803078193
Kuwait,1998,94.9598431670145,0.479689867621317,3.11805181601371,18.451906659078
Kuwait,1999,85.3681145511849,-4.66954369474961,2.97687893931174,14.5555470735139
Kuwait,2000,86.618324503254,1.76596434147542,2.83716577319158,10.665237720716
Kuwait,2001,86.8504672897196,-2.45214152569666,2.69581257247854,14.3046728971963
Kuwait,2002,81.2251941328732,0.421240897856848,2.54939023844888,17.1276962899051
Kuwait,2003,86.5551755074577,14.5507976912199,2.39381864306604,16.6325557923068
Kuwait,2004,89.2976416790834,7.81613775807561,2.22351628059893,18.1855029771589
Kuwait,2005,92.2426800942645,6.67935670476243,3.61741976368303,16.4267670345693
Kuwait,2006,89.7130931980522,1.6976352381691,5.56242109286012,16.1577223909466
Kuwait,2007,91.7325033915889,-0.0585846444072189,5.87754467695609,20.4566521181317
Kuwait,2008,92.6834562516721,-3.06795857769427,5.5655156760957,17.6298214529099
Kuwait,2009,88.8110649851457,-11.8648164745831,5.29095352887972,17.9658449249415
Kuwait,2010,97.0280216600064,-7.27588260300011,5.15506049102987,17.6584741694241
Kuwait,2011,99.1164927646913,2.99936488052495,6.23757792955185,13.5481349757935
Kuwait,2012,101.011435104032,0.0983286715542846,6.31732211154715,12.8349439592807
Kuwait,2013,97.6054913328151,-3.77371634598551,4.98967404324728,14.3514402143401
Kuwait,2014,100.037189841844,-3.83157244878866,4.40657207759868,16.2902579989347
Kuwait,2015,98.6999884455485,-3.83270102171981,4.49910219971801,25.4281227135199
Kuwait,2016,96.1576723758617,-1.43152053599024,4.32594906785888,29.9591125059994
Kuwait,2017,97.840046457409,-8.16879129164303,3.69493434034851,27.730838747062
Kuwait,2018,102.785630655,-1.26570110779524,3.9801548230671,25.5469562847273
Kuwait,2019,91.6857123895953,-0.471027490632153,2.71071332448015,23.0019978533703
Kuwait,2020,82.0125101293052,-3.90774915473197,-0.951064116715736,18.6506487501557
Kyrgyz Republic,1996,87.2957738051993,5.51161045842127,1.47972661930702,25.1973349630117
Kyrgyz Republic,1997,84.4771343003418,8.32417662505638,1.45812831070495,21.6801311360015
Kyrgyz Republic,1998,94.5092945286033,0.567335558764,1.53390553506084,15.4440719221565
Kyrgyz Republic,1999,99.1994912194321,2.12663575288255,1.48621223857268,18.0262186115214
Kyrgyz Republic,2000,89.4309316270309,4.19610604345162,1.18989565060204,20.010037072908
Kyrgyz Republic,2001,73.7469123687968,4.3267567743611,0.949086383559028,17.9992826544492
Kyrgyz Republic,2002,82.9207290212667,-0.931486114215559,0.9185254624642,17.6066915405722
Kyrgyz Republic,2003,83.9327828079655,5.91391847989379,1.0485234010087,11.8300159529947
Kyrgyz Republic,2004,93.8157321567302,5.73937835827032,1.2102014656817,14.4883927729206
Kyrgyz Republic,2005,95.0840046303638,-1.29558825808593,1.1283845920008,16.4182074783546
Kyrgyz Republic,2006,120.749981766273,2.00174444436951,1.07375909231552,24.195760812161
Kyrgyz Republic,2007,137.058387838563,7.51249331031009,0.953819648780638,26.6429970323691
Kyrgyz Republic,2008,146.106082230139,7.37554930252675,0.951050106115373,28.9489600349802
Kyrgyz Republic,2009,133.379153167955,1.53257250259469,1.32447839254888,27.2703554118343
Kyrgyz Republic,2010,133.232850492333,-1.88093371727501,1.4261662918386,27.4015935976563
Kyrgyz Republic,2011,136.179840420492,4.43705345314649,1.44419717615299,25.4729638297404
Kyrgyz Republic,2012,139.675937840309,-1.95288116304553,1.88401276584283,34.961073696667
Kyrgyz Republic,2013,134.026785643922,8.51417444984632,2.18875701963339,33.8988355585277
Kyrgyz Republic,2014,125.126181075833,1.75718622899099,2.20325649556304,36.7567270785188
Kyrgyz Republic,2015,110.961570714633,1.56807607660568,2.24669257424341,34.6714692626578
Kyrgyz Republic,2016,105.823574017406,2.04985149948004,2.21536456642779,33.9391792937351
Kyrgyz Republic,2017,100.617445813258,2.55837834194257,2.10483082494568,32.9020914624365
Kyrgyz Republic,2018,98.8755599017608,1.54586820248004,2.15497985981547,36.0166291525462
Kyrgyz Republic,2019,94.4302823542939,2.28120088774463,2.24236415055009,34.4462636342397
Kyrgyz Republic,2020,78.9922784304738,-9.03157714073227,2.04838545399769,25.0304913984711
Lao PDR,1991,38.1823216438676,1.40025340364474,2.81628243868286,
Lao PDR,1992,44.1307586141721,2.6769238807299,2.769076698737,
Lao PDR,1993,52.6288120122103,3.07739171807499,2.71337335048279,
Lao PDR,1994,64.809269997254,5.36666889160745,2.61561863671144,
Lao PDR,1995,60.5544661404946,4.42161502950582,2.46841937666729,
Lao PDR,1996,63.7571736099789,4.46434380896963,2.33129326891339,
Lao PDR,1997,65.1569707659458,4.66634480033544,2.08550886313317,
Lao PDR,1998,84.2695405093512,2.06080647085234,1.85106124399662,
Lao PDR,1999,80.0584561654881,5.4475157802012,1.74747223421126,
Lao PDR,2000,68.8373013678325,4.03726532497247,1.67898547843134,13.41565795568
Lao PDR,2001,65.8994368798482,4.02249661411516,1.64839890567014,13.5436071724261
Lao PDR,2002,67.2549028523532,4.23097600258968,1.60628714871708,29.0404231808259
Lao PDR,2003,60.572095882788,4.44645858943204,1.53964095162728,27.7715216255189
Lao PDR,2004,66.0797516222837,4.81831567317876,1.45793744820894,31.754243509919
Lao PDR,2005,71.7926462737852,5.50361623488958,1.50884118892528,34.0580868030095
Lao PDR,2006,81.9613754162421,6.91294627933061,1.58338798520366,30.0695410386414
Lao PDR,2007,79.2126289035269,5.94392449426221,1.54812352499039,32.312243033777
Lao PDR,2008,81.8491820941317,6.19878841672832,1.5195940495706,31.68198579384
Lao PDR,2009,76.930826218652,5.90563851314371,1.49588633029834,33.9384705525426
Lao PDR,2010,84.7203378916677,6.94116593325336,1.47192872108695,27.4624877401915
Lebanon,2009,90.3978388619092,8.75424197439401,1.34979711881761,26.9210161655957
Lebanon,2010,95.0966529416243,6.92562408092621,0.976748358836896,24.9372585130013
Lebanon,2011,102.139882412503,-0.215990101752055,1.07982379188685,26.8463657489038
Lebanon,2012,88.5455019230591,-0.172272058447192,2.70487296695382,24.7872978801239
Lebanon,2013,86.1743285920565,-5.35004515636365,9.25490649315042,27.6124294369186
Lebanon,2014,79.8171565925627,-7.26145145442744,9.99230472656041,24.9671951418081
Lebanon,2015,71.8390426347811,-1.48529943559267,1.95769583624838,22.2227792570986
Lebanon,2016,67.7236177908116,3.95420458700914,-2.33543749400836,23.1425713718061
Lebanon,2017,68.4554292593276,3.57185811074811,-2.61057116476665,21.787935227326
Lesotho,1991,,5.06906633065643,1.78987959126126,
Lesotho,1992,,5.19238547462368,1.6630030854951,
Lesotho,1993,,1.95754937004924,1.510942325487,
Lesotho,1994,,4.55519517771128,1.35340882923336,
Lesotho,1995,,2.03489246937004,1.22348105728494,
Lesotho,1996,,4.4737795209935,1.06941770060456,
Lesotho,1999,,0.215961480049515,0.259167017289072,
Lesotho,2000,,3.84034989034289,0.0338894483530851,
Lesotho,2001,,3.71996350434441,-0.152817947191406,
Lesotho,2002,,1.0355999970419,-0.30904544946415,
Lesotho,2003,,5.06649512855877,-0.483449852068026,
Lesotho,2004,,2.41103579960742,-0.704216157980622,
Lesotho,2005,,4.42249766024187,-0.920090941162442,
Lesotho,2006,,4.65948787654852,-0.411119833657806,
Lesotho,2007,165.048948833372,3.75025688346649,0.420949997112671,24.9246019342258
Lesotho,2008,161.126590593391,4.81119838923493,0.677229463442686,27.9814428627338
Lesotho,2009,158.894737585637,-1.96870088552072,0.726654299508152,30.538219790262
Lesotho,2010,150.102435487333,4.45925951436652,0.772821659424366,31.3011900430751
Lesotho,2011,149.796606699153,3.69398595274109,0.885634151913232,25.3316425094885
Lesotho,2012,150.208575358438,5.27066659627468,1.00510607755205,35.7205960501896
Lesotho,2013,133.36548975517,0.696148188602265,1.08291299578498,32.6667455053055
Lesotho,2014,126.292475360578,0.557309193389017,1.14032275206417,34.0968182808394
Lesotho,2015,129.722773082867,1.92251059472272,1.17199706979444,30.4366347369568
Lesotho,2016,136.31524774176,2.35363981271321,1.21894302061673,28.7760063691053
Lesotho,2017,146.366771329494,-4.33655999292874,1.24492806980041,22.2056129829322
Lesotho,2018,144.434955465602,-2.67593907523207,1.22069019410404,21.4472792170962
Lesotho,2019,140.51663349168,-2.56925986092637,1.17469837087993,26.7945041312681
Lesotho,2020,141.096605062998,-9.23727005298078,1.18432063043163,26.2646701221778
Liberia,2002,,1.09938923491595,2.60055374367034,
Liberia,2003,,-30.6993530292511,0.79655231018503,
Liberia,2004,,1.4054000654278,1.19050087276777,
Liberia,2005,,0.684612867093762,4.46419976403406,
Liberia,2006,,2.17024627280136,5.58972152870902,
Liberia,2007,,4.21343815918623,4.98055607463838,
Liberia,2008,,2.88473943454363,4.05801806274783,
Liberia,2009,,2.04180167202995,3.14360024630264,
Liberia,2010,,3.07117998186455,2.89605811562763,
Liberia,2011,,4.04086635073222,3.92046987945605,
Liberia,2012,,4.24345556941776,3.53448694358844,
Liberia,2013,,6.3241100027268,2.19827693086756,
Liberia,2014,,-1.37370786861489,2.08217532534285,
Liberia,2015,,-2.06002320038729,2.06297096669961,
Liberia,2016,,-3.54590251888713,2.04312155500225,
Liberia,2017,,0.48341831127135,1.94324776688719,
Liberia,2018,,-0.802290167584516,1.95645231379837,
Liberia,2019,,-4.38160849244818,1.98225492944197,
Liberia,2020,,-4.97470394166794,2.07483340649162,
Libya,1991,64.5963701146866,13.1314809179703,2.20620699142416,13.1121255984857
Libya,1992,56.0580651923278,-4.72396454559389,2.08945197161358,12.1507179540929
Libya,1993,59.7921131590227,-5.64791556146643,1.97785331609755,16.2805400771539
Libya,1994,53.1524029296679,0.0535526200486487,1.8627694303479,16.3308919434133
Libya,1995,51.5917602996255,-3.91035223611419,1.74343085926812,12.1610486891386
Libya,1996,52.5451559934319,0.484583325696249,1.628256686488,15.5016420361248
Libya,1997,48.6324121846067,3.60796474601293,1.53695333635977,12.3612976182062
Libya,1998,40.2527075812274,-4.97934471333424,1.49071733534102,11.9604457698948
Libya,1999,34.8016301090735,-0.74350237690841,1.49314341029578,9.48100203763634
Libya,2000,45.2810937659422,1.97930843294741,1.65322614160708,11.8406285072952
Libya,2001,43.1734496124031,-3.55569593532938,1.84188849101584,10.7461240310078
Libya,2002,78.8597570352145,-2.84267783712218,1.92033997804202,13.5168383822851
Libya,2003,90.6127305175491,10.7838721756603,1.99485254520156,19.358996133254
Libya,2004,96.1293320792401,2.32576943782377,2.06583711688529,11.6389465616944
Libya,2005,90.8608896854615,9.53922388994984,2.10615511958762,9.51658544855648
Libya,2006,97.7381011197381,4.3383026664543,2.05113885258773,21.0482643995738
Libya,2007,102.732315500893,4.06916207450483,2.05506946829407,19.1096779450883
Libya,2008,103.242158045544,-2.26034195363675,2.12409959672873,21.6648129995476
Libya,2009,107.620930501039,-6.37107364350932,2.08315407578494,26.0180306878529
Libya,2010,98.077213074239,2.90736772244718,2.0390577056462,19.8007992326027
Libya,2011,63.0054352895288,-49.1278565212286,-2.4085814162192,8.44242069649716
Libya,2012,98.2243189168448,91.7813702690939,-2.61743182302169,15.2187654168722
Libya,2013,106.334360918106,-19.6276937990081,2.00744391901146,21.6855173162296
Libya,2014,76.5248826381117,-24.5110536856449,1.92631083217923,26.2237211424
Libya,2015,56.9049073326883,-2.43005265175647,1.61383897825773,17.382012837146
Libya,2016,41.1101760615135,-2.98083261952721,1.52399514586306,13.8004674607543
Libya,2017,47.5489661921214,30.3950611263495,1.59519992425695,13.7077561764599
Libya,2018,63.7811335968183,6.20327204937865,1.62332708641058,15.1337630488594
Libya,2019,78.9939691850138,-12.4989174222368,1.47795950725002,13.7553442934446
Libya,2020,50.9757934373319,-30.4001717408883,1.3484498033463,9.44983047721509
"Macao SAR, China",1991,168.524785984471,-1.26343647651237,4.86550957997506,27.6162983608733
"Macao SAR, China",1992,147.122182802011,7.41865020859342,5.3296121741518,32.0299139845325
"Macao SAR, China",1993,134.573890698035,1.5978540685098,3.47100680921818,31.9842271992202
"Macao SAR, China",1994,130.412627639881,0.890556383729319,3.2789822822991,31.985111168614
"Macao SAR, China",1995,125.366036122689,0.141466174619325,3.10160080876396,26.3243204730861
"Macao SAR, China",1996,122.344072480498,-1.8112485513828,1.40710715606357,19.6173085668311
"Macao SAR, China",1997,123.265644140025,-0.804714039124292,0.528593253851375,18.6832525318749
"Macao SAR, China",1998,124.887979200089,-5.70097432319105,1.19105743423909,16.0074496136896
"Macao SAR, China",1999,132.256708202737,-3.52370954037654,1.20043809451493,15.8359452641235
"Macao SAR, China",2000,147.76978681921,4.96128697751081,0.74592420452155,10.3794581271727
"Macao SAR, China",2001,150.023588329221,2.1057298683224,0.763450787404228,9.24118159384526
"Macao SAR, China",2002,152.382640999662,7.78694490504645,1.03176428295007,9.88855116514691
"Macao SAR, China",2003,150.78839554326,10.3346413302596,1.17915198424063,13.6347831345337
"Macao SAR, China",2004,148.903750204961,23.5454528451709,2.47146053547528,16.0689606708674
"Macao SAR, China",2005,136.372221937073,3.78678679303218,4.05140517951681,25.5371349381512
"Macao SAR, China",2006,128.785689078596,7.61914824490131,5.22537622408586,33.5204261683499
"Macao SAR, China",2007,130.670598794717,9.64668162095835,4.31524098841543,36.5478705097145
"Macao SAR, China",2008,126.607131209269,-0.393635324657993,3.73065116368133,30.4045920575905
"Macao SAR, China",2009,113.55459255005,2.37763323141643,-1.05978494919527,18.5036286743591
"Macao SAR, China",2010,119.938411439898,24.6371741633376,0.373134761285818,13.2455224408891
"Macao SAR, China",2011,122.886868700544,18.8340221202044,2.31926463992749,13.7719909836121
"Macao SAR, China",2012,123.711349167944,5.6980527343963,3.27546059752472,14.6458075564532
"Macao SAR, China",2013,121.375076167887,6.28976356008269,4.13923548132925,14.0629589797994
"Macao SAR, China",2014,118.580835443557,-6.73432773895128,4.91199595786127,19.7863412477179
"Macao SAR, China",2015,119.250436813256,-24.3342148018188,3.3531529872349,25.3975906300422
"Macao SAR, China",2016,112.890232741859,-2.16245351057516,1.48219480492074,21.8986528399403
"Macao SAR, China",2017,115.454662557842,10.6136017665803,-0.630334933532746,19.6168290048652
"Macao SAR, China",2018,116.568676845013,4.66426775869004,1.60639880582531,17.2841449919479
"Macao SAR, China",2019,115.23129893555,-4.36234107753577,1.96865626033754,14.1724783202989
"Macao SAR, China",2020,123.43437444297,-55.2935602758164,1.9744268917359,26.1685250836783
Madagascar,1991,35.7567980580415,-9.06534604960984,2.98892403647048,30.6747092543918
Madagascar,1992,33.1576177671174,-1.81843433556932,3.00913797217694,36.093866863912
Madagascar,1993,32.8658889270584,-0.967365507883727,3.0502535632257,37.8751249459515
Madagascar,1994,43.5589179379958,-3.10023435072759,3.10719838973684,32.8728710665706
Madagascar,1995,45.3744915678324,-1.48672600372494,3.16254820979997,8.87091919130073
Madagascar,1996,35.8824601668345,-1.08018694336826,3.2173927391356,9.52611618731957
Madagascar,1997,36.8737477819441,0.372555082381069,3.25505471239561,10.1519133023369
Madagascar,1998,37.3321870147971,0.572337045613963,3.27159813295267,12.2465309420613
Madagascar,1999,40.9244120208063,1.35457204239148,3.24667519014568,12.2933453010977
Madagascar,2000,42.7771226639725,1.19450196549229,3.17297260783499,11.9305464071932
Madagascar,2001,41.0351260923859,2.76590524360817,3.0798984770565,14.5092173370671
Madagascar,2002,50.1816919379298,-14.9882005086862,2.9899935045994,10.9702431408945
Madagascar,2003,34.030602917475,6.61414736438235,2.93067077025108,13.7245656856915
Madagascar,2004,48.7753818852156,2.23191685103676,2.91610861061954,21.1510251154033
Madagascar,2005,59.1300849357677,1.7317720668288,2.92926937068758,19.3271126967742
Madagascar,2006,62.1028389370244,2.34726337803239,2.93769107946479,20.3112680040621
Madagascar,2007,66.7027353570049,2.65309950729227,2.93494950819065,26.5179313396028
Madagascar,2008,74.357353960806,3.62579150838536,2.93532927308935,38.7460962157139
Madagascar,2009,62.4116975958196,-6.7569485520622,2.93604117284744,37.2218957020948
Madagascar,2010,57.8748945101807,-2.26580252727942,2.90919662127516,27.0273897313715
Madagascar,2011,56.4830925951893,-1.26548226968092,2.83965714379658,23.3511667280009
Madagascar,2012,52.6517140811255,0.20064094160324,2.76626312576328,20.1689187861962
Madagascar,2013,56.3675817900932,-0.444341802421619,2.71964840033078,16.5129132506109
Madagascar,2014,61.9694322111234,0.605710119846222,2.68077948175383,16.4906896468032
Madagascar,2015,61.2203788365078,0.445748708056158,2.63948434650119,15.9918879278761
Madagascar,2016,60.8346984831423,1.31063593376801,2.61335935661539,16.3659933895724
Madagascar,2017,65.3434015072915,1.26236994297058,2.60345495087599,15.8063768976943
Madagascar,2018,67.8415046683582,0.542519018708518,2.60334538024635,20.7029752410218
Madagascar,2019,62.6013230457128,1.73013722889858,2.60136633480103,22.6840481290776
Madagascar,2020,49.0107073664371,-9.49182579621846,2.56778870397591,17.7153251099228
Malawi,1991,,5.4346573203748,3.07784774072047,
Malawi,1992,,-9.99229540689642,2.91173826494271,
Malawi,1993,,8.10315787740552,1.45890484790257,
Malawi,1994,,-9.1882192265535,-1.16516040362747,
Malawi,1995,,16.8987563989012,-0.145478657197626,
Malawi,1996,,5.22149204417653,1.97165297305688,
Malawi,1997,,1.73065958671548,2.00642058000582,
Malawi,1998,,1.67311324947686,2.16203188036192,
Malawi,1999,,0.66457828968673,2.33453883328598,
Malawi,2000,,-0.830828162365975,2.39808527580859,
Malawi,2001,,-7.24640554406461,2.41939427546647,
Malawi,2002,,-0.760072947056585,2.44868795908692,
Malawi,2003,,3.09254835285383,2.50311318898405,
Malawi,2004,,2.72895046279207,2.58631203946607,
Malawi,2005,,0.539880654549222,2.67801100189358,
Malawi,2006,,1.85481455109522,2.75507030698051,
Malawi,2007,,6.55134655734449,2.82103771276785,
Malawi,2008,,4.5585561584534,2.90426164632368,
Malawi,2009,,5.17234875360792,2.95642545456471,
Malawi,2010,,3.76961752338009,2.94779608735928,
Malawi,2011,,1.91798932347378,2.91504427220952,
Malawi,2012,,-0.983601161818072,2.87064589887138,
Malawi,2013,,2.46076368480048,2.83808966369485,
Malawi,2014,,2.70386402914775,2.80479012384928,
Malawi,2015,,0.00792518281976129,2.75359183453625,
Malawi,2016,,-0.256367435160101,2.72595787740448,
Malawi,2017,45.3003137160008,1.22138049385239,2.70808949087835,20.2873149467203
Malawi,2018,43.578773489,1.60299745635619,2.67117568591664,21.276061190562
Malawi,2019,44.1954524635798,2.9515101541935,2.65059567621331,21.9119103002645
Malawi,2020,41.0323429397328,-1.82835240679078,2.63573735113183,16.7106351396417
Malaysia,1991,159.311447263255,6.50385099169159,2.8158546560368,37.7904739350522
Malaysia,1992,150.611220981935,6.0401774276111,2.64753082839941,35.3625515987311
Malaysia,1993,157.940462501597,7.11898849226085,2.55845902443816,39.1837113952867
Malaysia,1994,179.904942673986,6.46922820641041,2.54353236939425,41.2020812335965
Malaysia,1995,192.113200253514,7.07315866013809,2.54130598813685,43.6399023701753
Malaysia,1996,181.766982485457,7.2619407567863,2.52310298452386,41.4791985244273
Malaysia,1997,185.66511116237,4.68611382857154,2.48740927032502,42.9730832697528
Malaysia,1998,209.492202808189,-9.60703707579333,2.45609059309708,26.6749751979749
Malaysia,1999,217.570919391949,3.63588919830164,2.38527879909653,22.3820005053796
Malaysia,2000,220.406788982074,6.33603610574379,2.34480241175698,26.8674891484592
Malaysia,2001,203.364636010653,-1.86947729075297,2.40351289519482,24.398219973396
Malaysia,2002,199.356232695655,2.87262555049826,2.41855547054066,24.7773431485884
Malaysia,2003,194.195129056831,3.31466734765901,2.36624571909165,22.7633850643195
Malaysia,2004,210.374265897124,4.34321310786574,2.31172452935085,23.0495646010531
Malaysia,2005,203.854644595624,2.97037127170485,2.26772984873607,22.3964178094036
Malaysia,2006,202.577146840398,3.25940653936949,2.22705351047756,22.7035242231695
Malaysia,2007,192.465506357652,4.01330440274728,2.17350461828888,23.4095349745995
Malaysia,2008,176.668324785148,2.65806478779189,2.09531674831339,21.4583043811993
Malaysia,2009,162.558970452699,-3.45602642616269,1.99206021194285,17.8356949570531
Malaysia,2010,157.944764886771,5.43424070379723,1.87040612656176,23.3865410976414
Malaysia,2011,154.937684607226,3.46597439015295,1.75128008243176,23.1882579658738
Malaysia,2012,147.841754766013,3.69276569143121,1.70269513202166,25.7486213670602
Malaysia,2013,142.720991464873,2.91923259894287,1.70946282045073,25.9371066959614
Malaysia,2014,138.312231176843,4.20447757863825,1.7147407282165,24.9776084262813
Malaysia,2015,131.37007244526,3.28578556272301,1.73319445645586,25.424263277142
Malaysia,2016,126.8990100257,2.62004557566016,1.76731054757933,25.9955119994004
Malaysia,2017,133.155173371956,3.96186564548185,1.76466064017847,25.5473434515187
Malaysia,2018,130.402625502126,3.07401779071937,1.70174731907235,23.8974199608763
Malaysia,2019,123.028562027943,2.75950122381441,1.59646653343981,21.0482403944815
Malaysia,2020,116.788182437638,-6.7093351308522,1.33363323143911,19.6580082281542
Maldives,1991,,-1.63819444838322,3.08414944112238,
Maldives,1992,,3.65640861252177,2.86660285823986,
Maldives,1993,,2.82349343554151,2.62350414564248,
Maldives,1994,,5.19860772460727,2.39588951749495,
Maldives,1995,,10.4205369646215,2.29658684319165,
Maldives,1996,,5.51602988994901,2.19586623197496,
Maldives,1997,,6.22760939649747,2.02250438967603,
Maldives,1998,,5.51760973174864,1.85635292041612,
Maldives,1999,,4.3810051908541,1.70471377146204,
Maldives,2000,,2.14940822069896,1.64706787778788,
Maldives,2001,,-5.53403935759995,1.66955947887464,
Maldives,2002,,5.48472446317076,1.67678289699847,
Maldives,2003,,11.879734886166,1.65789955318333,
Maldives,2004,,4.19516512399211,1.64645534671167,
Maldives,2005,,-12.6312667876355,1.65046635945583,
Maldives,2006,,20.7066430063115,2.39322700867029,
Maldives,2007,,3.62432861281428,3.33024681100438,
Maldives,2008,,5.18657527149283,3.53961652894355,
Maldives,2009,,-11.5265024869526,3.53754131988817,
Maldives,2010,,3.08074681818198,3.53092174013543,
Maldives,2011,,5.0911686527859,3.50821445523557,
Maldives,2012,,-1.08988000428648,3.45705386277423,
Maldives,2013,,3.43150186988382,3.36852336235274,
Maldives,2014,165.97925116043,4.32797689766733,3.33008930667728,27.8611798197388
Maldives,2015,143.720506661302,0.341527920426657,3.45425190846638,31.9049232315583
Maldives,2016,144.380212278942,2.73896015037067,3.47818441091268,39.7662853405846
Maldives,2017,141.912110574952,3.57472677178792,3.3230837355609,42.8197158524795
Maldives,2018,142.491128546618,5.16982903680598,3.18090435033978,48.970177770723
Maldives,2019,137.125230875185,3.71535274800274,3.04593554452725,43.161162875967
Maldives,2020,114.361902904327,-34.8311671109222,2.90711274683574,35.5119966004124
Mali,1991,36.1545833680932,10.4425642458913,1.98540443777679,18.9494292212105
Mali,1992,37.9740349488916,-6.95383565771893,2.01579765286114,22.5855379968407
Mali,1993,35.7839472513242,2.19547279186931,2.08462699306597,17.4095025914143
Mali,1994,44.0605023392665,3.34314408266553,2.15247098778735,23.465328665618
Mali,1995,45.0810713232829,-1.43053165283814,2.1669139807504,26.6200338251497
Mali,1996,38.9934967655238,4.09767423146987,2.15534830365536,22.8369798368974
Mali,1997,45.0487038446352,1.78182832553178,2.27253609178861,24.6381825418764
Mali,1998,39.830245090196,3.98606276193038,2.53261369818345,20.2497864467837
Mali,1999,40.5393029667541,1.83497199806726,2.78016882660174,18.2687685002919
Mali,2000,44.6657609790519,-3.58595570295952,2.91308874187569,17.6850224025008
Mali,2001,49.3239069915403,12.3755665966627,3.00701165563643,21.2264120603594
Mali,2002,46.3529227419891,-0.11560887230587,3.10676861781848,16.6102396163799
Mali,2003,46.8915346664625,6.36163328047297,3.17894001404545,20.4609529647302
Mali,2004,44.0120986422566,-1.75582979396248,3.23794608826987,18.7459932650163
Mali,2005,44.9124085077551,-0.765580835290066,3.27522299158149,16.4623142097926
Mali,2006,49.0190773449704,0.343315236896274,3.2804387949943,21.1808010889535
Mali,2007,46.8977916240376,-1.5313774567599,3.28796078422057,18.8147103700242
Mali,2008,53.6430193090625,0.28826876189116,3.2862188900418,21.5543695857429
Mali,2009,40.5413815805662,2.07458358612229,3.25780569403424,22.267117298921
Mali,2010,48.8166953660615,2.20222024869554,3.2485140091385,23.0142230994493
Mali,2011,43.1814699132908,-0.338811373050731,3.23250831038309,24.1469415013802
Mali,2012,49.4252356223808,-3.91930567411303,2.91998728475051,20.6933650621448
Mali,2013,54.6032439863007,0.317423676118025,2.92078257453733,24.1390637301209
Mali,2014,51.078682187569,3.18909645758293,3.16065691731413,26.625081854981
Mali,2015,53.5751760102265,2.96620762317433,3.1289280097663,24.8949550301917
Mali,2016,53.6126193604252,2.70047363998611,3.16701291267986,27.3161677115008
Mali,2017,49.4919984941972,2.06891771144161,3.18823649379751,25.5449834134051
Mali,2018,50.6998462523276,1.64097526491582,3.1254232369578,24.4943978534371
Mali,2019,53.9987132798636,1.87829272937594,3.01814494306617,26.5074433150938
Mali,2020,56.0415474422019,-4.1067984565496,3.01751361469378,20.6517365321331
Mauritania,1991,55.8168511676471,-1.14237368703381,2.92123792785109,14.6338512824731
Mauritania,2005,88.2350995596491,5.96595714778461,2.42430459268211,48.9053399953357
Mauritania,2006,82.7885012130323,15.4039449102218,2.50658248493226,26.0006568835603
Mauritania,2007,86.0640556779132,-4.48587322919337,2.60052819123955,28.1438610238182
Mauritania,2008,94.1202110004251,-3.15557609857845,2.87480873438379,33.0199276284352
Mauritania,2009,82.0086176018151,-2.98568728628379,3.12899450909418,26.4330171849138
Mauritania,2010,93.4207451334608,-0.603277391963445,3.19159403639576,32.2510831347375
Mauritania,2011,98.485329604158,0.846509288912657,3.24512473547367,38.6535658588818
Mauritania,2012,110.788122743421,1.11502444521069,3.26413503920642,49.1668225188386
Mauritania,2013,102.398824183169,0.935521308544125,3.135806545909,47.5574424488877
Mauritania,2014,91.610371363604,1.18070235725725,3.01218949095495,41.7967195897633
Mauritania,2015,77.3467864944966,2.25580164537985,3.00605924056849,38.4614769908791
Mauritania,2016,73.1532616736712,-1.72979667450247,2.99795842489143,31.2776418660843
Mauritania,2017,78.8149801833884,3.14237147997393,2.98778789331469,37.8824922383055
Mauritania,2018,89.1467294935148,1.70257047246483,2.97356403059489,46.4331362118471
Mauritania,2019,93.4866941351317,0.139308524548838,2.95347297852629,40.0113579283691
Mauritius,1991,126.648911355451,3.31416639957489,1.07946362530249,27.8468258956405
Mauritius,1992,120.232699481499,5.12044441463986,1.31574311449685,28.6807204786962
Mauritius,1993,120.896356052865,3.84362800083515,1.18554061440712,30.1338286202766
Mauritius,1994,120.560175858082,2.68832851665618,1.40006449419438,31.3570890735194
Mauritius,1995,118.148720557781,3.39477636345491,0.859933461061684,25.2406484626794
Mauritius,1996,126.159212478576,4.51343261386261,1.02276454116174,24.3508308483947
Mauritius,1997,126.107505043338,4.37241713991033,1.25209760994193,28.9983460324586
Mauritius,1998,130.442832961932,4.96251942601155,1.05142162473208,25.4361341581941
Mauritius,1999,128.954991253643,1.31474866707563,1.27124855157122,26.3498149680411
Mauritius,2000,120.687648773646,7.14471594691584,0.982676166064297,25.6366228937284
Mauritius,2001,128.05457898019,2.5342628530189,0.790047581068153,20.4553975656282
Mauritius,2002,118.230470380251,0.911910216881267,0.694240135210974,21.7589512568517
Mauritius,2003,108.655579313428,5.16167044757961,0.723661765578573,23.3646604962179
Mauritius,2004,107.027698267505,3.67780930188448,0.627103982385528,24.0688056418522
Mauritius,2005,121.608743996836,1.17669908705346,0.592099659929956,22.3668917324186
Mauritius,2006,124.782280192468,4.37758682090856,0.466403525955087,25.1830348660985
Mauritius,2007,118.624058148821,5.24649696534381,0.455526400702738,25.585558474828
Mauritius,2008,113.492663899724,5.00653905530841,0.361630847401639,25.0020821476659
Mauritius,2009,102.458019804655,3.04110046320396,0.265537672832765,23.4177215189873
Mauritius,2010,111.508202075575,4.12919884822152,0.237886692890185,26.7282315985642
Mauritius,2011,115.552473002804,3.91100124069837,0.160140420765724,23.620010739216
Mauritius,2012,117.447639083027,3.20949947880025,0.277321025514609,24.0434130852371
Mauritius,2013,136.552117959236,3.11040555437714,0.242165626741126,21.2822749430924
Mauritius,2014,135.099064765426,3.63919007388208,0.181022097854624,18.8434092990307
Mauritius,2015,133.135069083677,3.55335696562737,0.132404330287967,17.2696292161448
Mauritius,2016,126.310008998042,3.79113070734437,0.0687082325715694,17.0515093773708
Mauritius,2017,126.964059884888,3.84430800639895,0.0901672663767558,17.4349834928399
Mauritius,2018,123.538984386544,3.9500354872734,0.0545354541381391,18.5929173028616
Mauritius,2019,127.940899064133,2.85812532389771,0.0322330642925213,19.1587201983377
Mauritius,2020,121.12522550435,-14.5484955921362,0.00229068020969373,17.9660771142475
Mexico,1991,35.7865351574196,1.99270147824622,1.92579327419213,23.4262767281749
Mexico,1992,35.553495904112,1.6256225611147,1.89386319441602,23.3205990261669
Mexico,1993,26.1631235736702,0.978743803735597,1.8526849091274,22.6240306711262
Mexico,1994,29.1584721341582,2.51651622705648,1.81495080594105,24.3372579448117
Mexico,1995,43.6658317263397,-7.570493728271,1.78023269604442,19.311543363515
Mexico,1996,47.7678235339067,4.39127291010242,1.73503044582092,19.7376269610509
Mexico,1997,46.4918755715735,5.4105352178055,1.68231791926668,21.1460171251619
Mexico,1998,48.0318841400179,4.45852674996333,1.63934798033611,22.8039516150861
Mexico,1999,48.0122495761105,1.12511671046124,1.5989280275378,22.2434377526015
Mexico,2000,49.9104091872497,3.42140514214798,1.54272528221216,22.2649246086997
Mexico,2001,44.7401090123173,-1.9162965888934,1.48303091731143,20.2738215598554
Mexico,2002,45.209829259652,-1.66063053524651,1.43770526775457,20.4084256272915
Mexico,2003,48.700416880838,-0.219450145073267,1.398263627903,20.8808458699197
Mexico,2004,52.0406200335632,2.16106229645384,1.3653083154997,22.0461782270566
Mexico,2005,52.5626446517886,0.745413251973147,1.34857895792648,21.5221459698375
Mexico,2006,54.4821160886169,3.39577677542312,1.35374920696209,22.5641029454858
Mexico,2007,55.2585243944498,0.650788700685027,1.40789058424163,23.071914687527
Mexico,2008,56.3652818862573,-0.519889925183975,1.46015632826518,24.1213158858044
Mexico,2009,54.5917421313503,-7.65517173118076,1.4619172053372,23.2592508057594
Mexico,2010,59.2733845293851,3.47084287436401,1.43974472572946,23.3314894102504
Mexico,2011,62.1623872764498,1.99026327799889,1.41534883852036,24.2517581318792
Mexico,2012,64.2579318900113,2.1573183045698,1.35716327923769,24.3777390617044
Mexico,2013,62.6916747735807,-0.447810738278491,1.29730808025224,22.6807316074935
Mexico,2014,64.0984090351215,1.27091420531951,1.21002702971431,22.2932759800089
Mexico,2015,70.412974676264,1.60971010585429,1.06956376155677,23.7361297440288
Mexico,2016,75.6903034088551,0.790955216102532,0.969124204799117,24.3433923355958
Mexico,2017,76.9521260407254,0.923425358691205,0.935239396499786,23.8923507095274
Mexico,2018,80.2126616568975,1.01136621686764,0.9466023549862,23.47749306333
Mexico,2019,77.4619722571128,-1.33462176883367,0.950144329831411,22.1485426373991
Mexico,2020,76.8545557056016,-9.10287154605422,0.820454117563552,20.2366593506907
"Micronesia, Fed. Sts.",2000,91.8922118499105,4.28467728576419,0.325401227572671,
"Micronesia, Fed. Sts.",2001,97.2977821855715,1.52926595820708,0.286084977816685,
"Micronesia, Fed. Sts.",2002,91.7298643988442,0.369093335060285,0.0738391496676066,
"Micronesia, Fed. Sts.",2003,96.7006160347744,1.91049095050437,-0.145061053412724,
"Micronesia, Fed. Sts.",2004,95.5259430197585,-2.87900085675574,-0.321127790347554,
"Micronesia, Fed. Sts.",2005,94.3453577773088,2.7852421462828,-0.459396250703375,
"Micronesia, Fed. Sts.",2006,97.351580508194,0.416615570124208,-0.614926692700671,
"Micronesia, Fed. Sts.",2007,100.789149581242,-0.964331358842145,-0.769691346591573,
"Micronesia, Fed. Sts.",2008,111.186554275186,-1.73931186268365,-0.862830740479894,
"Micronesia, Fed. Sts.",2009,111.048565106106,2.01527053940008,-0.902755412822123,
"Micronesia, Fed. Sts.",2010,108.037859484793,2.46196280881719,-0.387012831252087,
"Micronesia, Fed. Sts.",2011,108.539986244713,3.63146339591056,0.146814250624888,
"Micronesia, Fed. Sts.",2012,113.059773722122,-1.86916426162232,0.178117567546797,
"Micronesia, Fed. Sts.",2013,114.766672350061,-3.88222427731633,0.213878078483849,
"Micronesia, Fed. Sts.",2014,107.645357374787,-2.83295569738213,0.254021760761961,
"Micronesia, Fed. Sts.",2015,107.681127672467,4.1262434088662,0.294778945170204,
"Micronesia, Fed. Sts.",2016,102.769230769231,0.61049232202113,0.329674160226437,
"Micronesia, Fed. Sts.",2017,103.342618384401,1.79684086925374,0.371529920950747,
"Micronesia, Fed. Sts.",2018,103.571428571429,-0.389413059895006,0.390173246703998,
"Micronesia, Fed. Sts.",2019,95.6852791878173,3.72960377273995,0.338797095962346,
"Micronesia, Fed. Sts.",2020,85.0087703843389,-2.2349823183628,0.573243642479669,
Moldova,1992,,-29.0857055867621,-0.0201592243976584,
Moldova,1993,,-1.0340366120968,-0.167838142610697,
Moldova,1994,,-30.6852291224891,-0.310329995862598,
Moldova,1995,128.016386523173,-0.947765202549817,-0.457606401290052,24.8766959657948
Moldova,1996,129.237536040111,-5.68841796095853,-0.200220624729015,24.2453602805595
Moldova,1997,127.560400247842,2.02368735233713,-0.369835352113778,23.8135466343687
Moldova,1998,116.803124451539,-6.50442976428336,-0.0403975726076274,25.8731282982353
Moldova,1999,117.527935193889,-3.21641326739017,-0.157010551960425,22.8835502404973
Moldova,2000,126.163100130478,2.31558560482232,-0.203371722054682,23.9469590858874
Moldova,2001,124.500739599353,6.33753269392803,-0.223625637302563,23.2823598271446
Moldova,2002,129.839525501535,8.04993224916466,-0.231580062051396,21.6601824678981
Moldova,2003,140.056529925052,6.90061128351323,-0.281602495320467,23.1775987544806
Moldova,2004,132.69906968032,7.66608705336095,-0.247447154059097,26.3591502247752
Moldova,2005,143.023568469138,7.76188624467986,-0.243318711825946,30.8255630510995
Moldova,2006,137.154763819994,5.09166801572276,-0.277922768195992,32.7480806184922
Moldova,2007,142.720539023021,3.238946835622,-0.231718324871942,38.1055549316863
Moldova,2008,134.4216013477,8.00539195483559,-0.190349156188775,39.227918692985
Moldova,2009,110.363326850495,-5.88123771461969,-0.12626339171085,23.1418973846398
Moldova,2010,87.9378518951573,7.20697461136707,-0.0998329740168972,23.8517865932859
Moldova,2011,98.6175965326556,5.87938512338968,-0.0578362648793712,24.0486714251096
Moldova,2012,96.3064098336294,-0.576700868382531,-0.0131095435392298,24.1985192443336
Moldova,2013,95.6872968332383,9.0730755766005,-0.0267837694756349,24.9382002000225
Moldova,2014,94.2282919690928,5.06366581042911,-0.0609720602101012,23.7825706600568
Moldova,2015,88.9664154565323,0.429158887977096,-0.767049559673864,24.0620907895527
Moldova,2016,89.0046837188671,5.87017576429136,-1.16302237797705,21.9868853235417
Moldova,2017,88.6233902754378,5.99041199822246,-1.72705846625605,21.9389542125047
Moldova,2018,87.4467874275648,5.92036718190722,-1.75700442074845,26.5918106703471
Moldova,2019,87.6322371148906,5.22280984962049,-1.60031653578231,25.1036618823408
Moldova,2020,79.265722119158,-7.26326976771907,-1.09803165876287,23.8644443526077
Mongolia,1993,129.742059708532,-3.04982824808563,-0.122780957606697,21.0659575413413
Mongolia,1994,99.1572950855527,1.00243035352044,1.11448441138802,19.0665976685934
Mongolia,1995,82.1036587592106,4.67675252336375,1.61069462565483,26.784995815134
Mongolia,1996,77.9740756901741,0.671279562919665,1.54144516833781,26.2010287581871
Mongolia,1997,99.9914490021753,2.43497398038362,1.41690699648118,25.0346861382196
Mongolia,1998,107.351210779428,1.9142707948799,1.38919318660692,30.4655243154493
Mongolia,1999,112.241338547745,1.62700695420628,1.41026329390347,31.6881228223749
Mongolia,2000,121.886609754208,-0.187391049653314,1.32711144076984,29.0107404848956
Mongolia,2001,115.81832687888,1.69858502304278,1.22563721499933,25.173949785278
Mongolia,2002,118.517253113943,3.39545599901953,1.28530335948394,24.6417075952243
Mongolia,2003,120.299393514881,5.65230856172873,1.27185524409713,32.2627884248842
Mongolia,2004,131.329318233554,9.38888056764907,1.12405283429406,31.1831570262103
Mongolia,2005,122.381459889773,6.06987814990435,1.10986290557005,37.528559156119
Mongolia,2006,112.929983096983,7.25546356240756,1.20548331364776,35.8851879544863
Mongolia,2007,117.880426425377,8.77843828826261,1.34193846720281,38.7051385960366
Mongolia,2008,121.198013401183,7.19669912596376,1.57679522082476,43.5661414829151
Mongolia,2009,107.813757166177,-3.02646374326369,1.79649232006396,34.3709459159075
Mongolia,2010,103.350031656557,4.52004039651671,1.74992683110286,42.0869542882428
Mongolia,2011,126.999228633482,15.2830434931644,1.7265777901103,58.1507247959228
Mongolia,2012,109.588564338415,10.2081460867694,1.89795214519602,55.8986192180437
Mongolia,2013,100.311989662943,9.36487841658389,2.06694708057063,53.2757084028233
Mongolia,2014,109.322311877187,5.5513088464518,2.18707605433318,35.1752976434075
Mongolia,2015,89.653663477814,0.223539088154311,2.12866951701474,24.5138485191018
Mongolia,2016,101.055237224997,-0.547071462431205,2.02736957640078,22.6294099437432
Mongolia,2017,115.932901867963,3.6220070103727,1.92577883760149,27.4062542965908
Mongolia,2018,126.355873241513,5.75427016552706,1.86480192831175,39.3779275132102
Mongolia,2019,124.396514621165,3.67988421239794,1.8371507310985,35.591845156927
Mongolia,2020,112.838647629317,-6.26542378289111,1.80542008661223,22.3835976647751
Montenegro,2006,118.177129375183,8.43155401049704,0.12429981279666,23.6547243870948
Montenegro,2007,128.844214152476,6.98968425407895,0.138110347731053,34.4986756450316
Montenegro,2008,132.48054069386,6.70904934455439,0.177475866720179,40.8364739584696
Montenegro,2009,99.8255760432413,-6.19590190743681,0.214529295893828,26.6711101832825
Montenegro,2010,98.8684992495822,2.58744435496348,0.183239906425096,22.2701240129796
Montenegro,2011,106.752728264703,3.25692677248162,0.147930333573243,19.1045005763001
Montenegro,2012,108.779987603414,-2.65570357284696,0.172818849821581,20.0742817028936
Montenegro,2013,103.785966371179,3.1920026066844,0.187941422115648,18.8466986569303
Montenegro,2014,100.438431458711,2.18041940678877,0.185665017136334,19.4950094143958
Montenegro,2015,104.12510886943,2.37419874424694,0.145306599207243,19.7357949684861
Montenegro,2016,104.135954584294,3.32318817615919,0.11231965238542,24.9598939884942
Montenegro,2017,106.711366689116,3.11297073146422,0.100532639617139,28.6467194795715
Montenegro,2018,111.098935509174,4.65668340285264,0.0728190255904537,31.3513275722887
Montenegro,2019,110.0161238696,4.34144828521134,0.0502716675485305,30.9122493495261
Montenegro,2020,87.8612027134909,-14.970505034482,-0.0260104378320954,30.0875172767022
Morocco,1991,49.7792954766494,5.37416537843612,1.72232725594236,27.3221610641672
Morocco,1992,50.2633161845725,-3.71287726230331,1.65347397517767,27.7103685909534
Morocco,1993,49.668456614101,-2.3082713662061,1.58233207878875,26.474195560737
Morocco,1994,47.3135537325048,8.93493014775943,1.49661980506301,25.6674729824651
Morocco,1995,51.7150253841236,-6.85093735561554,1.52142282241445,25.3939420349467
Morocco,1996,47.0955434479783,10.6261769917233,1.53619606424248,24.4714406112807
Morocco,1997,51.1501546486104,-3.05848049935375,1.5002842238488,24.9216637673309
Morocco,1998,45.6723595943991,5.6191020810503,1.48926290977857,24.999620047703
Morocco,1999,48.578876486646,0.193527268702582,1.45749048336448,23.2448568962671
Morocco,2000,53.4403058388785,1.11923449171742,1.40392630100829,23.8068463049384
Morocco,2001,53.4915710187871,6.22462901700752,1.36697144784375,24.8603718465594
Morocco,2002,54.31012791421,2.33486055707684,1.32213816814169,24.4137992922944
Morocco,2003,52.3318582669923,4.79759279351288,1.27031081599857,26.0506060390894
Morocco,2004,55.5516384744536,3.20713471239438,1.28219021585352,27.8984050253427
Morocco,2005,61.4938276863235,1.78494971981462,1.34347301576107,27.4168142643006
Morocco,2006,64.6721977787154,6.31205425044466,1.35136550551358,27.9527831008725
Morocco,2007,71.3496467796657,2.03302704420354,1.34058101398506,30.8038848648652
Morocco,2008,77.8344716425602,4.24978033517071,1.33869604527126,35.5127958030057
Morocco,2009,62.3709560152269,2.34392549842086,1.33260098178586,32.1852748633952
Morocco,2010,69.541979610144,2.07976488720576,1.35274286216317,31.4907166374774
Morocco,2011,76.8258714906247,4.06561020586629,1.36305168989377,32.9462436922694
Morocco,2012,78.2221018956072,1.66384638357194,1.3359712863904,32.1793544302158
Morocco,2013,73.8577565315318,2.7578648778037,1.28781015302784,32.0046200923723
Morocco,2014,71.8935667539398,1.43852495314533,1.22723874148544,30.7742542343433
Morocco,2015,67.2886759253849,3.10634719191513,1.17075639938741,30.1771882324678
Morocco,2016,71.1226603816864,-0.693616602037565,1.19450726277516,31.9579912798641
Morocco,2017,74.1733578786573,3.78371209116371,1.20034336418867,31.658071451264
Morocco,2018,77.2548875243989,1.91410663270995,1.1036421008163,32.1395672992051
Morocco,2019,75.9981158798422,1.81642055572905,1.03022315933698,30.594933523466
Morocco,2020,68.8438033904364,-8.13866950405836,1.02565486360782,28.7769734233308
Mozambique,2005,72.0092609780982,3.88124108732595,2.31300566720779,25.3698573633999
Mozambique,2006,67.3498976872689,7.35938789849386,2.3486041998682,23.9349486697295
Mozambique,2007,66.1203821840516,5.11813481404295,2.37944111058302,22.3504915090903
Mozambique,2008,64.981416499828,4.27502296305138,2.46564120587285,22.0302459322751
Mozambique,2009,67.898572768141,3.21964861492762,2.59095643753164,19.7560524022268
Mozambique,2010,73.8373532681892,3.86194568743883,2.67685903538336,23.195521262122
Mozambique,2011,84.4062119333019,4.19033881987379,2.78615253564474,29.4060839527514
Mozambique,2012,105.934588060511,4.93805479095479,2.87101074780924,50.5904295928331
Mozambique,2013,109.38537659913,3.53500457192386,2.89055494992619,56.3958108944659
Mozambique,2014,116.356855242217,4.62514159794316,2.89895498583923,53.6431747577994
Mozambique,2015,98.7612036510901,4.32231286612486,2.90106067133475,42.245787501845
Mozambique,2016,110.394358201481,1.67319789859388,2.93066434696089,46.2803958702032
Mozambique,2017,105.745640702087,-0.38371430909207,2.98845927899068,32.2043068430655
Mozambique,2018,124.607457525372,0.445674338631605,2.98089902972538,45.9807658182121
Mozambique,2019,105.591171401921,-0.646283515954551,2.9397415898529,40.8461199313593
Mozambique,2020,99.906146051979,-4.10527399484737,2.96490034295304,44.8266764679686
Myanmar,1991,,-2.06950928482055,1.43848109338153,
Myanmar,1992,,8.17152631473792,1.36750903862328,
Myanmar,1993,,4.62881857490504,1.33917937317586,
Myanmar,1994,,6.06541834448598,1.32297300734248,
Myanmar,1995,,5.56695024355048,1.2997864871869,
Myanmar,1996,,5.08730337678504,1.28154909567186,
Myanmar,1997,,4.31262080345346,1.27543675227322,
Myanmar,1998,,4.55299760975552,1.24820598731574,
Myanmar,1999,,9.63242064027712,1.1902615071828,
Myanmar,2000,,12.482374612359,1.11707426022512,
Myanmar,2001,,10.1756123569494,1.05489130356671,
Myanmar,2002,,10.9072271265814,1.00325836797547,
Myanmar,2003,,12.7839447542935,0.93550676889734,
Myanmar,2004,,12.5957538910265,0.856837524813252,
Myanmar,2005,,12.6841326603106,0.78215232398828,
Myanmar,2006,,12.2555240244746,0.728331835978341,
Myanmar,2007,,11.2004378218927,0.708807824555326,
Myanmar,2008,,9.64981113277751,0.550688224031359,
Myanmar,2009,,9.93736426370333,0.555720175554536,
Myanmar,2010,,8.82058943535873,0.745099607969388,
Myanmar,2011,,4.74658078594661,0.803379211413432,
Myanmar,2012,,6.43324807639843,0.841507088171189,
Myanmar,2013,,7.50873881521075,0.849578652965248,
Myanmar,2014,,7.27568618509038,0.830118073348831,
Myanmar,2015,,6.13960007817474,0.800670952631538,
Myanmar,2016,,5.02652118853597,0.792792538685626,
Myanmar,2017,,5.31957403505668,0.772302033467657,
Myanmar,2018,,5.50179746363222,0.72443284342539,
Myanmar,2019,,5.83309474734135,0.702425162747352,
Namibia,2003,95.9524743817213,2.74512795300122,1.44425237074387,19.3882824399724
Namibia,2004,81.8622605916543,10.8464095671906,1.27571138513782,19.0604614572453
Namibia,2005,80.6803802939816,1.25193634526472,1.25364169808749,19.669813393528
Namibia,2006,86.8339693259998,5.71286099626298,1.27859222127371,22.2120214706566
Namibia,2007,104.979303758915,3.97963640998429,1.3321269140493,24.0613337128992
Namibia,2008,119.644498184785,1.22288329166788,1.39984615902945,27.4739234636227
Namibia,2009,123.762844292976,-1.16873879710282,1.47115601688196,26.1159251664954
Namibia,2010,108.072477173606,4.40996877603639,1.54841464345813,23.7799989593426
Namibia,2011,102.189147754138,3.30348908465837,1.71587072736176,22.0540088688971
Namibia,2012,100.2134087743,2.74809367129893,2.22673258326321,26.7226689596707
Namibia,2013,97.7249042303832,2.90208375663774,2.60198589808047,29.3954197576571
Namibia,2014,103.080137009254,3.35635017944713,2.61288080068243,34.7765509650404
Namibia,2015,97.2390317873478,1.53445826192009,2.65295870908636,30.5564396891943
Namibia,2016,93.966187960162,-2.62833210419717,2.69727890929136,22.0299428254904
Namibia,2017,81.2196661011436,-3.69773452685817,2.73527353433315,17.7664956160323
Namibia,2018,81.7138652963804,-1.70342664632669,2.77246337174234,14.9163471003735
Namibia,2019,82.9011507426355,-3.57649160039189,2.79932223646079,15.3291127102813
Namibia,2020,76.9252424036465,-10.7372931134497,2.91019887709682,13.9292034235476
Nepal,1991,34.6750551287954,3.65047375085233,2.58817841764484,20.2534712966777
Nepal,1992,41.6954131372025,1.21094958738936,2.82065681366559,20.7046617738733
Nepal,1993,47.1895811750777,1.05282878357509,2.73026688257275,22.5708951400827
Nepal,1994,50.432072744791,5.53859144431293,2.50525729621082,22.4035489180617
Nepal,1995,59.49051839854,1.01279328094282,2.40195786457922,25.1994981179423
Nepal,1996,58.4577686983002,3.02911523214613,2.20703682810923,27.2050877214127
Nepal,1997,64.0355348949959,2.88786824199163,2.07834822711058,25.3407150470745
Nepal,1998,56.7096012897007,1.01136751517303,1.96550365283425,24.8393691103392
Nepal,1999,52.5669812534353,2.48732085355503,1.86110099800161,20.4835163550036
Nepal,2000,55.7105890041319,4.37721035459148,1.73127486408485,24.3148663462349
Nepal,2001,55.7999210803706,3.11851050390348,1.61738284845393,22.3430462169922
Nepal,2002,46.2307185004451,-1.39074360828988,1.52057612057996,20.2462111730944
Nepal,2003,44.2478836156195,2.48926345447566,1.41042300664335,21.4093789298114
Nepal,2004,46.1472867206087,3.36324782625996,1.26834840063401,24.5311495689792
Nepal,2005,44.0629474798613,2.32754534491777,1.11915460082368,26.4511581033301
Nepal,2006,44.7619877569242,2.36866119233534,0.968206396130087,26.8519028137059
Nepal,2007,44.5792750200254,2.55045520091535,0.83618340426827,28.6852507532697
Nepal,2008,46.0362063511913,5.31231494291112,0.749540559520267,30.3156469991099
Nepal,2009,47.0794477633688,3.82909610583356,0.675732337813135,31.6743770945651
Nepal,2010,45.9849057742707,4.16886489216166,0.619710468212554,38.271206448162
Nepal,2011,36.296758890097,2.96035780817019,0.447181720951167,27.8102444789254
Nepal,2012,37.921906058758,4.40244630730626,0.256079255262795,28.6027052400212
Nepal,2013,41.8653757376722,3.31847430980025,0.199840751964584,29.6766090195384
Nepal,2014,45.9826416115927,5.69591211662627,0.298119921280857,30.9860882268693
Nepal,2015,46.6657303895158,3.4108030002933,0.545118124856758,31.2774348208688
Nepal,2016,42.115486124737,-0.0405110299060141,0.472697719209503,28.2409991995242
Nepal,2017,44.6424106224996,8.76020605401564,0.199389989212823,37.3250540060946
Nepal,2018,48.4473869461067,7.36009731523737,0.244000280298262,39.5478003355175
Nepal,2019,49.2495265874454,5.40192160337148,1.18377302604311,41.3787409108185
Nepal,2020,40.9188741243442,-4.23182776858643,1.92583106605859,30.4402815098213
New Zealand,1991,54.6355654428897,-5.76868280785115,,17.5444600945147
New Zealand,1992,59.2340588498117,0.0461709248823894,1.04173538422176,18.6659858300887
New Zealand,1993,57.553650605971,5.18530911444842,1.14023110662887,21.2249482707656
New Zealand,1994,58.8145695364238,3.7312097203412,1.32923733494336,22.5816777041943
New Zealand,1995,56.9142524626959,3.19974240620451,1.46436378746179,23.6533106114136
New Zealand,1996,55.1161709577551,1.98496136384595,1.58266192727998,23.1451716600231
New Zealand,1997,55.2468635214425,0.748379237952108,1.31235828649882,22.9289700901589
New Zealand,1998,57.8960178233763,-0.0325316016859745,0.887279888633483,20.8114129519031
New Zealand,1999,61.4012311333669,4.82543761135132,0.525484536213216,23.2325640957705
New Zealand,2000,68.5169268768932,2.26739583876633,0.587564086381346,22.0345630387436
New Zealand,2001,67.2338243520418,2.80339857456191,0.589286034969052,22.9520169059606
New Zealand,2002,62.6559945554479,2.9101304553614,1.73717486434422,22.7465398243836
New Zealand,2003,57.914769345753,2.68143475144709,1.97355854434158,24.128385766287
New Zealand,2004,58.7995522745359,2.55242862499898,1.48621908244575,25.2816076708571
New Zealand,2005,58.0187434407163,2.19286668317011,1.12877350967992,25.4208681883182
New Zealand,2006,59.6032650403479,1.53451584031141,1.21898486028427,23.7593311783447
New Zealand,2007,58.4251605749091,2.09997633054701,0.932407687512324,24.7759451018626
New Zealand,2008,64.2611448527979,-1.85355347358967,0.848701402422591,22.9039037931743
New Zealand,2009,55.0143501856026,-1.03184078096996,0.999728031208421,19.926477761063
New Zealand,2010,58.1047406012087,0.336940895877831,1.1117260560215,20.3756573267404
New Zealand,2013,55.9861241102171,1.80431778832353,0.768347998194806,22.1773812692661
New Zealand,2014,55.0986550961851,2.11605987877432,1.66101200071152,23.059728219927
New Zealand,2015,54.851331734287,1.60054496622324,2.0360339086492,23.1953014645751
New Zealand,2016,52.4062478142589,1.47418017961533,2.24603210015584,23.1657261077796
New Zealand,2017,54.1432970416804,1.24183177643995,2.08872272281936,23.70401682613
New Zealand,2018,55.7664814899437,1.6336762235868,1.79124016759035,23.9860432020994
New Zealand,2019,54.4542971758367,0.882643007578949,1.41225538599445,23.7676954815243
New Zealand,2020,43.9772422862431,-2.31391634084866,2.03338779187545,23.1117429315929
Nicaragua,2000,61.2984974600022,2.67944162568968,1.3755333704478,26.6547531947905
Nicaragua,2001,57.9801315472268,1.64157183542785,1.28961325996451,24.3069078331637
Nicaragua,2002,58.0912844080785,-0.460685992278769,1.21286138243943,22.4323122258435
Nicaragua,2003,62.1750658877514,1.31955360750133,1.1785630920639,22.2505089888938
Nicaragua,2004,67.195316780004,4.0749066715682,1.18180960798577,24.1110027775569
Nicaragua,2005,71.6457237072991,2.93169257880047,1.30369984372022,25.8852137273664
Nicaragua,2006,87.309670832079,2.67777444612834,1.42647684672934,28.2526153890838
Nicaragua,2007,93.025730229333,3.57801456385216,1.43621553103677,31.3040549268068
Nicaragua,2008,96.7939847302055,1.96391791132177,1.43313226086457,33.6019904976752
Nicaragua,2009,86.9936104453444,-4.66051140515347,1.42451653487476,23.2004558310499
Nicaragua,2010,100.364058423919,2.9388092403868,1.41916789623706,24.8398681398148
Nicaragua,2011,111.827453935999,4.82579847166105,1.41223292768918,30.9826454263625
Nicaragua,2012,115.177288474198,5.0120845551519,1.40332726881517,31.0116770587447
Nicaragua,2013,110.984207880382,3.47943447123747,1.3892875213501,30.9047521156944
Nicaragua,2014,106.698200190796,3.35791289379488,1.37171758610881,28.8793454871994
Nicaragua,2015,98.194164594236,3.37914204919937,1.35767667855894,33.4766376040407
Nicaragua,2016,93.8137278130087,3.16650951067395,1.34468900607336,31.2003868955466
Nicaragua,2017,96.3805864351182,3.24691576299918,1.33184988677682,29.9154305259361
Nicaragua,2018,93.9847404925404,-4.62941675714166,1.31878207820366,24.0746137195471
Nicaragua,2019,94.0422159246213,-4.14856907147293,1.29742127419157,17.831076630152
Nicaragua,2020,88.6381231228968,-3.4517971097024,1.25084741191992,20.3366366143416
Niger,1991,30.336179238057,-3.47795488612833,3.0994180029753,12.0903747791133
Niger,1992,28.7066499462238,-1.13103705292642,3.11848225510655,8.50126215541979
Niger,1993,26.098937648296,-2.79968693637561,3.16076464061933,6.5313439333274
Niger,1994,33.6425286170597,-1.36907813994121,3.21632398923127,12.9826219518429
Niger,1995,34.7775356997428,-0.878404477406505,3.3098246971535,12.033346265753
Niger,1996,36.539997643493,-3.19125592898469,3.34376645351566,14.6672771049093
Niger,1997,33.1743453903346,-1.78818258744471,3.32029101351841,13.6301846813521
Niger,1998,35.0196895457842,6.31303577624729,3.38434700775298,14.6266294101088
Niger,1999,31.3752367245391,-3.59420117545913,3.4405793301062,11.1995269286568
Niger,2000,34.7127807043604,-4.57504226731116,3.46716382832898,13.1422096449305
Niger,2001,33.0136670843015,3.56959177749576,3.50878624306039,13.7924282479468
Niger,2002,30.8343857497549,1.27795509678579,3.53148102432579,14.6260219197075
Niger,2003,33.3827931416238,-1.40492633289823,3.5622769230714,13.930300225432
Niger,2004,36.9641044464896,-3.18333778722413,3.59824904350361,12.4971525069023
Niger,2005,38.3477418070736,3.50589535528762,3.62970414217364,19.3354300345284
Niger,2006,36.5313731842429,2.12703436992842,3.65709371425878,19.8084879016599
Niger,2007,35.5028028471007,-0.585038841788489,3.68110827846052,18.9137733233404
Niger,2008,39.7112440540383,3.81608288917157,3.70203244818704,26.4435525343116
Niger,2009,49.5122567031625,-1.75785643451498,3.71708044318123,28.4722719649335
Niger,2010,51.9459863027627,4.60766589552573,3.72535077368531,32.6404605165102
Niger,2011,50.2463951569345,-1.38136228282855,3.72138303234104,31.613128828242
Niger,2012,45.08596447308,6.45537638540985,3.77324639644684,29.3142436915252
Niger,2013,46.2951491493291,1.43045373805732,3.75837207594511,29.7124814690798
Niger,2014,45.7416008365932,2.77949866185601,3.6892808045974,31.1100819925506
Niger,2015,44.727430371186,0.604320140159473,3.69640590007582,32.3568228692158
Niger,2016,36.4881092245519,1.92620628769158,3.67426137513091,27.5210696310413
Niger,2017,39.0711117370149,1.33285572403285,3.56007044831691,26.0152521380461
Niger,2018,37.5388483992356,3.57478885227313,3.45088050525461,28.9187722247215
Niger,2019,37.1025664250801,2.43270218960372,3.36654855482346,30.6723209374769
Niger,2020,35.5129906570841,0.189464640804786,3.29977391625444,28.4897323087862
Nigeria,1991,,-2.25751903462209,2.64110316371064,
Nigeria,1992,,1.92006635002696,2.62528760714312,
Nigeria,1993,,-4.59723301462516,2.65014775362862,
Nigeria,1994,,-4.37439193637937,2.64135723468862,
Nigeria,1995,,-2.6729475916287,2.63662927453146,
Nigeria,1996,,1.50723164585267,2.61429682326517,
Nigeria,1997,,0.292131866739084,2.60308705392213,
Nigeria,1998,,-0.0648532095970893,2.61337639810203,
Nigeria,1999,,-2.03256096941413,2.63592921799734,
Nigeria,2000,,2.24461411109775,2.67439784501828,
Nigeria,2001,,3.07926731844439,2.7163954653619,
Nigeria,2002,,12.2103862832199,2.74147056608815,
Nigeria,2003,,4.42833467516175,2.75673506428828,
Nigeria,2004,,6.26527336879505,2.77053967849452,
Nigeria,2005,,3.53183710668041,2.76883385211034,
Nigeria,2006,,3.17092810336983,2.76124698861505,
Nigeria,2007,,3.67720698171571,2.77180099910734,
Nigeria,2008,,3.83258898509833,2.78453384410814,
Nigeria,2009,,5.06718321393218,2.78730820935027,
Nigeria,2010,,5.0285377931029,2.795149361277,
Nigeria,2011,,2.39734841623091,2.80278519998649,
Nigeria,2012,,1.37822146587332,2.77422930277333,
Nigeria,2013,,3.81449207685264,2.71468991073627,
Nigeria,2014,,3.53757268118461,2.64221399374699,
Nigeria,2015,,0.081979577825436,2.53617348598208,
Nigeria,2016,,-4.01892534268501,2.47183239057048,
Nigeria,2017,,-1.61585537268604,2.43170936923065,
Nigeria,2018,,-0.406836852099559,2.31217263003389,
Nigeria,2019,,-0.0100047593980293,2.1944019229433,
Nigeria,2020,,-8.34242347930724,2.13029714344341,
North Macedonia,1994,82.3350649350649,-1.05867357276367,-0.709488114346886,14.7032467532468
North Macedonia,1995,72.0437886613838,-1.40506990392927,0.294047115056872,19.7346209712244
North Macedonia,1996,57.9231431142338,0.480270787981112,0.699015358344186,19.0979185637389
North Macedonia,1997,71.8342589043406,2.23672096612285,-0.782361148312478,19.9395889871872
North Macedonia,1998,76.5874821175197,2.83010081232176,0.532116992485007,21.1653905377665
North Macedonia,1999,72.6249786897251,3.84147389382692,0.478003427125101,18.7271147661783
North Macedonia,2000,80.1601473580914,4.07405080631071,0.455448702114895,21.8801026358759
North Macedonia,2001,71.4782105684389,-3.47368322147879,0.420168685369998,17.3554734085335
North Macedonia,2002,71.5334846721143,2.23345659919198,-0.726260079023056,20.8302234116196
North Macedonia,2003,71.0693204909674,2.09282245300516,0.127038105260946,17.9293173647346
North Macedonia,2004,80.8704849956907,5.01357406752894,-0.323800435972555,21.045921092932
North Macedonia,2005,85.8410034787176,5.29102012277241,-0.539897211401132,19.845548830107
North Macedonia,2006,92.5516664675666,5.71920223477417,-0.55220427661592,21.408135228766
North Macedonia,2007,106.092966003288,7.08313931163076,-0.570953120211137,23.7126866171971
North Macedonia,2008,111.570054713298,6.08402471253315,-0.578593804248589,27.9327050543518
North Macedonia,2009,87.1767537660809,0.287981674208055,-0.646827222901633,25.7424835151053
North Macedonia,2010,97.8810691156562,4.02171749784563,-0.63937448291812,24.4680948373642
North Macedonia,2011,113.19191013947,2.81001401364465,-0.458327097678151,26.9131339592319
North Macedonia,2012,112.214834702155,-0.0653472343038857,-0.391858319665176,28.9271763841244
North Macedonia,2013,104.857229956305,3.30559670350297,-0.368848270904885,28.8080479626054
North Macedonia,2014,112.537928969299,3.90792755780767,-0.268678976911211,30.2952252615938
North Macedonia,2015,113.698443879103,4.13429050530651,-0.267729528193655,30.4035752494839
North Macedonia,2016,116.185408418026,3.1782257470099,-0.320367473371963,32.5096882119049
North Macedonia,2017,124.13728389629,1.48936718625188,-0.40242158713311,32.2729434757145
North Macedonia,2018,133.215207648008,3.40375411089484,-0.507220756968942,32.3288110664903
North Macedonia,2019,138.576231840539,4.61869501137757,-0.679308688552216,34.2601160992835
North Macedonia,2020,128.241244322257,-3.65436823824773,-1.07910572041332,29.9173738943342
Norway,1991,69.589804667081,2.5944060142092,0.476503585004921,22.3126060800899
Norway,1992,66.7110650319213,2.97836952395049,0.577180268126687,21.6355324667658
Norway,1993,67.2506812594327,2.23483627884877,0.5952293301816,22.1558076270661
Norway,1994,67.6345957946686,4.45880136804293,0.569388227765026,23.0188733920169
Norway,1995,67.2992862912687,3.61634550965195,0.519125519812519,24.2056693848649
Norway,1996,70.2016361484898,4.49689278199928,0.506881682762136,22.9008639652897
Norway,1997,72.1536965321464,4.71527738632528,0.54221993602931,25.1989766414916
Norway,1998,71.6226841846104,2.05920289540578,0.595410343346654,28.2518520937403
Norway,1999,69.5067285818851,1.37548680034543,0.684759433412698,24.579083636869
Norway,2000,74.3125187193698,2.65053093720739,0.649044821192665,21.8180384485916
Norway,2001,73.1583039085777,1.55192755877651,0.506046910557235,20.55022378133
Norway,2002,67.5170140875686,0.832308736735257,0.539290805050494,20.3302123524354
Norway,2003,66.3207509412935,0.354567435549953,0.586532691986894,19.4284817082745
Norway,2004,68.671953774992,3.40174616090181,0.590930939690253,21.5094822895293
Norway,2005,70.4694504909023,1.98813847350503,0.681072964187373,22.4223186651023
Norway,2006,71.6599299465003,1.63957006794733,0.805392739160981,23.929297473876
Norway,2007,71.9420263082298,1.85464333724661,1.03473451527827,27.0747410995969
Norway,2008,74.7852799340995,-0.762647949902117,1.24633301535167,25.7831499903704
Norway,2009,67.4643154601855,-3.16925631537788,1.2611272893768,24.2956955575084
Norway,2010,68.2395193584281,-0.460631240331892,1.24566617956207,24.9886867450873
Norway,2011,69.5987336334833,-0.197405946610559,1.297189390693,25.4459810194492
Norway,2012,68.4985528389766,1.37764088326504,1.31344098868985,25.8720343590957
Norway,2013,67.9727925936832,-0.197883206152966,1.20914158930136,27.3276198211521
Norway,2014,69.1373772209037,0.903762655946366,1.12773667734928,27.2099921057026
Norway,2015,70.431856540017,0.848799114123295,0.995084736958414,26.9188414862645
Norway,2016,69.1168423974699,0.277407788765373,0.880969815359919,27.7264215581661
Norway,2017,69.1087817621061,1.63950712591077,0.807673181884948,27.5528323979124
Norway,2018,70.0031957894984,0.165560788690883,0.660090844249,27.7268430380858
Norway,2019,70.8958205272987,0.44339856309783,0.675061373245644,29.611444403947
Norway,2020,65.3539790413323,-1.85769609648001,0.588757324043059,31.3521157276673
Oman,2001,84.5270024947002,3.34135289623774,1.22318039389784,24.0557032595074
Oman,2002,83.6537485764543,-1.92709599366199,1.158650010904,25.9564535952282
Oman,2003,84.846636733578,-3.29759460918538,1.13408417793778,29.3792914901
Oman,2004,88.611307129045,0.252575657950231,1.72066711093441,33.6840272368192
Oman,2005,86.7613020421318,0.482138133458704,2.26053863867014,28.4118543259793
Oman,2006,86.1457079854133,2.38091766222423,2.21104303950359,33.6000635265804
Oman,2007,94.8657889777347,2.71865852745317,2.17823116003406,39.7555394017715
Oman,2008,94.7619029877161,6.61241844727729,2.16896017651993,42.0046274389994
Oman,2009,91.6279353346997,3.68717578981379,2.18905153725591,34.0609039447334
Oman,2010,96.3865546218487,-0.232906393185388,2.6751170964985,29.3865546218487
Oman,2011,101.641731939942,-7.78414520830087,10.9573181300856,27.6617736879904
Oman,2012,102.0747604043,-5.57202783891576,14.2253989455262,30.2100349016772
Oman,2013,112.543521763774,-2.64416002304453,7.77538929058871,32.3564793929509
Oman,2014,102.27872108813,-2.97274165335905,4.30179726376903,28.6217693334979
Oman,2015,96.3775801852347,0.438450329868957,4.45776887230624,36.3715664991426
Oman,2016,82.8642642018901,0.118553614303224,4.80473653238819,36.0864748848963
Oman,2017,88.9531480182956,-2.93490377016138,3.28242998732701,33.8433678359827
Pakistan,1991,35.4196551048403,1.64455814439934,3.30645345087216,18.8964334705075
Pakistan,1992,37.6945397210631,4.66648101392903,2.86254207102062,20.1334835745861
Pakistan,1993,38.4993168752315,-1.02474092628785,2.7725055318492,20.6850030820741
Pakistan,1994,35.0577237131595,0.779593544127223,2.89269657804833,19.3974052458304
Pakistan,1995,36.132753673519,1.97228554754696,2.89031173222832,18.5455233391321
Pakistan,1996,38.3301268339895,1.83880828653224,2.9106898704011,18.9966573482447
Pakistan,1997,36.8522661008964,-1.80254112696187,2.82827034753681,17.9191965447603
Pakistan,1998,34.011725180531,-0.242732275330027,2.76128567260809,17.7111996462578
Pakistan,1999,32.3199628094266,0.876623662652293,2.7219371038823,15.5649424393518
Pakistan,2000,21.4599638884654,1.35619796881565,2.82475983542412,16.3106779166157
Pakistan,2001,23.5772074298467,0.793239199866164,2.79615830892104,15.9969087412847
Pakistan,2002,23.1290159545291,0.110981031379026,2.45080308981688,14.9624104299322
Pakistan,2003,24.6501585248398,2.94922564327645,2.35391613887513,15.3148655927028
Pakistan,2004,24.8083348519064,5.20245589475688,2.4680911760913,15.6507707143799
Pakistan,2005,29.8784940550747,4.7286345998931,2.40377350441569,16.2664437881869
Pakistan,2006,33.0497193672284,3.55533116774782,2.3820052866049,18.2822141634905
Pakistan,2007,30.7878814312746,1.72148373910261,2.6420312522935,17.535936222635
Pakistan,2008,34.3489608135242,-0.577212099008804,2.67715693120755,17.996422608907
Pakistan,2009,33.3268872863988,0.87615081009595,2.5412831091032,17.5777374307953
Pakistan,2010,31.9890020462315,-0.97547471765489,2.47081701538021,15.9615524272363
Pakistan,2011,32.3626382751438,0.408754534144464,2.23690940334662,14.6316275197265
Pakistan,2012,31.3189732760076,1.08227196914481,1.90619981284679,15.1689869381562
Pakistan,2013,30.8902743401844,2.68232501000951,1.62722414834854,14.9823804459246
Pakistan,2014,29.4698256903998,2.56600413102157,1.50032405388564,14.9075542099107
Pakistan,2015,26.6881860172247,2.76648640710329,1.40250113589189,15.8109305453177
Pakistan,2016,24.7015780480573,5.19506859858923,1.30216393815952,15.9357468463989
Pakistan,2017,25.472035002344,2.96623678403046,1.41409990353131,16.3328910849517
Pakistan,2018,27.6260570796337,4.44201942237108,1.62371483290292,17.0682908414203
Pakistan,2019,28.9055769867032,0.778096107046181,1.69187124669657,15.4996449690024
Pakistan,2020,26.7162807328814,-3.03889328268374,1.80375141301202,14.8155399944077
Panama,1991,140.246558305042,7.12083869286595,2.12270714752088,24.1073587050035
Panama,1992,144.87918854738,5.95973635976357,2.09377182912446,29.7586645733615
Panama,1993,139.679221337261,3.28771278936753,2.07729579468022,31.0611952603387
Panama,1994,143.609032792557,0.752456347526049,2.06064651920927,33.6833730441529
Panama,1995,146.905380036798,-0.302769545385956,2.03974255911592,38.044095217771
Panama,1996,165.609679774913,1.99565817140169,2.02267329531161,26.7353923529743
Panama,1997,174.713863282649,5.56495545354083,2.01070630711665,27.0385979913156
Panama,1998,157.996408668151,6.24441499576056,1.99702689961855,29.8237024815487
Panama,1999,131.557397200745,3.1476339041262,1.98126957046463,29.0771343998188
Panama,2000,139.197934301758,2.18230247843243,1.96400557919623,28.4060430231237
Panama,2001,135.584350668206,-0.995989550927675,1.94640732840296,22.3776157571357
Panama,2002,126.024482739773,0.549728555297065,1.92966620283568,21.2012571870394
Panama,2003,117.267478912327,3.10474228889662,1.91370154774712,25.4834955114556
Panama,2004,124.761756836196,6.13442201164611,1.90499044238143,27.1054925681242
Panama,2005,139.211164757519,6.25411767660357,1.8851653336108,27.0343389822576
Panama,2006,141.472571182754,7.83920002702018,1.85404642513367,28.6053781471378
Panama,2007,148.665601032972,11.0968500583192,1.83391184872287,35.3865142071901
Panama,2008,164.586286421944,8.20927222938532,1.82065403181381,41.3904764890482
Papua New Guinea,1991,94.4197914355447,6.13244781862461,3.16649253096029,27.404592855558
Papua New Guinea,1992,93.5519772673455,9.89093849851174,3.53853521817667,23.3033388586313
Papua New Guinea,1993,89.5892872552444,13.9847111131626,3.63331181284897,17.6347311540753
Papua New Guinea,1994,93.3026653165289,2.17433937373166,3.62122401820228,21.3665642008571
Papua New Guinea,1995,104.739980951459,-6.7281630247188,3.59664503111954,21.939185109852
Papua New Guinea,1996,107.803352613066,3.9492432113811,3.5759668470744,22.7455163583381
Papua New Guinea,1997,99.2079750268377,-7.26669749488677,3.56159785450897,21.0575795242669
Papua New Guinea,1998,102.860932133887,-7.09404356703858,3.51626141886498,17.9066853759803
Papua New Guinea,1999,116.006802066106,-1.62782619823496,3.47976948021788,16.3683366937768
Papua New Guinea,2000,115.421837958873,-5.80069881814661,3.44925161413658,21.892017091559
Papua New Guinea,2001,117.580367053663,-3.45795715085934,3.39779731324978,22.9518867289324
Papua New Guinea,2002,118.919110291279,-3.45493602471663,3.35700333077379,21.1919831839046
Papua New Guinea,2003,123.449069006746,-1.1723144679098,3.32025850994105,19.9214691833082
Papua New Guinea,2004,131.082911016249,-0.591008801262731,3.27757216652727,20.0013064999479
Papua New Guinea,2005,,2.96266985795965,3.23201129836566,
Papua New Guinea,2006,,2.1010623787835,3.18938474785493,
Papua New Guinea,2007,,4.47661413613285,3.1455292294859,
Papua New Guinea,2008,,-3.34540325323914,3.10574391860633,
Papua New Guinea,2009,,3.57848686707685,3.06322204516619,
Papua New Guinea,2010,,6.85231014831385,3.01998467654888,
Papua New Guinea,2011,,-1.79758471709076,2.9153928127454,
Papua New Guinea,2012,,1.78156409666185,2.7860490568137,
Papua New Guinea,2013,,1.05749757557005,2.70166347823205,
Papua New Guinea,2014,,10.6031750853758,2.62396103229344,
Papua New Guinea,2015,,3.8989789371627,2.54613840522555,
Papua New Guinea,2016,,2.91791021651957,2.46804330802257,
Papua New Guinea,2017,,1.08692627161339,2.3925157995011,
Papua New Guinea,2018,,-2.56991254975047,2.32386877655607,
Papua New Guinea,2019,,2.14824964998061,2.25754045467385,
Paraguay,1991,89.1393192206208,0.781250906471186,2.65579242385309,19.1088821478828
Paraguay,1992,89.4975575588359,-0.91522118243283,2.60163442704891,18.4930645370958
Paraguay,1993,113.603763547842,2.31226251074852,2.53245316780671,19.6686179608213
Paraguay,1994,123.079329466864,2.75714792528987,2.4615145741962,24.4135653897535
Paraguay,1995,118.064074196549,4.29466444194986,2.39512785223415,22.0208311357834
Paraguay,1996,103.035267206036,-0.760754495670795,2.32519254374256,22.1294363736811
Paraguay,1997,95.9342762479745,1.91891657612904,2.25425084909918,22.9182364662212
Paraguay,1998,101.606320138559,-2.08878505050501,2.17892340656023,20.1120681390739
Paraguay,1999,77.5552756906357,-3.39883387970877,2.08244088073438,18.9705834507195
Paraguay,2000,78.6447297611485,-4.18580870385856,1.93460053752763,17.3392448147808
Paraguay,2001,72.6056990118238,-2.49369285917085,1.6877597301062,17.9677838077187
Paraguay,2002,79.4415656482927,-1.42073243570553,1.40951477388826,18.0997007043384
Paraguay,2003,81.1273637701163,3.04557479031354,1.22988802352585,20.6270244034487
Paraguay,2004,80.1044466155542,2.86510353489651,1.15243910027232,20.0681902485099
Paraguay,2005,85.0219636540457,1.01015474976116,1.1059635782753,20.9031844113431
Paraguay,2006,84.7335313048126,3.72097911920059,1.04172810758939,21.9503842549058
Paraguay,2007,79.0011374202968,4.39311756937708,0.980401604621513,21.3245681130039
Paraguay,2008,80.7775746572591,5.46828018341716,0.969992282647573,22.2482943437117
Paraguay,2009,70.8419818624334,-1.27522707846056,1.0219490065143,18.9159699698811
Paraguay,2010,81.2575233746789,9.80314731435514,1.16985801191993,23.834958440668
Paraguay,2011,78.4921238489902,2.91154988839506,1.32708039585856,24.6615700086338
Paraguay,2012,74.7649574561086,-2.09516519053814,1.40686361602641,21.2642113310265
Paraguay,2013,73.369871384133,6.74651223746731,1.43842436376869,22.0169832494221
Paraguay,2014,69.0837249630891,3.78558222391715,1.44981205714477,22.6588064100141
Paraguay,2015,66.9150655259457,1.46452361944058,1.46036822105512,21.878682412934
Paraguay,2016,67.7593152322119,2.76597250767421,1.45104639106418,19.806173956137
Paraguay,2017,71.0801344038459,3.32962942295241,1.42257756735462,20.6000429017992
Paraguay,2018,72.0692236259495,1.77964425721512,1.38999117307295,22.7820847953359
Paraguay,2019,71.2221617342433,-1.74219112721019,1.35488116957369,21.6853116218499
Paraguay,2020,62.7602174748575,-2.15166731598009,1.35198907049682,20.0414603496263
Peru,1991,26.659254111884,0.0869996669868414,2.10803008186069,17.3980924261389
Peru,1992,27.9772921552067,-2.54546849500791,2.0364508690957,17.784731115296
Peru,1993,28.7665865706199,3.14244822528774,2.01664193906499,19.0714045693532
Peru,1994,28.9229957698901,10.1088493477559,1.977894145288,22.2471317420546
Peru,1995,30.9272178475508,5.34941937026248,1.93836467845591,24.7391134430373
Peru,1996,31.6542040912644,0.883745825089093,1.88065410074516,22.5867586979927
Peru,1997,33.4695458506827,4.52636436123332,1.84880202733493,23.7894193215196
Peru,1998,32.9530217853936,-2.18705299448793,1.81901745317137,23.2049499956946
Peru,1999,33.2057765558493,-0.243054508218478,1.72719734410339,20.6612543344774
Peru,2000,35.5380321623178,1.10433498225969,1.56043059120612,19.6279847605546
Peru,2001,35.0644014310212,-0.748837166204879,1.3676462262452,18.1595051690983
Peru,2002,35.2491813317695,4.20293608263907,1.19300655774598,17.9681458916088
Peru,2003,37.6246103251002,3.06117676528694,1.06536414066423,17.5102893749052
Peru,2004,41.9360782679273,3.93432882456604,0.980296012446146,16.8556825410753
Peru,2005,47.3573174768394,5.34332345958555,0.889996951132914,17.2838176822241
Peru,2006,51.7850560338442,6.68113849738523,0.791526842084803,19.6506023681318
Peru,2007,55.6881132836815,7.73406209571857,0.725382868960412,22.0323873215866
Peru,2008,58.4337673899053,8.4109066563893,0.657968680657885,26.178345935433
Peru,2009,48.1119296153519,0.473893281807491,0.617089075143821,19.9786779797935
Peru,2010,51.6728089370033,7.6277436246787,0.652636898148331,23.7605090406542
Peru,2011,55.9882802838607,5.53595626254707,0.746934823460309,24.200875596397
Peru,2012,52.6198952632294,5.25513020005759,0.83691693370644,24.6060563122502
Peru,2013,49.7871424471444,4.90271487934022,0.901339196033327,25.5741818690255
Peru,2014,46.8531210912899,1.36938882425959,0.994129278893009,24.6661205071214
Peru,2015,45.1627686891148,2.09361990664132,1.12847381931302,24.3051143583227
Peru,2016,45.3888411964154,2.57623039728159,1.33357065112944,22.0213133889585
Peru,2017,47.5135503619971,1.01943141648242,1.47336535107465,20.7118137063238
Peru,2018,48.631470171736,2.1018453903506,1.81253577188754,21.3111751422932
Peru,2019,46.9435053754409,0.502286291227506,1.71486934751345,20.8336395514866
Peru,2020,44.245967197744,-11.989123385761,1.19250495254373,18.1912588877919
Philippines,1991,44.2199237760081,-2.7987132409376,2.40127859344235,19.7170925076743
Philippines,1992,44.9911427301615,-1.93397839592187,2.36968384705809,20.7483312409355
Philippines,1993,50.4650429209218,-0.245903974024316,2.4046342517232,23.1855368033691
Philippines,1994,52.5265038023175,2.12244103611494,2.1804905774884,23.3114526483211
Philippines,1995,57.3305579762779,2.3606395486743,2.18824211617999,21.7942950820214
Philippines,1996,63.8553035508774,3.44957899709138,2.30364180162275,23.2823367017063
Philippines,1997,77.2286459172662,2.74055980419841,2.35271515939024,24.0644880296074
Philippines,1998,80.077201518421,-2.98474954559696,2.51478327457395,19.9889156434332
Philippines,1999,77.1614937122172,0.738331283023413,2.55605721072455,16.2006540383433
Philippines,2000,85.1533684600039,1.9282797124846,2.37926588939747,15.684364157955
Philippines,2001,84.9003886237531,0.800810377832349,2.20604531885261,18.9451758766766
Philippines,2002,83.8448040937789,1.63440956717702,2.02766985591781,20.4591371369749
Philippines,2003,87.5746443636636,3.02447664962099,1.98211355051959,19.5287356084063
Philippines,2004,87.1252848232048,4.51829535753411,1.94326756715565,20.731007446127
Philippines,2005,83.8456745708051,3.00922096669444,1.85941217176991,18.5665300720434
Philippines,2006,80.8505386728775,3.55972238279863,1.68208380821541,16.0153377703844
Philippines,2007,73.6449799920629,4.68750495300476,1.73463407300361,16.1286471132386
Philippines,2008,67.6810707730401,2.51657128580275,1.76733466433421,18.9671469154789
Philippines,2009,60.8865907869758,-0.362955289837316,1.801550616238,17.4317211991991
Philippines,2010,66.1042785137797,5.15869430276467,2.04795425200975,20.4417711390659
Philippines,2011,60.7958366999075,1.83760514144211,1.96473852483036,20.7399365678349
Philippines,2012,57.8420055133082,4.8407653397621,1.94226237851608,19.5607279687897
Philippines,2013,55.8247812320298,4.76266633818079,1.87971579705684,20.642224107669
Philippines,2014,57.4681720875945,4.61514068278228,1.64283283802775,20.9239704373705
Philippines,2015,59.1415921053094,4.7872505574235,1.47875384302116,21.3409478711064
Philippines,2016,61.7760657653871,5.7212148588973,1.34190709540685,24.618503101685
Philippines,2017,68.1683697426727,5.56223020665776,1.28830186666283,25.5587738639602
Philippines,2018,72.1633982990273,5.03429067114457,1.23686033319068,27.1505820415621
Philippines,2019,68.8418422595678,4.83577546655691,1.21615534645287,26.4018084647284
Philippines,2020,58.1695603022281,-10.5488615065624,1.1455140860985,17.4333790282876
Poland,1991,,-7.34479099617246,0.354679168347882,
Poland,1992,,2.2010658533475,0.306681390812185,
Poland,1993,,3.47468275954095,0.254450913938076,
Poland,1994,,5.07085552254539,0.211012328819338,
Poland,1995,43.5552180979904,7.78327567268047,0.13572103385363,19.862521327671
Poland,1996,45.3767344453465,6.01319811600105,0.0760741823645528,21.8581629640564
Poland,1997,50.376378640536,6.28931151450062,0.0654553694247315,23.7783189882881
Poland,1998,56.5460556555084,4.58421234371184,0.0357533013623718,25.2181635520769
Poland,1999,53.8980187624686,4.70787806733438,-0.0083027528251411,25.5001823677686
Poland,2000,60.6107209423297,5.75502267661936,-1.04433539837844,24.6999676719407
Poland,2001,57.8785312712895,1.26167597595419,-0.0275871247282958,20.6408974856903
Poland,2002,60.7967990573911,1.94840486282048,-0.0463189372499392,18.5444793558839
Poland,2003,69.2134479841788,3.59326547651193,-0.067492701646486,18.9111542221715
Poland,2004,70.9815765694162,5.15230495657681,-0.0585127351273288,20.4890653221513
Poland,2005,70.3114790902584,3.30621477152089,-0.043948953332248,20.1073600639489
Poland,2006,77.7008035402352,6.26942932351373,-0.0633705742926632,21.9561662978922
Poland,2007,80.745399056691,6.81843988104569,-0.0543050208038707,25.4186459060222
Poland,2008,80.5746815569207,4.36953645222033,0.0136373796827091,24.7561450970576
Poland,2009,74.9685965264269,2.54561682473884,0.067763227021235,20.7579141114998
Poland,2010,82.2258523219922,3.46400853867873,-0.285609121534849,20.8586688863455
Poland,2011,86.9236892837618,5.19888222323388,0.0537697088781007,22.3450463094694
Poland,2012,88.8299033066583,1.51202436704637,-0.000239076003298365,20.8019518666142
Poland,2013,90.4175072415629,0.745031977271424,-0.0603600174744649,19.1280449978263
Poland,2014,92.0340197113178,3.99831832124629,-0.0748462292920506,20.8272789201168
Poland,2015,92.2554272741942,4.50138467634895,-0.0666411009657168,20.8016958781231
Poland,2016,96.8659028060623,3.07547528252388,-0.04298513087435,20.0873009067718
Poland,2017,100.56589524628,5.13933542172569,0.0124800985844923,19.9081446848915
Poland,2018,102.442462168005,6.24607110540019,-0.000200132782838419,21.443880969665
Poland,2019,101.581033817373,4.60600727341085,-0.0244271070993493,20.7076794491101
Poland,2020,99.2590912303436,-0.861202002378917,-1.19164026205913,18.8394051569485
Qatar,1991,,-4.83556929422517,3.28019147147729,
Qatar,1992,,7.82129196669182,3.20283512184474,
Qatar,1993,,-4.35699356954633,3.12076652290476,
Qatar,1994,78.6499268740476,-1.60968553843938,3.0315206362832,24.5240841329484
Qatar,1995,87.6679520311654,-0.560501390372877,2.93298487226868,35.0854096291325
Qatar,1996,83.5092210549861,1.47482709329236,2.81689866772079,35.7654059244725
Qatar,1997,84.4470388418955,24.9388543086998,3.98026081252323,35.4318648630863
Qatar,1998,91.0581255555736,5.46365137697904,5.31317487167119,31.9742817907545
Qatar,1999,85.7329697856399,-1.15743551900648,5.35902375394354,18.8823125180111
Qatar,2000,89.6126597159917,2.58659735173823,5.16843199678991,20.1512854623643
Qatar,2001,94.968671679198,-1.14955560400423,4.98033999658033,29.1196741854637
Qatar,2002,88.4697236252199,2.16668917936438,4.79240521936012,32.6471255887861
Qatar,2003,90.1649486943021,-0.942747091301968,4.59965670712594,34.8656946406266
Qatar,2004,90.3724288385622,14.8021552361276,3.77511702353838,31.5110118429254
Qatar,2005,94.7455441696331,0.710908911730286,6.51693576890975,34.3078887785256
Qatar,2006,98.570919313572,7.05038196586418,16.4332567938557,41.8887149103609
Qatar,2007,96.1141057101106,-5.0301345727959,21.700342942038,46.0165706250517
Qatar,2008,89.4328416546905,-0.340739470062928,16.6072361839519,41.1179671245022
Qatar,2009,80.1441629727012,-0.705591683176323,12.0021690542876,42.9640491480002
Qatar,2010,87.1111970364642,19.0056903213096,0.491609879237911,31.6551222991847
Qatar,2011,98.7216351018991,12.8219517991965,0.489204894825294,29.0318354942345
Qatar,2012,105.746286433535,-1.20900847640003,5.83800010216327,27.1443989918744
Qatar,2013,102.383154379024,-5.12869057023956,10.6721263976401,27.8278903298317
Qatar,2014,99.0343138952759,-6.18522597672184,11.5817147814941,31.790053219975
Qatar,2015,93.7076739370818,-3.86139446926616,8.58173306173289,37.067203825843
Qatar,2016,89.5476231430097,-2.45109169349175,5.49972976958708,48.8690827894008
Qatar,2017,91.4945574785855,-4.15596174260121,2.73590293320866,42.6113473715086
Qatar,2018,91.838343273294,-0.134744639831709,1.3621056096195,40.6590534659993
Qatar,2019,90.0462934117559,-1.52202223094245,2.21962210028933,43.7353659391394
Qatar,2020,90.0189857283633,-8.92441265745882,5.72571544841687,43.8491508547382
Romania,1991,39.1351694722991,-12.1584413412518,-0.868693831241648,28.0457371024094
Romania,1992,63.9902474623499,-7.93923952826758,-0.9034629284532,31.405493266105
Romania,1993,51.003703370966,1.66711860968309,-0.136109142211483,28.9277193823057
Romania,1994,51.8670700671661,4.08314789943742,-0.14537906455364,24.809134731324
Romania,1995,56.291225396158,6.44865941446349,-0.20231879638046,23.3161642971645
Romania,1996,60.7813693722174,4.20752254376104,-0.288129485530899,23.0950938293071
Romania,1997,63.205242332383,-4.5747304296564,-0.287897951541563,21.2987400049412
Romania,1998,53.838795710082,-1.82682397441751,-0.206980241940766,18.3829311197399
Romania,1999,57.9736750449875,-0.220150554902901,-0.156978616024445,15.6493077726824
Romania,2000,48.5213253850786,2.59397523199067,-0.129440039806255,19.6695811091698
Romania,2001,51.9285910211481,6.69667366637488,-1.39542998635748,22.7560110876947
Romania,2002,53.7102478139376,7.65586943426131,-1.83065499370162,22.1726981083131
Romania,2003,56.1795270470243,3.08196384315724,-0.7212622974018,23.1953192411743
Romania,2004,60.6264786669408,11.0591132161949,-0.569786272532879,24.2165645026754
Romania,2005,59.3605494490555,5.3165061122384,-0.61753095660306,22.9306854622381
Romania,2006,61.6836259265159,8.67067585292331,-0.592402560029107,27.4669698502695
Romania,2007,63.5051566734658,8.82964823723904,-1.47722298197717,31.3370187913254
Romania,2008,65.1752009979412,11.1442089014979,-1.66638264306554,33.0936844355478
Romania,2009,58.4700583666529,-4.72628859385392,-0.833088754778975,27.2026875632393
Romania,2010,69.9549354932718,-3.33335291355054,-0.593959183588628,27.1890794202952
Romania,2011,76.271356441629,5.01083371448033,-0.491866212866043,27.809701397226
Romania,2012,76.5943239913672,2.35828066727251,-0.445177936198383,26.7222427286412
Romania,2013,81.3976131747183,0.651822267051088,-0.371323062878035,25.2514905784046
Romania,2014,83.3751429575201,4.50672544401942,-0.374575497762261,25.2257196462876
Romania,2015,83.5205767017155,3.64306941096366,-0.470052227864654,25.4960152893431
Romania,2016,85.8925282906884,3.45169541464914,-0.573660845379617,23.6646873522112
Romania,2017,87.1560645667801,8.82266657090874,-0.578007015146885,23.9867377562262
Romania,2018,87.0911701095809,6.01553045118388,-0.587493307403584,23.0435742456948
Romania,2019,84.9063630584793,4.50941296110349,-0.526814821936341,24.4073793139433
Romania,2020,78.3616463562709,-3.06561724934225,-0.550759892541776,24.3319634913981
Russian Federation,2002,59.6454457319607,5.18275023824988,-0.460024258081391,20.0295461890033
Russian Federation,2003,59.1282690076014,7.78796752390349,-0.453780668020263,20.8589584807348
Russian Federation,2004,56.5818523984055,7.63249118230908,-0.402681471328549,20.9012750797344
Russian Federation,2005,56.7132484905422,6.80660765259209,-0.381452794741516,20.0774969178103
Russian Federation,2006,54.733401867266,8.55494147469737,-0.327445270108383,21.1715918033474
Russian Federation,2007,51.7061227454606,8.68576548155966,-0.17108203294568,24.1645140334655
Russian Federation,2008,53.3824660408908,5.24621001829865,-0.0439492591634852,25.5012197086864
Russian Federation,2009,48.4350610278181,-7.8277499767233,0.030107060167659,18.9263757354968
Russian Federation,2010,50.3555054872589,4.45309639834757,0.0448964884428055,22.6150505519736
Russian Federation,2011,48.0353994077919,4.17697624368184,0.118045544446964,24.2607379312639
Russian Federation,2012,47.1513903857957,3.76271915500016,0.251575708072649,24.5536933545168
Russian Federation,2013,46.287149400499,1.45314767875932,0.297503474179596,23.2716819870194
Russian Federation,2014,47.8013412628116,-1.12194041744186,0.299667432459938,22.3908642287739
Russian Federation,2015,49.3593493116887,-2.2762114110788,0.279352077762368,22.148725318159
Russian Federation,2016,46.5181198396096,-0.0904862004782103,0.258751057379474,23.0954224731096
Russian Federation,2017,46.8765243371311,1.61387325924203,0.191382528772924,23.6067558621651
Russian Federation,2018,51.5809003703964,2.71659271660542,0.0721356165400605,21.9180891512463
Russian Federation,2019,49.2287536619033,2.14202624717367,0.037947213753429,22.6615137722235
Russian Federation,2020,45.9669082029127,-2.52680431743222,-0.143202031827637,23.4558291480158
Rwanda,1991,25.3719737830637,-4.47859361408995,2.03545104921753,14.0217499685173
Rwanda,1992,23.8314470330714,3.71896576533675,2.05526782083456,15.6340960424373
Rwanda,1993,25.6790070069858,-11.5381924060062,3.80355388592275,16.747020875705
Rwanda,1995,30.9721731494864,61.8735350146221,-17.9882140556853,13.4091329900849
Rwanda,1996,32.2300658207659,-4.64228854077255,16.7499598547072,14.3704263730672
Rwanda,1997,33.4674605100182,-1.51287157331262,14.4953754701447,13.8097794362117
Rwanda,1998,28.7944635910011,4.46154584531892,4.12314094141164,14.8076611218115
Rwanda,1999,27.3335364212359,3.50365506460074,0.816180266067736,11.9734139200974
Rwanda,2000,27.4848638250445,7.49987106581409,0.806991709703052,12.2911723538114
Rwanda,2001,29.1989094376925,7.52679928708999,0.886774966312804,12.7844289211049
Rwanda,2002,27.6094381162173,11.6682445124781,1.35537693210796,12.6161021461481
Rwanda,2003,29.3106242354101,-0.0196868446927851,2.19817405049677,13.1689898461308
Rwanda,2004,33.4616731030871,4.64511890543764,2.6429108159401,14.3572006203523
Rwanda,2005,34.2165383418652,6.50669742325816,2.66009812240039,15.1471395794747
Rwanda,2006,33.2214370724059,6.3526672914531,2.66683575241351,15.0250898905664
Rwanda,2007,35.9709731972278,4.80790992688792,2.66008171576066,16.7899322992344
Rwanda,2008,37.6045108548055,8.27757420238298,2.62837643087324,21.3446999189279
Rwanda,2009,36.8056280084816,3.54291916809377,2.57922030255665,21.0151940236714
Rwanda,2010,37.2788790923351,4.65979796365141,2.52365134392041,20.5325011611394
Rwanda,2011,39.71610247751,5.34277697300234,2.45262873450153,20.9013969880418
Rwanda,2012,40.5408629987193,6.07172678530065,2.39380128171382,23.3041445547138
Rwanda,2013,42.6934924295362,2.23301483103715,2.40340085493768,24.4311537415127
Rwanda,2014,43.902733691075,3.63164570583949,2.41721473954366,23.2290320311828
Rwanda,2015,45.2019756159103,6.28259221925458,2.39322566941773,24.240978094561
Rwanda,2016,49.4849071069892,3.48878829333981,2.36997866838859,25.8958453602119
Rwanda,2017,53.6752674177253,1.50906456900377,2.34556709244995,23.8350248025789
Rwanda,2018,55.7841263739603,6.03177996523696,2.31630729613291,22.3221933243073
Rwanda,2019,57.9756628637954,6.97929630145144,2.28086099658628,27.0287152007204
Rwanda,2020,55.1879515519855,-5.51636902603423,2.24244883430144,23.7346563348968
Samoa,1991,,-2.48806559580488,0.192665760966229,
Samoa,1992,,-0.764226258204729,0.566974044499184,
Samoa,1993,,3.22549145241983,0.84360565196507,
Samoa,1994,,-3.32161058915646,0.803058822004789,
Samoa,1995,,5.81082409795567,0.812128813006775,
Samoa,1996,,6.2658800455369,0.855578710009327,
Samoa,1997,,-0.193253144597321,0.834803981602527,
Samoa,1998,,1.41916707044376,0.761957610122648,
Samoa,1999,,1.40887608750961,0.762852410408108,
Samoa,2000,,4.27745070826087,0.779095553168233,
Samoa,2001,,6.52181954391313,0.811842716200751,
Samoa,2002,87.9199711386734,4.90454737398483,0.709942405793495,
Samoa,2003,76.272148769255,4.66849415235475,0.518518278484343,
Samoa,2004,72.5293703149674,2.633950603366,0.440703577844664,
Samoa,2005,76.2247442670718,6.22343288364944,0.390647475706685,
Samoa,2006,82.4691938417408,1.73439136988327,0.390192842270374,
Samoa,2007,83.2022041824641,-0.0698092296218391,0.55463907450516,
Samoa,2008,73.8864270586579,2.81854653180625,0.714778949876493,
Samoa,2009,75.9793921615973,-1.27185467227797,0.736861989277852,31.7413750566996
Samoa,2010,78.5698016774915,5.29451664588825,0.785366135493998,14.6447083760345
Samoa,2011,81.600955014363,2.94772599922624,0.871732674893699,37.1493303117706
Samoa,2012,82.7339794775292,-4.60663349940492,0.912557360248924,40.299132906469
Samoa,2013,77.877751737476,-0.786395614806608,0.89673977043707,9.01812018037557
Samoa,2014,80.5007740440855,-0.23024857506843,0.888269859280603,37.3331843934814
Samoa,2015,74.6343545643839,2.95226941311462,0.868555727857733,35.86163557511
Samoa,2016,75.2118171706314,7.07276114056432,0.847318414943751,35.4648816749749
Samoa,2017,74.011085031494,0.460419453590006,0.937123219994916,32.1825873287296
Samoa,2018,78.9349676190658,-1.6472076564482,1.04941192646969,33.1401660265809
Samoa,2019,83.3310820410377,3.35744960284687,1.05329202031498,33.6506488929242
Samoa,2020,77.4848006217247,-4.09792925699939,1.0262726301153,33.1905048673993
Sao Tome and Principe,1997,,-0.428599449412303,1.42091094568126,
Sao Tome and Principe,1998,,1.16804370483166,1.3079747242935,
Sao Tome and Principe,1999,,1.2831775781198,1.19425275204243,
Sao Tome and Principe,2000,,-0.65084592250922,1.10033924534294,
Sao Tome and Principe,2001,,1.4048895414449,1.62335301537299,
Sao Tome and Principe,2002,,0.9147926463327,2.39433369314868,
Sao Tome and Principe,2003,,5.55138791437551,2.56289213876339,
Sao Tome and Principe,2004,,0.983351604603726,2.49821189998236,
Sao Tome and Principe,2005,,4.01981821374629,2.46392543668319,
Sao Tome and Principe,2006,,6.23775372046612,2.44392306226435,
Sao Tome and Principe,2007,,1.16067244882319,2.42274880138795,
Sao Tome and Principe,2008,,3.72699030635786,2.38327636004872,
Sao Tome and Principe,2009,,0.944228915067228,2.30924305588459,
Sao Tome and Principe,2010,,-0.755150615358019,2.1960816383463,
Sao Tome and Principe,2011,,-0.114189921572034,2.09396113456698,
Sao Tome and Principe,2012,,0.883420959148197,2.02092788368455,
Sao Tome and Principe,2013,,3.10107564312558,1.93896614465408,
Sao Tome and Principe,2014,,2.97674276212585,1.85635532189371,
Sao Tome and Principe,2015,,-0.246825905363622,1.77510214302047,
Sao Tome and Principe,2016,,3.42223386315462,1.6823011731644,
Sao Tome and Principe,2017,,2.46252459071385,1.59795344333085,
Sao Tome and Principe,2018,,2.78057714923384,1.54237554431048,
Sao Tome and Principe,2019,,0.482132360625684,1.51332392108067,
Sao Tome and Principe,2020,,0.716646434339125,1.87691054092554,
Saudi Arabia,1991,74.6992988351616,3.17804810163011,4.7717195983932,19.9856212740521
Saudi Arabia,1992,75.0920345777317,-0.125826730999037,4.60467680578702,22.963649750484
Saudi Arabia,1993,67.80697438575,-3.96857631363621,4.42858817368274,25.0549737431346
Saudi Arabia,1994,60.0713114592181,-3.27657789168325,4.27991376620104,20.3571499120953
Saudi Arabia,1995,65.0417272083752,-3.75839336006798,4.1420652625708,20.2861294288588
Saudi Arabia,1996,66.653820067958,-0.741787099435172,3.99580388744035,18.5713011472742
Saudi Arabia,1997,65.1880669440449,-1.2367563168653,3.85735211036338,18.7775729083204
Saudi Arabia,1998,56.0883926105725,-0.966317239561079,3.73624103162125,22.9493393991366
Saudi Arabia,1999,57.8460488194196,-4.16496281769805,3.61877543912069,21.513622969499
Saudi Arabia,2000,68.1664488005167,0.150492543589365,4.45983244526442,19.3169649955465
Saudi Arabia,2001,63.5605836794513,-4.74097088807815,5.20103909905512,19.6231513824444
Saudi Arabia,2002,64.5927974099254,-5.50962678622284,4.97645227766539,19.6933428220224
Saudi Arabia,2003,69.831170708742,3.69783168216851,4.77427146298185,19.4924123818856
Saudi Arabia,2004,75.0828366569341,3.75594009248144,4.59154568390222,19.8646168179799
Saudi Arabia,2005,81.9540759410158,1.35662290420511,4.42738945238289,20.1748334986768
Saudi Arabia,2006,89.9446046768984,-1.01590810452811,4.28087578648729,22.2151611310309
Saudi Arabia,2007,94.8633170967657,-1.94086075361376,4.14945109151013,26.4729184187854
Saudi Arabia,2008,96.1026308742185,2.04298819113291,4.02875655811595,27.2957945617723
Saudi Arabia,2009,84.8583415624843,-4.86501611210622,3.91489465968371,31.7152823567211
Saudi Arabia,2010,82.5496850227537,6.08720360847519,-0.992481797243179,30.9262320159049
Saudi Arabia,2011,84.3594342438995,6.79984191573597,4.53867163626294,26.765793867763
Saudi Arabia,2012,81.74067854616,1.40889754697817,4.20264227505544,26.4578386746131
Saudi Arabia,2013,80.2515014286783,-2.47720466086211,5.41149124124804,26.2949562527888
Saudi Arabia,2014,78.000111117736,1.5065962283723,2.45043139330282,28.5328325808043
Saudi Arabia,2015,67.1052692300592,-0.634810334471936,5.18685551856216,32.4339384933454
Saudi Arabia,2016,57.9216635110364,-2.03439520588341,3.74506540506437,28.1170520868555
Saudi Arabia,2017,59.5319791578229,1.10646877226159,0.0747825622238132,25.4757265766537
Senegal,1991,42.1828996492748,-0.216527599094078,2.84196309841074,14.6927405145281
Senegal,1992,41.4568617276384,-1.47449734866765,2.79707003044845,15.3394151148933
Senegal,1993,38.7742599564223,-1.39091737666223,2.75172642740774,14.6596389049948
Senegal,1994,54.7381345984609,-2.68759159773336,2.67683552339622,17.1399920981717
Senegal,1995,52.7254034277702,2.79825042307988,2.56448010712284,15.2995419739429
Senegal,1996,46.272432717398,-0.443182026754187,2.44401329997373,16.3904751259118
Senegal,1997,47.2413224036235,0.642689765162558,2.35950995516652,15.8480598951591
Senegal,1998,48.0986748167655,3.45290634461773,2.33643949046346,18.7449802067005
Senegal,1999,49.4852621662422,3.79374220499105,2.37025662196919,22.0105963596568
Senegal,2000,48.680089723263,1.41335705319622,2.41009917724256,22.3732272873417
Senegal,2001,49.7205780648314,1.81176865944212,2.42496943712898,25.5702135059709
Senegal,2002,53.1442994641329,-2.35286664944574,2.44966153599012,23.1150021289388
Senegal,2003,50.8212198933376,3.08280432027999,2.40684962152091,23.9262712508604
Senegal,2004,53.6592031275529,2.21660237161285,2.34632515714346,23.6336696840746
Senegal,2005,54.9032435689485,1.8985497213755,2.33918136359556,24.5728792485602
Senegal,2006,54.1362378092613,-0.0239030984175912,2.32792929230269,22.4168252607608
Senegal,2007,59.2713043549794,0.466183194352098,2.32279384441662,24.6184148818474
Senegal,2008,62.7617698176319,1.30518111750766,2.3395118470328,26.2267083321653
Senegal,2009,52.3072908773365,0.349911484355829,2.36561415953051,20.3974883741685
Senegal,2010,52.4578551962948,0.952269607225944,2.38690195279185,20.0869466642817
Senegal,2011,57.5768785989578,-1.19544188286081,2.52791519909846,21.0003400122128
Senegal,2012,61.9753040040375,1.2557464643975,2.67702425205872,24.6240972538796
Senegal,2013,60.6267663596737,-0.578035528287558,2.96345954605318,24.0663485140699
Senegal,2014,58.4425289760992,2.91207940579723,3.16757470346908,25.8807867671935
Senegal,2015,58.1103376742017,3.15103873013858,3.07014792428801,25.8333087504104
Senegal,2016,54.1081692072139,3.23503572393487,2.97843134010735,25.3616730282266
Senegal,2017,57.7052798455617,4.3502357301897,2.88769908740551,29.8155743419591
Senegal,2018,61.7898394793183,3.27615846996514,2.8004569855314,32.6479409412239
Senegal,2019,64.2362506061005,1.80892290260792,2.71760793051867,31.9656603434826
Senegal,2020,60.0468716137065,-1.29147593329481,2.63303572524896,35.632965093467
Serbia,1998,39.1669755756981,5.77127675484668,-0.406072368732139,8.67046343948887
Serbia,1999,24.1979423920709,-10.0003160706524,-0.361977304916285,7.70935558979106
Serbia,2000,21.109043880746,6.39450401120698,-0.319524801286905,9.06363107933195
Serbia,2001,53.8950786178485,6.96228282256826,-0.171946646904854,14.7411020982562
Serbia,2002,54.302882889577,6.58937282180869,-0.0453495280597072,17.3776527581948
Serbia,2003,58.2946720222191,4.83141187581582,-0.259535430666336,18.3879552623779
Serbia,2004,72.2876162455649,6.93608982587538,-0.233328451597809,24.8595661186449
Serbia,2005,71.9925488520017,6.22214171795731,-0.300431132565912,21.7943857064162
Serbia,2006,75.529235364472,4.31001289636497,-0.393204593401,21.7288994079008
Serbia,2007,72.7165875771534,8.27017213045292,-0.405458541825536,24.898939060219
Serbia,2008,75.7432462868839,5.60952327700927,-0.425705551624613,25.9133962645148
Serbia,2009,63.5017226157541,-2.75343779759604,-0.400994905201716,18.554576515854
Serbia,2010,73.7088615865295,2.02027708357562,-0.402005900874718,17.3241841893613
Serbia,2011,75.7493613069523,0.813571323609423,-0.756021911874037,18.149940401775
Serbia,2012,82.0766814348254,0.040200455150412,-0.485136859373739,18.8103783793047
Serbia,2013,84.3322563766638,0.941379127713546,-0.48641352023891,17.1235575159888
Serbia,2014,88.3815023270446,-1.32558635982964,-0.486295171509944,16.4778532272023
Serbia,2015,93.5281477663237,1.81545266180656,-0.511754332722809,18.5143098449514
Serbia,2016,97.6906940431804,3.5158880281917,-0.523694463062603,18.1669241245312
Serbia,2017,102.740445166934,2.90962447502095,-0.532191341024444,19.7183969139317
Serbia,2018,105.563713028559,5.22266888313776,-0.546351968633598,22.4992604945944
Serbia,2019,107.577309546092,5.31381889246718,-0.536610017822353,24.9266250234247
Serbia,2020,100.324460810129,-0.288042264925664,-0.666107601320794,24.0974936172696
Seychelles,1991,56.0589192181602,1.40077156197198,1.33196201246149,22.0366510941658
Seychelles,1992,52.3955389700337,6.68233459671488,0.458917817927268,21.2917079085588
Seychelles,1993,57.891896451761,5.09056268455059,2.08375833946223,28.0941242267158
Seychelles,1994,50.072344089516,-5.00302413951677,2.66576847259254,26.9424629748869
Seychelles,1995,53.3925777094071,-0.981459839210345,1.47017208971374,30.0161166378703
Seychelles,1996,98.0553434635995,8.3958454530317,1.46719302641952,39.0761097711862
Seychelles,1997,76.647187022948,10.8847957386616,1.17345364830244,31.3988822674612
Seychelles,1998,78.9739492859688,0.482967628956303,1.95568618974172,34.433684667664
Seychelles,1999,88.3643279187233,-0.109437696562779,1.96419636705016,42.906222053203
Seychelles,2000,151.302447835167,3.32671456371403,0.892658566766174,24.9183939465335
Seychelles,2001,179.884914877473,-2.35661333545873,0.0874745178458057,40.395100282651
Seychelles,2002,156.9298895573,-1.83480695440478,3.05738532610948,27.588134558915
Seychelles,2003,168.844235034216,-4.81617833042706,-1.13151642070391,10.9629831806923
Seychelles,2004,149.54093675029,-2.49000825290008,-0.370334934558794,17.4160642655973
Seychelles,2005,171.101735954764,8.5018972132326,0.463308214458562,23.8691409523337
Seychelles,2006,177.56693551462,7.15334515370103,2.0805967352947,30.3222238580205
Seychelles,2007,174.928462798259,8.32165420663699,0.510514982843497,29.2244294345938
Seychelles,2008,208.842968505327,-4.87712623002744,2.23628271543202,27.643033995501
Seychelles,2009,221.933825358009,-2.86142425794473,0.39253094807516,28.0272254229443
Seychelles,2010,198.162692424328,1.62737013590673,2.79232906929128,37.0314238165867
Seychelles,2011,210.075382747992,12.4265876590009,-2.62865635521684,34.816249355555
Seychelles,2012,222.178254853141,2.10412826503328,0.980980190128322,37.7299203495349
Seychelles,2013,196.517733268793,-0.599133304568014,1.84687609296508,38.5669057079413
Seychelles,2014,213.354469426486,2.45761243916046,1.55539570911507,29.0548988749451
Seychelles,2015,187.475012467679,6.51232550996488,2.22979505321923,26.8795153716518
Seychelles,2016,180.866188390939,10.6277900412689,1.33763477950025,25.1347394249892
Seychelles,2017,197.442236417869,5.65298679577909,1.22403375818123,24.5351766928824
Seychelles,2018,185.7075372109,3.94280692985572,0.954291917891324,21.9869866164983
Seychelles,2019,173.407846880196,4.58155113586345,0.887925293341637,22.0855945287218
Seychelles,2020,153.48333156592,-12.4901374474458,0.853707878128979,21.3213198960022
Sierra Leone,2007,21.8067992689239,1.49613150255581,2.19611425557566,10.1591673004271
Sierra Leone,2008,21.2566155636984,1.12905319443597,2.49702214618885,10.3794057886037
Sierra Leone,2009,23.0753395976546,-1.1672975048301,2.69336857329164,11.2088615902087
Sierra Leone,2010,27.9541259241389,3.5002192188053,2.72150859888002,34.433555789299
Sierra Leone,2011,43.7807969332619,5.31595837430623,2.60978263924562,46.5454157294241
Sierra Leone,2012,53.3813447139398,7.81299564274897,2.53259491687101,29.4098051807138
Sierra Leone,2013,53.3627646114117,11.8800866018127,2.45725730456865,17.6517899195356
Sierra Leone,2014,51.1187772788807,-9.99126868436694,2.38905832119365,15.982290990834
Sierra Leone,2015,36.4823958242319,-6.55487587621558,2.31819402812025,18.0613249475414
Sierra Leone,2016,43.0672126969961,3.96056326178993,2.35457342669593,17.6618966541204
Sierra Leone,2017,41.5213782343591,0.774679247758442,2.38578952940087,19.1399846347627
Sierra Leone,2018,37.3774604106006,0.50674429876733,2.34731039123252,15.6172570776756
Sierra Leone,2019,37.5619530302056,3.08171137743476,2.32146457882717,16.0259388280212
Sierra Leone,2020,30.6131009514507,-3.50677788869559,2.30847202655897,15.3412107315104
Singapore,1991,323.887994825751,3.69538228225123,2.84548286486563,33.9799446925753
Singapore,1992,311.312267281518,3.48371824424044,3.00425639462047,35.5156959121622
Singapore,1993,313.416139807665,8.67530488824424,2.5298067473268,37.2020493632248
Singapore,1994,316.216547584567,7.66515847504049,3.13658693183625,32.9120593059062
Singapore,1995,345.459263895462,3.9685677515225,3.03781348481124,33.8813128046581
Singapore,1996,334.911163288092,3.1909851392228,4.06431846839031,35.0401245569948
Singapore,1997,323.86442214814,4.73992674717256,3.35744219516066,38.1697972076704
Singapore,1998,312.079255674686,-5.45798667446206,3.39721227677289,31.4900376302754
Singapore,1999,336.484846412882,4.87689184197752,0.799148451003927,32.6914753593956
Singapore,2000,364.364520468218,7.16598820156491,1.73204223254257,35.1740359977879
Singapore,2001,349.292105694978,-3.70366595204537,2.69735584326358,27.6094317950146
Singapore,2002,349.746013985676,2.97922962062731,0.912639805776796,25.0736127933875
Singapore,2003,377.218564301581,6.10127554555405,-1.47453284191939,17.2245248736318
Singapore,2004,401.523712538509,8.5722052915981,1.2519166730553,22.8924616706012
Singapore,2005,420.430512920559,4.87209326850753,2.35051128857175,21.506936250429
Singapore,2006,425.363399543019,5.64834329383781,3.1293891560754,22.3792634447668
Singapore,2007,394.288471919078,4.57298627096552,4.16600286360933,23.0659529090098
Singapore,2008,437.326714891057,-3.41549269446281,5.32151708302623,30.1596763689779
Singapore,2009,358.192811828842,-2.84677194924208,3.0159499147579,27.3701152111674
Singapore,2010,369.685555787646,12.5085215498552,1.77183287926401,27.6582275190447
Singapore,2011,379.098631377539,4.02338164865897,2.08490245606007,26.6919943455279
Singapore,2012,369.212965787665,1.90446223662212,2.45339033031018,29.2629426703058
Singapore,2013,367.041780049019,3.13397914899265,1.61930809858875,29.9795021855415
Singapore,2014,360.467319166237,2.59472315486744,1.29844017799226,29.4300082792766
Singapore,2015,329.471398940262,1.76232468638902,1.18637693749822,25.353193018866
Singapore,2016,302.839656046574,2.41021443466256,1.29743609938602,26.3971777576543
Singapore,2017,316.794409287568,4.38437834929044,0.0885954699924263,27.2765104656237
Singapore,2018,326.59658728675,2.96719699276471,0.469704298714121,24.7748536752848
Singapore,2019,324.394985115301,0.15539750940367,1.14428330688929,24.5014074011136
Singapore,2020,332.040805481913,-3.51423380533573,-0.311904961250833,22.8053955630909
Solomon Islands,1991,168.200409411776,2.80422579820127,3.0612649631935,9.55132257487468
Solomon Islands,1992,149.791776736118,9.35072472383121,3.01690308400192,7.87041538782995
Solomon Islands,1993,161.468807053225,0.951992030002074,2.97458172666175,9.07479729562696
Solomon Islands,1994,136.814712152103,4.96526753173474,2.94272259646508,6.86336207598753
Solomon Islands,1995,114.205186316442,6.92444722853128,2.91631515355324,5.25368874621093
Solomon Islands,1996,98.795453322306,-1.28334307048851,2.88873510615365,5.71135472235677
Solomon Islands,1997,100.91097317163,-3.70203446896066,2.8540188695447,6.59114710842544
Solomon Islands,1998,83.1388019998149,-1.51153942338946,2.80632296765175,7.21564930020228
Solomon Islands,1999,69.1617439923623,-3.12765542837077,2.69069672268738,6.90346862875386
Solomon Islands,2000,58.5523280892414,-16.2171420100004,2.28927444576947,7.62912028660779
Solomon Islands,2001,45.1100685673042,-9.73056127432767,1.94611771082024,7.91161202565028
Solomon Islands,2002,45.1275100252581,-4.61497956625686,1.8849339938907,5.94570985166908
Solomon Islands,2003,55.9586091334969,4.58496890932756,1.83654662621824,9.0353023276316
Solomon Islands,2004,62.8118976683083,5.76484741556582,1.79794695108568,9.91933482221827
Solomon Islands,2005,66.5710765635257,5.47693948660554,1.76867502615455,12.6024533088224
Solomon Islands,2006,69.7893991429226,2.33369145793722,1.74709011654713,11.6455348040394
Solomon Islands,2007,83.7476138715,1.86556171568819,1.72668771876675,13.1013585665304
Solomon Islands,2008,87.3526158028726,4.42328745185992,1.71153079844048,13.3782748829013
Solomon Islands,2009,71.8849530192377,1.00843919853824,1.8212048247057,12.7912021106499
Solomon Islands,2010,96.1485545423385,6.65612594404901,2.82139788482931,17.9438829858377
Solomon Islands,2011,107.247515572534,3.54895845172413,3.67971542315203,15.0193620851994
Solomon Islands,2012,104.823434628967,-1.22485253459861,3.668421041016,14.6175746552631
Solomon Islands,2013,99.6074605551315,1.46287648550671,3.65262148165308,14.646866906762
Solomon Islands,2014,93.4534070100296,-2.41306586755394,3.62509398993661,12.6368121226921
Solomon Islands,2015,88.1884859107326,-1.90313667351086,3.58337916462009,15.944874295532
Solomon Islands,2016,85.54984577725,1.8954619438627,3.52842038261052,17.2166308860163
Solomon Islands,2017,82.1974922027324,-0.426120235207534,3.45614796025836,19.5610453907099
Solomon Islands,2018,88.4949614655388,-0.648914414273463,3.35985912747517,19.1385050921666
Solomon Islands,2019,82.9985659020552,-0.912183037350545,2.65049803426017,22.6955773604969
Solomon Islands,2020,60.2204365577573,-5.50324350800385,2.22072148638778,16.7238165802949
South Africa,1991,34.8816092569776,-3.25400629067984,2.28466181858316,17.8354850806236
South Africa,1992,34.3213534993474,-3.87926236884013,1.79631209038171,15.7145549853145
South Africa,1993,35.6981243460429,-0.76236352634794,1.99129597975592,14.161207817224
South Africa,1994,37.1146091666279,1.54195948087219,1.61967461179144,16.4704957860317
South Africa,1995,39.4780337793026,1.85604954250009,1.21388535311637,17.7000132325077
South Africa,1996,42.199251732528,2.95596987945947,1.29699420436442,16.5683988950434
South Africa,1997,42.3013344291831,1.37819585551415,1.19798957270412,16.2941004369842
South Africa,1998,44.0357453368965,-0.711121199354281,1.2124158688717,16.4278913701127
South Africa,1999,42.2582960172673,1.29020714023875,1.08969778624124,15.6550464913797
South Africa,2000,46.2207217354077,3.25127058182207,0.914659168313889,15.0602810875446
South Africa,2001,49.170945185829,1.82108406092082,0.859492168208101,14.5737803066035
South Africa,2002,53.4655016294369,2.72292924025332,0.947036940076663,15.036119660525
South Africa,2003,45.723862568979,1.92822490144245,0.996556488051653,15.6571145272722
South Africa,2004,45.6435752240041,3.50654128784933,1.00742279739678,16.9603513170499
South Africa,2005,47.4277813970329,4.21638584977106,1.01260946155511,16.8318153447643
South Africa,2006,53.7681412741145,4.53031944639788,1.02172490694402,18.4902026867601
South Africa,2007,57.125139137747,4.25469604690063,1.05506511201209,19.3259650755187
South Africa,2008,65.9745237996233,2.00798658438173,1.15309551684298,21.2872491181391
South Africa,2009,49.5875353278801,-2.70664075062311,1.19390450655684,18.7669441984248
South Africa,2010,50.4060871625999,1.82804672464107,1.1829095702162,17.5956446037105
South Africa,2011,54.6363504358971,1.90092049729387,1.23631458705301,18.8532376550132
South Africa,2012,55.5826171933345,0.897179683754416,1.47479434391075,18.5845354435045
South Africa,2013,58.875027630051,0.805658809846705,1.65265199501405,19.1687625943111
South Africa,2014,59.4995740550593,-0.257188966137676,1.66144540694123,18.4879638168327
South Africa,2015,56.7266761447156,-0.694265293924985,2.00988840160514,18.6332066638376
South Africa,2016,55.8612575048782,-0.277781475736276,0.940521897823675,16.9604522948246
South Africa,2017,53.5359318293741,0.49869596172698,0.653837462693277,16.6107340612402
South Africa,2018,54.4855451276341,-0.1374850396532,1.68236992028419,16.1705829786619
South Africa,2019,53.8979964081406,-1.3803610544763,1.64957495527878,15.8207933783179
South Africa,2020,50.7596590804177,-7.67873309598839,1.62216431400652,12.3455441478462
South Sudan,2012,71.6198113947489,-48.4287258315307,4.44972889782953,7.0742528372385
South Sudan,2013,50.8112465907463,8.97551236063792,3.74120236356755,11.3677738263753
South Sudan,2014,64.6345178070809,2.7406396602203,0.614232824755906,7.9945088302124
South Sudan,2015,65.5513491845003,-9.76929494253935,-1.14143555707987,5.75075637151052
Sri Lanka,1991,67.5959123930763,3.81973572214518,0.748734482407864,22.8701875948381
Sri Lanka,1992,72.8037565573982,2.75390592994462,1.58927250831319,24.2753648746834
Sri Lanka,1993,77.1475183409566,5.10038391966494,1.69784789442256,25.557234794271
Sri Lanka,1994,79.4307906970319,4.07265463723363,1.45683441097245,27.0271670431233
Sri Lanka,1995,81.6350490886111,3.76841651865469,1.65501088509534,25.7310878563342
Sri Lanka,1996,78.8739637143809,1.8233928834009,1.92257845082404,24.2490834860857
Sri Lanka,1997,80.1375533095503,4.40430271746983,1.89854362715713,24.3861426620179
Sri Lanka,1998,78.4949891255872,2.74023742948491,1.88802201260991,25.1367897004477
Sri Lanka,1999,78.7514783496374,2.38061253046646,1.85791802193191,27.2905151438158
Sri Lanka,2000,88.636441704913,4.0862744786218,1.82192893868799,28.0392736849136
Sri Lanka,2001,80.8986015327576,-3.08904716018746,1.58029006941291,22.0040128023487
Sri Lanka,2002,76.3351317826517,2.8865391549469,1.04243651089033,23.2890507211333
Sri Lanka,2003,75.336247330543,5.16625254648899,0.733298046863635,22.0204689465055
Sri Lanka,2004,79.4829449011187,4.7307209819853,0.679757715006083,25.2537615246688
Sri Lanka,2005,73.6039729580533,5.56425373682754,0.639733163202014,26.8274555178569
Sri Lanka,2006,71.2611784883009,6.94942271248222,0.669909171598541,27.9799093470538
Sri Lanka,2007,68.6065116601391,6.06651827130165,0.686177993870037,27.9521433553302
Sri Lanka,2008,63.369043608222,5.24732975759279,0.665501489405385,27.5523830555003
Sri Lanka,2009,49.1491415308235,2.90511614609032,0.614014271918797,24.4338657450541
Sri Lanka,2010,,7.38142864801097,0.589181271319281,
Sri Lanka,2011,,7.99726895717046,0.620507027958285,
Sri Lanka,2012,,7.80902906849383,0.760628047767682,
Sri Lanka,2013,,7.00602738719888,-2.79968273298027,
Sri Lanka,2014,,5.38986888056003,0.933207942647201,
Sri Lanka,2015,46.9179708088816,3.25185230562724,0.91981102654886,34.2757988098221
Sri Lanka,2016,46.4715370252187,3.86979649875681,1.13327749793807,36.453044458329
Sri Lanka,2017,47.1404098004644,5.24982935111058,1.14388758411593,39.7266305226638
Sri Lanka,2018,49.8093967521361,1.28556702964238,1.0064319813899,38.0567747750533
Sri Lanka,2019,49.42552388546,-0.829146715022418,0.611875945764341,34.1087160599303
St. Kitts and Nevis,1991,,-1.68474926558146,-0.183191040214603,
St. Kitts and Nevis,1992,,3.35471559982065,0.880693467540221,
St. Kitts and Nevis,1993,,5.43720892471435,1.28605796589797,
St. Kitts and Nevis,1994,,3.95570416288516,1.28648573786985,
St. Kitts and Nevis,1995,,4.01375437413185,1.30795424814889,
St. Kitts and Nevis,1996,,4.48268214386603,1.29339971902145,
St. Kitts and Nevis,1997,,5.46861986409,1.27688427411293,
St. Kitts and Nevis,1998,,-1.77595335466278,1.30397839701118,
St. Kitts and Nevis,1999,,1.82436633230189,1.36121019596059,
St. Kitts and Nevis,2000,,8.46930909930006,1.44021899747842,
St. Kitts and Nevis,2001,,4.07351451919244,1.12737297055115,
St. Kitts and Nevis,2002,,0.797218805613539,0.564388462760083,
St. Kitts and Nevis,2003,,-4.25794420201746,0.338409798424049,
St. Kitts and Nevis,2004,,3.68423412350383,0.30057001145304,
St. Kitts and Nevis,2005,,9.44452895015881,0.263067255385927,
St. Kitts and Nevis,2006,,2.85800106872907,0.283852845256594,
St. Kitts and Nevis,2007,,0.305516416409375,0.293755236701893,
St. Kitts and Nevis,2008,,11.0104297068936,0.275815058165901,
St. Kitts and Nevis,2009,,-3.5715108939693,0.172798199816465,
St. Kitts and Nevis,2010,,0.0951505914335229,-0.149314248854052,
St. Kitts and Nevis,2011,,1.52991480984264,0.0853497256607942,
St. Kitts and Nevis,2012,,-1.04787778946711,0.313035956599999,
St. Kitts and Nevis,2013,,5.64641698929439,0.0765127239724214,
St. Kitts and Nevis,2014,,7.53127511202617,0.0424817865731795,
St. Kitts and Nevis,2015,,0.69841246781877,-0.00424736663332803,
St. Kitts and Nevis,2016,,3.95919692482656,-0.0254879889232652,
St. Kitts and Nevis,2017,,0.274193507101955,-0.0531208511827516,
St. Kitts and Nevis,2018,,2.09466207201663,-0.0893066039921832,
St. Kitts and Nevis,2019,,3.06102179372833,-0.119199673543347,
St. Kitts and Nevis,2020,,-15.1537081395497,-0.174799132141861,
St. Lucia,1991,,-0.820743643335049,1.19910441469639,
St. Lucia,1992,,6.35455541558694,1.49182703899205,
St. Lucia,1993,,-0.892733394374474,1.47824786663391,
St. Lucia,1994,,0.0915392271761561,1.4944203866875,
St. Lucia,1995,,0.156865158765669,1.57637794278676,
St. Lucia,1996,,1.39827512027458,1.49210520637537,
St. Lucia,1997,,-2.08248177579216,1.40792081597188,
St. Lucia,1998,,4.83795668922615,1.37221189361173,
St. Lucia,1999,,1.34383057850798,1.30068408511276,
St. Lucia,2000,,-1.15852753925388,1.21402743138722,
St. Lucia,2001,,-4.38521361096242,1.01677824289198,
St. Lucia,2002,,-0.455758268918373,0.872385751343311,
St. Lucia,2003,,3.41053937654591,0.822512392357976,
St. Lucia,2004,,6.44252113072108,0.771973333919315,
St. Lucia,2005,,-1.13924471405971,0.734635032623395,
St. Lucia,2006,,5.43753454391749,0.716076160693592,
St. Lucia,2007,,1.01330265983917,0.669266875500453,
St. Lucia,2008,,4.29652830468692,0.623950967419395,
St. Lucia,2009,,-3.43582922693658,0.626557735548289,
St. Lucia,2010,,-0.278750187807233,0.608614599646534,
St. Lucia,2011,,3.78344996295867,0.52231324992803,
St. Lucia,2012,,-0.563683330885993,0.456462690189925,
St. Lucia,2013,,-2.26163327907432,0.452081381366467,
St. Lucia,2014,,0.880621538906311,0.442581735190879,
St. Lucia,2015,,-0.337052867572226,0.439488105791393,
St. Lucia,2016,,2.9915396739198,0.422763651310013,
St. Lucia,2017,,2.97179882236796,0.395468542730377,
St. Lucia,2018,,2.49445186760282,0.382048183874964,
St. Lucia,2019,,-1.06027192026241,0.3631466895222,
St. Lucia,2020,,-24.6114092144696,0.330981923965865,
St. Vincent and the Grenadines,1991,,0.766079149440529,0.366016281210552,
St. Vincent and the Grenadines,1992,,6.10658038959106,0.255416614554016,
St. Vincent and the Grenadines,1993,,4.04173919943855,0.200671339382992,
St. Vincent and the Grenadines,1994,,-1.40766591680416,0.162195973569135,
St. Vincent and the Grenadines,1995,,7.64367574826734,0.114176986713966,
St. Vincent and the Grenadines,1996,,1.22344246518328,0.0636700498150164,
St. Vincent and the Grenadines,1997,,3.48502454079123,0.0194466543528162,
St. Vincent and the Grenadines,1998,,4.05432713327265,0.0344643231392806,
St. Vincent and the Grenadines,1999,,2.54179354025959,0.164205099002532,
St. Vincent and the Grenadines,2000,,1.47880127546429,0.157771141222912,
St. Vincent and the Grenadines,2001,,1.78767492091447,-0.0387586661300469,
St. Vincent and the Grenadines,2002,,5.48525117619123,-0.135773754811697,
St. Vincent and the Grenadines,2003,,6.88559351311582,-0.181908142422976,
St. Vincent and the Grenadines,2004,,4.39705000606179,-0.270825385911129,
St. Vincent and the Grenadines,2005,,2.83945191097459,-0.341789621854884,
St. Vincent and the Grenadines,2006,,7.41339795731157,-0.388481492207911,
St. Vincent and the Grenadines,2007,,3.77042261406409,-0.432128431956044,
St. Vincent and the Grenadines,2008,,0.859512861875416,-0.452015740934878,
St. Vincent and the Grenadines,2009,,-0.914124585036191,-0.469450522710604,
St. Vincent and the Grenadines,2010,,-3.99351095016873,-0.498034748761649,
St. Vincent and the Grenadines,2011,,-0.0518118530617357,-0.556296690606872,
St. Vincent and the Grenadines,2012,,1.73945379802912,-0.562167608407819,
St. Vincent and the Grenadines,2013,,3.0319570809024,-0.554247952481518,
St. Vincent and the Grenadines,2014,,1.71007773700347,-0.55640705517064,
St. Vincent and the Grenadines,2015,,3.33765430602968,-0.536144317925753,
St. Vincent and the Grenadines,2016,,4.74804540016839,-0.572879410655285,
St. Vincent and the Grenadines,2017,,2.20738641850942,-0.647135439549124,
St. Vincent and the Grenadines,2018,,3.90031671690731,-0.699944450029761,
St. Vincent and the Grenadines,2019,,1.40193657114291,-0.725995928811949,
St. Vincent and the Grenadines,2020,,-3.67618803165428,-0.617259161571258,
Sudan,1991,15.0729562327699,5.35245970415686,2.0192784229958,10.512988259954
Sudan,1992,19.6706332930978,4.54963665240291,2.01195688460037,12.3698610342809
Sudan,1993,11.4660832437785,2.49041697350873,2.23517636613403,15.1992923724007
Sudan,1994,14.610015048858,-1.46917150041169,2.52008196636254,10.6553007246765
Sudan,1995,14.7723984872323,3.22166623716427,2.57914709353572,5.5391670895105
Sudan,1996,20.0298432137309,3.52820988912499,2.24195302329294,12.006718003226
Sudan,1997,17.858606720307,15.5899602143833,2.22732302778578,8.97458620000376
Sudan,1998,21.8751479870534,1.8044093130267,2.52287733643727,10.2263950817264
Sudan,1999,24.7143682332999,0.524555771446217,2.50663940455787,10.3437659226407
Sudan,2000,29.4042344599492,3.37132975440942,2.49754561643296,24.8880308630392
Sudan,2001,20.2933456223411,3.51515858633522,2.48541577821616,20.5310077647122
Sudan,2002,25.6255617213052,3.04640852451755,2.46596917532427,21.5663517910828
Sudan,2003,26.4402280670553,3.47662601258492,2.25738358789851,22.074814442888
Sudan,2004,30.4323376195052,2.38501078452138,2.18560495236388,23.6117319230397
Sudan,2005,35.8715914021946,2.75337218040758,2.28355924873297,21.2067763046123
Sudan,2006,36.2025936172703,3.55587752590014,2.30819636827177,22.8891769937744
Sudan,2007,34.4033361615632,2.69329211251048,2.38350034195252,21.3061261282548
Sudan,2008,36.7410978273835,0.693530743818769,2.59050308685206,20.668907969621
Sudan,2009,32.7808783344833,-5.81042185394722,2.77210926299041,22.325908295006
Sudan,2010,32.728309950035,0.758886048751407,2.41578933319134,20.3985392323003
Sudan,2011,27.512339023518,5.87200118550977,2.0304098222439,23.2624340175259
Sudan,2012,21.8561745247301,-7.20056369222739,2.14168968629865,19.7241316199789
Sudan,2013,26.8585245020134,-0.372546263586997,2.30951835174238,17.1950466966314
Sudan,2014,20.8451090041313,1.86452924090501,2.70863780408064,15.0415341466529
Sudan,2015,18.3782728546541,-1.14810293147822,3.04689971719172,12.8081335322639
Sudan,2016,15.2816698903461,0.369473161527822,3.04008474256183,9.3059152625505
Sudan,2017,17.8313898297102,-2.71987452387332,3.46430091592296,10.7686344431485
Sudan,2018,21.8679187274323,-6.01716755998106,3.48828675547566,9.9893502376745
Sudan,2019,26.1196204552625,-5.00795943799888,2.93537902352139,14.3050078362201
Sudan,2020,9.95514507626151,-6.18595807947966,2.6882512565735,5.78653523341068
Suriname,1991,,2.07639457886468,0.6090609107497,
Suriname,1992,,-0.2193419760994,0.618785018405407,
Suriname,1993,,-7.09224118960068,0.421296747951677,
Suriname,1994,,2.65994989666993,0.718288232960697,
Suriname,1995,,-1.68317016056574,1.69749645431176,
Suriname,1996,,-1.12297125235634,2.12435847636189,
Suriname,1997,,3.52096892509446,2.08306804632028,
Suriname,1998,,0.211310826230431,2.06286243195902,
Suriname,1999,,-3.40825462183219,2.05779708457492,
Suriname,2000,,0.016412852428175,2.06184130338408,
Suriname,2001,,2.07621012945627,2.0592440925481,
Suriname,2002,,0.731583130433549,2.03259733141667,
Suriname,2003,,4.22968365512362,1.96683193341399,
Suriname,2004,,6.9146916825718,1.47189322083765,
Suriname,2005,,3.41538457225288,1.04333354504085,
Suriname,2006,98.1681931723564,4.64814560762545,1.0885764053437,40.1609769636414
Suriname,2007,101.377000372162,3.92006219934488,1.13996043251437,46.1853368068478
Suriname,2008,109.166838523407,2.93593297564139,1.16620762103283,44.3081047638688
Suriname,2009,87.9206617785298,1.81540250702821,1.17005849053812,50.1880052641474
Suriname,2010,90.9613941465855,3.95347703289852,1.16234546951658,36.2044525973484
Suriname,2011,,4.64182224452708,1.14737217748715,
Suriname,2012,,1.52880858968571,1.1375560373964,
Suriname,2013,,1.77805890287095,1.12880323190541,
Suriname,2014,,-0.851471419293389,1.11029432439557,
Suriname,2015,,-4.45160318607753,1.08108226631897,
Suriname,2016,,-5.90338246401519,1.04842483742266,
Suriname,2017,,0.547149370341614,1.00824404428043,
Suriname,2019,,0.12296002295291,1.03794155144619,
Suriname,2020,,-16.8738740468232,1.07530477821816,
Sweden,1991,51.1702274975964,-1.81751515509977,0.681643117607529,24.6555310368538
Sweden,1992,50.8524074665653,-1.73663035646904,0.586529928761034,22.6710211839454
Sweden,1993,58.2335910018621,-2.6328084512474,0.580838814302139,18.7234834432765
Sweden,1994,63.9497416473143,3.27914084779151,0.710705461619655,20.0212847705087
Sweden,1995,68.6810841853675,3.54963299122375,0.524703941553734,20.458951437596
Sweden,1996,66.506522070023,1.54298849078722,0.159147080582875,20.1959941036278
Sweden,1997,71.9948985844646,3.00599147276768,0.0572622034229794,19.9815532657995
Sweden,1998,74.3347541033848,4.18797877983562,0.0555121222123307,21.1029627211546
Sweden,1999,74.8479171666973,4.11994996519324,0.0779271508703018,21.2259014669133
Sweden,2000,81.4721590850121,4.46324425617721,0.160575484575313,22.2311755975548
Sweden,2001,80.5691828117714,1.08904749433709,0.268470527954234,22.3039192201803
Sweden,2002,77.0853186972402,1.94541903904167,0.325438067703728,21.60471563059
Sweden,2003,75.3282174864238,1.50263999618741,0.372092942799084,21.245941934027
Sweden,2004,78.7358819187356,3.77065163055421,0.393298991357658,21.1628436942009
Sweden,2005,84.167923018031,2.38284512787561,0.399942762807279,21.277313898577
Sweden,2006,88.3302608918239,4.08894162666398,0.562483906481893,22.4549230007772
Sweden,2007,89.5469236610223,2.46223270145694,0.741552514625445,24.0781550268935
Sweden,2008,92.8083687095596,-1.6919565204184,0.779033290770134,23.9610681178216
Sweden,2009,81.958313967393,-5.06780005582803,0.851904412936677,20.4603001983975
Sweden,2010,85.0914849272733,4.85304553694191,0.852524628765313,22.4219023210946
Sweden,2011,86.3907448060188,2.38777753247983,0.755150133665177,23.2373150954555
Sweden,2012,85.2980605424359,-1.14837721022437,0.739763272434863,21.9937736525354
Sweden,2013,81.6402521329964,0.284298669472349,0.847348652246305,21.899375975039
Sweden,2014,83.8229810483527,1.28579244857269,0.992219728591882,22.8644895912017
Sweden,2015,84.1730765958171,3.29020421290397,1.05745468551674,23.7906694877918
Sweden,2016,83.4519478574149,0.855975824436371,1.25645398510305,24.3491111935187
Sweden,2017,86.0693088740521,0.519214362381689,1.34744505956262,25.0919649215298
Sweden,2018,90.4087142361701,0.594886136077946,1.16164515996039,25.3360254860097
Sweden,2019,92.7511390290561,1.57332206499805,1.01372226345511,24.4772455073125
Sweden,2020,84.4745958141618,-2.63997048116038,0.722703912882934,24.4207542408468
Switzerland,1991,78.2239128940406,-2.14648986937067,1.24982602441627,31.7129837017764
Switzerland,1992,78.8826452809998,-1.13971907473382,1.10252107229095,28.9646035109986
Switzerland,1993,77.6711336900876,-1.03142243029649,0.910715565788466,27.5820508505769
Switzerland,1994,76.1553638103637,0.465686525977333,0.797158411024818,28.3186953218297
Switzerland,1995,76.2521729078802,-0.188350817628518,0.668242326234317,28.0636964208527
Switzerland,1996,78.7524849566866,0.0285406433398379,0.441636406706345,27.6082607656129
Switzerland,1997,88.4699784559434,2.01528322095787,0.240891210155647,26.0901916943064
Switzerland,1998,88.2156167655547,2.72428479200173,0.297135765740057,27.4131052425492
Switzerland,1999,89.8170140994489,1.17900570197709,0.476919931285641,27.0802719493725
Switzerland,2000,97.9368562124093,3.37615748239699,0.561954617400164,27.2341910868659
Switzerland,2001,96.0398378851633,0.934949672470367,0.632771238018431,27.695136995311
Switzerland,2002,91.7818508640225,-0.826280599815533,0.756469145838096,26.2149402183817
Switzerland,2003,90.3354961093127,-0.771333118455232,0.74191960337232,25.9844181861728
Switzerland,2004,95.5170944588529,1.99813197598502,0.687425960233006,24.548464470039
Switzerland,2005,102.261172141836,2.09358672785885,0.640601540243491,27.1892189955534
Switzerland,2006,106.245154784945,3.42255062788115,0.627558473346134,27.9189340638126
Switzerland,2007,113.331857768509,2.99182197798172,0.893690977823134,26.7888145984599
Switzerland,2008,116.778000147488,1.50995075456851,1.27061807385776,27.4120262151199
Switzerland,2009,109.775984598968,-3.51055875649962,1.24948463127384,28.3419894943657
Switzerland,2010,120.065123269341,2.17363798688378,1.0415580576588,25.8955591965806
Switzerland,2011,125.556273159907,0.687339980952387,1.11187894263206,28.4924187348254
Switzerland,2012,126.453860464505,0.110596623356798,1.06181932886789,26.66022900376
Switzerland,2013,133.693708414477,0.628360626093993,1.14987975781229,25.1549339552027
Switzerland,2014,120.213423375239,1.10869373261926,1.22010397343287,25.5531960420311
Switzerland,2015,117.138482218872,0.494129645915152,1.13833715247736,25.0748632817703
Switzerland,2016,123.565924513577,0.960131696221239,1.09203117387253,25.561928395454
Syrian Arab Republic,1991,56.4792466395347,4.33538047795443,3.14276682156051,
Syrian Arab Republic,1992,63.888006888572,9.55674328354266,3.07043753248059,
Syrian Arab Republic,1993,68.7691991637563,2.99526601339912,3.01785988391191,
Syrian Arab Republic,1994,78.4544982128073,4.09745194329328,2.94902840334724,
Syrian Arab Republic,1995,68.9765751565305,4.03755108447395,2.83254019010482,
Syrian Arab Republic,1996,69.9141790558683,6.89088933598605,2.70847861472762,
Syrian Arab Republic,1997,66.2229786914424,2.30284558838696,2.62495453798521,
Syrian Arab Republic,1998,61.424844770787,4.06598851033671,2.57951161365654,
Syrian Arab Republic,1999,64.3084049166638,-5.97618190709545,2.54408360788724,
Syrian Arab Republic,2000,65.2849861212903,-1.80421522520456,2.49405999884142,
Syrian Arab Republic,2001,67.3681324999384,-1.40284325455362,2.45461714631082,
Syrian Arab Republic,2002,71.6443076814108,1.47328181768793,2.41609659016013,
Syrian Arab Republic,2003,61.5469905405418,4.68174171715712,2.38129035278314,
Syrian Arab Republic,2004,78.1149285929097,4.2935988060548,2.47115145720736,
Syrian Arab Republic,2005,80.1330024866606,3.52095168365396,2.56920506363659,
Syrian Arab Republic,2006,74.2052265865927,0.644012233201963,4.28105517398245,
Syrian Arab Republic,2007,76.3793535157197,-0.635804298088587,6.15726388722661,
Syrian Arab Republic,2008,74.2279600990172,0.843363715439807,3.53953603606328,
Syrian Arab Republic,2009,59.9438252393676,4.27155320051828,1.561038004306,
Syrian Arab Republic,2010,64.0101646947258,2.82697106833621,2.27386735787712,
Syrian Arab Republic,2011,50.6960943456553,1.07121071780338,1.74463187292712,
Tajikistan,2001,146.657305562056,7.48337681079825,1.93263055464193,16.3827950698182
Tajikistan,2002,138.6839688324,8.69157571922234,1.92125173999603,9.29571889906082
Tajikistan,2003,137.669592976856,8.88444644359714,1.92429974773697,9.13672029235099
Tajikistan,2004,128.338170674363,8.15635551136702,1.96260002776105,11.7772898999562
Tajikistan,2005,126.994699303416,4.63258511919481,1.95661200705717,11.6476563150445
Tajikistan,2006,141.153912074728,4.98592039180348,1.90026148122724,15.9664495672294
Tajikistan,2007,145.528099715723,5.74856457778455,1.92134154744809,24.6329386773297
Tajikistan,2008,114.480149093579,5.78378645390583,1.98075956919701,26.5087253628508
Tajikistan,2009,85.9781370434108,1.79394759926346,2.04782606461211,24.8447536175679
Tajikistan,2010,73.493044509473,4.24657467143167,2.13859732955825,23.8461818667509
Tajikistan,2011,79.7842446734572,5.0303552095006,2.23107820470165,29.2094402931719
Tajikistan,2012,83.1759445401528,4.96076448659319,2.39042338057157,23.2673636939311
Tajikistan,2013,71.7437428882341,4.75131202806213,2.49710956677516,24.9057147542124
Tajikistan,2014,54.6071596053705,4.0554323883913,2.50974038960922,26.5156987249439
Tajikistan,2015,49.9378160689555,3.34193519398252,2.55779351442662,44.6894530560362
Tajikistan,2016,55.7246446907573,4.2256886170877,2.53351872618566,40.5223187316003
Tanzania,1991,30.2316225499322,-0.476012505289418,2.53453102605205,18.1352206240194
Tanzania,1992,35.6677963323106,-1.88980012132932,2.49709386912698,18.7525701085471
Tanzania,1993,45.2364974710923,-1.91363289102119,3.13737726435695,17.3020323198502
Tanzania,1994,44.2367675621224,-2.2538960665397,3.84179855606781,16.9743701832328
Tanzania,1995,45.1619199872127,0.368447209863618,3.14652813346473,13.6278212738224
Tanzania,1996,35.7265066969485,2.65168980698766,1.83364600544135,11.4571208610568
Tanzania,1997,28.8587832233337,1.45902793566377,2.02274347919653,10.2603824139834
Tanzania,1998,26.1436420608095,1.02063893946291,2.63261492761807,21.0338676209662
Tanzania,1999,25.0220548113162,2.09994947542917,2.67776635574134,18.2183314204882
Tanzania,2000,23.9891151549808,1.59942658531416,2.84152432501121,17.462796824131
Tanzania,2001,28.0301432282533,3.25057961835962,2.70152074754623,18.3167930926191
Tanzania,2002,27.4992172734904,4.36368727532306,2.58850722069614,18.0880950947047
Tanzania,2003,30.4488358249326,3.89344253690891,2.64525638066994,20.6843865054193
Tanzania,2004,33.609786736665,4.63163110389122,2.71326096371365,24.4935805724156
Tanzania,2005,36.9592732894013,4.54018649750061,2.77513941065557,27.3958979170045
Tanzania,2006,42.7681664691467,3.59554927104524,2.80055623798532,30.3239644518197
Tanzania,2007,48.0583947796554,3.83493311688827,2.79133312179469,32.6512173460431
Tanzania,2008,49.0265445510865,2.87353898673082,2.70285900109119,37.4895216967723
Tanzania,2009,43.5326006456317,2.70936589724377,2.46693695085578,34.3556768729289
Tanzania,2010,47.6404394295683,3.67041498018565,2.54448522649017,32.0172443063631
Tanzania,2011,56.1661241821809,4.70485004341454,2.79985031213535,34.7360333035223
Tanzania,2012,54.3689490815138,1.53892032694513,2.8799437394168,34.8451015083251
Tanzania,2013,48.6316275295495,3.62722794168234,3.01455736724095,37.470607348423
Tanzania,2014,45.3560223433065,3.51147946313948,3.08040316049107,37.6539665632561
Tanzania,2015,40.7576808778314,2.77038211960942,3.26181042317192,32.7586922845607
Tanzania,2016,35.4204704002636,3.30400665890222,3.40729531415315,32.1747860509655
Tanzania,2017,33.1125919853124,3.23688527604725,3.3414302210835,32.354141404315
Tanzania,2018,32.6426099043737,2.24213027557943,3.15572113764533,38.3765744836496
Tanzania,2019,33.0185892502311,2.71005881950599,2.98060939385811,39.7264057276571
Tanzania,2020,27.9630151969884,-0.998987836780785,2.99305168844906,38.7464874924603
Thailand,1991,78.4711349774175,6.80395089988883,1.62920710678797,42.8413775479448
Thailand,1992,77.9546456926093,6.37902716428354,1.58945961673195,39.9639476511796
Thailand,1993,77.7461171174097,6.59374093147665,1.54362711687309,39.6561466385326
Thailand,1994,81.2489529938277,6.41647263711154,1.47432944245539,40.9077848466695
Thailand,1995,89.7561749368245,6.58833087971311,1.42705987153545,42.8626944049408
Thailand,1996,84.2741479979753,4.20287810846418,1.38103987322343,42.5326887141045
Thailand,1997,95.0517906464755,-4.04196098576827,1.33372170098054,34.2747292641036
Thailand,1998,100.240473732828,-8.8321682116602,1.30564502997303,20.0714955249893
Thailand,1999,100.706288704433,3.26905660525905,1.25409899110086,20.1734050464464
Thailand,2000,121.297955351472,3.28023479514871,1.13127017975852,22.2826056940878
Thailand,2001,120.267966273533,2.39873161764822,1.01584846841136,23.1124372100211
Thailand,2002,114.969743021067,5.13275009732257,0.962026884907362,22.7441937694577
Thailand,2003,116.692819704865,6.19493623168337,0.931947504633534,23.829298673817
Thailand,2004,127.411873720393,5.34116205951062,0.896077275303913,25.6814147024811
Thailand,2005,137.853866832247,3.29537578511341,0.860087894461849,30.4207508630674
Thailand,2006,134.086946191268,4.10011779691514,0.83006330336846,27.0116433930542
Thailand,2007,129.873226989717,4.5949892120282,0.800044180541195,25.4960142904031
Thailand,2008,140.437011540931,0.947280170156503,0.768156179389423,28.2264349517752
Thailand,2009,119.269418854589,-1.42135866699509,0.73854268159594,20.6363983767118
Thailand,2010,127.250522638251,6.79479928649167,0.670617338343587,25.3566546340746
Thailand,2011,139.675407224576,0.215045559628464,0.621807948253872,26.7914582468449
Thailand,2012,137.67493851024,6.58038336266074,0.619591346751357,28.0241657146011
Thailand,2013,132.462274174269,2.08615316028128,0.587325698680648,27.4571011829666
Thailand,2014,130.905495444398,0.45053655380589,0.530129864137193,23.9190195478501
Thailand,2015,124.839662152526,2.65971785318402,0.460976294059414,22.3556406383245
Thailand,2016,120.57522728913,2.96944155296718,0.451266062797186,21.1054892015174
Thailand,2017,120.891427433638,3.73797800283087,0.422963510133952,22.9342956887695
Thailand,2018,120.841864730984,3.90762624173355,0.302929452489855,25.2195901594439
Thailand,2019,109.689514715166,1.90583495758329,0.204609851692418,23.8147525746375
Thailand,2020,97.8007432465178,-6.20637326420599,0.166540794566251,23.7553851722696
Timor-Leste,2003,122.311960519559,-6.20634357279006,4.20086521764908,22.3030813913249
Timor-Leste,2004,107.330836147183,-0.917955727961413,1.3213970309566,17.0930770730948
Timor-Leste,2005,74.6712693208544,0.895492560789137,2.04941163420411,15.7907893078582
Timor-Leste,2006,98.8757187138751,-6.89325901359257,2.93915722136614,12.1372083743395
Timor-Leste,2007,128.760893188042,7.16092800232913,2.85582868913771,18.6637430520559
Timor-Leste,2008,135.250768661926,8.42335661758385,2.7037190705407,31.3273900724289
Timor-Leste,2009,157.686439820937,7.40540253023865,2.52049124930661,48.864062081455
Timor-Leste,2010,134.400510427226,6.72117942930667,2.41648998363508,42.7178116804653
Timor-Leste,2011,140.766344089557,3.52215352261622,2.32623937394203,70.3349362705814
Timor-Leste,2012,128.500488863095,2.58043399760261,2.19848397897983,60.0291209351753
Timor-Leste,2013,79.634121567732,0.985680210416689,2.07630476166789,41.7887778225651
Timor-Leste,2014,82.7357767711716,2.42106373753114,1.98314794878844,43.1474080051201
Timor-Leste,2015,60.0769230184537,0.50481165896521,1.94624234080117,36.9492795233264
Timor-Leste,2016,60.3106239445445,1.06590529631157,1.90525943887907,39.8487595941984
Timor-Leste,2017,58.6347534789983,-4.99167831534328,1.88641549739516,35.6344545611536
Timor-Leste,2018,64.8191803659945,-2.35863567554246,1.91930286555216,35.9232510314811
Timor-Leste,2019,70.6142431890513,21.8272415651768,1.93928707188808,26.7767827713997
Timor-Leste,2020,84.7503102509987,29.2315968537651,1.91159373351817,16.4657019820047
Togo,1991,59.4614554308219,-3.51808811446465,2.87903492173325,37.4254388530191
Togo,1992,49.6550131360584,-6.65824410271924,2.82817980707413,36.6292329480502
Togo,1993,42.7125004415732,-14.5678518231059,-0.619923393390871,7.83623038965214
Togo,1994,57.5643564343816,14.5607335600402,0.367409145018829,33.2638322628292
Togo,1995,55.6017737303644,3.251830754685,4.35317658540081,37.7241690516579
Togo,1996,59.4098688003353,4.86520885642857,3.71683062271981,27.3625391935796
Togo,1997,53.2069014922318,10.8148777243175,3.1642270108889,26.1903864591866
Togo,1998,55.737924512227,-5.03100668335236,2.83523702193122,20.9660389265605
Togo,1999,50.108899621779,-0.374384292236613,2.8265430635721,20.4000271297644
Togo,2000,48.8080041114183,-3.48137743099034,2.75685668978126,29.4974703074911
Togo,2001,51.3941520650307,-1.80051289577126,2.63698635340958,29.3205669194724
Togo,2002,51.609565282441,1.22021333251216,2.54239439953807,30.669067157494
Togo,2003,55.389978417259,4.05045980094252,2.53342165886308,32.0951600439821
Togo,2004,57.8710938708872,-3.48771797818526,2.56650535233,35.5641648807502
Togo,2005,61.4542800128481,-7.08238240739422,2.56701065239466,25.1114080668295
Togo,2006,61.6128604620733,-0.185446239510938,2.80124284070489,19.0238222894344
Togo,2007,61.7740721086659,-4.01253675594127,2.91316321758797,18.7845380616733
Togo,2008,62.3076674472105,1.08763807878243,2.87454303428326,17.0859273927781
Togo,2009,62.210419994299,2.50752980203251,2.83367889670304,14.4916428488121
Togo,2010,66.7974885937104,3.0128532960463,2.72101716624637,15.8404247844887
Togo,2011,77.732312664143,3.00979901078473,2.69461885935872,19.9043015015358
Togo,2012,75.7132085684163,3.54419025979273,2.62923384476283,17.6964729054914
Togo,2013,82.1477877564195,3.14131477096478,2.56796697750519,22.1146688275227
Togo,2014,70.9156517502517,2.98962512799103,2.53448135308774,22.3769666612391
Togo,2015,69.1281378813376,2.84283067512166,2.52060746648904,25.1850151673938
Togo,2016,66.4450409805081,1.62761006802251,2.51398996486491,20.1572457451871
Togo,2017,58.2088602526732,1.44098718199137,2.49897565726694,16.8360654544298
Togo,2018,57.5737388499452,2.23660975297031,2.47179798610782,19.1360002540754
Togo,2019,56.3421740349757,2.39010092347198,2.44351209316794,18.6016944291693
Togo,2020,55.0659513954403,-0.272860217710488,2.41247393684318,19.8105297114895
Tonga,1991,83.4620679999067,6.20722629218118,0.195395738411958,16.7380346766854
Tonga,1992,72.6308207233457,0.124681393866538,0.127052743972781,17.727819239393
Tonga,1993,67.443522721344,3.65411673840201,0.0809494110412487,18.0935983722022
Tonga,1994,62.9597680826041,4.88651073265973,0.0629153808908238,20.3685217198402
Tonga,1995,71.1192857546477,6.16562631440283,0.0588848817609876,25.9729521011094
Tonga,1996,77.8333565419141,0.0430089681125168,0.0498753127545872,25.903042224632
Tonga,1997,71.850198257484,-0.994486483653645,0.397116207949899,17.3515332881513
Tonga,1998,78.2916318575919,1.57220624694287,0.706716722309235,20.4553114477437
Tonga,1999,60.7775208771412,1.64280890829436,0.646895105662644,19.3034503975617
Tonga,2000,61.508239295468,3.1164781634571,0.616444657597358,20.2585110596869
Tonga,2001,62.4065643935194,0.8921026437352,0.593306428110937,23.4882946134657
Tonga,2002,73.8374093817514,3.84009133315611,0.565742330137992,24.2790513677234
Tonga,2003,73.2160568173731,-0.5132750153019,0.566388827048018,20.4410390934732
Tonga,2004,73.9737151214869,-2.53428308034319,0.579379767566292,20.0226658814699
Tonga,2005,76.2080494394572,-1.22171662108754,0.56941817120878,21.9887117022834
Tonga,2006,66.3549884749532,-2.70155026186355,0.549254886800715,20.8303893305934
Tonga,2007,68.2299182500325,-2.89657717629593,0.444175977594245,20.5428386523307
Tonga,2008,72.6563791156237,4.57476736236848,0.275093040718062,20.3560838021782
Tonga,2009,74.3406648891028,-5.29112664808726,0.170850043659503,24.6640364368878
Tonga,2010,70.7976681214649,0.639458308941471,0.183594875501069,29.15474136719
Tonga,2011,78.8578648859134,6.53506653770044,0.158161636914974,35.2538323322593
Tonga,2012,77.9722872799652,1.02306619626815,-0.102311314323862,36.4235322935616
Tonga,2013,82.731581196292,0.752077131516813,-0.356114444715887,23.4827148315196
Tonga,2014,74.7304245935745,2.43921846288526,-0.438960491824116,22.5969084625018
Tonga,2015,81.3902410936397,1.6036112932528,-0.483301677921251,25.3614845265729
Tonga,2016,87.7771675387955,7.1755196846192,-0.539650395978897,24.6899407124926
Tonga,2017,88.0434937486257,3.36688225938528,-0.159332355407353,27.9030716330403
Tonga,2018,86.1039624323194,0.326899215374226,0.20007307916608,24.5166595302554
Tonga,2019,88.0453900968952,-0.381461325779526,0.09657445504329,27.5971984846829
Tonga,2020,81.8494988890262,1.77247797101046,0.0331168127621577,24.5728729162426
Trinidad and Tobago,1991,,2.29848572718151,0.792486108298516,
Trinidad and Tobago,1992,,9.27027370604701,0.750088861459708,
Trinidad and Tobago,1993,,-1.35114548259963,0.688993141481666,
Trinidad and Tobago,1994,,2.93412495729879,0.61312700175952,
Trinidad and Tobago,1995,,3.2626377788537,0.528584437291786,
Trinidad and Tobago,1996,,6.66021028344292,0.443666738699283,
Trinidad and Tobago,1997,,7.1187287096166,0.376559274218246,
Trinidad and Tobago,1998,,7.76236764753639,0.335542949338288,
Trinidad and Tobago,1999,,7.65646569196778,0.341570955039463,
Trinidad and Tobago,2000,,6.49101487437005,0.384592207827917,16.7852491790067
Trinidad and Tobago,2001,,3.71328614066861,0.437978261429968,26.7132302680376
Trinidad and Tobago,2002,,7.41453370120124,0.48495379094578,22.6251554450169
Trinidad and Tobago,2003,,13.868403750776,0.501588638492564,25.188354480181
Trinidad and Tobago,2004,,7.41478653453842,0.497078430407533,16.624019381715
Trinidad and Tobago,2005,,10.3839653520046,-3.855661582685,11.363899726627
Trinidad and Tobago,2006,,12.9071459292893,0.26615888493115,17.921380553648
Trinidad and Tobago,2007,,4.33268105297186,0.403209610635395,26.5072464540625
Trinidad and Tobago,2008,,2.96516094023625,0.413435896307233,23.0445264115121
Trinidad and Tobago,2009,,-4.50258208171535,0.116012084682397,31.4254022882359
Trinidad and Tobago,2010,,2.72667409792857,0.579036711567976,23.1421157657785
Trinidad and Tobago,2011,,-1.06803812728484,0.778994109506155,21.8928313859828
Trinidad and Tobago,2012,,6.13730928249969,0.538824146577348,20.8107387973003
Trinidad and Tobago,2013,,2.95466061754502,0.400859959050308,20.7680433910262
Trinidad and Tobago,2014,,3.3020638436403,0.356379989236334,19.6970291308161
Trinidad and Tobago,2015,,-0.725356979544244,0.32088962269951,25.510909120035
Trinidad and Tobago,2016,,-7.82511237114002,0.312772812072739,19.554532751341
Trinidad and Tobago,2017,,-5.06473832096466,0.202027127649021,20.9091101135151
Trinidad and Tobago,2018,,-1.13201603020309,0.18852465203732,22.9190828412
Trinidad and Tobago,2019,,0.114767755861862,0.351942101931713,20.9735100285165
Trinidad and Tobago,2020,,-8.97165770967038,0.200680476473799,20.515037518445
Tunisia,1991,85.6860202181431,1.73746449049477,2.10770264279961,25.9884610268688
Tunisia,1992,86.0000875541741,5.56226775420092,2.10298061493524,29.1942097506165
Tunisia,1993,88.4109677419355,0.166338940851446,1.99999574167744,29.2395826229285
Tunisia,1994,92.8043860425704,1.34172547583501,1.79614120435734,24.6442980181866
Tunisia,1995,93.7144465686907,0.756163865617296,1.57112483149253,24.7006181165625
Tunisia,1996,85.7203547620671,5.61085297467285,1.44320056827616,25.0137677472819
Tunisia,1997,80.5007104439621,4.02139832385444,1.35543878502605,24.4588857797885
Tunisia,1998,79.9794582620079,3.46159826406904,1.26983091069473,24.9171281844729
Tunisia,1999,77.9051139411665,4.79928371775667,1.19074438326818,24.6202573505096
Tunisia,2000,82.639110670191,3.54145974209786,1.12222559070037,25.8988088362201
Tunisia,2001,89.5522011944661,2.6947331733366,1.06692195988269,26.1793463195827
Tunisia,2002,85.3421759692656,0.287760873614303,1.02654008179225,23.8112895578277
Tunisia,2003,82.390340709916,3.66160593216975,0.999023084325491,23.3233069103163
Tunisia,2004,86.9253446966283,5.24794746880204,0.934209359397325,23.3018782908712
Tunisia,2005,90.2512478803945,2.58534081098441,0.874656405933051,21.6794440065917
Tunisia,2006,93.9409304094309,4.31907482857264,0.8828182844401,23.449499739926
Tunisia,2007,104.059400976647,5.73567938504127,0.916799634880203,23.6821787042886
Tunisia,2008,114.343660218696,3.23983058347032,0.961991588143559,25.52358104832
Tunisia,2009,93.0168787876722,1.99812423215356,1.01963219046734,24.2886504468516
Tunisia,2010,100.151009836799,1.86835635362381,1.07673286637757,25.8362686991415
Tunisia,2011,100.106379304237,-3.1268978636142,1.10896127086771,25.0372425723868
Tunisia,2012,101.550723929668,3.04657312459409,1.12911133130148,26.0970264685305
Tunisia,2013,98.9549566862038,1.2189966874892,1.18925109300243,23.8678486722665
Tunisia,2014,96.1071038558701,1.87486431059185,1.18603354474404,23.8646110150307
Tunisia,2015,87.2485306596052,-0.165402101671091,1.12871973379756,21.7389997127019
Tunisia,2016,87.0926643641466,0.00849827158573646,1.10253911569433,20.4750075823644
Tunisia,2017,95.8091979825804,1.18340493178839,1.05116025482594,21.294559927067
Tunisia,2018,103.871824260635,1.60391587948506,0.982378425356264,22.9635661213165
Tunisia,2019,102.332614725789,0.613127731689971,0.926946081730267,19.803398083912
Tunisia,2020,84.3333297071767,-9.72752601384167,0.830022185577052,12.6882289097848
Turkiye,1991,30.4760116733895,-1.03629423936702,1.75939857025913,22.7120396231239
Turkiye,1992,31.737365644504,3.26017406696464,1.70479077867469,23.3622714401738
Turkiye,1993,33.0170877754618,5.81013070866136,1.72507084421117,26.6156090890252
Turkiye,1994,41.7458523409412,-6.31116935299956,1.73850114428048,21.3205329264016
Turkiye,1995,35.9924804952774,6.12697954474808,1.63671354378767,27.4023252690356
Turkiye,1996,39.6477180344549,5.55499104784674,1.5070440949697,29.0861159032907
Turkiye,1997,42.7610666826994,5.81746162836372,1.44522126567333,27.0279861254657
Turkiye,1998,40.3769887377902,0.499222307705665,1.39260558297453,25.2997631419224
Turkiye,1999,37.6665043273244,-4.33986843724782,1.33651905329422,21.5049637841958
Turkiye,2000,42.3746746988077,5.62145840894716,1.28297648712556,24.011318241332
Turkiye,2001,49.9447830679013,-6.62846843803128,1.2442785656482,19.6143621979648
Turkiye,2002,48.1026101234402,5.15974085311868,1.20587153637377,21.525989356389
Turkiye,2003,46.3681553387846,4.57792705344551,1.16094416683032,22.8567811256469
Turkiye,2004,48.9934575435266,8.70602046453412,1.11548254617054,25.167773403717
Turkiye,2005,46.3088308846211,7.95177362643042,1.06864181704433,27.5674708715615
Turkiye,2006,48.9456766641314,5.97350417809075,1.02715519431982,30.1577149171837
Turkiye,2007,48.027468179713,4.93924794926627,0.160856263475951,29.5493413273707
Turkiye,2008,50.7612500066681,-0.349081731358567,1.26560336535681,29.7262007474574
Turkiye,2009,47.0391385732199,-6.18658127732729,1.3803027157145,23.6948756749495
Turkiye,2010,46.9433366709891,6.90544093016851,1.51943093763293,28.4520777825517
Turkiye,2011,53.651583897618,9.36292358017863,1.46777416449143,31.958286232969
Turkiye,2012,53.3277612968607,3.48010432023058,1.27471801981307,29.421538205313
Turkiye,2013,53.0683530043043,7.10372830173409,1.28441474668,31.3649431990856
Turkiye,2014,54.30677404128,3.19911298885714,1.3490889002021,30.2115390664919
Turkiye,2015,51.8749252596832,4.4033792666971,1.33411577030414,30.062899150791
Turkiye,2016,48.870183807987,1.9428315705164,1.34542593504869,29.8288300175216
Turkiye,2017,56.1356585158689,6.43664614092381,1.29675571220462,32.7946921972451
Turkiye,2018,62.8251323851165,2.07704135618785,1.35360298648434,31.3408009091416
Turkiye,2019,62.5784589326239,-0.136378469205951,1.42969688109789,27.5058303832163
Turkiye,2020,60.389853117297,0.819957444576985,0.970386031353162,34.1540560799477
Uganda,1994,27.8393598574633,2.89205348201035,3.35593325916572,14.6818263424744
Uganda,1995,32.62314586277,8.51809025515809,2.73161443108009,12.4120253617356
Uganda,1996,35.3854868820104,6.16502322616066,2.70145587024081,20.1726894202289
Uganda,1997,34.1585669652784,2.09696413485794,2.8989305129642,18.1785564881152
Uganda,1998,30.043921931244,1.83132276374145,2.97399633980632,16.4471450744691
Uganda,1999,36.0247101570245,4.60903573362658,3.24006928294857,19.5491206383786
Uganda,2000,32.7490333383822,-0.0506112736721605,3.14418360294887,19.483821715744
Uganda,2001,35.3299767819725,2.01473762716464,3.05906863525199,19.3020594186146
Uganda,2002,36.2777941561831,5.38039055287112,3.13158750187579,20.2174228036338
Uganda,2003,36.5857264641268,3.163140555198,3.15822372497188,20.9841415782684
Uganda,2004,35.4600862456436,3.65117760961586,2.99944519470383,20.1456899167115
Uganda,2005,38.9942854839061,3.25713954596638,2.93492118829227,22.355145856388
Uganda,2006,43.6332857896204,7.58857752601207,2.92745935131587,21.130370024996
Uganda,2007,46.7774166522822,5.27037575377261,2.94106654284048,22.0830552692819
Uganda,2008,56.2582682050634,5.5545038560267,2.9444861420196,22.9777738426393
Uganda,2009,47.0638780748379,3.70592159085399,2.94129171098808,26.6160387564841
Uganda,2010,38.2692490371291,2.57308463341826,2.9438913354304,27.1039553534011
Uganda,2011,39.7552255606122,6.23090993981926,2.93194913680129,26.7549805283512
Uganda,2012,43.5021371397314,0.865151267915266,2.90422608403173,26.1771756452378
Uganda,2013,43.1091548734687,0.656669463732158,2.86955163863091,31.9739798099079
Uganda,2014,36.0144010819085,2.04948459267207,2.95144499872136,26.853454663727
Uganda,2015,37.6892983324358,2.00429943099081,3.07329293941893,23.8597944507535
Uganda,2016,31.2093620232119,1.35743312909598,3.32192491389275,25.4152882648293
Uganda,2017,36.8370529334101,-0.406390812740796,3.49059590870242,24.6140426859449
Uganda,2018,36.6384055999567,2.75300382511665,3.39741097582772,24.3285989781833
Uganda,2019,39.3610539647435,2.88958690241905,3.39132142318772,25.5294607796946
Uganda,2020,37.0006923916369,-0.423922683361482,3.33341751069644,24.2159505553913
Ukraine,1993,52.0688190027854,-14.2433546055169,0.0505475129812724,36.2925144834191
Ukraine,1994,73.9440042067872,-22.4941466864469,-0.525019256069775,35.3314464818416
Ukraine,1995,97.2296964841051,-11.5024738356575,-0.791314942324349,26.6832084718696
Ukraine,1996,93.8566450766079,-9.22795603769922,-0.854165873072084,22.6707881598155
Ukraine,1997,84.2414161623735,-2.16111095277036,-0.861119151410882,21.4459381995394
Ukraine,1998,86.0497284415116,-1.10718093619529,-0.804922047186478,20.8172104334604
Ukraine,1999,101.951706965548,0.605336123329252,-0.803711705470069,17.5129546465096
Ukraine,2000,115.735714934593,6.79706549402465,-0.843515300409476,19.8037790697674
Ukraine,2001,99.9261276192731,9.79657550011422,-0.911802334090355,21.8131881141234
Ukraine,2002,95.994669810112,6.26926483071821,-0.878622609109747,20.1906567921482
Ukraine,2003,102.590182257396,10.337484498259,-0.746752569088852,21.9426366930468
Ukraine,2004,109.981708544962,12.5773931558428,-0.697090406399135,21.0958651242924
Ukraine,2005,94.6475701087848,3.92453428899148,-0.824471243376951,22.5065325534357
Ukraine,2006,89.181052639031,8.26961304502665,-0.646951976746368,24.5427579298359
Ukraine,2007,88.0465606718626,8.71227296398449,-0.457691249751745,27.781165374794
Ukraine,2008,94.1718921417534,2.77550904646171,-0.518999631278387,27.3925913814733
Ukraine,2009,87.4761626200316,-14.7807201233911,-0.418318079718443,17.0684087928518
Ukraine,2010,95.72973045329,4.46782513515676,-0.360396778842802,18.3723680042121
Ukraine,2011,104.805073904259,5.78262206521443,-0.319413470604977,20.4440036822421
Ukraine,2012,102.622788356626,0.364275557578679,-0.211412120058561,19.6146792260413
Ukraine,2013,94.0016694501782,0.226082936004985,-0.180396113217713,16.4257610216877
Ukraine,2014,100.691782483624,-5.08846879597155,-0.335269423483557,13.3964957165318
Ukraine,2015,107.806616298156,-9.27686663817931,-0.40865263025121,15.9333160342442
Ukraine,2016,105.521204913122,2.94151228987063,-0.36774838525265,21.7241623615989
Ukraine,2017,104.034982911399,2.86027869650954,-0.397112648136029,19.9647326419625
Ukraine,2018,99.1998150718675,4.09937975447431,-0.501151978990809,18.5883388544006
Ukraine,2019,90.5112342910763,3.87284698333255,-0.557746010589576,14.8903574828309
Ukraine,2020,79.1564523761815,-3.08458576352871,-0.619037730087783,8.93229932738453
United Arab Emirates,2008,148.513544025723,-7.90935166190489,11.3816344065238,25.0980915438506
United Arab Emirates,2009,153.461944358373,-10.9561860264524,6.2188003600278,31.6335487625593
United Arab Emirates,2010,135.485709128426,-0.804617484632146,2.39801204084647,28.9193053739198
United Arab Emirates,2011,144.176786868982,3.21040480797836,3.35932096341285,24.7738271342481
United Arab Emirates,2012,156.637694501481,0.619829719966987,3.95899214220379,23.421423689147
United Arab Emirates,2013,157.398083989641,0.805452996724028,3.99911978796443,21.1407254569336
United Arab Emirates,2014,159.515615057764,-0.124078023674471,4.65292210905658,22.1222022367368
United Arab Emirates,2015,164.286182737903,1.47473600077311,5.38380162241984,21.643204001152
United Arab Emirates,2016,165.39501917458,0.574841518832997,4.93046894788046,20.9292537892622
United Arab Emirates,2017,165.476542469815,-4.15218113866617,3.17379785893425,20.6035948096274
United Arab Emirates,2018,154.747005019293,0.195794810557288,1.32986873264335,21.1611309818493
United Arab Emirates,2019,163.822152944853,0.209030520233554,1.0545163442516,23.185328258013
United Arab Emirates,2020,181.29188817064,-8.258825738052,-0.474850154644905,22.8266562576
United Kingdom,1991,45.3156600809302,-1.59721933146524,0.309247932319381,20.0945518746354
United Kingdom,1992,46.3059467099097,1.0211660302119,0.270431182081877,19.3151113557582
United Kingdom,1993,49.7481967801462,3.24267090591322,0.239745439286479,18.8481723359341
United Kingdom,1994,51.886107010773,4.6865535618182,0.254586486858912,19.8743554715806
United Kingdom,1995,50.8300766971451,3.25985802369149,0.264547416858702,18.9204616566911
United Kingdom,1996,52.0576088895797,2.35396378671228,0.254626384215086,19.1254683349223
United Kingdom,1997,50.7045618383811,4.61021097170145,0.257553323280351,18.297638385084
United Kingdom,1998,49.1409088914683,2.94588672989829,0.291406085432392,18.7986884775091
United Kingdom,1999,49.4683905163429,2.60180734515576,0.333405882184416,18.5387402828054
United Kingdom,2000,52.3380212335903,4.15158061382745,0.357300887421605,18.9469377484139
United Kingdom,2001,52.6342367336438,1.9975992432021,0.384975969564228,18.7962716702215
United Kingdom,2002,51.2361820991323,1.27936543722539,0.423337079636281,18.6991795058955
United Kingdom,2003,50.0681187039704,2.73900554436896,0.465641113602993,18.3223472121232
United Kingdom,2004,50.2885521756133,1.74549468873848,0.568943113421317,18.1006116145736
United Kingdom,2005,52.5442740383211,2.08729988072291,0.68661130607346,18.4132680657531
United Kingdom,2006,56.7047791729812,1.4414302818718,0.73504867842129,18.909666594501
United Kingdom,2007,52.7493524964733,2.13253558466515,0.778666112441256,19.1749332518758
United Kingdom,2008,56.4365501052604,-0.832967942760902,0.787032622318939,18.2886587771819
United Kingdom,2009,54.6537301085991,-5.30637777763782,0.756390859593407,15.9866102776379
United Kingdom,2010,59.0511802227821,1.46206947680976,0.783888646646516,16.6181160375508
United Kingdom,2011,63.3240615708901,0.0663488911998797,0.781506562236639,16.491680863741
United Kingdom,2012,61.9688704472535,0.807661642969506,0.712282568284022,16.5145890011547
United Kingdom,2013,61.7195395154583,1.03970154694078,0.669537112028056,17.1697393956196
United Kingdom,2014,58.8210228333296,2.39229911882015,0.747135714780007,18.4324178455585
United Kingdom,2015,57.125044605439,1.40598896714546,0.721624002974263,18.4755209500336
United Kingdom,2016,59.8395315138259,1.39799087279013,0.79421971482011,18.5956388685899
United Kingdom,2017,63.1899245764158,2.46254947655839,0.545706020084833,19.1317371265417
United Kingdom,2018,64.9097721959201,1.05651160071312,0.488451313281444,18.8761161911788
United Kingdom,2019,65.0035664177054,0.736576132017404,0.514596380840432,19.0285140310906
United Kingdom,2020,59.1598893030611,-10.2001887936603,0.169447088341033,18.2807146353402
United States,1991,19.7864481240974,-1.43424757841728,1.33626074073779,20.1106050230516
United States,1992,19.9505945023923,2.09666863144402,1.38688569247935,20.0775819985715
United States,1993,20.0446187019752,1.40572318704217,1.31867999977741,20.39362787431
United States,1994,21.0554591617453,2.76110897028734,1.2262960888682,21.2790967659069
United States,1995,22.4533816490568,1.46892916699841,1.19078709090209,21.2726491406982
United States,1996,22.6870719902412,2.57246399944282,1.16341161998189,21.7018149855781
United States,1997,23.4283210916839,3.19716560770618,1.20396029701272,22.4097090800901
United States,1998,22.8258909523693,3.27222984199015,1.16571452642589,22.9583331986162
United States,1999,23.3135637046602,3.59198037193539,1.14834004729055,23.4191271539738
United States,2000,25.1029953595813,2.92586254370109,1.11276899679534,23.6783758995788
United States,2001,22.967181335596,-0.0387319237247254,0.989741382223669,22.1767205993556
United States,2002,22.2863741094897,0.7612368560753,0.927797485710314,21.7226504088227
United States,2003,22.6273130062789,1.91588247508415,0.859481712840946,21.7456431157622
United States,2004,24.4480622643257,2.89111091581917,0.925483968943482,22.652150581142
United States,2005,25.6385530316517,2.53411070482159,0.921713167161207,23.3757146806707
United States,2006,26.9752780973197,1.79819874456308,0.964253917136075,23.5375233223135
United States,2007,28.0120176822667,1.03834382130532,0.951055242772428,22.5575778342408
United States,2008,29.8677957945319,-0.828888119464764,0.945865287282592,21.0374941906914
United States,2009,24.7595311689876,-3.42683193789478,0.876651298802912,17.7687557814347
United States,2010,28.2198952346731,1.82992369379657,0.846129865832117,18.6722216698461
United States,2011,30.8424862411943,0.762796405429199,0.79239433316435,19.0335432552974
United States,2012,30.6818353657295,1.47570596897309,0.79838290137163,19.950723147015
United States,2013,30.0079539684645,1.34816252731798,0.756560083436754,20.4246273846192
United States,2014,30.0044781614855,1.71094543857326,0.796023797809134,20.969620342419
United States,2015,27.8235649187872,2.12741138123612,0.797904713382564,21.5198755166573
United States,2016,26.6079620604584,1.02266589117943,0.785625485688815,21.0106376645574
United States,2017,27.3130208877206,1.75014094923958,0.692906252591617,21.3021477015707
United States,2018,27.6103792720958,2.36444249943987,0.586433075122573,21.6987608435503
United States,2019,26.4537594940475,2.05676590328193,0.515108555014533,21.8309630674538
United States,2020,23.4015629969394,-2.56180738534749,0.408427566758519,21.7174460747964
Uruguay,1991,38.5549047407092,2.94354443405069,0.576577815081659,15.1253447103372
Uruguay,1992,40.0730436292529,7.33522697716671,0.554068643934089,15.3848955969299
Uruguay,1993,38.6849667589585,2.11624610972325,0.528682164061756,15.6412955091165
Uruguay,1994,40.1488337195203,6.72380888757364,0.52104822142472,15.8716341305374
Uruguay,1995,38.0976748425287,-1.96071762661492,0.522015798423953,15.4077114197278
Uruguay,1996,39.5284364552889,5.02200077420791,0.527975679567825,15.2402122742298
Uruguay,1997,37.706397080707,7.97449289236334,0.529453063948236,16.8452933890758
Uruguay,1998,35.6400154006956,4.00473000143258,0.493144265488424,17.3375780810385
Uruguay,1999,33.3864489469027,-1.96688389558119,0.45385356103469,15.0753309600382
Uruguay,2000,36.7137381507902,-2.29597374962009,0.373944815859448,14.4570209010912
Uruguay,2001,36.3095126435057,-4.08038978630051,0.246007398484151,14.3279397868346
Uruguay,2002,40.02906730756,-7.86190240623733,0.140879525241248,13.0729059521491
Uruguay,2003,51.7591995826472,0.734039111911073,0.0707006512477159,15.2063088501279
Uruguay,2004,61.4766880860242,4.94141016509036,0.0597775816533495,17.468462801397
Uruguay,2005,58.8776963255774,7.37434772026329,0.0798609372229262,17.6988581639875
Uruguay,2006,61.9715745165876,3.98038082694534,0.113607393322573,19.4605734296218
Uruguay,2007,59.2104478374095,6.35892754413862,0.171519933968135,19.5260552843706
Uruguay,2008,65.2080950071821,6.94817225721984,0.212934707039678,23.2080945884283
Uruguay,2009,53.3944192683736,3.99426146565813,0.239373352045262,19.6247745177406
Uruguay,2010,51.6990372012256,7.52764617823019,0.256129913246022,19.4076054759968
Uruguay,2011,53.2470340109018,4.90150561357953,0.248141512237734,20.8823110125109
Uruguay,2012,55.0611541633768,3.27196082931438,0.257451630638359,22.9153797295437
Uruguay,2013,49.7178464746233,4.32675421961548,0.297452387025821,22.4844120119644
Uruguay,2014,49.0876240632174,2.9005302021196,0.328187100513488,21.2028122395297
Uruguay,2015,45.3282408087534,0.0225745559950212,0.347483697847475,19.7053903958941
Uruguay,2016,48.4705583785623,1.35078037686081,0.333941294134426,17.3891577314177
Uruguay,2017,46.3780042035515,1.46549073530204,0.270549143036717,15.9240356668873
Uruguay,2018,47.7913104806475,-0.0151011267874139,0.179744266709225,14.8534986544499
Uruguay,2019,49.7448341159636,0.848968097010115,0.0786838170441181,14.1208503918774
Uruguay,2020,47.7318733182088,-7.40535234478858,0.0518527053450753,16.2336764872534
Uzbekistan,2014,36.3570546649043,5.109537480447,1.66460383205049,27.9591702320365
Uzbekistan,2015,30.7561914307089,5.38345590914129,1.72657003352444,26.3433388950891
Uzbekistan,2016,29.1922970388042,4.11984456589953,1.7256215086876,25.7592542108704
Uzbekistan,2017,42.5595081895217,2.64127716153368,1.69442489458676,27.2291863632714
Uzbekistan,2018,64.1381394985773,3.7517684514097,1.72706882389247,34.9925116035851
Uzbekistan,2019,64.9639227632407,4.86486140745366,1.80974442927918,39.1565362701328
Uzbekistan,2020,56.0515308349971,-0.316556159759102,1.86830671569358,37.5933580339099
Vanuatu,1991,94.2228152101401,0.612997939991217,2.48798917256925,24.4563042028019
Vanuatu,1992,94.6391665612215,0.0703543901579025,2.48222737130955,19.7730819520014
Vanuatu,1993,94.9704627502461,-1.69982007313997,2.44718960885344,19.9253363964555
Vanuatu,1994,92.8723717100426,6.50928779878551,2.38628076907314,21.7725334509631
Vanuatu,1995,91.9615068150109,-1.30636375843737,2.31391073037782,21.2356455478839
Vanuatu,1996,92.9417808219178,0.0677771442323802,2.23291177885691,18.4931506849315
Vanuatu,1997,96.196924634563,2.67502125431653,2.1503590941633,17.6706954375751
Vanuatu,1998,94.7409334170479,-0.915191995716683,2.08938889180461,17.1465303315693
Vanuatu,1999,91.232330240222,-1.72128358303503,2.07299555325541,18.9922816754835
Vanuatu,2000,87.1557917790657,3.5178018108289,2.29858977943606,19.9139980235571
Vanuatu,2001,87.7721451440768,-5.79960877399309,2.51794321791389,18.3537886872999
Vanuatu,2002,91.6997236888901,-7.5371051751447,2.49797166968152,19.5414877027877
Vanuatu,2003,91.5679895901106,1.75159744658461,2.4624992109609,16.8458035133377
Vanuatu,2004,98.7059775016543,1.47757366141985,2.44318438167928,23.238487366125
Vanuatu,2005,100.173820339297,2.78261536346285,2.42477741761316,24.1193102808937
Vanuatu,2006,89.5414618090556,5.86726101068508,2.42018173069706,28.547036678941
Vanuatu,2007,90.1716511021211,0.387169374214395,2.44889284600333,32.8934931377368
Vanuatu,2008,105.774852580058,2.9853548158102,2.50809716109013,41.7403070343952
Vanuatu,2009,108.489179063187,0.453966271093378,2.53915174529987,41.6412412855494
Vanuatu,2010,103.823312203828,-1.08593808514806,2.34288677835416,37.0068927318604
Vanuatu,2011,96.9987664175314,0.92597879599046,2.16980126854337,28.7250562368478
Vanuatu,2012,104.451629665983,-1.1852141346526,2.19727458776971,24.088455209446
Vanuatu,2013,106.410757127713,-1.74696050530071,2.22472000551293,27.3921776488311
Vanuatu,2014,105.199318296807,0.305492659735435,2.23741755913055,24.223098021463
Vanuatu,2015,108.758665668253,1.67602106503972,2.22716537972059,33.6795574772338
Vanuatu,2016,106.351935265734,1.19513802690024,2.22459321328248,25.5704936446263
Vanuatu,2017,105.526573713997,2.00579895676259,2.3321325606252,27.8615616470117
Vanuatu,2018,110.679659822766,0.464610871247203,2.39543458138902,26.800369153824
Vanuatu,2019,99.3829688227082,0.86298251414631,2.33048915705222,24.4374127501163
Vanuatu,2020,69.9148948336494,-7.17743078607894,2.32661131084294,33.2424782471957
"Venezuela, RB",2009,38.5209296583297,-4.5114030823229,1.36163698615317,25.7969460220917
"Venezuela, RB",2010,46.1368935240203,-2.77023251504848,1.30934216855774,21.9716579748512
"Venezuela, RB",2011,49.6381215967995,2.84817755288964,1.28319630933634,23.0723970782658
"Venezuela, RB",2012,50.6485838828706,4.30852326939915,1.25510683013417,23.8030669286226
"Venezuela, RB",2013,62.4795214214587,0.128922904421614,1.20531461336652,31.6959701007059
Viet Nam,1996,92.7057468018939,7.68622621093297,1.52407678637018,28.1028981458336
Viet Nam,1997,94.3444840684516,6.59239957601929,1.45262124184775,28.2995826198971
Viet Nam,1998,97.0012485118429,4.25766192653015,1.43491495510774,29.0498785375758
Viet Nam,1999,102.787406603958,3.41694816736356,1.30328491482511,27.6297563146656
Viet Nam,2000,111.417094419512,5.58792950410756,1.12950984166849,29.6099138223826
Viet Nam,2001,111.955937998525,5.08240100546193,1.05123747397877,31.1727734549497
Viet Nam,2002,116.696868652499,5.23717692306222,1.02445055878013,33.2205344910613
Viet Nam,2003,124.327954439125,5.83556100746738,0.999847904782733,35.444857957463
Viet Nam,2004,133.016497868747,6.49878740751187,0.969589431962946,35.46533166878
Viet Nam,2005,130.714846045026,6.55339711441117,0.928402391177897,33.7574028912441
Viet Nam,2006,138.313621869598,5.57239749946528,1.32258336381927,34.5366510764767
Viet Nam,2007,154.605383996554,5.25231213341748,1.76779845772365,39.5662708970146
Viet Nam,2008,154.317479627758,3.74838603993047,1.82745521345807,36.4931217965814
Viet Nam,2009,134.706317721758,3.83237459567542,1.49648723830416,37.1625554335215
Viet Nam,2010,113.977687539714,5.21227683604808,1.14440259659988,37.0990761715168
Viet Nam,2011,125.260577940829,5.1944977799937,1.15183406119192,32.3711434429224
Viet Nam,2012,123.224116745985,4.27630507146044,1.1709874078049,30.5592897696566
Viet Nam,2013,130.846354866743,4.31498880369921,1.1802975549343,30.2129034609593
Viet Nam,2014,135.410521454361,5.13784099364456,1.21423463554626,30.2890267860991
Viet Nam,2015,144.914228195237,5.66896478541561,1.23975403093124,32.1089158178217
Viet Nam,2016,145.409507973118,5.35427097241221,1.25988366517733,31.7245390951042
Viet Nam,2017,160.98008365887,5.61787865063133,1.24420473643635,32.305300920099
Viet Nam,2018,164.663936775893,6.28095828201967,1.10791395242199,32.019502902433
Viet Nam,2019,164.704215031408,6.32464886581907,0.968366698803348,31.9799606565797
Viet Nam,2020,163.245862814935,1.91581434772165,0.927434295850725,31.915688393806
West Bank and Gaza,1999,96.3452893800337,5.54878290672016,2.55526837039158,42.875538490354
West Bank and Gaza,2000,87.6390949554896,-10.8625929085069,2.55523569844846,31.5026891691395
West Bank and Gaza,2001,82.7259784699153,-11.5990690763047,2.5552675698799,29.5776406823688
West Bank and Gaza,2002,76.2528826143203,-14.696224583011,2.55528456623402,26.1685134147027
West Bank and Gaza,2003,76.398689516129,11.1391726672237,2.55524755562296,28.8054435483871
West Bank and Gaza,2004,81.1235906237101,18.8484471333478,2.55527589181892,25.0157502552628
West Bank and Gaza,2005,83.8363540589578,8.4829084168252,2.5552623734323,24.2171800924752
West Bank and Gaza,2006,82.6374735897388,-3.49430234961132,2.55525867519272,21.5975169680085
West Bank and Gaza,2007,91.9992434272745,1.16982596233521,2.55525196026943,20.7180562958887
West Bank and Gaza,2008,79.4799190194791,4.51371143942183,2.75135880229092,18.7664149704531
West Bank and Gaza,2009,75.1511928466305,5.73457681316152,2.66795074941001,18.6106335876919
West Bank and Gaza,2010,68.4976501575169,3.06565425625401,2.59703221798976,19.847131126375
West Bank and Gaza,2011,67.2495329024414,6.86783487502541,2.52518683079236,16.6617498502606
West Bank and Gaza,2012,66.9293273483831,3.51036746369036,2.46768715003228,19.4824874676452
West Bank and Gaza,2013,66.2713181162369,2.21485047926886,2.40084831983677,22.6939439902334
West Bank and Gaza,2014,67.7398371659149,-2.47102630481804,2.3440772109436,22.528717556488
West Bank and Gaza,2015,70.7809681944405,1.37258508832343,2.29048005844149,25.0880306890727
West Bank and Gaza,2016,65.4225141833383,6.44666146094556,2.24610527580178,25.2528334220468
West Bank and Gaza,2017,68.4486607142857,-0.577622802403482,1.98868634871278,27.5725446428571
West Bank and Gaza,2018,71.4012754506469,-1.30481419195327,2.5330114844554,28.3265546858681
West Bank and Gaza,2019,68.9934922812035,-1.15161366535136,2.51178246264674,26.8012957072402
West Bank and Gaza,2020,67.2881912475775,-13.4963869730477,2.48654993848325,24.3038431079663
"Yemen, Rep.",1991,47.921359321418,2.29860098445927,3.8308080770016,
"Yemen, Rep.",1992,46.1503514733973,4.17012014197473,3.80262537048437,
"Yemen, Rep.",1993,58.1404142358624,0.16354826043073,3.76054738276682,
"Yemen, Rep.",1994,68.9640403073869,2.85442556514698,3.69122014011109,
"Yemen, Rep.",1995,87.4446919838225,1.93932487457056,3.59372988740852,
"Yemen, Rep.",1996,85.9391074430978,1.17123054361929,3.36633580657249,
"Yemen, Rep.",1997,80.145988654048,1.92969632778934,3.18756744567655,
"Yemen, Rep.",1998,72.6619985473237,2.71904691973516,3.15046872402234,
"Yemen, Rep.",1999,72.0039277408966,0.593963694817944,3.11379530781424,
"Yemen, Rep.",2000,75.4388386390908,2.96401092010485,3.07742893586094,
"Yemen, Rep.",2001,70.8923979770182,0.714060018641518,3.02156813167324,
"Yemen, Rep.",2002,74.7304558609206,0.89755669377989,2.96622192090819,
"Yemen, Rep.",2003,74.3826165968098,0.743278418900516,2.93835979043048,
"Yemen, Rep.",2004,71.8466740069203,0.966767059770078,2.93369063852526,
"Yemen, Rep.",2005,76.773285677642,2.37203185301995,3.09666761314071,
"Yemen, Rep.",2006,82.0761626564135,-0.129375630986743,3.25064888639941,
"Yemen, Rep.",2007,79.1234205876059,0.045109908702031,3.23881270357261,
"Yemen, Rep.",2008,81.244718850294,0.370978630255152,3.21232812061682,
"Yemen, Rep.",2009,68.0713910145084,0.598210143519466,3.1969350857355,
"Yemen, Rep.",2010,64.3856367797178,4.3735077841587,3.13856389755931,11.66108310249
"Yemen, Rep.",2011,63.0594579549043,-15.3366875285688,3.04974468373417,5.5005264777992
"Yemen, Rep.",2012,61.3616371825683,-0.670663085005188,3.03772906888376,8.70430583413214
"Yemen, Rep.",2013,52.5118781367089,1.67911232409898,3.04562687085895,8.1057860253692
Zambia,1991,,-2.48437862264691,2.47962024274958,
Zambia,1993,,4.28174982443221,2.38360333328893,
Zambia,1994,66.6505948295585,-10.7813280458849,2.38767368508148,
Zambia,1995,69.2267746955964,0.444103477737357,2.41336000162319,
Zambia,1996,63.8214821755312,3.64343431300713,2.45422388426954,
Zambia,1997,58.272862622336,1.19524199921966,2.55491686835174,
Zambia,1998,56.2503070199594,-2.96313567721118,2.62143144676206,
Zambia,1999,59.7675342029156,1.88247300207094,2.68033385502673,
Zambia,2000,60.3874689884965,1.01793976595019,2.8105009556372,
Zambia,2001,64.668282708979,2.17981803196589,3.02394158044151,
Zambia,2002,64.9164969990648,1.3381949009155,3.07812350873629,
Zambia,2003,62.3128446757629,3.67685887625342,3.10355045228564,
Zambia,2004,70.8130749317722,3.68494886266848,3.17745831747123,
Zambia,2005,62.200282191364,3.75264386154687,3.30186320062968,
Zambia,2006,57.8568188739027,4.24983217682681,3.44488603404196,
Zambia,2007,65.7714586909068,4.59671527144219,3.52770643018252,
Zambia,2008,59.4548891205874,3.99773185138027,3.56663855229215,
Zambia,2009,56.1213809555165,5.42272309461708,3.53891846603377,
Zambia,2010,65.0147025206122,6.54512358380669,3.46192274224024,29.8740056918705
Zambia,2011,72.7954324384283,2.11650829571791,3.32527568350911,32.889211245159
Zambia,2012,75.367709855907,4.16438800509357,3.24260026203654,31.5179510511994
Zambia,2013,80.4562410213373,1.74618059430358,3.20268845716982,33.8029886804422
Zambia,2014,76.1934997276313,1.42432240940171,3.17220342906789,34.0692641856177
Zambia,2015,79.8652687573958,-0.241301067013211,3.12013727876838,42.8051164515408
Zambia,2016,73.958561254616,0.593979723633794,3.09409054089327,38.2062329128451
Zambia,2017,71.5856946542566,0.398377780872721,3.06754137743233,41.0018208583077
Zambia,2018,74.8883695274665,0.9537337347912,3.0060186177754,38.5885582958265
Zambia,2019,68.791204936096,-1.51894951073589,2.96162166175699,39.2619086467844
Zambia,2020,79.2068494095955,-5.56773502453288,2.9041649369132,32.2448509806584
Zimbabwe,2010,83.1234047851259,17.7601242170416,1.61334322032425,18.7628395343529
Zimbabwe,2011,89.4659437238642,12.187491621401,1.7726514046574,17.3984690623007
Zimbabwe,2012,74.1627003825153,14.7871576858869,1.62306467591426,9.85633778141151
Zimbabwe,2013,58.6560737143829,0.563614570952865,1.40792169753746,9.20906247136893
Zimbabwe,2014,54.6717592473918,0.982274048982148,1.37169405347957,9.63958883391864
Zimbabwe,2015,56.7496526604333,0.425141539219794,1.3399592762046,10.0359230470755
Zimbabwe,2016,51.2190376594477,-0.633234613329265,1.38820029316449,9.86174106545716
Zimbabwe,2017,55.028317831061,3.23409642689352,1.44285382068925,14.7022431781545
Zimbabwe,2018,54.55031658746,3.45954562738599,1.48741637841697,14.1484443423452
Zimbabwe,2019,46.1065442675515,-7.78558358121073,1.56353351552455,11.561629264796
Zimbabwe,2020,40.1784062234355,-9.33397144870511,1.65935280874134,11.2139243786572
