Country Name,year,instrument_m2_l1,instrument_m2_external_level,instrument_m2_external_change,depth_base,fedfunds_mean,fedfunds_change
Afghanistan,2007,,166.84308677199354,1.8282656030137003,33.24119278206745,5.019166666666666,0.054999999999999716
Afghanistan,2008,0.3534358518274878,64.07239908743502,-102.77068768455851,33.24119278206745,1.9275,-3.091666666666666
Afghanistan,2009,0.2729527550730601,5.318590845130792,-58.753808242304224,33.24119278206745,0.16,-1.7675
Afghanistan,2010,0.2855177417513985,5.817208736861804,0.4986178917310122,33.24119278206745,0.17500000000000002,0.015000000000000013
Afghanistan,2011,0.2386004964648265,3.3795212661768574,-2.437687470684947,33.24119278206745,0.10166666666666667,-0.07333333333333335
Afghanistan,2012,0.193172211308088,4.653766989489443,1.274245723312586,33.24119278206745,0.14,0.038333333333333344
Afghanistan,2013,0.0836766763636873,3.573428224072251,-1.0803387654171925,33.24119278206745,0.1075,-0.032500000000000015
Afghanistan,2014,0.094532453008501,2.9640063564010144,-0.6094218676712364,33.24119278206745,0.08916666666666667,-0.018333333333333326
Afghanistan,2015,0.0782155460026494,4.404458043623937,1.440451687222923,33.24119278206745,0.1325,0.043333333333333335
Afghanistan,2016,0.0303257116673876,13.130271148916643,8.725813105292707,33.24119278206745,0.395,0.2625
Afghanistan,2017,0.0928109526065696,33.296594770037565,20.16632362112092,33.24119278206745,1.0016666666666667,0.6066666666666667
Afghanistan,2018,0.0401171858977811,60.88678477915355,27.590190009115986,33.24119278206745,1.8316666666666668,0.8300000000000001
Afghanistan,2019,0.0254158025836233,71.74557442129557,10.858789642142026,33.24119278206745,2.158333333333333,0.32666666666666644
Afghanistan,2020,0.0554759583867152,12.493148287260349,-59.25242613403523,33.24119278206745,0.3758333333333333,-1.7825
Albania,1995,,232.48993521584603,65.12639247479864,39.8326559478891,5.836666666666666,1.634999999999999
Albania,1996,0.4175245470276216,211.04668876389908,-21.44324645194696,39.8326559478891,5.298333333333333,-0.5383333333333331
Albania,1997,0.3635087088703663,217.4863014754745,6.439612711575421,39.8326559478891,5.46,0.16166666666666707
Albania,1998,0.250494231309986,213.23748484103297,-4.248816634441532,39.8326559478891,5.353333333333333,-0.10666666666666735
Albania,1999,0.187635384742741,197.96830006100882,-15.269184780024137,39.8326559478891,4.97,-0.38333333333333286
Albania,2000,0.2010705932663086,248.3898037150451,50.42150365403628,39.8326559478891,6.235833333333333,1.2658333333333331
Albania,2001,0.1135899224828236,154.84944999741887,-93.54035371762623,39.8326559478891,3.8874999999999997,-2.348333333333333
Albania,2002,0.1815417182728325,66.3877599131485,-88.46169008427037,39.8326559478891,1.6666666666666667,-2.220833333333333
Albania,2003,0.0367212174136355,44.91131958124496,-21.476440331903547,39.8326559478891,1.1275,-0.5391666666666668
Albania,2004,0.0831759740324606,53.74089164969372,8.82957206844876,39.8326559478891,1.3491666666666668,0.2216666666666669
Albania,2005,0.12629090652052,127.99560111255032,74.2547094628566,39.8326559478891,3.2133333333333334,1.8641666666666665
Albania,2006,0.1321260335436207,197.7359429013128,69.74034178876249,39.8326559478891,4.964166666666666,1.750833333333333
Albania,2007,0.1488185364777301,199.92673897844668,2.1907960771338892,39.8326559478891,5.019166666666666,0.054999999999999716
Albania,2008,0.1281736140094551,76.77744433955624,-123.14929463889044,39.8326559478891,1.9275,-3.091666666666666
Albania,2009,0.0738778989441684,6.373224951662256,-70.40421938789399,39.8326559478891,0.16,-1.7675
Albania,2010,0.0661348006531241,6.970714790880593,0.5974898392183371,39.8326559478891,0.17500000000000002,0.015000000000000013
Albania,2011,0.1176568041821184,4.049653354702059,-2.9210614361785345,39.8326559478891,0.10166666666666667,-0.07333333333333335
Albania,2012,0.0877158594047919,5.576571832704475,1.526918478002416,39.8326559478891,0.14,0.038333333333333344
Albania,2013,0.0485698770610127,4.2820105143980784,-1.2945613183063964,39.8326559478891,0.1075,-0.032500000000000015
Albania,2014,0.0225058896492953,3.551745155353445,-0.7302653590446333,39.8326559478891,0.08916666666666667,-0.018333333333333326
Albania,2015,0.0393469040803218,5.277826913095306,1.726081757741861,39.8326559478891,0.1325,0.043333333333333335
Albania,2016,0.0174933025498873,15.733899099416195,10.45607218632089,39.8326559478891,0.395,0.2625
Albania,2017,0.038139190347433,39.89904370780225,24.165144608386054,39.8326559478891,1.0016666666666667,0.6066666666666667
Albania,2018,0.0027426619415713,72.9601481445502,33.061104436747954,39.8326559478891,1.8316666666666668,0.8300000000000001
Albania,2019,-0.0022125126565271,85.9721490875273,13.012000942977098,39.8326559478891,2.158333333333333,0.32666666666666644
Albania,2020,0.0422319309304199,14.970439860414986,-71.00170922711233,39.8326559478891,0.3758333333333333,-1.7825
Albania,2021,0.0997565943036846,3.186612475831128,-11.783827384583857,39.8326559478891,0.08,-0.2958333333333333
Albania,2022,0.0825131408653447,67.05163751227998,63.865025036448856,39.8326559478891,1.6833333333333333,1.6033333333333333
Albania,2023,0.0475060852405988,200.12590225818616,133.07426474590616,39.8326559478891,5.024166666666667,3.3408333333333333
Albania,2024,0.0231946423133599,204.87262709197628,4.746724833790117,39.8326559478891,5.1433333333333335,0.11916666666666664
Algeria,1991,,265.7687769310921,-112.69374951481034,46.728576163708496,5.6875,-2.411666666666667
Algeria,1992,0.1889892658227445,164.56246905652674,-101.20630787456533,46.728576163708496,3.5216666666666665,-2.1658333333333335
Algeria,1993,0.2721232574842673,141.23712145480891,-23.325347601717837,46.728576163708496,3.0224999999999995,-0.499166666666667
Algeria,1994,0.0704271588797631,196.33790084784854,55.100779393039645,46.728576163708496,4.201666666666667,1.1791666666666676
Algeria,1995,0.1458722715879297,272.7391228755119,76.40122202766334,46.728576163708496,5.836666666666666,1.634999999999999
Algeria,1996,0.0904217227439652,247.58357270738216,-25.15555016812973,46.728576163708496,5.298333333333333,-0.5383333333333331
Algeria,1997,0.1366671194256241,255.13802585384838,7.5544531464662255,46.728576163708496,5.46,0.16166666666666707
Algeria,1998,0.167710968326002,250.1536443963861,-4.984381457462272,46.728576163708496,5.353333333333333,-0.10666666666666735
Algeria,1999,0.1787537017524307,232.24102353363122,-17.912620862754903,46.728576163708496,4.97,-0.38333333333333286
Algeria,2000,0.130564765527076,291.39161286085886,59.150589327227664,46.728576163708496,6.235833333333333,1.2658333333333331
Algeria,2001,0.1321811312489877,181.65733983641675,-109.7342730244421,46.728576163708496,3.8874999999999997,-2.348333333333333
Algeria,2002,0.4321161833938696,77.8809602728475,-103.77637956356928,46.728576163708496,1.6666666666666667,-2.220833333333333
Algeria,2003,0.1659559966085098,52.68646962458133,-25.19449064826617,46.728576163708496,1.1275,-0.5391666666666668
Algeria,2004,0.1510558014593073,63.044637340870054,10.358167716288728,46.728576163708496,1.3491666666666668,0.2216666666666669
Algeria,2005,0.0994038212122596,150.15449140604997,87.10985406517992,46.728576163708496,3.2133333333333334,1.8641666666666665
Algeria,2006,0.1105892537680013,231.96844017267625,81.81394876662628,46.728576163708496,4.964166666666666,1.750833333333333
Algeria,2007,0.1793569719962775,234.5385118616802,2.570071689003954,46.728576163708496,5.019166666666666,0.054999999999999716
Algeria,2008,0.2077516146578162,90.06933055554812,-144.46918130613207,46.728576163708496,1.9275,-3.091666666666666
Algeria,2009,0.148739628945826,7.476572186193359,-82.59275836935477,46.728576163708496,0.16,-1.7675
Algeria,2010,0.047273157878358,8.177500828648988,0.700928642455628,46.728576163708496,0.17500000000000002,0.015000000000000013
Algeria,2011,0.12705927119665,4.750738576643697,-3.4267622520052905,46.728576163708496,0.10166666666666667,-0.07333333333333335
Algeria,2012,0.1815462834740451,6.5420006629191905,1.7912620862754929,46.728576163708496,0.14,0.038333333333333344
Algeria,2013,0.1037915392309543,5.023321937598663,-1.5186787253205267,46.728576163708496,0.1075,-0.032500000000000015
Algeria,2014,0.0807501481815329,4.166631374597341,-0.8566905630013221,46.728576163708496,0.08916666666666667,-0.018333333333333326
Algeria,2015,0.1347378109743324,6.191536341691376,2.024904967094035,46.728576163708496,0.1325,0.043333333333333335
Algeria,2016,0.00296690465834,18.457787584664857,12.26625124297348,46.728576163708496,0.395,0.2625
Algeria,2017,0.0081246504852181,46.806457123981346,28.34866953931649,46.728576163708496,1.0016666666666667,0.6066666666666667
Algeria,2018,0.0804812730050521,85.5911753398594,38.78471821587806,46.728576163708496,1.8316666666666668,0.8300000000000001
Algeria,2019,0.1052808452951659,100.8558435533375,15.264668213478098,46.728576163708496,2.158333333333333,0.32666666666666644
Algeria,2020,-0.0076041495267453,17.56215654152711,-83.29368701181039,46.728576163708496,0.3758333333333333,-1.7825
Algeria,2021,0.0718146484205064,3.7382860930966797,-13.823870448430428,46.728576163708496,0.08,-0.2958333333333333
Algeria,2022,0.1238424946930401,78.65976987557598,74.92148378247929,46.728576163708496,1.6833333333333333,1.6033333333333333
Algeria,2023,0.1338860413742537,234.77215474249877,156.1123848669228,46.728576163708496,5.024166666666667,3.3408333333333333
Algeria,2024,0.0581928375159179,240.34064340200737,5.568488659508595,46.728576163708496,5.1433333333333335,0.11916666666666664
Angola,1996,,193.32097754398305,-19.642238360083834,36.4871300806511,5.298333333333333,-0.5383333333333331
Angola,1997,3.738995600151883,199.219730240355,5.898752696371942,36.4871300806511,5.46,0.16166666666666707
Angola,1998,0.5420004533043361,195.32776969841885,-3.8919605419361423,36.4871300806511,5.353333333333333,-0.10666666666666735
Angola,1999,0.4551953660332621,181.34103650083594,-13.986733197582904,36.4871300806511,4.97,-0.38333333333333286
Angola,2000,1.83767936866462,227.52766199459347,46.18662549375751,36.4871300806511,6.235833333333333,1.2658333333333331
Angola,2001,1.395589771057196,141.84371818853114,-85.68394380606233,36.4871300806511,3.8874999999999997,-2.348333333333333
Angola,2002,0.966995648062376,60.811883467751834,-81.03183472077932,36.4871300806511,1.6666666666666667,-2.220833333333333
Angola,2003,0.9413371568308015,41.139239165934114,-19.672644301817723,36.4871300806511,1.1275,-0.5391666666666668
Angola,2004,0.5193788267471469,49.227219667145114,8.087980501211002,36.4871300806511,1.3491666666666668,0.2216666666666669
Angola,2005,0.3957646459497042,117.24531132582553,68.01809165868042,36.4871300806511,3.2133333333333334,1.8641666666666665
Angola,2006,0.4744063877675444,181.12819490869882,63.88288358287329,36.4871300806511,4.964166666666666,1.750833333333333
Angola,2007,0.469071477758515,183.13498706313462,2.0067921544358,36.4871300806511,5.019166666666666,0.054999999999999716
Angola,2008,0.401600559625038,70.328943230455,-112.80604383267962,36.4871300806511,1.9275,-3.091666666666666
Angola,2009,0.7157210827442455,5.837940812904176,-64.49100241755082,36.4871300806511,0.16,-1.7675
Angola,2010,0.1945438993921371,6.3852477641139425,0.5473069512097669,36.4871300806511,0.17500000000000002,0.015000000000000013
Angola,2011,0.0515273758051968,3.709524891532862,-2.675722872581081,36.4871300806511,0.10166666666666667,-0.07333333333333335
Angola,2012,0.3158828366845334,5.108198211291154,1.3986733197582926,36.4871300806511,0.14,0.038333333333333344
Angola,2013,0.0478200503824837,3.922366483669993,-1.1858317276211612,36.4871300806511,0.1075,-0.032500000000000015
Angola,2014,0.1323133630340756,3.2534357655247232,-0.6689307181452699,36.4871300806511,0.08916666666666667,-0.018333333333333326
Angola,2015,0.1500496872164909,4.834544735686271,1.5811089701615477,36.4871300806511,0.1325,0.043333333333333335
Angola,2016,0.1113294867005656,14.412416381857184,9.577871646170914,36.4871300806511,0.395,0.2625
Angola,2017,0.1263528074552411,36.54794196411885,22.135525582261668,36.4871300806511,1.0016666666666667,0.6066666666666667
Angola,2018,0.0062350118760932,66.83225993105927,30.284317966940414,36.4871300806511,1.8316666666666668,0.8300000000000001
Angola,2019,0.1858823748408902,78.75138909073861,11.91912915967935,36.4871300806511,2.158333333333333,0.32666666666666644
Angola,2020,0.2632417105831983,13.713079721978037,-65.03830936876058,36.4871300806511,0.3758333333333333,-1.7825
Angola,2021,0.2175339703772998,2.918970406452088,-10.794109315525947,36.4871300806511,0.08,-0.2958333333333333
Angola,2022,-0.0978592461871556,61.42000230242935,58.501031895977256,36.4871300806511,1.6833333333333333,1.6033333333333333
Angola,2023,-0.0142324855586934,183.3174227135379,121.89742041110854,36.4871300806511,5.024166666666667,3.3408333333333333
Angola,2024,0.320378477026388,187.66547238148215,4.348049667944255,36.4871300806511,5.1433333333333335,0.11916666666666664
Antigua and Barbuda,1999,,283.39051128212975,-21.857752379238686,57.020223598014034,4.97,-0.38333333333333286
Antigua and Barbuda,2000,0.2218261810578354,355.56861098661585,72.17809970448609,57.020223598014034,6.235833333333333,1.2658333333333331
Antigua and Barbuda,2001,0.0587313613107838,221.66611923727953,-133.9024917493363,57.020223598014034,3.8874999999999997,-2.348333333333333
Antigua and Barbuda,2002,0.0481416910726153,95.03370599669006,-126.6324132405895,57.020223598014034,1.6666666666666667,-2.220833333333333
Antigua and Barbuda,2003,0.0521556604121649,64.29030210676082,-30.74340388992924,57.020223598014034,1.1275,-0.5391666666666668
Antigua and Barbuda,2004,0.1447761466196588,76.9297850043206,12.639482897559791,57.020223598014034,1.3491666666666668,0.2216666666666669
Antigua and Barbuda,2005,0.0595363281125607,183.22498516161843,106.29520015729783,57.020223598014034,3.2133333333333334,1.8641666666666665
Antigua and Barbuda,2006,0.0847688213813491,283.0578933111413,99.8329081495229,57.020223598014034,4.964166666666666,1.750833333333333
Antigua and Barbuda,2007,0.1096687622156231,286.1940056090321,3.136112297890756,57.020223598014034,5.019166666666666,0.054999999999999716
Antigua and Barbuda,2008,0.1076521669439287,109.90648098517205,-176.28752462386,57.020223598014034,1.9275,-3.091666666666666
Antigua and Barbuda,2009,0.0324950466940876,9.123235775682245,-100.7832452094898,57.020223598014034,0.16,-1.7675
Antigua and Barbuda,2010,-0.1030626738615012,9.978539129652457,0.8553033539702113,57.020223598014034,0.17500000000000002,0.015000000000000013
Antigua and Barbuda,2011,0.0024537935449124,5.797056065798094,-4.181483063854364,57.020223598014034,0.10166666666666667,-0.07333333333333335
Antigua and Barbuda,2012,0.0145479754764394,7.982831303721966,2.1857752379238717,57.020223598014034,0.14,0.038333333333333344
Antigua and Barbuda,2013,0.0255360255446746,6.129674036786509,-1.853157266935457,57.020223598014034,0.1075,-0.032500000000000015
Antigua and Barbuda,2014,0.0133465769744987,5.084303270822918,-1.0453707659635902,57.020223598014034,0.08916666666666667,-0.018333333333333326
Antigua and Barbuda,2015,0.0138165095689046,7.55517962673686,2.4708763559139415,57.020223598014034,0.1325,0.043333333333333335
Antigua and Barbuda,2016,0.0565384434363274,22.522988321215543,14.967808694478684,57.020223598014034,0.395,0.2625
Antigua and Barbuda,2017,-0.0125292558173555,57.115257304010726,34.59226898279518,57.020223598014034,1.0016666666666667,0.6066666666666667
Antigua and Barbuda,2018,0.0699647970196828,104.44204289036237,47.326785586351654,57.020223598014034,1.8316666666666668,0.8300000000000001
Antigua and Barbuda,2019,0.0696050952623359,123.06864926571362,18.626606375351237,57.020223598014034,2.158333333333333,0.32666666666666644
Antigua and Barbuda,2020,-0.0044976515625165,21.430100702253604,-101.63854856346002,57.020223598014034,0.3758333333333333,-1.7825
Antigua and Barbuda,2021,-0.0912333510393033,4.561617887841122,-16.86848281441248,57.020223598014034,0.08,-0.2958333333333333
Antigua and Barbuda,2022,0.1298454133378541,95.98404305665696,91.42242516881583,57.020223598014034,1.6833333333333333,1.6033333333333333
Antigua and Barbuda,2023,0.0449376311873699,286.4791067270222,190.49506367036523,57.020223598014034,5.024166666666667,3.3408333333333333
Antigua and Barbuda,2024,0.0328587862838141,293.2740167057855,6.794909978763338,57.020223598014034,5.1433333333333335,0.11916666666666664
Armenia,1994,,178.3506631379505,50.05279419678701,42.447599318829944,4.201666666666667,1.1791666666666676
Armenia,1995,2.128658355129346,247.7524880242374,69.40182488628692,42.447599318829944,5.836666666666666,1.634999999999999
Armenia,1996,0.4964360326936905,224.90153039093397,-22.850957633303445,42.447599318829944,5.298333333333333,-0.5383333333333331
Armenia,1997,0.3006876203235151,231.7638922808115,6.8623618898775245,42.447599318829944,5.46,0.16166666666666707
Armenia,1998,0.2561948408436088,227.23614835346962,-4.52774392734189,42.447599318829944,5.353333333333333,-0.10666666666666735
Armenia,1999,0.3127184522049795,210.9645686145848,-16.271579738884792,42.447599318829944,4.97,-0.38333333333333286
Armenia,2000,0.1307695570407574,264.69615475233707,53.73158613775223,42.447599318829944,6.235833333333333,1.2658333333333331
Armenia,2001,0.3260895729887885,165.0150423519514,-99.68111240038564,42.447599318829944,3.8874999999999997,-2.348333333333333
Armenia,2002,0.0419554609215708,70.74599886471658,-94.26904348723482,42.447599318829944,1.6666666666666667,-2.220833333333333
Armenia,2003,0.2924968595928412,47.85966823198076,-22.886330632735817,42.447599318829944,1.1275,-0.5391666666666668
Armenia,2004,0.0984936792256334,57.268886080988075,9.409217849007314,42.447599318829944,1.3491666666666668,0.2216666666666669
Armenia,2005,0.2012512447896277,136.39828581117357,79.12939973018548,42.447599318829944,3.2133333333333334,1.8641666666666665
Armenia,2006,0.2456187497515252,210.7169576185583,74.31867180738475,42.447599318829944,4.964166666666666,1.750833333333333
Armenia,2007,0.284254429650737,213.05157558109394,2.334617962535635,42.447599318829944,5.019166666666666,0.054999999999999716
Armenia,2008,0.3529693637901125,81.81774768704472,-131.2338278940492,42.447599318829944,1.9275,-3.091666666666666
Armenia,2009,0.0235078624838536,6.791615891012791,-75.02613179603193,42.447599318829944,0.16,-1.7675
Armenia,2010,0.1410317782776076,7.428329880795241,0.6367139897824498,42.447599318829944,0.17500000000000002,0.015000000000000013
Armenia,2011,0.1117904458000822,4.315505930747711,-3.1128239500475297,42.447599318829944,0.10166666666666667,-0.07333333333333335
Armenia,2012,0.2123286136148223,5.942663904636193,1.6271579738884816,42.447599318829944,0.14,0.038333333333333344
Armenia,2013,0.1778684126171512,4.563116926774219,-1.3795469778619738,42.447599318829944,0.1075,-0.032500000000000015
Armenia,2014,0.1378566772134526,3.784910939262337,-0.778205987511882,42.447599318829944,0.08916666666666667,-0.018333333333333326
Armenia,2015,0.0800678378163439,5.624306909744968,1.839395970482631,42.447599318829944,0.1325,0.043333333333333335
Armenia,2016,0.1029164971636014,16.76680173093783,11.14249482119286,42.447599318829944,0.395,0.2625
Armenia,2017,0.1611204791210028,42.51834531769466,25.751543586756835,42.447599318829944,1.0016666666666667,0.6066666666666667
Armenia,2018,0.1694977730645632,77.74985275232352,35.23150743462886,42.447599318829944,1.8316666666666668,0.8300000000000001
Armenia,2019,0.0718174727024703,91.61606852980796,13.866215777484438,42.447599318829944,2.158333333333333,0.32666666666666644
Armenia,2020,0.1060170915771614,15.953222743993585,-75.66284578581437,42.447599318829944,0.3758333333333333,-1.7825
Armenia,2021,0.0858452143843209,3.3958079455063954,-12.557414798487189,42.447599318829944,0.08,-0.2958333333333333
Armenia,2022,0.123139288727625,71.45345885336374,68.05765090785734,42.447599318829944,1.6833333333333333,1.6033333333333333
Armenia,2023,0.1493150022794935,213.26381357768813,141.81035472432438,42.447599318829944,5.024166666666667,3.3408333333333333
Armenia,2024,0.1603827778422584,218.32215249651534,5.058338918827234,42.447599318829944,5.1433333333333335,0.11916666666666664
Aruba,1991,,315.42932624276176,-133.75127767715057,55.46010131740866,5.6875,-2.411666666666667
Aruba,1992,0.1556419477861723,195.31199013947415,-120.1173361032876,55.46010131740866,3.5216666666666665,-2.1658333333333335
Aruba,1993,0.1178589897801281,167.62815623186765,-27.683833907606505,55.46010131740866,3.0224999999999995,-0.499166666666667
Aruba,1994,0.0619780125753521,233.02485903531206,65.39670280344443,55.46010131740866,4.201666666666667,1.1791666666666676
Aruba,1995,0.1185869624006805,323.70212468927514,90.67726565396309,55.46010131740866,5.836666666666666,1.634999999999999
Aruba,1996,0.0509425087710369,293.84610348007016,-29.856021209204982,55.46010131740866,5.298333333333333,-0.5383333333333331
Aruba,1997,0.0310269646632335,302.81215319305124,8.96604971298109,55.46010131740866,5.46,0.16166666666666707
Aruba,1998,0.0448810874652103,296.89640905252764,-5.915744140523628,55.46010131740866,5.353333333333333,-0.10666666666666735
Aruba,1999,0.1229410130047625,275.636703547521,-21.259705505006625,55.46010131740866,4.97,-0.38333333333333286
Aruba,2000,0.0990938821865299,345.8399484651408,70.20324491761978,55.46010131740866,6.235833333333333,1.2658333333333331
Aruba,2001,0.0227929631076548,215.60114387142613,-130.23880459371466,55.46010131740866,3.8874999999999997,-2.348333333333333
Aruba,2002,0.0572064172419999,92.4335021956811,-123.16764167574506,55.46010131740866,1.6666666666666667,-2.220833333333333
Aruba,2003,0.0997160160304311,62.53126423537826,-29.90223796030284,55.46010131740866,1.1275,-0.5391666666666668
Aruba,2004,0.0850383789317277,74.82492002740386,12.293655792025598,55.46010131740866,1.3491666666666668,0.2216666666666669
Aruba,2005,0.0316513063719234,178.21179223327314,103.3868722058693,55.46010131740866,3.2133333333333334,1.8641666666666665
Aruba,2006,0.0600762103293028,275.31318628983615,97.10139405656297,55.46010131740866,4.964166666666666,1.750833333333333
Aruba,2007,0.0234576646170054,278.3634918622936,3.0503055724574604,55.46010131740866,5.019166666666666,0.054999999999999716
Aruba,2008,0.0324729569870463,106.89934528930519,-171.4641465729884,55.46010131740866,1.9275,-3.091666666666666
Aruba,2009,0.1532707951578906,8.873616210785386,-98.0257290785198,55.46010131740866,0.16,-1.7675
Aruba,2010,0.0559040757568531,9.705517730546516,0.8319015197611306,55.46010131740866,0.17500000000000002,0.015000000000000013
Aruba,2011,-0.0028173045335648,5.638443633936547,-4.067074096609969,55.46010131740866,0.10166666666666667,-0.07333333333333335
Aruba,2012,0.0012671863825808,7.7644141844372125,2.1259705505006656,55.46010131740866,0.14,0.038333333333333344
Aruba,2013,0.0792777141289278,5.96196089162143,-1.8024532928157821,55.46010131740866,0.1075,-0.032500000000000015
Aruba,2014,-0.0379113227679219,4.945192367468939,-1.0167685241524917,55.46010131740866,0.08916666666666667,-0.018333333333333326
Aruba,2015,0.0544732269631289,7.348463424556647,2.4032710570877085,55.46010131740866,0.1325,0.043333333333333335
Aruba,2016,0.0903211999814033,21.90674002037642,14.558276595819773,55.46010131740866,0.395,0.2625
Aruba,2017,0.0907626438327042,55.55253481960434,33.64579479922792,55.46010131740866,1.0016666666666667,0.6066666666666667
Aruba,2018,0.0174873304680183,101.58441891305353,46.03188409344919,55.46010131740866,1.8316666666666668,0.8300000000000001
Aruba,2019,0.0318010271890401,119.70138534340701,18.116966430353482,55.46010131740866,2.158333333333333,0.32666666666666644
Australia,1991,,324.57801041564954,-137.6305878597641,57.06866117198234,5.6875,-2.411666666666667
Australia,1992,0.0117523928282174,200.97680176066447,-123.6012086549851,57.06866117198234,3.5216666666666665,-2.1658333333333335
Australia,1993,0.071194781119118,172.4900283923166,-28.48677336834787,57.06866117198234,3.0224999999999995,-0.499166666666667
Australia,1994,0.0556861630862748,239.7834913576125,67.2934629652959,57.06866117198234,4.201666666666667,1.1791666666666676
Australia,1995,0.0949397089214407,333.0907523738036,93.30726101619106,57.06866117198234,5.836666666666666,1.634999999999999
Australia,1996,0.0817492972221103,302.3687897762197,-30.721962597583815,57.06866117198234,5.298333333333333,-0.5383333333333331
Australia,1997,0.101192411166064,311.59488999902356,9.226100222803835,57.06866117198234,5.46,0.16166666666666707
Australia,1998,0.0705570643475965,305.50756614067876,-6.087323858344822,57.06866117198234,5.353333333333333,-0.10666666666666735
Australia,1999,0.080937917222144,283.6312460247522,-21.876320115926536,57.06866117198234,4.97,-0.38333333333333286
Australia,2000,0.1106846402099037,355.8706596249532,72.23941360020098,57.06866117198234,6.235833333333333,1.2658333333333331
Australia,2001,0.0367167112813859,221.85442030608135,-134.01623931887187,57.06866117198234,3.8874999999999997,-2.348333333333333
Australia,2002,0.1037343814224733,95.11443528663725,-126.7399850194441,57.06866117198234,1.6666666666666667,-2.220833333333333
Australia,2003,0.0679942661424632,64.34491547141009,-30.769519815227152,57.06866117198234,1.1275,-0.5391666666666668
Australia,2004,0.1201219422692858,76.99513536453286,12.650219893122765,57.06866117198234,1.3491666666666668,0.2216666666666669
Australia,2005,0.1081213595920935,183.3806312326366,106.38549586810375,57.06866117198234,3.2133333333333334,1.8641666666666665
Australia,2006,0.0815878598614929,283.298345501249,99.9177142686124,57.06866117198234,4.964166666666666,1.750833333333333
Australia,2007,0.1403113105921996,286.437121865708,3.1387763644590128,57.06866117198234,5.019166666666666,0.054999999999999716
Australia,2008,0.1674869477359983,109.99984440899597,-176.43727745671202,57.06866117198234,1.9275,-3.091666666666666
Australia,2009,0.1570442935469529,9.130985787517174,-100.8688586214788,57.06866117198234,0.16,-1.7675
Australia,2010,0.0315715479478626,9.98701570509691,0.8560299175797359,57.06866117198234,0.17500000000000002,0.015000000000000013
Australia,2011,0.0964983536849182,5.8019805524848715,-4.1850351526120395,57.06866117198234,0.10166666666666667,-0.07333333333333335
Australia,2012,0.0766626418783609,7.989612564077529,2.187632011592657,57.06866117198234,0.14,0.038333333333333344
Australia,2013,0.0709049320198502,6.134881075988102,-1.854731488089427,57.06866117198234,0.1075,-0.032500000000000015
Australia,2014,0.0652925991706112,5.088622287835093,-1.0462587881530092,57.06866117198234,0.08916666666666667,-0.018333333333333326
Australia,2015,0.067966056358518,7.561597605287661,2.472975317452568,57.06866117198234,0.1325,0.043333333333333335
Australia,2016,0.0581187311370712,22.542121162933025,14.980523557645366,57.06866117198234,0.395,0.2625
Australia,2017,0.0645340348213494,57.16377560726898,34.62165444433595,57.06866117198234,1.0016666666666667,0.6066666666666667
Australia,2018,0.0442272714795919,104.53076438001433,47.366988772745344,57.06866117198234,1.8316666666666668,0.8300000000000001
Australia,2019,0.0234608527350097,123.17319369619521,18.642429316180884,57.06866117198234,2.158333333333333,0.32666666666666644
Australia,2020,0.1315503470346932,21.448305157136694,-101.72488853905853,57.06866117198234,0.3758333333333333,-1.7825
Australia,2021,0.1281137783337804,4.565492893758587,-16.882812263378106,57.06866117198234,0.08,-0.2958333333333333
Australia,2022,0.0648492014894834,96.06557963950361,91.50008674574502,57.06866117198234,1.6833333333333333,1.6033333333333333
Australia,2023,0.0754878923764117,286.722465171568,190.65688553206434,57.06866117198234,5.024166666666667,3.3408333333333333
Australia,2024,0.0385782651904804,293.52314729456253,6.800682122994561,57.06866117198234,5.1433333333333335,0.11916666666666664
Azerbaijan,1993,,122.16692844413392,-20.175900231054943,40.419165738340425,3.0224999999999995,-0.499166666666667
Azerbaijan,1994,2.225505377949096,169.82786137726038,47.66093293312645,40.419165738340425,4.201666666666667,1.1791666666666676
Azerbaijan,1995,2.4986020095177075,235.9131973594469,66.08533598218655,40.419165738340425,5.836666666666666,1.634999999999999
Azerbaijan,1996,0.2264951547725502,214.15421313697365,-21.758984222473252,40.419165738340425,5.298333333333333,-0.5383333333333331
Azerbaijan,1997,0.157795570712647,220.68864493133873,6.534431794365052,40.419165738340425,5.46,0.16166666666666707
Azerbaijan,1998,0.3466010663187653,216.37726725258239,-4.311377678756339,40.419165738340425,5.353333333333333,-0.10666666666666735
Azerbaijan,1999,-0.1645363081179951,200.8832537195519,-15.494013533030477,40.419165738340425,4.97,-0.38333333333333286
Azerbaijan,2000,0.1829006550730447,252.04718101666782,51.16392729711591,40.419165738340425,6.235833333333333,1.2658333333333331
Azerbaijan,2001,0.5505027034505403,157.12950680779838,-94.91767420886943,40.419165738340425,3.8874999999999997,-2.348333333333333
Azerbaijan,2002,-0.1116863856000591,67.36527623056737,-89.76423057723102,40.419165738340425,1.6666666666666667,-2.220833333333333
Azerbaijan,2003,0.135206425887528,45.57260936997883,-21.79266686058855,40.419165738340425,1.1275,-0.5391666666666668
Azerbaijan,2004,0.2602878009674327,54.5321911086443,8.95958173866547,40.419165738340425,1.3491666666666668,0.2216666666666669
Azerbaijan,2005,0.3887342026733407,129.8802525725339,75.34806146388961,40.419165738340425,3.2133333333333334,1.8641666666666665
Azerbaijan,2006,0.1996912108391413,200.64747525274493,70.76722268021102,40.419165738340425,4.964166666666666,1.750833333333333
Azerbaijan,2007,0.6249360312917922,202.87052936835363,2.223054115608712,40.419165738340425,5.019166666666666,0.054999999999999716
Azerbaijan,2008,0.540480687388559,77.90794196065117,-124.96258740770244,40.419165738340425,1.9275,-3.091666666666666
Azerbaijan,2009,0.3648988573698233,6.467066518134468,-71.4408754425167,40.419165738340425,0.16,-1.7675
Azerbaijan,2010,-0.0029527623719047,7.073354004209575,0.606287486075107,40.419165738340425,0.17500000000000002,0.015000000000000013
Azerbaijan,2011,0.2175558362722043,4.10928185006461,-2.964072154144965,40.419165738340425,0.10166666666666667,-0.07333333333333335
Azerbaijan,2012,0.2781274215186897,5.65868320336766,1.54940135330305,40.419165738340425,0.14,0.038333333333333344
Azerbaijan,2013,0.1877903831743168,4.345060316871596,-1.3136228864960644,40.419165738340425,0.1075,-0.032500000000000015
Azerbaijan,2014,0.1396705000941409,3.604042278335355,-0.7410180385362408,40.419165738340425,0.08916666666666667,-0.018333333333333326
Azerbaijan,2015,0.1115688614486956,5.355539460330107,1.7514971819947518,40.419165738340425,0.1325,0.043333333333333335
Azerbaijan,2016,-0.0115535037253025,15.965570466644468,10.610031006314362,40.419165738340425,0.395,0.2625
Azerbaijan,2017,-0.020313480032069,40.48653101457099,24.520960547926524,40.419165738340425,1.0016666666666667,0.6066666666666667
Azerbaijan,2018,0.0862547529200021,74.03443857739354,33.54790756282256,40.419165738340425,1.8316666666666668,0.8300000000000001
Azerbaijan,2019,0.0550322470073432,87.23803271858475,13.203594141191196,40.419165738340425,2.158333333333333,0.32666666666666644
Azerbaijan,2020,0.1821079867007533,15.190869789992941,-72.0471629285918,40.419165738340425,0.3758333333333333,-1.7825
Azerbaijan,2021,0.0110075105244824,3.233533259067234,-11.957336530925707,40.419165738340425,0.08,-0.2958333333333333
Azerbaijan,2022,0.1715182450689631,68.03892899287305,64.80539573380581,40.419165738340425,1.6833333333333333,1.6033333333333333
Azerbaijan,2023,0.2119196153841116,203.07262519704537,135.03369620417232,40.419165738340425,5.024166666666667,3.3408333333333333
Azerbaijan,2024,0.0511730702451025,207.88924244753093,4.816617250485566,40.419165738340425,5.1433333333333335,0.11916666666666664
"Bahamas, The",1991,,280.8971425733478,-119.1086198691969,49.388508584324896,5.6875,-2.411666666666667
"Bahamas, The",1992,0.0642277809877001,173.9298643977975,-106.96727817555035,49.388508584324896,3.5216666666666665,-2.1658333333333335
"Bahamas, The",1993,0.0534194238593315,149.27676719612197,-24.653097201675525,49.388508584324896,3.0224999999999995,-0.499166666666667
"Bahamas, The",1994,0.1495136218023027,207.51405023513846,58.23728303901648,49.388508584324896,4.201666666666667,1.1791666666666676
"Bahamas, The",1995,0.0836785266114503,288.2642617705096,80.75021153537115,49.388508584324896,5.836666666666666,1.634999999999999
"Bahamas, The",1996,0.0820357415357833,261.67678131594806,-26.587480454561558,49.388508584324896,5.298333333333333,-0.5383333333333331
"Bahamas, The",1997,0.0547180185198499,269.6612568704139,7.984475554465878,49.388508584324896,5.46,0.16166666666666707
"Bahamas, The",1998,0.2108873872105015,264.3931492880859,-5.268107582328023,49.388508584324896,5.353333333333333,-0.10666666666666735
"Bahamas, The",1999,0.1505156271057188,245.4608876640947,-18.932261623991188,49.388508584324896,4.97,-0.38333333333333286
"Bahamas, The",2000,0.1004287412190905,307.97850811375264,62.51762044965792,49.388508584324896,6.235833333333333,1.2658333333333331
"Bahamas, The",2001,0.08903806059147,191.997827121563,-115.98068099218962,49.388508584324896,3.8874999999999997,-2.348333333333333
"Bahamas, The",2002,0.0479325877595933,82.31418097387483,-109.6836461476882,49.388508584324896,1.6666666666666667,-2.220833333333333
"Bahamas, The",2003,0.0293724377660282,55.685543428826314,-26.628637545048512,49.388508584324896,1.1275,-0.5391666666666668
"Bahamas, The",2004,0.0361091709450178,66.63332949835169,10.947786069525364,49.388508584324896,1.3491666666666668,0.2216666666666669
"Bahamas, The",2005,0.0881975620427155,158.70174091763067,92.06841141927899,49.388508584324896,3.2133333333333334,1.8641666666666665
"Bahamas, The",2006,0.1028767110452228,245.17278803068615,86.47104711305549,49.388508584324896,4.964166666666666,1.750833333333333
"Bahamas, The",2007,0.0747490766985059,247.88915600282402,2.716367972137855,49.388508584324896,5.019166666666666,0.054999999999999716
"Bahamas, The",2008,0.1001088425247509,95.19635029628624,-152.69280570653777,49.388508584324896,1.9275,-3.091666666666666
"Bahamas, The",2009,0.0512173756027536,7.9021613734919836,-87.29418892279426,49.388508584324896,0.16,-1.7675
"Bahamas, The",2010,0.0165112182277411,8.642989002256858,0.7408276287648741,49.388508584324896,0.17500000000000002,0.015000000000000013
"Bahamas, The",2011,0.0537530577737435,5.021165039406364,-3.621823962850493,49.388508584324896,0.10166666666666667,-0.07333333333333335
"Bahamas, The",2012,0.024153321520707,6.914391201805486,1.8932261623991216,49.388508584324896,0.14,0.038333333333333344
"Bahamas, The",2013,0.0292135481865543,5.309264672814926,-1.6051265289905599,49.388508584324896,0.1075,-0.032500000000000015
"Bahamas, The",2014,0.0054377518211659,4.403808682102303,-0.9054559907126227,49.388508584324896,0.08916666666666667,-0.018333333333333326
"Bahamas, The",2015,0.0154461787052824,6.543977387423049,2.1401687053207454,49.388508584324896,0.1325,0.043333333333333335
"Bahamas, The",2016,-0.0037622772030481,19.508460890808333,12.964483503385285,49.388508584324896,0.395,0.2625
"Bahamas, The",2017,0.0843161754214101,49.47082276529877,29.962361874490437,49.388508584324896,1.0016666666666667,0.6066666666666667
"Bahamas, The",2018,0.0179103951266306,90.46328489028843,40.992462124989665,49.388508584324896,1.8316666666666668,0.8300000000000001
"Bahamas, The",2019,0.0104655498948957,106.59686436116789,16.133579470879454,49.388508584324896,2.158333333333333,0.32666666666666644
"Bahamas, The",2020,0.1006873745948304,18.56184780960877,-88.03501655155912,49.388508584324896,0.3758333333333333,-1.7825
"Bahamas, The",2021,-0.0026800030312301,3.9510806867459918,-14.610767122862779,49.388508584324896,0.08,-0.2958333333333333
"Bahamas, The",2022,0.0424724425231239,83.13732278361357,79.18624209686757,49.388508584324896,1.6833333333333333,1.6033333333333333
Bahrain,1991,,328.7080818911014,-139.38185919309123,57.7948275852486,5.6875,-2.411666666666667
Bahrain,1992,0.2087079743459945,203.53411781271714,-125.17396407838426,57.7948275852486,3.5216666666666665,-2.1658333333333335
Bahrain,1993,0.0474593877003108,174.68486637641385,-28.849251436303277,57.7948275852486,3.0224999999999995,-0.499166666666667
Bahrain,1994,0.055697866453535,242.8346005706862,68.14973419427236,57.7948275852486,4.201666666666667,1.1791666666666676
Bahrain,1995,0.0581134538754106,337.3291436725676,94.49454310188139,57.7948275852486,5.836666666666666,1.634999999999999
Bahrain,1996,0.0716188213222821,306.21626148917545,-31.11288218339215,57.7948275852486,5.298333333333333,-0.5383333333333331
Bahrain,1997,0.0305482346663374,315.5597586154573,9.34349712628188,57.7948275852486,5.46,0.16166666666666707
Bahrain,1998,0.0755574413683852,309.3949770063641,-6.1647816090932235,57.7948275852486,5.353333333333333,-0.10666666666666735
Bahrain,1999,0.1549225826058382,287.2402930986855,-22.154683907678603,57.7948275852486,4.97,-0.38333333333333286
Bahrain,2000,0.0404132264393517,360.398912350346,73.15861925166051,57.7948275852486,6.235833333333333,1.2658333333333331
Bahrain,2001,0.0973198948738804,224.67739223765392,-135.7215201126921,57.7948275852486,3.8874999999999997,-2.348333333333333
Bahrain,2002,0.0883859901135437,96.324712642081,-128.3526795955729,57.7948275852486,1.6666666666666667,-2.220833333333333
Bahrain,2003,0.0983823196600006,65.1636681023678,-31.16104453971321,57.7948275852486,1.1275,-0.5391666666666668
Bahrain,2004,0.0616312031278774,77.97485488376458,12.811186781396787,57.7948275852486,1.3491666666666668,0.2216666666666669
Bahrain,2005,0.0406354822841343,185.71404597393217,107.73919109016758,57.7948275852486,3.2133333333333334,1.8641666666666665
Bahrain,2006,0.1987789669734425,286.9031566044382,101.18911063050606,57.7948275852486,4.964166666666666,1.750833333333333
Bahrain,2007,0.1388360873426748,290.0818721216269,3.1787155171886563,57.7948275852486,5.019166666666666,0.054999999999999716
Bahrain,2008,0.3314581473068685,111.39953017056668,-178.6823419510602,57.7948275852486,1.9275,-3.091666666666666
Bahrain,2009,0.1796499014511496,9.247172413639776,-102.1523577569269,57.7948275852486,0.16,-1.7675
Bahrain,2010,0.0564720320484575,10.114094827418505,0.8669224137787297,57.7948275852486,0.17500000000000002,0.015000000000000013
Bahrain,2011,0.0999309439724775,5.875807471166941,-4.238287356251565,57.7948275852486,0.10166666666666667,-0.07333333333333335
Bahrain,2012,0.0334476832020236,8.091275861934804,2.2154683907678634,57.7948275852486,0.14,0.038333333333333344
Bahrain,2013,0.0397283554493661,6.212943965414224,-1.8783318965205802,57.7948275852486,0.1075,-0.032500000000000015
Bahrain,2014,0.0788315319759469,5.153372126351334,-1.0595718390628905,57.7948275852486,0.08916666666666667,-0.018333333333333326
Bahrain,2015,0.0630833079440549,7.657814655045439,2.504442528694106,57.7948275852486,0.1325,0.043333333333333335
Bangladesh,1991,,151.12983274239863,-64.08347779582442,26.57227828437778,5.6875,-2.411666666666667
Bangladesh,1992,0.128463979313306,93.57870669148375,-57.55112605091488,26.57227828437778,3.5216666666666665,-2.1658333333333335
Bangladesh,1993,0.1136422499405576,80.31471111453183,-13.263995576951917,26.57227828437778,3.0224999999999995,-0.499166666666667
Bangladesh,1994,0.0999738855264489,111.64785592486065,31.333144810328825,26.57227828437778,4.201666666666667,1.1791666666666676
Bangladesh,1995,0.1767561233180146,155.0935309198183,43.44567499495764,26.57227828437778,5.836666666666666,1.634999999999999
Bangladesh,1996,0.114656085152756,140.78878777672827,-14.304743143090032,26.57227828437778,5.298333333333333,-0.5383333333333331
Bangladesh,1997,0.1019629423594743,145.0846394327027,4.295851655974419,26.57227828437778,5.46,0.16166666666666707
Bangladesh,1998,0.0929691429272985,142.25026308236903,-2.834376350333648,26.57227828437778,5.353333333333333,-0.10666666666666735
Bangladesh,1999,0.1080829494434425,132.06422307335757,-10.18604000901147,26.57227828437778,4.97,-0.38333333333333286
Bangladesh,2000,0.143852234678544,165.70029866833244,33.63607559497487,26.57227828437778,6.235833333333333,1.2658333333333331
Bangladesh,2001,0.1768661064317491,103.29973183051861,-62.40056683781382,26.57227828437778,3.8874999999999997,-2.348333333333333
Bangladesh,2002,0.3576577796051232,44.28713047396297,-59.01260135655565,26.57227828437778,1.6666666666666667,-2.220833333333333
Bangladesh,2003,0.1354083630784792,29.960243765635948,-14.326886708327024,26.57227828437778,1.1275,-0.5391666666666668
Bangladesh,2004,0.1316271843257155,35.85043211867303,5.890188353037081,26.57227828437778,1.3491666666666668,0.2216666666666669
Bangladesh,2005,0.1321620081493399,85.3855875538006,49.53515543512758,26.57227828437778,3.2133333333333334,1.8641666666666665
Bangladesh,2006,0.1468099696830478,131.9092181166987,46.52363056289809,26.57227828437778,4.964166666666666,1.750833333333333
Bangladesh,2007,0.1841167764874534,133.37069342233946,1.4614753056407703,26.57227828437778,5.019166666666666,0.054999999999999716
Bangladesh,2008,0.1270585187233806,51.21806639313817,-82.15262702920128,26.57227828437778,1.9275,-3.091666666666666
Bangladesh,2009,0.1519242913626328,4.251564525500445,-46.96650186763773,26.57227828437778,0.16,-1.7675
Bangladesh,2010,0.1843561586499724,4.650148699766112,0.39858417426566706,26.57227828437778,0.17500000000000002,0.015000000000000013
Bangladesh,2011,0.1912718655544516,2.701514958911741,-1.948633740854371,26.57227828437778,0.10166666666666667,-0.07333333333333335
Bangladesh,2012,0.1562801328895631,3.72011895981289,1.0186040009011486,26.57227828437778,0.14,0.038333333333333344
Bangladesh,2013,0.1571005181883293,2.8565199155706114,-0.8635990442422783,26.57227828437778,0.1075,-0.032500000000000015
Bangladesh,2014,0.1384551134942242,2.369361480357019,-0.4871584352135925,26.57227828437778,0.08916666666666667,-0.018333333333333326
Bangladesh,2015,0.1450541392986331,3.5208268726800562,1.1514653923230371,26.57227828437778,0.1325,0.043333333333333335
Bangladesh,2016,0.1388252951729818,10.496049922329224,6.975223049649168,26.57227828437778,0.395,0.2625
Bangladesh,2017,0.1544171340099787,26.616565414851745,16.12051549252252,26.57227828437778,1.0016666666666667,0.6066666666666667
Bangladesh,2018,0.1287396431070639,48.67155639088531,22.05499097603356,26.57227828437778,1.8316666666666668,0.8300000000000001
Bangladesh,2019,0.1089097283153606,57.35183396378204,8.680277572896737,26.57227828437778,2.158333333333333,0.32666666666666644
Bangladesh,2020,0.112482485241653,9.986747921878647,-47.365086041903396,26.57227828437778,0.3758333333333333,-1.7825
Bangladesh,2021,0.1229685484230138,2.1257822627502225,-7.860965659128426,26.57227828437778,0.08,-0.2958333333333333
Bangladesh,2022,0.0877884115896527,44.7300017787026,42.60421951595237,26.57227828437778,1.6833333333333333,1.6033333333333333
Bangladesh,2023,0.0723420421774996,133.50355481376138,88.77355303505877,26.57227828437778,5.024166666666667,3.3408333333333333
Bangladesh,2024,0.067782512705687,136.67008464264973,3.1665298288883514,26.57227828437778,5.1433333333333335,0.11916666666666664
Barbados,1991,,308.54502023212797,-130.8321301907368,54.24967388696756,5.6875,-2.411666666666667
Barbados,1992,-0.0073680394452608,191.04926820527075,-117.49575202685725,54.24967388696756,3.5216666666666665,-2.1658333333333335
Barbados,1993,0.051905388801039,163.96963932335942,-27.079628881911322,54.24967388696756,3.0224999999999995,-0.499166666666667
Barbados,1994,0.0352114080946925,227.9390464484087,63.969407125049294,54.24967388696756,4.201666666666667,1.1791666666666676
Barbados,1995,0.0728283142963306,316.6372632536006,88.69821680519189,54.24967388696756,5.836666666666666,1.634999999999999
Barbados,1996,0.0464534119641726,287.4328554777831,-29.204407775817522,54.24967388696756,5.298333333333333,-0.5383333333333331
Barbados,1997,0.1650481334526929,296.20321942284284,8.770363945059778,54.24967388696756,5.46,0.16166666666666707
Barbados,1998,0.059659810390368,290.4165875415663,-5.786631881276577,54.24967388696756,5.353333333333333,-0.10666666666666735
Barbados,1999,0.0763754525941067,269.62087921822877,-20.79570832333754,54.24967388696756,4.97,-0.38333333333333286
Barbados,2000,0.0688946518790061,338.29192474681514,68.67104552858642,54.24967388696756,6.235833333333333,1.2658333333333331
Barbados,2001,0.091651420859403,210.89560723558637,-127.3963175112288,54.24967388696756,3.8874999999999997,-2.348333333333333
Barbados,2002,0.2943679951951061,90.41612314494593,-120.47948409064044,54.24967388696756,1.6666666666666667,-2.220833333333333
Barbados,2003,0.1430157473672366,61.16650730755592,-29.249615837390014,54.24967388696756,1.1275,-0.5391666666666668
Barbados,2004,0.0451336126631467,73.19185168583374,12.025344378277822,54.24967388696756,1.3491666666666668,0.2216666666666669
Barbados,2005,0.1109077938483409,174.32228542345575,101.13043373762201,54.24967388696756,3.2133333333333334,1.8641666666666665
Barbados,2006,0.1560269456028429,269.3044227872214,94.98213736376567,54.24967388696756,4.964166666666666,1.750833333333333
Barbados,2007,0.0520723595603982,272.2881548510046,2.9837320637832003,54.24967388696756,5.019166666666666,0.054999999999999716
Barbados,2008,0.1898953921157549,104.56624641712996,-167.72190843387466,54.24967388696756,1.9275,-3.091666666666666
Barbados,2009,0.0114739945137749,8.679947821914809,-95.88629859521517,54.24967388696756,0.16,-1.7675
Barbados,2013,0.0057138541299934,5.831839942849013,-1.7631144013264464,54.24967388696756,0.1075,-0.032500000000000015
Barbados,2014,0.0368979670697946,4.837262588254608,-0.9945773545944049,54.24967388696756,0.08916666666666667,-0.018333333333333326
Barbados,2015,0.0311907982756096,7.188081790023202,2.3508192017685943,54.24967388696756,0.1325,0.043333333333333335
Barbados,2016,0.0594158519421696,21.428621185352185,14.240539395328984,54.24967388696756,0.395,0.2625
Barbados,2017,0.0406896406462387,54.340090010112505,32.91146882476032,54.24967388696756,1.0016666666666667,0.6066666666666667
Barbados,2018,0.0120773206420956,99.36731933629558,45.027229326183075,54.24967388696756,1.8316666666666668,0.8300000000000001
Barbados,2019,-0.0012875170110326,117.08887947270497,17.72156013640939,54.24967388696756,2.158333333333333,0.32666666666666644
Barbados,2023,0.0291999045383875,272.5594032204395,181.2391188440441,54.24967388696756,5.024166666666667,3.3408333333333333
Belarus,1995,,156.9420308147509,43.963487215668344,26.888983006525,5.836666666666666,1.634999999999999
Belarus,1996,0.9493915839785548,142.46679496290494,-14.475235851845952,26.888983006525,5.298333333333333,-0.5383333333333331
Belarus,1997,0.4215149609600956,146.81384721562648,4.347052252721553,26.888983006525,5.46,0.16166666666666707
Belarus,1998,0.7483908205763772,143.9456890282638,-2.868158187362685,26.888983006525,5.353333333333333,-0.10666666666666735
Belarus,1999,1.324430165237617,133.63824554242925,-10.30744348583457,26.888983006525,4.97,-0.38333333333333286
Belarus,2000,0.8443738222064461,167.67521653152212,34.036970989092886,26.888983006525,6.235833333333333,1.2658333333333331
Belarus,2001,1.1608600227879329,104.53092143786593,-63.144295093656204,26.888983006525,3.8874999999999997,-2.348333333333333
Belarus,2002,0.4623620754552853,44.814971677541664,-59.715949760324264,26.888983006525,1.6666666666666667,-2.220833333333333
Belarus,2003,0.3989675949341595,30.317328339856935,-14.497643337684732,26.888983006525,1.1275,-0.5391666666666668
Belarus,2004,0.4340225153460721,36.277719572969986,5.9603912331130475,26.888983006525,1.3491666666666668,0.2216666666666669
Belarus,2005,0.4053395801819306,86.40326539430033,50.12554582133035,26.888983006525,3.2133333333333334,1.8641666666666665
Belarus,2006,0.352129573092963,133.48139314155785,47.07812774725751,26.888983006525,4.964166666666666,1.750833333333333
Belarus,2007,0.3311761262808552,134.96028720691672,1.4788940653588674,26.888983006525,5.019166666666666,0.054999999999999716
Belarus,2008,0.3363826863000732,51.82851474507694,-83.13177246183977,26.888983006525,1.9275,-3.091666666666666
Belarus,2009,0.2338128878578693,4.3022372810439995,-47.52627746403294,26.888983006525,0.16,-1.7675
Belarus,2010,0.2076683178278529,4.705572026141875,0.4033347450978753,26.888983006525,0.17500000000000002,0.015000000000000013
Belarus,2011,0.2768130330733989,2.7337132723300415,-1.9718587538118337,26.888983006525,0.10166666666666667,-0.07333333333333335
Belarus,2012,0.7940753912763583,3.7644576209135003,1.0307443485834586,26.888983006525,0.14,0.038333333333333344
Belarus,2013,0.3719389956901153,2.8905656732014373,-0.8738919477120629,26.888983006525,0.1075,-0.032500000000000015
Belarus,2014,0.1810511564584871,2.3976009847484794,-0.49296468845295816,26.888983006525,0.08916666666666667,-0.018333333333333326
Belarus,2015,0.2140357861847306,3.5627902483645624,1.1651892636160832,26.888983006525,0.1325,0.043333333333333335
Belarus,2016,0.3114587257410335,10.621148287577375,7.058358039212813,26.888983006525,0.395,0.2625
Belarus,2017,0.0372580200535672,26.93379797820254,16.312649690625168,26.888983006525,1.0016666666666667,0.6066666666666667
Belarus,2018,0.1606399664601205,49.251653873618295,22.31785589541575,26.888983006525,1.8316666666666668,0.8300000000000001
Belarus,2019,0.0815160957551022,58.03538832241645,8.78373444879816,26.888983006525,2.158333333333333,0.32666666666666644
Belarus,2020,0.1151616699164144,10.105776113285645,-47.92961220913081,26.888983006525,0.3758333333333333,-1.7825
Belarus,2021,0.0461456641600115,2.1511186405219997,-7.954657472763644,26.888983006525,0.08,-0.2958333333333333
Belize,1991,,172.22901941097751,-73.0301512344863,30.2820253909411,5.6875,-2.411666666666667
Belize,1992,0.0961933360945366,106.64319941843091,-65.5858199925466,30.2820253909411,3.5216666666666665,-2.1658333333333335
Belize,1993,0.1219831695762216,91.52742174411947,-15.115777674311442,30.2820253909411,3.0224999999999995,-0.499166666666667
Belize,1994,0.032220855299375,127.23497668427088,35.70755494015141,30.2820253909411,4.201666666666667,1.1791666666666676
Belize,1995,0.0804731053382958,176.74608819845955,49.51111151418867,30.2820253909411,5.836666666666666,1.634999999999999
Belize,1996,0.1671514602085686,160.4442645296696,-16.301823668789954,30.2820253909411,5.298333333333333,-0.5383333333333331
Belize,1997,0.0730786189561172,165.33985863453842,4.895594104868824,30.2820253909411,5.46,0.16166666666666707
Belize,1998,0.1092058872541414,162.10977592617132,-3.2300827083670716,30.2820253909411,5.353333333333333,-0.10666666666666735
Belize,1999,0.0571721080861316,150.50166619297727,-11.608109733194075,30.2820253909411,4.97,-0.38333333333333286
Belize,2000,0.1464102875660593,188.83366333367687,38.331997140699606,30.2820253909411,6.235833333333333,1.2658333333333331
Belize,2001,0.1170548634190495,117.72137370728352,-71.11228962639335,30.2820253909411,3.8874999999999997,-2.348333333333333
Belize,2002,0.0971495103494177,50.47004231823517,-67.25133138904836,30.2820253909411,1.6666666666666667,-2.220833333333333
Belize,2003,0.0289477267164208,34.14298362828609,-16.32705868994908,30.2820253909411,1.1275,-0.5391666666666668
Belize,2004,0.0481294369937472,40.855499256611374,6.712515628325284,30.2820253909411,1.3491666666666668,0.2216666666666669
Belize,2005,0.123571626148724,97.3062415895574,56.45074233294603,30.2820253909411,3.2133333333333334,1.8641666666666665
Belize,2006,0.0636648216602289,150.32502104486343,53.01877945530603,30.2820253909411,4.964166666666666,1.750833333333333
Belize,2007,0.1525071834990505,151.9905324413652,1.6655113965017518,30.2820253909411,5.019166666666666,0.054999999999999716
Belize,2008,0.1429837374560882,58.36860394103897,-93.62192850032622,30.2820253909411,1.9275,-3.091666666666666
Belize,2009,0.1246825742577506,4.8451240625505765,-53.523479878488395,30.2820253909411,0.16,-1.7675
Belize,2010,0.0623563516244374,5.2993544434146935,0.45423038086411693,30.2820253909411,0.17500000000000002,0.015000000000000013
Belize,2011,-0.0011446741348422,3.0786725814123455,-2.2206818620023476,30.2820253909411,0.10166666666666667,-0.07333333333333335
Belize,2012,0.0514614360284078,4.239483554731755,1.1608109733194092,30.2820253909411,0.14,0.038333333333333344
Belize,2013,0.1044399995866065,3.255317729526168,-0.9841658252055863,30.2820253909411,0.1075,-0.032500000000000015
Belize,2014,0.013438821267524,2.7001472640255817,-0.5551704655005867,30.2820253909411,0.08916666666666667,-0.018333333333333326
Belize,2015,0.0759727312229507,4.012368364299696,1.3122211002741144,30.2820253909411,0.1325,0.043333333333333335
Belize,2016,0.0728926016914712,11.961400029421736,7.949031665122039,30.2820253909411,0.395,0.2625
Belize,2017,0.0261459867919171,30.332495433259336,18.3710954038376,30.2820253909411,1.0016666666666667,0.6066666666666667
Belize,2018,-0.0036916762859995,55.466576507740456,25.134081074481117,30.2820253909411,1.8316666666666668,0.8300000000000001
Belize,2019,0.0261734072116759,65.35870480211454,9.892128294374086,30.2820253909411,2.158333333333333,0.32666666666666644
Belize,2020,0.0453678172988603,11.380994542762028,-53.97771025935251,30.2820253909411,0.3758333333333333,-1.7825
Belize,2021,0.1126376565484328,2.4225620312752882,-8.958432511486741,30.2820253909411,0.08,-0.2958333333333333
Belize,2022,0.1168180876366662,50.97474274141752,48.55218071014223,30.2820253909411,1.6833333333333333,1.6033333333333333
Belize,2023,0.0342180627645447,152.14194256831993,101.16719982690239,30.2820253909411,5.024166666666667,3.3408333333333333
Belize,2024,0.0789447282085653,155.75055059407373,3.608608025753814,30.2820253909411,5.1433333333333335,0.11916666666666664
Benin,1993,,80.94007060698922,-13.3672738609282,26.779179688003055,3.0224999999999995,-0.499166666666667
Benin,1994,-0.0314910386770641,112.51718665575952,31.577116048770293,26.779179688003055,4.201666666666667,1.1791666666666676
Benin,1995,0.3913724136196705,156.30114544564447,43.78395878988496,26.779179688003055,5.836666666666666,1.634999999999999
Benin,1996,-0.0185386210825555,141.8850203802695,-14.416125065374972,26.779179688003055,5.298333333333333,-0.5383333333333331
Benin,1997,0.1224388600507175,146.2143210964967,4.329300716227171,26.779179688003055,5.46,0.16166666666666707
Benin,1998,0.0453550425388691,143.35787526310966,-2.856445833387011,26.779179688003055,5.353333333333333,-0.10666666666666735
Benin,1999,-0.0362569193716488,133.0925230493752,-10.265352213734491,26.779179688003055,4.97,-0.38333333333333286
Benin,2000,0.2985576676414965,166.99050133777237,33.8979782883972,26.779179688003055,6.235833333333333,1.2658333333333331
Benin,2001,0.2308315825599649,104.10406103711186,-62.8864403006605,26.779179688003055,3.8874999999999997,-2.348333333333333
Benin,2002,0.0073652700548194,44.63196614667176,-59.47209489044011,26.779179688003055,1.6666666666666667,-2.220833333333333
Benin,2003,-0.1261108434353985,30.193525098223443,-14.438441048448317,26.779179688003055,1.1275,-0.5391666666666668
Benin,2004,0.2008495927749329,36.12957659573079,5.93605149750735,26.779179688003055,1.3491666666666668,0.2216666666666669
Benin,2005,-0.1281816783201677,86.05043073078315,49.92085413505236,26.779179688003055,3.2133333333333334,1.8641666666666665
Benin,2006,0.1558097214696268,132.93631116786182,46.885880437078676,26.779179688003055,4.964166666666666,1.750833333333333
Benin,2007,0.2408043198411391,134.40916605070197,1.4728548828401604,26.779179688003055,5.019166666666666,0.054999999999999716
Benin,2008,0.1730460964421567,51.616868848625884,-82.79229720207609,26.779179688003055,1.9275,-3.091666666666666
Benin,2009,0.2265158828328601,4.284668750080489,-47.3322000985454,26.779179688003055,0.16,-1.7675
Benin,2010,0.077058220179623,4.686356445400535,0.40168769532004617,26.779179688003055,0.17500000000000002,0.015000000000000013
Benin,2011,0.093218417733933,2.7225499349469775,-1.9638065104535578,26.779179688003055,0.10166666666666667,-0.07333333333333335
Benin,2012,0.089659660487591,3.749085156320428,1.0265352213734507,26.779179688003055,0.14,0.038333333333333344
Benin,2013,0.0719517077703493,2.878761816460328,-0.8703233398600997,26.779179688003055,0.1075,-0.032500000000000015
Benin,2014,0.159843074136706,2.387810188846939,-0.4909516276133892,26.779179688003055,0.08916666666666667,-0.018333333333333326
Benin,2015,0.1684894910823544,3.5482413086604048,1.1604311198134658,26.779179688003055,0.1325,0.043333333333333335
Benin,2016,0.0595553621167539,10.577775976761208,7.029534668100802,26.779179688003055,0.395,0.2625
Benin,2017,0.0017531515038129,26.82381165414973,16.24603567738852,26.779179688003055,1.0016666666666667,0.6066666666666667
Benin,2018,0.0103847774818426,49.050530795192266,22.226719141042537,26.779179688003055,1.8316666666666668,0.8300000000000001
Benin,2019,0.0468729635643256,57.79839615993993,8.747865364747659,26.779179688003055,2.158333333333333,0.32666666666666644
Benin,2020,0.0583776512664471,10.064508366074481,-47.73388779386544,26.779179688003055,0.3758333333333333,-1.7825
Benin,2021,0.1595806733793274,2.1423343750402446,-7.922173991034236,26.779179688003055,0.08,-0.2958333333333333
Benin,2022,0.1541490910470315,45.078285808138475,42.93595143309823,26.779179688003055,1.6833333333333333,1.6033333333333333
Benin,2023,0.1223155329292851,134.54306194914201,89.46477614100354,26.779179688003055,5.024166666666667,3.3408333333333333
Benin,2024,-0.0043483448459618,137.73424752862906,3.19118557948703,26.779179688003055,5.1433333333333335,0.11916666666666664
Bhutan,1991,,162.91616514633014,-69.08122812212154,28.644600465288818,5.6875,-2.411666666666667
Bhutan,1992,0.2591217982115097,100.87673463859211,-62.03943050773803,28.644600465288818,3.5216666666666665,-2.1658333333333335
Bhutan,1993,0.1268743310493256,86.57830490633543,-14.298429732256677,28.644600465288818,3.0224999999999995,-0.499166666666667
Bhutan,1994,0.2018729283248603,120.35506295498853,33.77675804865309,28.644600465288818,4.201666666666667,1.1791666666666676
Bhutan,1995,0.2097901141095803,167.18898471573573,46.83392176074719,28.644600465288818,5.836666666666666,1.634999999999999
Bhutan,1996,0.3047772134112385,151.76864146525523,-15.420343250480474,28.644600465288818,5.298333333333333,-0.5383333333333331
Bhutan,1997,0.0857280290211051,156.39951854047695,4.630877075221703,28.644600465288818,5.46,0.16166666666666707
Bhutan,1998,0.4633672088807934,153.34409449084612,-3.055424049630827,28.644600465288818,5.353333333333333,-0.10666666666666735
Bhutan,1999,0.1305407361898716,142.3636643124854,-10.9804301783607,28.644600465288818,4.97,-0.38333333333333286
Bhutan,2000,0.2779829034281107,178.62295440146352,36.25929008897809,28.644600465288818,6.235833333333333,1.2658333333333331
Bhutan,2001,0.1601995619845233,111.35588430881027,-67.26707009265324,28.644600465288818,3.8874999999999997,-2.348333333333333
Bhutan,2002,0.07559304937595,47.74100077548137,-63.614883533328914,28.644600465288818,1.6666666666666667,-2.220833333333333
Bhutan,2003,0.3584874693542303,32.29678702461314,-15.444213750868224,28.644600465288818,1.1275,-0.5391666666666668
Bhutan,2004,0.0495611390235311,38.64634012775217,6.349553103139028,28.644600465288818,1.3491666666666668,0.2216666666666669
Bhutan,2005,0.1499105676567644,92.04464949512807,53.3983093673759,28.644600465288818,3.2133333333333334,1.8641666666666665
Bhutan,2006,0.1221219901255104,142.19657080977123,50.15192131464316,28.644600465288818,4.964166666666666,1.750833333333333
Bhutan,2007,0.1711182098865045,143.77202383536212,1.5754530255908767,28.644600465288818,5.019166666666666,0.054999999999999716
Bhutan,2008,0.1113243383156508,55.2124673968442,-88.5595564385179,28.644600465288818,1.9275,-3.091666666666666
Bhutan,2009,0.2324672036669177,4.583136074446211,-50.62933132239799,28.644600465288818,0.16,-1.7675
Bhutan,2010,0.2298775537574613,5.012805081425544,0.42966900697933263,28.644600465288818,0.17500000000000002,0.015000000000000013
Bhutan,2011,0.1539545715616341,2.912201047304363,-2.1006040341211802,28.644600465288818,0.10166666666666667,-0.07333333333333335
Bhutan,2012,0.0429513434344848,4.0102440651404345,1.0980430178360716,28.644600465288818,0.14,0.038333333333333344
Bhutan,2013,0.0562874804453237,3.079294550018548,-0.9309495151218871,28.644600465288818,0.1075,-0.032500000000000015
Bhutan,2014,0.0367806143472329,2.554143541488253,-0.5251510085302948,28.644600465288818,0.08916666666666667,-0.018333333333333326
Bhutan,2015,0.2304367043521331,3.7954095616507684,1.2412660201625154,28.644600465288818,0.1325,0.043333333333333335
Bhutan,2016,0.0381362734318493,11.314617183789084,7.519207622138315,28.644600465288818,0.395,0.2625
Bhutan,2017,0.211349725278179,28.6923414660643,17.377724282275217,28.644600465288818,1.0016666666666667,0.6066666666666667
Bhutan,2018,0.159797760790088,52.46735985225402,23.77501838618972,28.644600465288818,1.8316666666666668,0.8300000000000001
Bhutan,2019,0.0634475407194088,61.82459600424836,9.357236151994341,28.644600465288818,2.158333333333333,0.32666666666666644
Bhutan,2020,0.1171292582642919,10.765595674871046,-51.05900032937732,28.644600465288818,0.3758333333333333,-1.7825
Bhutan,2021,0.2468728937686179,2.2915680372231053,-8.474027637647941,28.644600465288818,0.08,-0.2958333333333333
Bhutan,2022,0.0315363678107694,48.21841078323618,45.92684274601307,28.644600465288818,1.6833333333333333,1.6033333333333333
Bhutan,2023,0.1002019651930474,143.91524683768858,95.69683605445239,28.644600465288818,5.024166666666667,3.3408333333333333
Bolivia,1991,,221.79792551890247,-94.04881999292364,38.99743745387296,5.6875,-2.411666666666667
Bolivia,1992,0.4103390895159933,137.3359755667226,-84.46194995217986,38.99743745387296,3.5216666666666665,-2.1658333333333335
Bolivia,1993,0.2961983031333872,117.86975470433102,-19.466220862391598,38.99743745387296,3.0224999999999995,-0.499166666666667
Bolivia,1994,0.2904487315958413,163.85423303535626,45.98447833102524,38.99743745387296,4.201666666666667,1.1791666666666676
Bolivia,1995,0.2168149307396163,227.6150432724385,63.76081023708225,38.99743745387296,5.836666666666666,1.634999999999999
Bolivia,1996,0.0737867948903101,206.6214227764369,-20.993620496001604,38.99743745387296,5.298333333333333,-0.5383333333333331
Bolivia,1997,0.3353139910932654,212.92600849814636,6.304585721709478,38.99743745387296,5.46,0.16166666666666707
Bolivia,1998,0.1736550948127231,208.76628183639988,-4.159726661746476,38.99743745387296,5.353333333333333,-0.10666666666666735
Bolivia,1999,0.1259556662030689,193.81726414574862,-14.949017690651283,38.99743745387296,4.97,-0.38333333333333286
Bolivia,2000,0.031794926696417,243.1815203894428,49.364256243694186,38.99743745387296,6.235833333333333,1.2658333333333331
Bolivia,2001,0.0154118544083097,151.60253810193112,-91.57898228751166,38.99743745387296,3.8874999999999997,-2.348333333333333
Bolivia,2002,0.2312860428225995,64.99572908978827,-86.60680901214286,38.99743745387296,1.6666666666666667,-2.220833333333333
Bolivia,2003,-0.0597659261255394,43.969610729241765,-21.026118360546512,38.99743745387296,1.1275,-0.5391666666666668
Bolivia,2004,0.1329641721010226,52.61404269818361,8.644431968941849,38.99743745387296,1.3491666666666668,0.2216666666666669
Bolivia,2005,-0.0524368369288374,125.31176568511178,72.69772298692817,38.99743745387296,3.2133333333333334,1.8641666666666665
Bolivia,2006,0.1296714107689673,193.58977909393434,68.27801340882256,38.99743745387296,4.964166666666666,1.750833333333333
Bolivia,2007,0.2099293885081508,195.73463815389735,2.144859059963002,38.99743745387296,5.019166666666666,0.054999999999999716
Bolivia,2008,0.2385457477702885,75.16756069234013,-120.5670774615572,38.99743745387296,1.9275,-3.091666666666666
Bolivia,2009,0.2206729401775895,6.239589992619674,-68.92797069972046,38.99743745387296,0.16,-1.7675
Bolivia,2010,0.0964751692182765,6.824551554427769,0.584961561808095,38.99743745387296,0.17500000000000002,0.015000000000000013
Bolivia,2011,0.1189708622872665,3.9647394744770845,-2.8598120799506845,38.99743745387296,0.10166666666666667,-0.07333333333333335
Bolivia,2012,0.2067400743928615,5.459641243542215,1.4949017690651307,38.99743745387296,0.14,0.038333333333333344
Bolivia,2013,0.177045191940536,4.192224526291343,-1.267416717250872,38.99743745387296,0.1075,-0.032500000000000015
Bolivia,2014,0.1664352451653776,3.4772715063036728,-0.7149530199876707,38.99743745387296,0.08916666666666667,-0.018333333333333326
Bolivia,2015,0.1453449328969966,5.167160462638168,1.689888956334495,38.99743745387296,0.1325,0.043333333333333335
Bolivia,2016,0.1234562024549568,15.403987794279821,10.236827331641653,38.99743745387296,0.395,0.2625
Bolivia,2017,2.490960747181248e-05,39.06243318296275,23.65844538868293,38.99743745387296,1.0016666666666667,0.6066666666666667
Bolivia,2018,0.0952206978064076,71.43030626967732,32.36787308671456,38.99743745387296,1.8316666666666668,0.8300000000000001
Bolivia,2019,0.0404748848498641,84.16946917127581,12.739162901598492,38.99743745387296,2.158333333333333,0.32666666666666644
Bolivia,2020,-0.0157380114425151,14.656536909747253,-69.51293226152855,38.99743745387296,0.3758333333333333,-1.7825
Bolivia,2021,0.0887370330849322,3.119794996309837,-11.536741913437416,38.99743745387296,0.08,-0.2958333333333333
Bolivia,2022,-0.3423589812975152,65.64568638068616,62.525891384376315,38.99743745387296,1.6833333333333333,1.6033333333333333
Bolivia,2023,0.0497740314206609,195.92962534116674,130.28393896048058,38.99743745387296,5.024166666666667,3.3408333333333333
Bolivia,2024,0.0112147793586743,200.57681997108662,4.64719462991986,38.99743745387296,5.1433333333333335,0.11916666666666664
Bosnia and Herzegovina,2006,,264.5827080122358,93.31681543288691,53.29851428817911,4.964166666666666,1.750833333333333
Bosnia and Herzegovina,2007,0.2039325215985137,267.5141262980856,2.931418285849836,53.29851428817911,5.019166666666666,0.054999999999999716
Bosnia and Herzegovina,2008,0.1882830114746241,102.73288629046525,-164.7812400076204,53.29851428817911,1.9275,-3.091666666666666
Bosnia and Herzegovina,2009,0.0398604254854078,8.527762286108658,-94.20512400435659,53.29851428817911,0.16,-1.7675
Bosnia and Herzegovina,2010,0.0214573571192424,9.327240000431345,0.7994777143226874,53.29851428817911,0.17500000000000002,0.015000000000000013
Bosnia and Herzegovina,2011,0.0697458714087169,5.418682285964876,-3.908557714466469,53.29851428817911,0.10166666666666667,-0.07333333333333335
Bosnia and Herzegovina,2012,0.056370260758964,7.461792000345077,2.0431097143801997,53.29851428817911,0.14,0.038333333333333344
Bosnia and Herzegovina,2013,0.033577957809836,5.7295902859792545,-1.732201714365822,53.29851428817911,0.1075,-0.032500000000000015
Bosnia and Herzegovina,2014,0.0764092219054006,4.752450857362638,-0.9771394286166167,53.29851428817911,0.08916666666666667,-0.018333333333333326
Bosnia and Herzegovina,2015,0.0704886854397806,7.062053143183733,2.309602285821095,53.29851428817911,0.1325,0.043333333333333335
Bosnia and Herzegovina,2016,0.0767868653762242,21.05291314383075,13.990860000647018,53.29851428817911,0.395,0.2625
Bosnia and Herzegovina,2017,0.0798653046851569,53.38734514532608,32.33443200149533,53.29851428817911,1.0016666666666667,0.6066666666666667
Bosnia and Herzegovina,2018,0.0907527998983148,97.62511200451475,44.23776685918867,53.29851428817911,1.8316666666666668,0.8300000000000001
Bosnia and Herzegovina,2019,0.0896692796423934,115.03596000531991,17.410848000805164,53.29851428817911,2.158333333333333,0.32666666666666644
Bosnia and Herzegovina,2020,0.0848274474923407,20.03135828664065,-95.00460171867927,53.29851428817911,0.3758333333333333,-1.7825
Bosnia and Herzegovina,2021,0.0702464200230146,4.263881143054329,-15.767477143586317,53.29851428817911,0.08,-0.2958333333333333
Bosnia and Herzegovina,2022,0.1094243940276875,89.71916571843484,85.4552845753805,53.29851428817911,1.6833333333333333,1.6033333333333333
Bosnia and Herzegovina,2023,0.0532714454855742,267.78061886952656,178.0614531510917,53.29851428817911,5.024166666666667,3.3408333333333333
Bosnia and Herzegovina,2024,0.07393746292,274.13202515553456,6.35140628600801,53.29851428817911,5.1433333333333335,0.11916666666666664
Botswana,1991,,134.48267275341547,-57.02459413163142,23.64530509950162,5.6875,-2.411666666666667
Botswana,1992,0.3476074426520874,83.2708827920782,-51.21178996133726,23.64530509950162,3.5216666666666665,-2.1658333333333335
Botswana,1993,0.1244341953824239,71.46793466324364,-11.802948128834567,23.64530509950162,3.0224999999999995,-0.499166666666667
Botswana,1994,-0.1559046423399124,99.34969025973932,27.881755596495683,23.64530509950162,4.201666666666667,1.1791666666666676
Botswana,1995,0.1205309944689112,138.00976409742444,38.660073837685125,23.64530509950162,5.836666666666666,1.634999999999999
Botswana,1996,0.1156214858829329,125.28070818552607,-12.729055911898367,23.64530509950162,5.298333333333333,-0.5383333333333331
Botswana,1997,0.1720908912933048,129.10336584327885,3.8226576577527713,23.64530509950162,5.46,0.16166666666666707
Botswana,1998,0.2518688774325532,126.58119996599865,-2.522165877280189,23.64530509950162,5.353333333333333,-0.10666666666666735
Botswana,1999,0.3323947265383289,117.51716634452305,-9.064033621475609,23.64530509950162,4.97,-0.38333333333333286
Botswana,2000,0.2337518087984627,147.44818171630885,29.931015371785797,23.64530509950162,6.235833333333333,1.2658333333333331
Botswana,2001,0.0137684573987613,91.92112357431255,-55.5270581419963,23.64530509950162,3.8874999999999997,-2.348333333333333
Botswana,2002,0.5446051569312296,39.4088418325027,-52.51228174180984,23.64530509950162,1.6666666666666667,-2.220833333333333
Botswana,2003,0.2091526497257945,26.660081499688076,-12.748760332814626,23.64530509950162,1.1275,-0.5391666666666668
Botswana,2004,0.1337841435955482,31.90145746341094,5.241375963722865,23.64530509950162,1.3491666666666668,0.2216666666666669
Botswana,2005,0.1017416191681093,75.98024705306521,44.078789589654264,23.64530509950162,3.2133333333333334,1.8641666666666665
Botswana,2006,0.1345559049644684,117.37923539810929,41.39898834504408,23.64530509950162,4.964166666666666,1.750833333333333
Botswana,2007,0.0858281855327476,118.67972717858187,1.3004917804725824,23.64530509950162,5.019166666666666,0.054999999999999716
Botswana,2008,0.2735306421258165,45.576325579289374,-73.1034015992925,23.64530509950162,1.9275,-3.091666666666666
Botswana,2009,0.1944225166089701,3.7832488159202593,-41.793076763369115,23.64530509950162,0.16,-1.7675
Botswana,2010,-0.0131119105824062,4.137928392412784,0.35467957649252463,23.64530509950162,0.17500000000000002,0.015000000000000013
Botswana,2011,0.1016683985730715,2.4039393517826646,-1.733989040630119,23.64530509950162,0.10166666666666667,-0.07333333333333335
Botswana,2012,0.0434456120573791,3.3103427139302273,0.9064033621475623,23.64530509950162,0.14,0.038333333333333344
Botswana,2013,0.0952559025069348,2.5418702981964243,-0.768472415733803,23.64530509950162,0.1075,-0.032500000000000015
Botswana,2014,0.0809777255296531,2.1083730380388945,-0.43349726015752954,23.64530509950162,0.08916666666666667,-0.018333333333333326
Botswana,2015,0.0449093963764291,3.133002925683965,1.0246298876450701,23.64530509950162,0.1325,0.043333333333333335
Botswana,2016,0.1812835035580278,9.33989551430314,6.2068925886191755,23.64530509950162,0.395,0.2625
Botswana,2017,0.0525077866897589,23.684713941334124,14.344818427030983,23.64530509950162,1.0016666666666667,0.6066666666666667
Botswana,2018,0.0268069336940826,43.31031717392047,19.625603232586347,23.64530509950162,1.8316666666666668,0.8300000000000001
Botswana,2019,0.0799098986842139,51.034450173090995,7.724132999170524,23.64530509950162,2.158333333333333,0.32666666666666644
Botswana,2020,0.0768691968019901,8.886693833229359,-42.14775633986164,23.64530509950162,0.3758333333333333,-1.7825
Botswana,2021,0.0572538640206765,1.8916244079601297,-6.995069425269228,23.64530509950162,0.08,-0.2958333333333333
Botswana,2022,0.0489843026123075,39.80293025082773,37.9113058428676,23.64530509950162,1.6833333333333333,1.6033333333333333
Botswana,2023,0.0656550628085135,118.79795370407939,78.99502345325166,23.64530509950162,5.024166666666667,3.3408333333333333
Botswana,2024,0.0893677683880085,121.61568589510334,2.8177321910239423,23.64530509950162,5.1433333333333335,0.11916666666666664
Brazil,1991,,304.3161795422765,-129.03897781616826,53.50614145798268,5.6875,-2.411666666666667
Brazil,1992,1.7944501585803163,188.430794834529,-115.88538470774749,53.50614145798268,3.5216666666666665,-2.1658333333333335
Brazil,1993,2.9174370174511317,161.72231255675263,-26.70848227777637,53.50614145798268,3.0224999999999995,-0.499166666666667
Brazil,1994,3.520653898370899,224.81497102595725,63.09265846920462,53.50614145798268,4.201666666666667,1.1791666666666676
Brazil,1995,2.486890723900377,312.2975123097589,87.48254128380162,53.50614145798268,5.836666666666666,1.634999999999999
Brazil,1996,0.366739213290117,283.4933728248782,-28.804139484880665,53.50614145798268,5.298333333333333,-0.5383333333333331
Brazil,1997,0.2702935462060125,292.1435323605854,8.650159535707221,53.50614145798268,5.46,0.16166666666666707
Brazil,1998,0.15908125318483,286.43621060506723,-5.707321755518189,53.50614145798268,5.353333333333333,-0.10666666666666735
Brazil,1999,0.113501421542363,265.9255230461739,-20.510687558893334,53.50614145798268,4.97,-0.38333333333333286
Brazil,2000,0.1664914568027526,333.65538044173695,67.72985739556306,53.50614145798268,6.235833333333333,1.2658333333333331
Brazil,2001,0.1798571663351396,208.00512491790764,-125.65025552382932,53.50614145798268,3.8874999999999997,-2.348333333333333
Brazil,2002,0.3250342722622008,89.17690242997114,-118.82822248793653,53.50614145798268,1.6666666666666667,-2.220833333333333
Brazil,2003,0.0596228600541799,60.328174493875466,-28.848727936095667,53.50614145798268,1.1275,-0.5391666666666668
Brazil,2004,0.1704534635831507,72.18870251706164,11.860528023186173,53.50614145798268,1.3491666666666668,0.2216666666666669
Brazil,2005,0.1272212918663839,171.93306788498435,99.7443653679227,53.50614145798268,3.2133333333333334,1.8641666666666665
Brazil,2006,0.1684956153973722,265.613403887669,93.68033600268465,53.50614145798268,4.964166666666666,1.750833333333333
Brazil,2007,0.1549341114792675,268.55624166785805,2.942837780189032,53.50614145798268,5.019166666666666,0.054999999999999716
Brazil,2008,0.1990145649639068,103.13308766026161,-165.4231540075964,53.50614145798268,1.9275,-3.091666666666666
Brazil,2009,0.1645178249030472,8.560982633277229,-94.57210502698439,53.50614145798268,0.16,-1.7675
Brazil,2010,0.1457844655066402,9.36357475514697,0.8025921218697409,53.50614145798268,0.17500000000000002,0.015000000000000013
Brazil,2011,0.1285593124248691,5.439791048228239,-3.9237837069187305,53.50614145798268,0.10166666666666667,-0.07333333333333335
Brazil,2012,0.1533897629602769,7.490859804117576,2.051068755889337,53.50614145798268,0.14,0.038333333333333344
Brazil,2013,0.1240469229816909,5.751910206733138,-1.7389495973844378,53.50614145798268,0.1075,-0.032500000000000015
Brazil,2014,0.096561122750753,4.770964280003456,-0.9809459267296821,53.50614145798268,0.08916666666666667,-0.018333333333333326
Brazil,2015,0.1214375680145494,7.089563743182706,2.3185994631792495,53.50614145798268,0.1325,0.043333333333333335
Brazil,2016,0.1093831220375172,21.13492587590316,14.045362132720454,53.50614145798268,0.395,0.2625
Brazil,2017,0.1078745729208954,53.595318360412655,32.46039248450949,53.50614145798268,1.0016666666666667,0.6066666666666667
Brazil,2018,0.0410478594397645,98.00541577053828,44.41009741012563,53.50614145798268,1.8316666666666668,0.8300000000000001
Brazil,2019,0.068631615831844,115.48408864681261,17.47867287627433,53.50614145798268,2.158333333333333,0.32666666666666644
Brazil,2020,0.0782219262433265,20.109391497958487,-95.37469714885412,53.50614145798268,0.3758333333333333,-1.7825
Brazil,2021,0.1572111767962916,4.2804913166386145,-15.828900181319874,53.50614145798268,0.08,-0.2958333333333333
Brazil,2022,0.1156403707179407,90.06867145427084,85.78818013763222,53.50614145798268,1.6833333333333333,1.6033333333333333
Brazil,2023,0.1200014759801177,268.823772375148,178.75510092087714,53.50614145798268,5.024166666666667,3.3408333333333333
Brazil,2024,0.1370742896858026,275.1999208988909,6.376148523742935,53.50614145798268,5.1433333333333335,0.11916666666666664
Brunei Darussalam,2000,,438.7732510212705,89.06809679290522,70.36321010631092,6.235833333333333,1.2658333333333331
Brunei Darussalam,2001,0.3897477835340126,273.53697928828365,-165.23627173298678,70.36321010631092,3.8874999999999997,-2.348333333333333
Brunei Darussalam,2002,-0.1270426014662113,117.27201684385153,-156.26496244443214,70.36321010631092,1.6666666666666667,-2.220833333333333
Brunei Darussalam,2003,0.0186786656691211,79.33451939486555,-37.93749744898598,70.36321010631092,1.1275,-0.5391666666666668
Brunei Darussalam,2004,0.0399037382246767,94.93169763509782,15.59717824023227,70.36321010631092,1.3491666666666668,0.2216666666666669
Brunei Darussalam,2005,0.1469937478332887,226.10044847494575,131.16875083984792,70.36321010631092,3.2133333333333334,1.8641666666666665
Brunei Darussalam,2006,-0.0460168820918731,349.2947021694118,123.19425369446601,70.36321010631092,4.964166666666666,1.750833333333333
Brunei Darussalam,2007,0.020947993627459,353.16467872525885,3.8699765558470802,70.36321010631092,5.019166666666666,0.054999999999999716
Brunei Darussalam,2008,0.0649086516830195,135.6250874799143,-217.53959124534452,70.36321010631092,1.9275,-3.091666666666666
Brunei Darussalam,2009,0.0914733960883786,11.258113617009746,-124.36697386290454,70.36321010631092,0.16,-1.7675
Brunei Darussalam,2010,0.0921744152568386,12.313561768604412,1.0554481515946648,70.36321010631092,0.17500000000000002,0.015000000000000013
Brunei Darussalam,2011,0.0469508134783964,7.153593027474943,-5.159968741129468,70.36321010631092,0.10166666666666667,-0.07333333333333335
Brunei Darussalam,2012,0.0958090717581505,9.850849414883529,2.697256387408586,70.36321010631092,0.14,0.038333333333333344
Brunei Darussalam,2013,0.0089506130593512,7.564045086428424,-2.286804328455106,70.36321010631092,0.1075,-0.032500000000000015
Brunei Darussalam,2014,0.0145562318007499,6.274052901146057,-1.2899921852823664,70.36321010631092,0.08916666666666667,-0.018333333333333326
Brunei Darussalam,2015,0.0317033565399569,9.323125339086197,3.04907243794014,70.36321010631092,0.1325,0.043333333333333335
Brunei Darussalam,2016,-0.0177502584209605,27.793467991992813,18.470342652906616,70.36321010631092,0.395,0.2625
Brunei Darussalam,2017,0.0149799284508915,70.48048212315477,42.68701413116196,70.36321010631092,1.0016666666666667,0.6066666666666667
Brunei Darussalam,2018,-0.0044256292220197,128.88194651139284,58.40146438823807,70.36321010631092,1.8316666666666668,0.8300000000000001
Brunei Darussalam,2019,0.0279800372338101,151.86726181278772,22.985315301394884,70.36321010631092,2.158333333333333,0.32666666666666644
Brunei Darussalam,2020,0.0418035282979829,26.444839798288516,-125.4224220144992,70.36321010631092,0.3758333333333333,-1.7825
Brunei Darussalam,2021,-0.0043059697320799,5.629056808504873,-20.815782989783642,70.36321010631092,0.08,-0.2958333333333333
Brunei Darussalam,2022,0.0266964163130971,118.44473701229005,112.81568020378516,70.36321010631092,1.6833333333333333,1.6033333333333333
Brunei Darussalam,2023,0.0124373811645206,353.5164947757904,235.0717577635004,70.36321010631092,5.024166666666667,3.3408333333333333
Brunei Darussalam,2024,0.0265381133825535,361.9014439801258,8.384949204335383,70.36321010631092,5.1433333333333335,0.11916666666666664
Bulgaria,1992,,250.54406027495654,-154.08518993246855,71.14360443207474,3.5216666666666665,-2.1658333333333335
Bulgaria,1993,0.4165042961821648,215.03154439594587,-35.512515879010664,71.14360443207474,3.0224999999999995,-0.499166666666667
Bulgaria,1994,0.4309898820456652,298.92171128876737,83.89016689282153,71.14360443207474,4.201666666666667,1.1791666666666676
Bulgaria,1995,0.5736950975980761,415.2415045352095,116.31979324644212,71.14360443207474,5.836666666666666,1.634999999999999
Bulgaria,1996,0.3397810770002998,376.94253081594263,-38.29897371926688,71.14360443207474,5.298333333333333,-0.5383333333333331
Bulgaria,1997,0.8059811153077092,388.44408019912805,11.501549383185445,71.14360443207474,5.46,0.16166666666666707
Bulgaria,1998,1.5072913752216976,380.8554290597067,-7.588651139421354,71.14360443207474,5.353333333333333,-0.10666666666666735
Bulgaria,1999,0.1111489614941341,353.5837140274114,-27.271715032295283,71.14360443207474,4.97,-0.38333333333333286
Bulgaria,2000,0.1255187973232949,443.6396599710127,90.05594594360126,71.14360443207474,6.235833333333333,1.2658333333333331
Bulgaria,2001,0.2685016607608013,276.5707622296905,-167.06889774132216,71.14360443207474,3.8874999999999997,-2.348333333333333
Bulgaria,2002,0.2307786779059952,118.5726740534579,-157.99808817623264,71.14360443207474,1.6666666666666667,-2.220833333333333
Bulgaria,2003,0.1164010972406828,80.21441399716426,-38.35826005629364,71.14360443207474,1.1275,-0.5391666666666668
Bulgaria,2004,0.1840221152534162,95.98457964627418,15.770165649109916,71.14360443207474,1.3491666666666668,0.2216666666666669
Bulgaria,2005,0.2151754055230377,228.60811557506682,132.62353592879265,71.14360443207474,3.2133333333333334,1.8641666666666665
Bulgaria,2006,0.1946880601664453,353.1687096682243,124.5605940931575,71.14360443207474,4.964166666666666,1.750833333333333
Bulgaria,2007,0.2384445534225534,357.08160791198844,3.9128982437640905,71.14360443207474,5.019166666666666,0.054999999999999716
Bulgaria,2008,0.2722070226995541,137.12929754282405,-219.95231036916434,71.14360443207474,1.9275,-3.091666666666666
Bulgaria,2009,0.0848617129563926,11.382976709131958,-125.74632083369211,71.14360443207474,0.16,-1.7675
Bulgaria,2010,0.0408744068940514,12.450130775613081,1.067154066481122,71.14360443207474,0.17500000000000002,0.015000000000000013
Bulgaria,2011,0.061137517076137,7.232933117260932,-5.217197658352148,71.14360443207474,0.10166666666666667,-0.07333333333333335
Bulgaria,2012,0.1149463275121931,9.960104620490464,2.7271715032295325,71.14360443207474,0.14,0.038333333333333344
Bulgaria,2013,0.0809557693730091,7.647937476448035,-2.31216714404243,71.14360443207474,0.1075,-0.032500000000000015
Bulgaria,2014,0.085588269111291,6.3436380618599975,-1.3042994145880364,71.14360443207474,0.08916666666666667,-0.018333333333333326
Bulgaria,2015,0.0113753316082814,9.426527587249904,3.0828895253899056,71.14360443207474,0.1325,0.043333333333333335
Bulgaria,2016,0.0840243376526714,28.101723750669525,18.67519616341962,71.14360443207474,0.395,0.2625
Bulgaria,2017,0.0733141987897099,71.2621771061282,43.16045335545868,71.14360443207474,1.0016666666666667,0.6066666666666667
Bulgaria,2018,0.0742329200511306,130.31136878475024,59.04919167862204,71.14360443207474,1.8316666666666668,0.8300000000000001
Bulgaria,2019,0.084141633804883,153.55161289922796,23.240244114477733,71.14360443207474,2.158333333333333,0.32666666666666644
Bulgaria,2020,0.0942404398433574,26.738137999054754,-126.81347490017322,71.14360443207474,0.3758333333333333,-1.7825
Bulgaria,2021,0.103315910670382,5.691488354565979,-21.046649644488774,71.14360443207474,0.08,-0.2958333333333333
Bulgaria,2022,0.1016420442804815,119.75840079399248,114.06691243942649,71.14360443207474,1.6833333333333333,1.6033333333333333
Bulgaria,2023,0.1239426675780848,357.4373259341489,237.67892514015637,71.14360443207474,5.024166666666667,3.3408333333333333
Bulgaria,2024,0.0834055990843296,365.9152721289711,8.477946194822238,71.14360443207474,5.1433333333333335,0.11916666666666664
Burkina Faso,1991,,117.00134761365335,-49.61199999910811,20.5716655144885,5.6875,-2.411666666666667
Burkina Faso,1992,0.0436980993152253,72.44654872019034,-44.554798893463015,20.5716655144885,3.5216666666666665,-2.1658333333333335
Burkina Faso,1993,0.0388020699708988,62.177859017541486,-10.26868970264885,20.5716655144885,3.0224999999999995,-0.499166666666667
Burkina Faso,1994,0.0766786256868634,86.43528127004252,24.257422252501044,20.5716655144885,4.201666666666667,1.1791666666666676
Burkina Faso,1995,0.257654907044504,120.0699543862312,33.63467311618868,20.5716655144885,5.836666666666666,1.634999999999999
Burkina Faso,1996,0.2009516515515521,108.99554111759824,-11.074413268632972,20.5716655144885,5.298333333333333,-0.5383333333333331
Burkina Faso,1997,0.0504541908839648,112.32129370910721,3.3257525915089827,20.5716655144885,5.46,0.16166666666666707
Burkina Faso,1998,0.1632171990889084,110.1269827208951,-2.194310988212121,20.5716655144885,5.353333333333333,-0.10666666666666735
Burkina Faso,1999,0.0103919255536268,102.24117760700784,-7.885805113887249,20.5716655144885,4.97,-0.38333333333333286
Burkina Faso,2000,0.0252400971434809,128.28147753743121,26.040299930423355,20.5716655144885,6.235833333333333,1.2658333333333331
Burkina Faso,2001,0.072368431114139,79.97234968757404,-48.30912784985716,20.5716655144885,3.8874999999999997,-2.348333333333333
Burkina Faso,2002,-0.0316447247506594,34.28610919081417,-45.68624049675988,20.5716655144885,1.6666666666666667,-2.220833333333333
Burkina Faso,2003,-0.0306509104598688,23.194552867585784,-11.091556323228387,20.5716655144885,1.1275,-0.5391666666666668
Burkina Faso,2004,0.5251895082777089,27.754605389964073,4.560052522378289,20.5716655144885,1.3491666666666668,0.2216666666666669
Burkina Faso,2005,-0.0443852810353533,66.10361851988972,38.349013129925645,20.5716655144885,3.2133333333333334,1.8641666666666665
Burkina Faso,2006,-0.0248686497339996,102.12117622484,36.01755770495028,20.5716655144885,4.964166666666666,1.750833333333333
Burkina Faso,2007,0.0981408632464635,103.25261782813686,1.1314416032968617,20.5716655144885,5.019166666666666,0.054999999999999716
Burkina Faso,2008,0.0765850396534233,39.65188527917658,-63.600732548960266,20.5716655144885,1.9275,-3.091666666666666
Burkina Faso,2009,0.2387507571317719,3.2914664823181603,-36.360418796858426,20.5716655144885,0.16,-1.7675
Burkina Faso,2010,0.2106944344298398,3.600041465035488,0.3085749827173278,20.5716655144885,0.17500000000000002,0.015000000000000013
Burkina Faso,2011,0.1651470041955356,2.091452660639664,-1.5085888043958238,20.5716655144885,0.10166666666666667,-0.07333333333333335
Burkina Faso,2012,0.1344004908760752,2.8800331720283903,0.7885805113887261,20.5716655144885,0.14,0.038333333333333344
Burkina Faso,2013,0.1446188097201286,2.211454042807514,-0.6685791292208766,20.5716655144885,0.1075,-0.032500000000000015
Burkina Faso,2014,0.1030362064099321,1.8343068417085582,-0.3771472010989557,20.5716655144885,0.08916666666666667,-0.018333333333333326
Burkina Faso,2015,0.1045198251689143,2.7257456806697267,0.8914388389611684,20.5716655144885,0.1325,0.043333333333333335
Burkina Faso,2016,0.1774380180380461,8.125807878222957,5.400062197553232,20.5716655144885,0.395,0.2625
Burkina Faso,2017,0.1103429339196822,20.605951623679317,12.480143745456358,20.5716655144885,1.0016666666666667,0.6066666666666667
Burkina Faso,2018,0.191261170020617,37.68043400070477,17.074482377025458,20.5716655144885,1.8316666666666668,0.8300000000000001
Burkina Faso,2019,0.0993191812237128,44.40051140210434,6.720077401399572,20.5716655144885,2.158333333333333,0.32666666666666644
Burkina Faso,2020,0.0870408541372853,7.731517622528594,-36.66899377957575,20.5716655144885,0.3758333333333333,-1.7825
Burkina Faso,2021,0.1639776903384771,1.6457332411590802,-6.085784381369514,20.5716655144885,0.08,-0.2958333333333333
Burkina Faso,2022,0.15582631793961,34.628970282722314,32.98323704156323,20.5716655144885,1.6833333333333333,1.6033333333333333
Burkina Faso,2023,0.023319785123494,103.35547615570931,68.726505872987,20.5716655144885,5.024166666666667,3.3408333333333333
Burkina Faso,2024,-0.029262310068713,105.80693296285253,2.4514568071432126,20.5716655144885,5.1433333333333335,0.11916666666666664
Burundi,1991,,107.47678707845701,-45.57330722418383,18.897017508300134,5.6875,-2.411666666666667
Burundi,1992,0.1655311153946357,66.54899665839697,-40.92779042006004,18.897017508300134,3.5216666666666665,-2.1658333333333335
Burundi,1993,0.0551125090786008,57.11623541883715,-9.432761239559824,18.897017508300134,3.0224999999999995,-0.499166666666667
Burundi,1994,0.0578185693455353,79.39896856404107,22.282733145203927,18.897017508300134,4.201666666666667,1.1791666666666676
Burundi,1995,0.2855071838687308,110.29559219011178,30.8966236260707,18.897017508300134,5.836666666666666,1.634999999999999
Burundi,1996,-0.0830634647960515,100.1226977648102,-10.172894425301568,18.897017508300134,5.298333333333333,-0.5383333333333331
Burundi,1997,0.1717833514460487,103.17771559531873,3.0550178305085294,18.897017508300134,5.46,0.16166666666666707
Burundi,1998,0.0810075068446352,101.16203372776671,-2.0156818675520274,18.897017508300134,5.353333333333333,-0.10666666666666735
Burundi,1999,-0.0084956519846635,93.91817701625166,-7.2438567115150425,18.897017508300134,4.97,-0.38333333333333286
Burundi,2000,0.3892386925732438,117.83865167884159,23.920474662589918,18.897017508300134,6.235833333333333,1.2658333333333331
Burundi,2001,0.1444886362251338,73.46215556351677,-44.37649611532481,18.897017508300134,3.8874999999999997,-2.348333333333333
Burundi,2002,0.1519643603059073,31.495029180500225,-41.96712638301655,18.897017508300134,1.6666666666666667,-2.220833333333333
Burundi,2003,0.2637909440108181,21.3063872406084,-10.188641939891825,18.897017508300134,1.1275,-0.5391666666666668
Burundi,2004,0.2231321160607571,25.495226121614934,4.188838881006534,18.897017508300134,1.3491666666666668,0.2216666666666669
Burundi,2005,0.0973727963247732,60.72241626000443,35.227190138389496,18.897017508300134,3.2133333333333334,1.8641666666666665
Burundi,2006,0.220992684560521,93.80794441411992,33.08552815411548,18.897017508300134,4.964166666666666,1.750833333333333
Burundi,2007,0.204258388069892,94.84728037707642,1.039335962956502,18.897017508300134,5.019166666666666,0.054999999999999716
Burundi,2008,0.04835660793346,36.42400124724851,-58.423279129827904,18.897017508300134,1.9275,-3.091666666666666
Burundi,2009,0.2899570006079912,3.0235228013280215,-33.40047844592049,18.897017508300134,0.16,-1.7675
Burundi,2010,0.1577177187456619,3.3069780639525237,0.28345526262450227,18.897017508300134,0.17500000000000002,0.015000000000000013
Burundi,2011,0.2229503841454416,1.9211967800105136,-1.38578128394201,18.897017508300134,0.10166666666666667,-0.07333333333333335
Burundi,2012,0.0676482980307859,2.645582451162019,0.7243856711515053,18.897017508300134,0.14,0.038333333333333344
Burundi,2013,0.1490162284865093,2.031429382142264,-0.6141530690197546,18.897017508300134,0.1075,-0.032500000000000015
Burundi,2014,0.1176204061701824,1.6849840611567621,-0.34644532098550235,18.897017508300134,0.08916666666666667,-0.018333333333333326
Burundi,2015,0.1150741898266964,2.503854819849768,0.8188707586930059,18.897017508300134,0.1325,0.043333333333333335
Burundi,2016,-0.0006409847132218,7.464321915778553,4.960467095928785,18.897017508300134,0.395,0.2625
Burundi,2017,0.0704214498163793,18.928512537480636,11.464190621702082,18.897017508300134,1.0016666666666667,0.6066666666666667
Burundi,2018,0.2336254476611152,34.613037069369746,15.684524531889112,18.897017508300134,1.8316666666666668,0.8300000000000001
Burundi,2019,0.1812391866177733,40.786062788747785,6.17302571937804,18.897017508300134,2.158333333333333,0.32666666666666644
Burundi,2020,0.2033582135140221,7.1021290802028,-33.68393370854499,18.897017508300134,0.3758333333333333,-1.7825
Burundi,2021,0.2159720526059914,1.5117614006640108,-5.590367679538788,18.897017508300134,0.08,-0.2958333333333333
Burundi,2022,0.185161194119555,31.809979472305226,30.298218071641216,18.897017508300134,1.6833333333333333,1.6033333333333333
Burundi,2023,0.3159813963148146,94.94176546461793,63.1317859923127,18.897017508300134,5.024166666666667,3.3408333333333333
Cabo Verde,1991,,296.48865233829724,-125.71987690359448,52.129872938601714,5.6875,-2.411666666666667
Cabo Verde,1992,0.0895341719391638,183.58403586544236,-112.90461647285488,52.129872938601714,3.5216666666666665,-2.1658333333333335
Cabo Verde,1993,0.2614242070489752,157.56254095692367,-26.021494908518704,52.129872938601714,3.0224999999999995,-0.499166666666667
Cabo Verde,1994,0.6398861827237106,219.03234946369156,61.469808506767905,52.129872938601714,4.201666666666667,1.1791666666666676
Cabo Verde,1995,0.1154010389049418,304.2646917183053,85.23234225461374,52.129872938601714,5.836666666666666,1.634999999999999
Cabo Verde,1996,0.1311499618804106,276.20144345302475,-28.063248265280578,52.129872938601714,5.298333333333333,-0.5383333333333331
Cabo Verde,1997,0.1114444817891033,284.62910624476535,8.427662791740632,52.129872938601714,5.46,0.16166666666666707
Cabo Verde,1998,0.0944927108529718,279.0685864646478,-5.560519780117552,52.129872938601714,5.353333333333333,-0.10666666666666735
Cabo Verde,1999,0.0194879672810586,259.0854685048505,-19.983117959797298,52.129872938601714,4.97,-0.38333333333333286
Cabo Verde,2000,0.1550822680347074,325.07319933296384,65.98773082811333,52.129872938601714,6.235833333333333,1.2658333333333331
Cabo Verde,2001,0.122199049742111,202.65488104881416,-122.41831828414968,52.129872938601714,3.8874999999999997,-2.348333333333333
Cabo Verde,2002,0.0927553459249139,86.8831215643362,-115.77175948447797,52.129872938601714,1.6666666666666667,-2.220833333333333
Cabo Verde,2003,0.1329643801437008,58.77643173827343,-28.106689826062766,52.129872938601714,1.1275,-0.5391666666666668
Cabo Verde,2004,0.0824993399433537,70.33188690633015,11.555455168056726,52.129872938601714,1.3491666666666668,0.2216666666666669
Cabo Verde,2005,0.1005927372904764,167.51065837604017,97.17877146971003,52.129872938601714,3.2133333333333334,1.8641666666666665
Cabo Verde,2006,0.146520490046015,258.7813775793753,91.27071920333515,52.129872938601714,4.964166666666666,1.750833333333333
Cabo Verde,2007,0.1657634390013278,261.64852059099843,2.8671430116230794,52.129872938601714,5.019166666666666,0.054999999999999716
Cabo Verde,2008,0.1020097469777994,100.4803300891548,-161.16819050184358,52.129872938601714,1.9275,-3.091666666666666
Cabo Verde,2009,0.0730133571687368,8.340779670176275,-92.13955041897853,52.129872938601714,0.16,-1.7675
Cabo Verde,2010,0.0340307520056377,9.1227277642553,0.7819480940790264,52.129872938601714,0.17500000000000002,0.015000000000000013
Cabo Verde,2011,0.0526441997826552,5.2998704154245075,-3.822857348830793,52.129872938601714,0.10166666666666667,-0.07333333333333335
Cabo Verde,2012,0.0448260834165452,7.2981822114042405,1.998311795979733,52.129872938601714,0.14,0.038333333333333344
Cabo Verde,2013,0.0611372857828556,5.6039613408996845,-1.6942208705045565,52.129872938601714,0.1075,-0.032500000000000015
Cabo Verde,2014,0.1080718042513844,4.648247003691987,-0.9557143372076977,52.129872938601714,0.08916666666666667,-0.018333333333333326
Cabo Verde,2015,0.0717349359006149,6.907208164364728,2.258961160672741,52.129872938601714,0.1325,0.043333333333333335
Cabo Verde,2016,0.0605028881391191,20.591299810747678,13.684091646382951,52.129872938601714,0.395,0.2625
Cabo Verde,2017,0.0802540330517516,52.216756060166055,31.625456249418374,52.129872938601714,1.0016666666666667,0.6066666666666667
Cabo Verde,2018,0.063026000622802,95.48455059920548,43.26779453903943,52.129872938601714,1.8316666666666668,0.8300000000000001
Cabo Verde,2019,0.0138480455129297,112.51364242581536,17.029091826609882,52.129872938601714,2.158333333333333,0.32666666666666644
Cabo Verde,2020,0.0811020081472513,19.59214391275781,-92.92149851305756,52.129872938601714,0.3758333333333333,-1.7825
Cabo Verde,2021,0.0370532221645909,4.170389835088137,-15.421754077669672,52.129872938601714,0.08,-0.2958333333333333
Cabo Verde,2022,0.0299145467682144,87.75195277997955,83.58156294489142,52.129872938601714,1.6833333333333333,1.6033333333333333
Cabo Verde,2023,0.0563961654530622,261.9091699556915,174.1572171757119,52.129872938601714,5.024166666666667,3.3408333333333333
Cabo Verde,2024,0.0608173181261584,268.1213131475415,6.2121431918500365,52.129872938601714,5.1433333333333335,0.11916666666666664
Cambodia,1995,,36.87480752785018,10.329579150434325,6.317785413109683,5.836666666666666,1.634999999999999
Cambodia,1996,0.3618120869991905,33.47373304712613,-3.4010744807240445,6.317785413109683,5.298333333333333,-0.5383333333333331
Cambodia,1997,0.3396250111142826,34.49510835557887,1.0213753084527346,6.317785413109683,5.46,0.16166666666666707
Cambodia,1998,0.1535079736422417,33.82121124484716,-0.6738971107317039,6.317785413109683,5.353333333333333,-0.10666666666666735
Cambodia,1999,0.1460949021064124,31.399393503155125,-2.4218177416920423,6.317785413109683,4.97,-0.38333333333333286
Cambodia,2000,0.1593111596751377,39.39665687191646,7.997263368761339,6.317785413109683,6.235833333333333,1.2658333333333331
Cambodia,2001,0.2382132878013045,24.560390793463892,-14.83626607845257,6.317785413109683,3.8874999999999997,-2.348333333333333
Cambodia,2002,0.1866813790592125,10.529642355182805,-14.030748438281087,6.317785413109683,1.6666666666666667,-2.220833333333333
Cambodia,2003,0.2707119666391087,7.123303053281167,-3.4063393019016384,6.317785413109683,1.1275,-0.5391666666666668
Cambodia,2004,0.1435152154810133,8.523745486520482,1.4004424332393146,6.317785413109683,1.3491666666666668,0.2216666666666669
Cambodia,2005,0.2495798359488681,20.30115046079245,11.777404974271967,6.317785413109683,3.2133333333333334,1.8641666666666665
Cambodia,2006,0.1468370419926081,31.36253975491198,11.061389294119534,6.317785413109683,4.964166666666666,1.750833333333333
Cambodia,2007,0.340364013727612,31.710017952633013,0.3474781977210308,6.317785413109683,5.019166666666666,0.054999999999999716
Cambodia,2008,0.4814163608456674,12.177531383768914,-19.532486568864098,6.317785413109683,1.9275,-3.091666666666666
Cambodia,2009,0.0530292041954325,1.0108456660975493,-11.166685717671365,6.317785413109683,0.16,-1.7675
Cambodia,2010,0.304412148635059,1.1056124472941946,0.09476678119664533,6.317785413109683,0.17500000000000002,0.015000000000000013
Cambodia,2011,0.1930958644012044,0.6423081836661512,-0.4633042636280435,6.317785413109683,0.10166666666666667,-0.07333333333333335
Cambodia,2012,0.0386242884169796,0.8844899578353557,0.24218177416920458,6.317785413109683,0.14,0.038333333333333344
Cambodia,2013,0.3322509813161112,0.679161931909291,-0.2053280259260648,6.317785413109683,0.1075,-0.032500000000000015
Cambodia,2014,0.1973961275151587,0.5633358660022801,-0.11582606590701082,6.317785413109683,0.08916666666666667,-0.018333333333333326
Cambodia,2015,0.2738115546518322,0.837106567237033,0.27377070123475294,6.317785413109683,0.1325,0.043333333333333335
Cambodia,2016,0.1569796938077452,2.495525238178325,1.6584186709412918,6.317785413109683,0.395,0.2625
Cambodia,2017,0.1906201816176107,6.328315055464866,3.832789817286541,6.317785413109683,1.0016666666666667,0.6066666666666667
Cambodia,2018,0.208175862059825,11.572076948345904,5.243761892881038,6.317785413109683,1.8316666666666668,0.8300000000000001
Cambodia,2019,0.2354771923100287,13.635886849961732,2.0638099016158282,6.317785413109683,2.158333333333333,0.32666666666666644
Cambodia,2020,0.1668043462708084,2.3744343510937225,-11.26145249886801,6.317785413109683,0.3758333333333333,-1.7825
Cambodia,2021,0.142256630410003,0.5054228330487747,-1.8690115180449476,6.317785413109683,0.08,-0.2958333333333333
Cambodia,2022,0.1518874472361489,10.634938778734634,10.129515945685858,6.317785413109683,1.6833333333333333,1.6033333333333333
Cambodia,2023,0.0787538362101472,31.74160687969857,21.106668100963933,6.317785413109683,5.024166666666667,3.3408333333333333
Cambodia,2024,0.1181608309890549,32.494476308094136,0.7528694283955705,6.317785413109683,5.1433333333333335,0.11916666666666664
Cameroon,1991,,89.08646949357941,-37.77527365779031,15.663555075794182,5.6875,-2.411666666666667
Cameroon,1992,0.0146784539432687,55.16181979192184,-33.92464970165757,15.663555075794182,3.5216666666666665,-2.1658333333333335
Cameroon,1993,-0.1829673462801722,47.343095216587905,-7.818724575333934,15.663555075794182,3.0224999999999995,-0.499166666666667
Cameroon,1994,-0.0968238245166226,65.81303724346189,18.469942026873987,15.663555075794182,4.201666666666667,1.1791666666666676
Cameroon,1995,0.2353956546386157,91.42294979238537,25.60991254892347,15.663555075794182,5.836666666666666,1.634999999999999
Cameroon,1996,-0.0635213050302994,82.99073597658284,-8.43221381580253,15.663555075794182,5.298333333333333,-0.5383333333333331
Cameroon,1997,-0.1064858885616892,85.52301071383623,2.532274737253399,15.663555075794182,5.46,0.16166666666666707
Cameroon,1998,0.1703978112502682,83.8522315057515,-1.6707792080847235,15.663555075794182,5.353333333333333,-0.10666666666666735
Cameroon,1999,0.0748630436314279,77.84786872669709,-6.004362779054429,15.663555075794182,4.97,-0.38333333333333286
Cameroon,2000,0.124841614547968,97.67531886013988,19.8274501334428,15.663555075794182,6.235833333333333,1.2658333333333331
Cameroon,2001,0.1750762072354987,60.892070357149876,-36.78324850299,15.663555075794182,3.8874999999999997,-2.348333333333333
Cameroon,2002,0.0136541992044314,26.105925126323637,-34.78614523082624,15.663555075794182,1.6666666666666667,-2.220833333333333
Cameroon,2003,0.1920538955467776,17.66065834795794,-8.4452667783657,15.663555075794182,1.1275,-0.5391666666666668
Cameroon,2004,0.0192870055807681,21.13274638975899,3.4720880418010474,15.663555075794182,1.3491666666666668,0.2216666666666669
Cameroon,2005,0.0718621009665128,50.33222364355197,29.199477253792985,15.663555075794182,3.2133333333333334,1.8641666666666665
Cameroon,2006,0.0550007782663612,77.75649798875494,27.424274345202974,15.663555075794182,4.964166666666666,1.750833333333333
Cameroon,2007,0.0781447160582189,78.61799351792362,0.8614955291686756,15.663555075794182,5.019166666666666,0.054999999999999716
Cameroon,2008,0.1386470015148262,30.191502408593287,-48.426491109330335,15.663555075794182,1.9275,-3.091666666666666
Cameroon,2009,0.13060101424362,2.5061688121270693,-27.68533359646622,15.663555075794182,0.16,-1.7675
Cameroon,2010,0.0791024717543003,2.7411221382639823,0.23495332613691294,15.663555075794182,0.17500000000000002,0.015000000000000013
Cameroon,2011,0.1293411664720984,1.5924614327057418,-1.1486607055582403,15.663555075794182,0.10166666666666667,-0.07333333333333335
Cameroon,2012,0.0964946880579447,2.1928977106111858,0.6004362779054438,15.663555075794182,0.14,0.038333333333333344
Cameroon,2013,-0.0005891993054127,1.6838321706478745,-0.5090655399633112,15.663555075794182,0.1075,-0.032500000000000015
Cameroon,2014,0.1083635170924104,1.3966669942583148,-0.2871651763895599,15.663555075794182,0.08916666666666667,-0.018333333333333326
Cameroon,2015,0.1243678565226709,2.0754210475427293,0.6787540532844146,15.663555075794182,0.1325,0.043333333333333335
Cameroon,2016,0.0843680070306049,6.187104254938702,4.111683207395973,15.663555075794182,0.395,0.2625
Cameroon,2017,0.0487995682695263,15.689661000920506,9.502556745981805,15.663555075794182,1.0016666666666667,0.6066666666666667
Cameroon,2018,0.0528986955719119,28.69041171382968,13.000750712909172,15.663555075794182,1.8316666666666668,0.8300000000000001
Canada,1991,,434.6945484487322,-184.32322684404852,76.4298107162606,5.6875,-2.411666666666667
Canada,1992,0.0380945635177134,269.16031673909777,-165.53423170963444,76.4298107162606,3.5216666666666665,-2.1658333333333335
Canada,1993,0.0620445959322175,231.00910288989763,-38.15121384920011,76.4298107162606,3.0224999999999995,-0.499166666666667
Canada,1994,0.0188717534867066,321.132588026155,90.12348513625737,76.4298107162606,4.201666666666667,1.1791666666666676
Canada,1995,0.0452656122201808,446.095328547241,124.962740521086,76.4298107162606,5.836666666666666,1.634999999999999
Canada,1996,0.0471696656318592,404.95061377832076,-41.144714768920274,76.4298107162606,5.298333333333333,-0.5383333333333331
Canada,1997,0.039655592299745,417.3067665107829,12.356152732462162,76.4298107162606,5.46,0.16166666666666707
Canada,1998,0.0427924312941065,409.15425336771506,-8.15251314306785,76.4298107162606,5.353333333333333,-0.10666666666666735
Canada,1999,0.0239171010119356,379.8561592598152,-29.29809410789986,76.4298107162606,4.97,-0.38333333333333286
Canada,2000,0.0522344195548996,476.6035613248151,96.74740206499986,76.4298107162606,6.235833333333333,1.2658333333333331
Canada,2001,0.0641318367112404,297.1208891594631,-179.48267216535197,76.4298107162606,3.8874999999999997,-2.348333333333333
Canada,2002,0.8110680012443972,127.38301786043435,-169.73787129902874,76.4298107162606,1.6666666666666667,-2.220833333333333
Canada,2003,0.0262087857056805,86.17461158258382,-41.20840627785052,76.4298107162606,1.1275,-0.5391666666666668
Canada,2004,0.0050936764605395,103.11655295802161,16.941941375437786,76.4298107162606,1.3491666666666668,0.2216666666666669
Canada,2005,0.0531910174301231,245.5944584349174,142.4779054768958,76.4298107162606,3.2133333333333334,1.8641666666666665
Canada,2006,0.0920794314752768,379.41031869730364,133.81586026238625,76.4298107162606,4.964166666666666,1.750833333333333
Canada,2007,0.1176007264219123,383.613958286698,4.203639589394312,76.4298107162606,5.019166666666666,0.054999999999999716
Canada,2008,-0.2950516430433438,147.3184601555923,-236.29549813110563,76.4298107162606,1.9275,-3.091666666666666
Central African Republic,1991,,107.35884202998784,-45.52329506736774,18.8762799173605,5.6875,-2.411666666666667
Central African Republic,1992,-0.0433381603496023,66.47596577563789,-40.88287625434995,18.8762799173605,3.5216666666666665,-2.1658333333333335
Central African Republic,1993,-0.0340051997985497,57.0535560502221,-9.422409725415788,18.8762799173605,3.0224999999999995,-0.499166666666667
Central African Republic,1994,0.1206168706513075,79.31183611944304,22.258280069220937,18.8762799173605,4.201666666666667,1.1791666666666676
Central African Republic,1995,0.57953725409795,110.17455378432743,30.862717664884396,18.8762799173605,5.836666666666666,1.634999999999999
Central African Republic,1996,0.0418647418775286,100.0128230954817,-10.161730688845731,18.8762799173605,5.298333333333333,-0.5383333333333331
Central African Republic,1997,0.0475067503507951,103.06448834878833,3.0516652533066218,18.8762799173605,5.46,0.16166666666666707
Central African Republic,1998,-0.0803997244452183,101.05101849093653,-2.0134698578517995,18.8762799173605,5.353333333333333,-0.10666666666666735
Central African Republic,1999,-0.1761102289532203,93.81511118928168,-7.235907301654849,18.8762799173605,4.97,-0.38333333333333286
Central African Republic,2000,0.104943180984744,117.70933551800717,23.894224328725496,18.8762799173605,6.235833333333333,1.2658333333333331
Central African Republic,2001,0.0235083870017618,73.38153817873894,-44.32779733926824,18.8762799173605,3.8874999999999997,-2.348333333333333
Central African Republic,2002,-0.0200897377693181,31.460466528934166,-41.92107164980477,18.8762799173605,1.6666666666666667,-2.220833333333333
Central African Republic,2003,-0.0521515862071275,21.283005606823963,-10.177460922110205,18.8762799173605,1.1275,-0.5391666666666668
Central African Republic,2004,-0.0794734984834875,25.46724765517221,4.184242048348248,18.8762799173605,1.3491666666666668,0.2216666666666669
Central African Republic,2005,0.1228755081557331,60.655779467785074,35.18853181261286,18.8762799173605,3.2133333333333334,1.8641666666666665
Central African Republic,2006,0.1679181598479395,93.70499955643041,33.049220088645335,18.8762799173605,4.964166666666666,1.750833333333333
Central African Republic,2007,-0.0470229918370854,94.74319495188523,1.038195395454822,18.8762799173605,5.019166666666666,0.054999999999999716
Central African Republic,2008,-0.0651828696070531,36.38402954071236,-58.35916541117286,18.8762799173605,1.9275,-3.091666666666666
Central African Republic,2009,0.1691354263214428,3.02020478677768,-33.363824753934686,18.8762799173605,0.16,-1.7675
Central African Republic,2010,0.1107465230969211,3.3033489855380878,0.28314419876040775,18.8762799173605,0.17500000000000002,0.015000000000000013
Central African Republic,2011,0.1495330239626646,1.919088458264984,-1.3842605272731034,18.8762799173605,0.10166666666666667,-0.07333333333333335
Central African Republic,2012,0.1292210796818302,2.64267918843047,0.723590730165486,18.8762799173605,0.14,0.038333333333333344
Central African Republic,2013,0.015433204597361,2.0292000911162535,-0.6134790973142165,18.8762799173605,0.1075,-0.032500000000000015
Central African Republic,2014,0.0546417940857431,1.6831349592979779,-0.3460651318182757,18.8762799173605,0.08916666666666667,-0.018333333333333326
Central African Republic,2015,0.1361023885481387,2.501107089050266,0.8179721297522883,18.8762799173605,0.1325,0.043333333333333335
Central African Republic,2016,0.0517619345585878,7.456130567357397,4.955023478307131,18.8762799173605,0.395,0.2625
Central African Republic,2017,0.0559084113861274,18.907740383889433,11.451609816532036,18.8762799173605,1.0016666666666667,0.6066666666666667
Central African Republic,2018,0.0980610519459439,34.575052715298646,15.667312331409216,18.8762799173605,1.8316666666666668,0.8300000000000001
Central African Republic,2019,0.1314525368605927,40.74130415496974,6.166251439671092,18.8762799173605,2.158333333333333,0.32666666666666644
Central African Republic,2020,0.085410316796576,7.094335202274653,-33.64696895269509,18.8762799173605,0.3758333333333333,-1.7825
Central African Republic,2021,0.1085865188966046,1.51010239338884,-5.5842328088858135,18.8762799173605,0.08,-0.2958333333333333
Central African Republic,2022,0.1360073709454177,31.775071194223507,30.264968800834666,18.8762799173605,1.6833333333333333,1.6033333333333333
Chad,1991,,69.39689673143397,-29.42631782282343,12.201652172559818,5.6875,-2.411666666666667
Chad,1992,0.0331410378210428,42.970151734364826,-26.426744997069143,12.201652172559818,3.5216666666666665,-2.1658333333333335
Chad,1993,-0.0856466890755776,36.87949369156205,-6.0906580428027794,12.201652172559818,3.0224999999999995,-0.499166666666667
Chad,1994,-0.3326440066660829,51.26727521170551,14.387781520143463,12.201652172559818,4.201666666666667,1.1791666666666676
Chad,1995,0.2733731377273791,71.21697651384079,19.94970130213529,12.201652172559818,5.836666666666666,1.634999999999999
Chad,1996,0.397093773744654,64.64842042761276,-6.568556086228033,12.201652172559818,5.298333333333333,-0.5383333333333331
Chad,1997,0.2463019942903557,66.62102086217661,1.9726004345638422,12.201652172559818,5.46,0.16166666666666707
Chad,1998,-0.0418509808707767,65.31951129710355,-1.3015095650730557,12.201652172559818,5.353333333333333,-0.10666666666666735
Chad,1999,-0.0803196856992869,60.642211297622296,-4.677299999481257,12.201652172559818,4.97,-0.38333333333333286
Chad,2000,-0.0343199289011444,76.0874693393876,15.445258041765301,12.201652172559818,6.235833333333333,1.2658333333333331
Chad,2001,0.1776191354796772,47.43392282082629,-28.653546518561303,12.201652172559818,3.8874999999999997,-2.348333333333333
Chad,2002,0.2165227892912824,20.336086954266364,-27.09783586655993,12.201652172559818,1.6666666666666667,-2.220833333333333
Chad,2003,0.1941840219189536,13.757362824561195,-6.57872412970517,12.201652172559818,1.1275,-0.5391666666666668
Chad,2004,0.0057938753687203,16.462062389478625,2.704699564917429,12.201652172559818,1.3491666666666668,0.2216666666666669
Chad,2005,0.0302743982658597,39.20797564782555,22.745913258346928,12.201652172559818,3.2133333333333334,1.8641666666666665
Chad,2006,0.2846478632888747,60.57103499328236,21.36305934545681,12.201652172559818,4.964166666666666,1.750833333333333
Chad,2007,0.4046362359000746,61.24212586277315,0.6710908694907866,12.201652172559818,5.019166666666666,0.054999999999999716
Chad,2008,0.0550988548392332,23.51868456260905,-37.7234413001641,12.201652172559818,1.9275,-3.091666666666666
Chad,2009,0.2339730664086516,1.952264347609571,-21.56642021499948,12.201652172559818,0.16,-1.7675
Chad,2010,-0.0475605737840183,2.135289130197968,0.18302478258839744,12.201652172559818,0.17500000000000002,0.015000000000000013
Chad,2011,0.2259143058658956,1.2405013042102482,-0.8947878259877202,12.201652172559818,0.10166666666666667,-0.07333333333333335
Chad,2012,0.132932726157847,1.7082313041583748,0.4677299999481265,12.201652172559818,0.14,0.038333333333333344
Chad,2013,0.1261526460954201,1.3116776085501805,-0.39655369560819426,12.201652172559818,0.1075,-0.032500000000000015
Chad,2014,0.082948048984484,1.0879806520532505,-0.22369695649692992,12.201652172559818,0.08916666666666667,-0.018333333333333326
Chad,2015,0.2348747970971665,1.616718912864176,0.5287382608109255,12.201652172559818,0.1325,0.043333333333333335
Chad,2016,-0.0481488237776162,4.819652608161128,3.2029336952969523,12.201652172559818,0.395,0.2625
Chad,2017,-0.0800483062590906,12.221988259514085,7.402335651352956,12.201652172559818,1.0016666666666667,0.6066666666666667
Chad,2018,-0.0446314318489413,22.349359562738734,10.127371303224649,12.201652172559818,1.8316666666666668,0.8300000000000001
Chad,2019,0.0064885321002954,26.33523260577494,3.9858730430362046,12.201652172559818,2.158333333333333,0.32666666666666644
Chad,2020,0.2045802990524343,4.585787608187065,-21.749444997587876,12.201652172559818,0.3758333333333333,-1.7825
Chad,2021,0.1615950568871582,0.9761321738047855,-3.609655434382279,12.201652172559818,0.08,-0.2958333333333333
Chile,1991,,203.8072128366339,-86.42023061527013,35.834235224023544,5.6875,-2.411666666666667
Chile,1992,0.2388130506251258,126.19623171393624,-77.61098112269767,35.834235224023544,3.5216666666666665,-2.1658333333333335
Chile,1993,0.231747855404798,108.30897596461115,-17.887255749325096,35.834235224023544,3.0224999999999995,-0.499166666666667
Chile,1994,0.2194366915791796,150.56351166627226,42.254535701661126,35.834235224023544,4.201666666666667,1.1791666666666676
Chile,1995,0.1103734170750314,209.15248625755072,58.58897459127846,35.834235224023544,5.836666666666666,1.634999999999999
Chile,1996,0.2179100854051689,189.8617229619514,-19.290763295599334,35.834235224023544,5.298333333333333,-0.5383333333333331
Chile,1997,0.1831052442096883,195.65492432316856,5.793201361217154,35.834235224023544,5.46,0.16166666666666707
Chile,1998,0.2188732680271776,191.8326058992727,-3.822318423895869,35.834235224023544,5.353333333333333,-0.10666666666666735
Chile,1999,0.124816133344094,178.096149063397,-13.736456835875675,35.834235224023544,4.97,-0.38333333333333286
Chile,2000,0.1220832630893191,223.45631848447346,45.36016942107646,35.834235224023544,6.235833333333333,1.2658333333333331
Chile,2001,0.0870268648726799,139.30558943339153,-84.15072905108195,35.834235224023544,3.8874999999999997,-2.348333333333333
Chile,2002,0.602063751444355,59.723725373372574,-79.58186406001894,35.834235224023544,1.6666666666666667,-2.220833333333333
Chile,2003,0.0590154479282389,40.403100215086546,-19.32062515828603,35.834235224023544,1.1275,-0.5391666666666668
Chile,2004,-0.0051366941148245,48.3463556897451,7.943255474658561,35.834235224023544,1.3491666666666668,0.2216666666666669
Chile,2005,0.091241278278261,115.14734251986232,66.80098683011722,35.834235224023544,3.2133333333333334,1.8641666666666665
Chile,2006,0.1060850672357922,177.8871160245902,62.73977350472788,35.834235224023544,4.964166666666666,1.750833333333333
Chile,2007,0.1755183975740593,179.85799896191148,1.9708829373212848,35.834235224023544,5.019166666666666,0.054999999999999716
Chile,2008,0.1718888364955759,69.07048839430539,-110.78751056760609,35.834235224023544,1.9275,-3.091666666666666
Chile,2009,0.0023623521491025,5.733477635843768,-63.337010758461616,35.834235224023544,0.16,-1.7675
Chile,2010,-0.0481188749007941,6.270991164204121,0.5375135283603536,35.834235224023544,0.17500000000000002,0.015000000000000013
Chile,2011,0.0743136119625482,3.643147247775727,-2.6278439164283935,35.834235224023544,0.10166666666666667,-0.07333333333333335
Chile,2012,0.2060112107213427,5.016792931363296,1.3736456835875697,35.834235224023544,0.14,0.038333333333333344
Chile,2013,0.0980407632724009,3.8521802865825308,-1.1646126447807656,35.834235224023544,0.1075,-0.032500000000000015
Chile,2014,0.1110302247437715,3.195219307475433,-0.656960979107098,35.834235224023544,0.08916666666666667,-0.018333333333333326
Chile,2015,0.0838126954575244,4.74803616718312,1.552816859707687,35.834235224023544,0.1325,0.043333333333333335
Chile,2016,0.0875666770716137,14.1545229134893,9.40648674630618,35.834235224023544,0.395,0.2625
Chile,2017,0.0478546548064997,35.89395894939692,21.739436035907616,35.834235224023544,1.0016666666666667,0.6066666666666667
Chile,2018,0.0055448101636343,65.63637418533646,29.742415235939543,35.834235224023544,1.8316666666666668,0.8300000000000001
Chile,2019,0.0409378895478198,77.34222435851748,11.705850173181016,35.834235224023544,2.158333333333333,0.32666666666666644
Chile,2020,0.1147567249990828,13.467700071695514,-63.874524286821966,35.834235224023544,0.3758333333333333,-1.7825
Chile,2021,0.1316038289077497,2.866738817921884,-10.60096125377363,35.834235224023544,0.08,-0.2958333333333333
Chile,2022,0.1763474632405319,60.3209626271063,57.45422380918441,35.834235224023544,1.6833333333333333,1.6033333333333333
Chile,2023,0.0372168165368691,180.03717013803163,119.71620751092533,35.834235224023544,5.024166666666667,3.3408333333333333
Chile,2024,0.0257882277455507,184.30741650222777,4.270246364196138,35.834235224023544,5.1433333333333335,0.11916666666666664
China,1991,,531.8526631620172,-225.52111460672202,93.51255616035466,5.6875,-2.411666666666667
China,1992,0.2364869965811529,329.32005194471566,-202.53261121730148,93.51255616035466,3.5216666666666665,-2.1658333333333335
China,1993,0.2684967373459237,282.6417009946719,-46.67835095004373,93.51255616035466,3.0224999999999995,-0.499166666666667
China,1994,0.3830135524538072,392.9085901337569,110.26688913908495,93.51255616035466,4.201666666666667,1.1791666666666676
China,1995,0.2738376886416134,545.8016194559367,152.89302932217976,93.51255616035466,5.836666666666666,1.634999999999999
China,1996,0.2582096629846901,495.4606933896124,-50.340926066324236,93.51255616035466,5.298333333333333,-0.5383333333333331
China,1997,0.225326421507944,510.5785566355365,15.117863245924042,93.51255616035466,5.46,0.16166666666666707
China,1998,0.1883641938478817,500.6038839784319,-9.974672657104561,93.51255616035466,5.353333333333333,-0.10666666666666735
China,1999,0.1389298577287228,464.7574041169627,-35.84647986146924,93.51255616035466,4.97,-0.38333333333333286
China,2000,0.136857534806527,583.1287147899449,118.37131067298226,93.51255616035466,6.235833333333333,1.2658333333333331
China,2001,0.1162243279980117,363.5300620733787,-219.5986527165662,93.51255616035466,3.8874999999999997,-2.348333333333333
China,2002,0.1401306874740058,155.85426026725779,-207.67580180612097,93.51255616035466,1.6666666666666667,-2.220833333333333
China,2003,0.1234596600497432,105.43540707079988,-50.4188531964579,93.51255616035466,1.1275,-0.5391666666666668
China,2004,0.1759661258999401,126.16402368634519,20.728616615545306,93.51255616035466,1.3491666666666668,0.2216666666666669
China,2005,0.1387781554909857,300.487013795273,174.3229901089278,93.51255616035466,3.2133333333333334,1.8641666666666665
China,2006,0.1547932081786349,464.21191420602725,163.72490041075426,93.51255616035466,4.964166666666666,1.750833333333333
China,2007,0.1998021999485004,469.35510479484674,5.14319058881948,93.51255616035466,5.019166666666666,0.054999999999999716
China,2008,0.1547408021012941,180.2454519990836,-289.1096527957631,93.51255616035466,1.9275,-3.091666666666666
China,2009,0.1636322237393486,14.962008985656746,-165.28344301342688,93.51255616035466,0.16,-1.7675
China,2010,0.2501614806791892,16.364697328062068,1.4026883424053211,93.51255616035466,0.17500000000000002,0.015000000000000013
China,2011,0.173518881793953,9.507109876302724,-6.857587451759343,93.51255616035466,0.10166666666666667,-0.07333333333333335
China,2012,0.1597603713558868,13.091757862449654,3.58464798614693,93.51255616035466,0.14,0.038333333333333344
China,2013,0.1344579184129486,10.052599787238126,-3.039158075211528,93.51255616035466,0.1075,-0.032500000000000015
China,2014,0.1274156237541959,8.338202924298292,-1.714396862939835,93.51255616035466,0.08916666666666667,-0.018333333333333326
China,2015,0.1044675423009735,12.390413691246993,4.052210766948702,93.51255616035466,0.1325,0.043333333333333335
China,2016,0.1252493306599973,36.937459683340094,24.5470459920931,93.51255616035466,0.395,0.2625
China,2017,0.1073565927327138,93.66841042062192,56.73095073728183,93.51255616035466,1.0016666666666667,0.6066666666666667
China,2018,0.0779769874974363,171.2838320337163,77.61542161309438,93.51255616035466,1.8316666666666668,0.8300000000000001
China,2019,0.067575109409887,201.83126704609882,30.5474350123825,93.51255616035466,2.158333333333333,0.32666666666666644
China,2020,0.0850971039847792,35.14513569026662,-166.68613135583217,93.51255616035466,0.3758333333333333,-1.7825
China,2021,0.0954334659690445,7.481004492828373,-27.664131197438248,93.51255616035466,0.08,-0.2958333333333333
China,2022,0.0868723698862936,157.41280286993035,149.93179837710198,93.51255616035466,1.6833333333333333,1.6033333333333333
China,2023,0.1103179094671702,469.82266757564855,312.4098647057182,93.51255616035466,5.024166666666667,3.3408333333333333
China,2024,0.0939350031833399,480.9662471847575,11.143579609108928,93.51255616035466,5.1433333333333335,0.11916666666666664
Colombia,1991,,165.13287100083568,-70.02117636284521,29.03435094520188,5.6875,-2.411666666666667
Colombia,1992,0.2839834370919298,102.24930591201928,-62.88356508881641,29.03435094520188,3.5216666666666665,-2.1658333333333335
Colombia,1993,0.3295359433153031,87.75632573187266,-14.492980180146613,29.03435094520188,3.0224999999999995,-0.499166666666667
Colombia,1994,0.3293759329885191,121.99266455475657,34.23633882288391,29.03435094520188,4.201666666666667,1.1791666666666676
Colombia,1995,0.3766188334552538,169.4638283501616,47.47116379540504,29.03435094520188,5.836666666666666,1.634999999999999
Colombia,1996,0.2486776284082026,153.83366942466128,-15.63015892550034,29.03435094520188,5.298333333333333,-0.5383333333333331
Colombia,1997,0.1908514245956283,158.52755616080225,4.693886736140982,29.03435094520188,5.46,0.16166666666666707
Colombia,1998,0.2141524292746552,155.43055872664738,-3.096997434154887,29.03435094520188,5.353333333333333,-0.10666666666666735
Colombia,1999,0.1075818295760733,144.30072419765332,-11.12983452899404,29.03435094520188,4.97,-0.38333333333333286
Colombia,2000,0.112412714174173,181.05337343578805,36.75264923813471,29.03435094520188,6.235833333333333,1.2658333333333331
Colombia,2001,0.0358346922729957,112.8710392994723,-68.18233413631575,29.03435094520188,3.8874999999999997,-2.348333333333333
Colombia,2002,0.1788633581993863,48.3905849086698,-64.4804543908025,29.03435094520188,1.6666666666666667,-2.220833333333333
Colombia,2003,0.0450451156898914,32.73623069071512,-15.654354217954683,29.03435094520188,1.1275,-0.5391666666666668
Colombia,2004,0.1000751354541158,39.17217848356821,6.43594779285309,29.03435094520188,1.3491666666666668,0.2216666666666669
Colombia,2005,0.176377050776658,93.29704770391537,54.124869220347165,29.03435094520188,3.2133333333333334,1.8641666666666665
Colombia,2006,0.1624034907508829,144.13135715047298,50.83430944655761,29.03435094520188,4.964166666666666,1.750833333333333
Colombia,2007,0.1650871314986801,145.72824645245908,1.596889301986095,29.03435094520188,5.019166666666666,0.054999999999999716
Colombia,2008,0.160350715882565,55.96371144687662,-89.76453500558246,29.03435094520188,1.9275,-3.091666666666666
Colombia,2009,0.16959068939871,4.645496151232301,-51.31821529564432,29.03435094520188,0.16,-1.7675
Colombia,2010,0.077478368457946,5.081011415410329,0.43551526417802855,29.03435094520188,0.17500000000000002,0.015000000000000013
Colombia,2011,0.1084746251215307,2.951825679428858,-2.1291857359814714,29.03435094520188,0.10166666666666667,-0.07333333333333335
Colombia,2012,0.1733129091869116,4.064809132328263,1.1129834528994056,29.03435094520188,0.14,0.038333333333333344
Colombia,2013,0.1490371256289009,3.121192726609202,-0.9436164057190615,29.03435094520188,0.1075,-0.032500000000000015
Colombia,2014,0.1286991823217036,2.5888962926138346,-0.5322964339953676,29.03435094520188,0.08916666666666667,-0.018333333333333326
Colombia,2015,0.0879275102566623,3.847051500239249,1.2581552076254148,29.03435094520188,0.1325,0.043333333333333335
Colombia,2016,0.1081455975852634,11.468568623354743,7.621517123115494,29.03435094520188,0.395,0.2625
Colombia,2017,0.0694007568976431,29.08274153011055,17.614172906755808,29.03435094520188,1.0016666666666667,0.6066666666666667
Colombia,2018,0.0656919596270668,53.18125281462811,24.098511284517564,29.03435094520188,1.8316666666666668,0.8300000000000001
Colombia,2019,-0.2132417117657326,62.665807456727386,9.484554642099274,29.03435094520188,2.158333333333333,0.32666666666666644
Colombia,2020,0.0694216260172666,10.912076896905038,-51.75373055982235,29.03435094520188,0.3758333333333333,-1.7825
Colombia,2021,0.1817469707019157,2.3227480756161505,-8.589328821288888,29.03435094520188,0.08,-0.2958333333333333
Colombia,2022,0.1537300218724269,48.8744907577565,46.55174268214034,29.03435094520188,1.6833333333333333,1.6033333333333333
Colombia,2023,0.1167884920123114,145.87341820718513,96.9989274494286,29.03435094520188,5.024166666666667,3.3408333333333333
Colombia,2024,0.0419973039494152,149.333345028155,3.45992682096989,29.03435094520188,5.1433333333333335,0.11916666666666664
Comoros,2001,,53.70305354926804,-32.44055839267682,13.81429030206252,3.8874999999999997,-2.348333333333333
Comoros,2002,0.4207501106583606,23.023817170104202,-30.679236379163846,13.81429030206252,1.6666666666666667,-2.220833333333333
Comoros,2003,0.1067078144904378,15.57561231557549,-7.4482048545287105,13.81429030206252,1.1275,-0.5391666666666668
Comoros,2004,-0.0208915726908998,18.637779999199353,3.062167683623862,13.81429030206252,1.3491666666666668,0.2216666666666669
Comoros,2005,-0.0293556298586814,44.3899195039609,25.752139504761548,13.81429030206252,3.2133333333333334,1.8641666666666665
Comoros,2006,0.0682048687180234,68.57643944115536,24.186519937194458,13.81429030206252,4.964166666666666,1.750833333333333
Comoros,2007,0.1178202914955051,69.3362254077688,0.7597859666134347,13.81429030206252,5.019166666666666,0.054999999999999716
Comoros,2008,0.0912865865608232,26.62704455722551,-42.709180850543284,13.81429030206252,1.9275,-3.091666666666666
Comoros,2009,0.1091405401233629,2.2102864483300033,-24.416758108895507,13.81429030206252,0.16,-1.7675
Comoros,2010,0.1252637334228907,2.4175008028609413,0.207214354530938,13.81429030206252,0.17500000000000002,0.015000000000000013
Comoros,2011,0.1774100716871522,1.4044528473763562,-1.013047955484585,13.81429030206252,0.10166666666666667,-0.07333333333333335
Comoros,2012,0.0914097299890031,1.934000642288753,0.5295477949123968,13.81429030206252,0.14,0.038333333333333344
Comoros,2013,0.1483438153239333,1.485036207471721,-0.44896443481703213,13.81429030206252,0.1075,-0.032500000000000015
Comoros,2014,0.0280978473229183,1.231774218600575,-0.2532619888711461,13.81429030206252,0.08916666666666667,-0.018333333333333326
Comoros,2015,0.0778582466087876,1.830393465023284,0.5986192464227093,13.81429030206252,0.1325,0.043333333333333335
Comoros,2016,0.1579462418852522,5.456644669314696,3.6262512042914117,13.81429030206252,0.395,0.2625
Comoros,2017,0.0976678176036749,13.837314119232625,8.38066944991793,13.81429030206252,1.0016666666666667,0.6066666666666667
Comoros,2018,0.018004858706746,25.30317506994452,11.465860950711892,13.81429030206252,1.8316666666666668,0.8300000000000001
Comoros,2019,0.0813172804048285,29.815843235284937,4.51266816534042,13.81429030206252,2.158333333333333,0.32666666666666644
Comoros,2020,0.057388331250106,5.191870771858497,-24.623972463426444,13.81429030206252,0.3758333333333333,-1.7825
Comoros,2021,0.1213059254742461,1.1051432241650017,-4.086727547693495,13.81429030206252,0.08,-0.2958333333333333
Comoros,2022,0.170093454198863,23.254055341805245,22.14891211764024,13.81429030206252,1.6833333333333333,1.6033333333333333
Comoros,2023,0.0711880885707714,69.40529685927912,46.15124151747387,13.81429030206252,5.024166666666667,3.3408333333333333
Comoros,2024,0.0894502730672748,71.05149978694156,1.6462029276624501,13.81429030206252,5.1433333333333335,0.11916666666666664
"Congo, Dem. Rep.",1991,,86.44063427881468,-36.65336199309739,15.198353279791592,5.6875,-2.411666666666667
"Congo, Dem. Rep.",1992,3.2142922007874826,53.523534133666054,-32.91710014514862,15.198353279791592,3.5216666666666665,-2.1658333333333335
"Congo, Dem. Rep.",1993,3.662137287242879,45.937022788170076,-7.586511345495975,15.198353279791592,3.0224999999999995,-0.499166666666667
"Congo, Dem. Rep.",1994,3.385448996224736,63.858414363924346,17.921391575754267,15.198353279791592,4.201666666666667,1.1791666666666676
"Congo, Dem. Rep.",1995,4.258293159330574,88.70772197638358,24.849307612459235,15.198353279791592,5.836666666666666,1.634999999999999
"Congo, Dem. Rep.",2001,1.5208958501848873,59.08359837518981,-35.690799618710585,15.198353279791592,3.8874999999999997,-2.348333333333333
"Congo, Dem. Rep.",2002,0.3466149242330765,25.330588799652652,-33.753009575537156,15.198353279791592,1.6666666666666667,-2.220833333333333
"Congo, Dem. Rep.",2003,0.3252849027616378,17.13614332296502,-8.194445476687635,15.198353279791592,1.1275,-0.5391666666666668
"Congo, Dem. Rep.",2004,0.2603292130439385,20.505111633318826,3.3689683103538064,15.198353279791592,1.3491666666666668,0.2216666666666669
"Congo, Dem. Rep.",2005,0.5980352763628787,48.83737520573032,28.33226357241149,15.198353279791592,3.2133333333333334,1.8641666666666665
"Congo, Dem. Rep.",2006,0.2097809435386111,75.44715873976543,26.609783534035106,15.198353279791592,4.964166666666666,1.750833333333333
"Congo, Dem. Rep.",2007,0.4480795223815974,76.28306817015395,0.8359094303885333,15.198353279791592,5.019166666666666,0.054999999999999716
"Congo, Dem. Rep.",2008,0.4093692272955707,29.294825946798294,-46.98824222335566,15.198353279791592,1.9275,-3.091666666666666
"Congo, Dem. Rep.",2009,0.438579247969411,2.431736524766655,-26.86308942203164,15.198353279791592,0.16,-1.7675
"Congo, Dem. Rep.",2010,0.4460569700301171,2.6597118239635287,0.22797529919687406,15.198353279791592,0.17500000000000002,0.015000000000000013
"Congo, Dem. Rep.",2011,0.2983570208732118,1.5451659167788119,-1.114545907184717,15.198353279791592,0.10166666666666667,-0.07333333333333335
"Congo, Dem. Rep.",2012,0.1947182085692347,2.127769459170823,0.5826035423920112,15.198353279791592,0.14,0.038333333333333344
"Congo, Dem. Rep.",2013,0.1878943986725119,1.633822977577596,-0.49394648159322696,15.198353279791592,0.1075,-0.032500000000000015
"Congo, Dem. Rep.",2014,0.171769219124954,1.355186500781417,-0.2786364767961791,15.198353279791592,0.08916666666666667,-0.018333333333333326
"Congo, Dem. Rep.",2015,0.1368037435957028,2.013781809572386,0.658595308790969,15.198353279791592,0.1325,0.043333333333333335
"Congo, Dem. Rep.",2016,0.0897077836878992,6.003349545517679,3.989567735945293,15.198353279791592,0.395,0.2625
"Congo, Rep.",1991,,101.96996802065665,-43.23825457168944,17.92878558604952,5.6875,-2.411666666666667
"Congo, Rep.",1992,-0.0492035714319918,63.139206572204394,-38.83076144845226,17.92878558604952,3.5216666666666665,-2.1658333333333335
"Congo, Rep.",1993,0.0844631618828088,54.18975443383467,-8.949452138369725,17.92878558604952,3.0224999999999995,-0.499166666666667
"Congo, Rep.",1994,-0.3087007700040267,75.33078077071808,21.14102633688341,17.92878558604952,4.201666666666667,1.1791666666666676
"Congo, Rep.",1995,0.2483731390517647,104.64434520390903,29.313564433190948,17.92878558604952,5.836666666666666,1.634999999999999
"Congo, Rep.",1996,-0.0005149880473283,94.99268229675238,-9.651662907156656,17.92878558604952,5.298333333333333,-0.5383333333333331
"Congo, Rep.",1999,0.1458022034279054,89.10606436266612,-6.8727011413189745,17.92878558604952,4.97,-0.38333333333333286
"Congo, Rep.",2000,0.181249448149515,111.8009187836738,22.694854421007683,17.92878558604952,6.235833333333333,1.2658333333333331
"Congo, Rep.",2001,0.4607229086037208,69.6981539657675,-42.10276481790629,17.92878558604952,3.8874999999999997,-2.348333333333333
"Congo, Rep.",2002,-0.3459504221618097,29.881309310082536,-39.816844655684974,17.92878558604952,1.6666666666666667,-2.220833333333333
"Congo, Rep.",2003,0.1194282488220253,20.214705748270834,-9.666603561811703,17.92878558604952,1.1275,-0.5391666666666668
"Congo, Rep.",2004,-0.0176353255559931,24.188919886511815,3.9742141382409812,17.92878558604952,1.3491666666666668,0.2216666666666669
"Congo, Rep.",2005,0.1821796149981267,57.61116434983913,33.42224446332732,17.92878558604952,3.2133333333333334,1.8641666666666665
"Congo, Rep.",2006,0.2942693656953281,89.00147978008083,31.3903154302417,17.92878558604952,4.964166666666666,1.750833333333333
"Congo, Rep.",2007,0.3859376214059615,89.98756298731355,0.9860832072327186,17.92878558604952,5.019166666666666,0.054999999999999716
"Congo, Rep.",2008,0.1532772228511127,34.55773421711045,-55.42982877020309,17.92878558604952,1.9275,-3.091666666666666
"Congo, Rep.",2009,0.2849416688515731,2.8686056937679236,-31.68912852334253,17.92878558604952,0.16,-1.7675
"Congo, Rep.",2010,0.0479272420059402,3.1375374775586664,0.26893178379074306,17.92878558604952,0.17500000000000002,0.015000000000000013
"Congo, Rep.",2011,0.2772219183720779,1.8227598679150347,-1.3147776096436319,17.92878558604952,0.10166666666666667,-0.07333333333333335
"Congo, Rep.",2012,0.3223265738502903,2.5100299820469334,0.6872701141318985,17.92878558604952,0.14,0.038333333333333344
"Congo, Rep.",2013,0.1811591298735955,1.9273444505003234,-0.5826855315466097,17.92878558604952,0.1075,-0.032500000000000015
"Congo, Rep.",2014,0.0104939650142377,1.5986500480894157,-0.32869440241090775,17.92878558604952,0.08916666666666667,-0.018333333333333326
"Congo, Rep.",2015,0.1293195725125144,2.3755640901515616,0.776914042062146,17.92878558604952,0.1325,0.043333333333333335
"Congo, Rep.",2016,-0.1223134679511375,7.081870306489561,4.706306216338,17.92878558604952,0.395,0.2625
"Congo, Rep.",2017,-0.162894322219433,17.958666895359606,10.876796588870043,17.92878558604952,1.0016666666666667,0.6066666666666667
"Congo, Rep.",2018,-0.1228110442754015,32.83955893178071,14.880892036421104,17.92878558604952,1.8316666666666668,0.8300000000000001
"Congo, Rep.",2019,-0.0619797400792521,38.69629555655688,5.856736624776173,17.92878558604952,2.158333333333333,0.32666666666666644
"Congo, Rep.",2020,0.1310212678192641,6.738235249423611,-31.95806030713327,17.92878558604952,0.3758333333333333,-1.7825
"Congo, Rep.",2021,0.1320047985132824,1.4343028468839618,-5.303932402539649,17.92878558604952,0.08,-0.2958333333333333
"Congo, Rep.",2022,0.0707426733636609,30.18012240318336,28.7458195562994,17.92878558604952,1.6833333333333333,1.6033333333333333
"Congo, Rep.",2023,0.0855935230450875,90.0772069152438,59.897084512060445,17.92878558604952,5.024166666666667,3.3408333333333333
Costa Rica,1991,,176.97724147552526,-75.04353653189307,31.116877622070376,5.6875,-2.411666666666667
Costa Rica,1992,0.2902257872770057,109.58327069239117,-67.3939707831341,31.116877622070376,3.5216666666666665,-2.1658333333333335
Costa Rica,1993,0.2164257919099768,94.0507626127077,-15.532508079683472,31.116877622070376,3.0224999999999995,-0.499166666666667
Costa Rica,1994,0.1409018240154544,130.74274747539906,36.69198486269135,31.116877622070376,4.201666666666667,1.1791666666666676
Costa Rica,1995,0.1987070812376963,181.61884238748408,50.87609491208503,31.116877622070376,5.836666666666666,1.634999999999999
Costa Rica,1996,0.0458093072373202,164.86758993426952,-16.751252453214544,31.116877622070376,5.298333333333333,-0.5383333333333331
Costa Rica,1997,0.3892461043588611,169.89815181650425,5.030561882234723,31.116877622070376,5.46,0.16166666666666707
Costa Rica,1998,-0.6064737178938344,166.5790182034834,-3.3191336130208615,31.116877622070376,5.353333333333333,-0.10666666666666735
Costa Rica,1999,0.1849064972456737,154.65088178168978,-11.92813642179363,31.116877622070376,4.97,-0.38333333333333286
Costa Rica,2000,0.2634982836277011,194.0396627049605,39.388780923270744,31.116877622070376,6.235833333333333,1.2658333333333331
Costa Rica,2001,0.2154030895833827,120.96686175579858,-73.07280094916193,31.116877622070376,3.8874999999999997,-2.348333333333333
Costa Rica,2002,0.9337014138667392,51.86146270345063,-69.10539905234796,31.116877622070376,1.6666666666666667,-2.220833333333333
Costa Rica,2003,0.1763398674478189,35.08427951888435,-16.777183184566283,31.116877622070376,1.1275,-0.5391666666666668
Costa Rica,2004,0.2205539319766991,41.98185405844329,6.89757453955894,31.116877622070376,1.3491666666666668,0.2216666666666669
Costa Rica,2005,0.2053396495037596,99.9889000922528,58.00704603380952,31.116877622070376,3.2133333333333334,1.8641666666666665
Costa Rica,2006,0.2443290341757809,154.46936666222769,54.48046656997487,31.116877622070376,4.964166666666666,1.750833333333333
Costa Rica,2007,0.2050214158248948,156.18079493144154,1.7114282692138618,31.116877622070376,5.019166666666666,0.054999999999999716
Costa Rica,2008,0.1861594512449791,59.97778161654065,-96.20301331490089,31.116877622070376,1.9275,-3.091666666666666
Costa Rica,2009,0.2029644784126567,4.97870041953126,-54.99908119700939,31.116877622070376,0.16,-1.7675
Costa Rica,2010,0.0883881040011473,5.445453583862316,0.46675316433105607,31.116877622070376,0.17500000000000002,0.015000000000000013
Costa Rica,2011,0.0093688336149106,3.163549224910488,-2.281904358951828,31.116877622070376,0.10166666666666667,-0.07333333333333335
Costa Rica,2012,0.0529099580588408,4.356362867089853,1.1928136421793647,31.116877622070376,0.14,0.038333333333333344
Costa Rica,2013,0.0947001371651516,3.3450643443725654,-1.0112985227172877,31.116877622070376,0.1075,-0.032500000000000015
Costa Rica,2014,0.0918420886454853,2.7745882546346086,-0.5704760897379567,31.116877622070376,0.08916666666666667,-0.018333333333333326
Costa Rica,2015,0.133381513164938,4.122986284924325,1.3483980302897163,31.116877622070376,0.1325,0.043333333333333335
Costa Rica,2016,0.0394977765076589,12.2911666607178,8.168180375793474,31.116877622070376,0.395,0.2625
Costa Rica,2017,0.030394180773964,31.16873908477383,18.87757242405603,31.116877622070376,1.0016666666666667,0.6066666666666667
Costa Rica,2018,0.0153569549983814,56.99574751109224,25.827008426318415,31.116877622070376,1.8316666666666668,0.8300000000000001
Costa Rica,2019,0.0213618105708341,67.16059420096856,10.164846689876315,31.116877622070376,2.158333333333333,0.32666666666666644
Costa Rica,2020,0.0395968091666851,11.694759839628116,-55.46583436134045,31.116877622070376,0.3758333333333333,-1.7825
Costa Rica,2021,0.1636225215671842,2.48935020976563,-9.205409629862485,31.116877622070376,0.08,-0.2958333333333333
Costa Rica,2022,0.084054832364913,52.380077330485136,49.890727120719504,31.116877622070376,1.6833333333333333,1.6033333333333333
Costa Rica,2023,-0.0238330121154,156.33637931955192,103.95630198906679,31.116877622070376,5.024166666666667,3.3408333333333333
Costa Rica,2024,0.0485348210676157,160.04447390284864,3.708094583296719,31.116877622070376,5.1433333333333335,0.11916666666666664
Cote d'Ivoire,1991,,154.21729737903615,-65.39265327691292,27.11512920950086,5.6875,-2.411666666666667
Cote d'Ivoire,1992,0.0011545142121036,95.49044669945886,-58.72685067957728,27.11512920950086,3.5216666666666665,-2.1658333333333335
Cote d'Ivoire,1993,-0.0119254748805666,81.95547803571634,-13.534968663742521,27.11512920950086,3.0224999999999995,-0.499166666666667
Cote d'Ivoire,1994,-0.0137165000133734,113.92873456191946,31.973256526203123,27.11512920950086,4.201666666666667,1.1791666666666676
Cote d'Ivoire,1995,0.3837902441960068,158.26197081945335,44.333236257533876,27.11512920950086,5.836666666666666,1.634999999999999
Cote d'Ivoire,1996,0.1662071053584526,143.6649929283387,-14.596977891114625,27.11512920950086,5.298333333333333,-0.5383333333333331
Cote d'Ivoire,1997,0.0385148397061883,148.0486054838747,4.383612555535984,27.11512920950086,5.46,0.16166666666666707
Cote d'Ivoire,1998,0.0786992828348509,145.15632503486125,-2.8922804490134437,27.11512920950086,5.353333333333333,-0.10666666666666735
Cote d'Ivoire,1999,0.058430039624632,134.76219217121928,-10.394132863641984,27.11512920950086,4.97,-0.38333333333333286
Cote d'Ivoire,2000,-0.0169697615148223,169.08542656224577,34.3232343910265,27.11512920950086,6.235833333333333,1.2658333333333331
Cote d'Ivoire,2001,-0.0177410758538947,105.4100648019346,-63.67536176031118,27.11512920950086,3.8874999999999997,-2.348333333333333
Cote d'Ivoire,2002,0.0445643854660389,45.19188201583477,-60.218182786099824,27.11512920950086,1.6666666666666667,-2.220833333333333
Cote d'Ivoire,2003,0.2606613518297003,30.57230818371222,-14.619573832122551,27.11512920950086,1.1275,-0.5391666666666668
Cote d'Ivoire,2004,-0.3240603139287437,36.58282849181825,6.01052030810603,27.11512920950086,1.3491666666666668,0.2216666666666669
Cote d'Ivoire,2005,0.0729523207474969,87.12994852652943,50.547120034711185,27.11512920950086,3.2133333333333334,1.8641666666666665
Cote d'Ivoire,2006,-0.0017694901880709,134.60402058416386,47.474072057634416,27.11512920950086,4.964166666666666,1.750833333333333
Cote d'Ivoire,2007,0.1236830155971802,136.09535269068638,1.4913321065225396,27.11512920950086,5.019166666666666,0.054999999999999716
Cote d'Ivoire,2008,0.2787881055476582,52.26441155131291,-83.83094113937348,27.11512920950086,1.9275,-3.091666666666666
Cote d'Ivoire,2009,0.0771175646643165,4.338420673520138,-47.92599087779277,27.11512920950086,0.16,-1.7675
Cote d'Ivoire,2010,0.1920225569521605,4.745147611662651,0.40672693814251326,27.11512920950086,0.17500000000000002,0.015000000000000013
Cote d'Ivoire,2011,0.1749646627034273,2.756704802965921,-1.98844280869673,27.11512920950086,0.10166666666666667,-0.07333333333333335
Cote d'Ivoire,2012,0.1045023154628097,3.796118089330121,1.0394132863642,27.11512920950086,0.14,0.038333333333333344
Cote d'Ivoire,2013,0.0474167754081449,2.9148763900213424,-0.8812416993087784,27.11512920950086,0.1075,-0.032500000000000015
Cote d'Ivoire,2014,0.1074198734741109,2.4177656878471603,-0.49711070217418224,27.11512920950086,0.08916666666666667,-0.018333333333333326
Cote d'Ivoire,2015,0.1325866314085217,3.592754620258864,1.174988932411704,27.11512920950086,0.1325,0.043333333333333335
Cote d'Ivoire,2016,0.1668245251146451,10.71047603775284,7.117721417493976,27.11512920950086,0.395,0.2625
Cote d'Ivoire,2017,0.1047065169368473,27.160321091516696,16.449845053763855,27.11512920950086,1.0016666666666667,0.6066666666666667
Cote d'Ivoire,2018,0.0879504785559923,49.66587833540241,22.505557243885715,27.11512920950086,1.8316666666666668,0.8300000000000001
Cote d'Ivoire,2019,0.1257221505877126,58.52348721050602,8.857608875103608,27.11512920950086,2.158333333333333,0.32666666666666644
Cote d'Ivoire,2020,0.1022043726437829,10.19076939457074,-48.33271781593528,27.11512920950086,0.3758333333333333,-1.7825
Cote d'Ivoire,2021,0.1914525347835756,2.169210336760069,-8.02155905781067,27.11512920950086,0.08,-0.2958333333333333
Cote d'Ivoire,2022,0.1718079630083089,45.64380083599312,43.474590499233045,27.11512920950086,1.6833333333333333,1.6033333333333333
Cote d'Ivoire,2023,0.0860215630140004,136.2309283367339,90.58712750074079,27.11512920950086,5.024166666666667,3.3408333333333333
Cote d'Ivoire,2024,0.0327226803613527,139.46214790086609,3.2312195641321853,27.11512920950086,5.1433333333333335,0.11916666666666664
Czechia,1994,,260.7605288667831,73.18051335710003,62.06121274100351,4.201666666666667,1.1791666666666676
Czechia,1995,0.185701395409918,362.2306116983238,101.47008283154067,62.06121274100351,5.836666666666666,1.634999999999999
Czechia,1996,0.2569922365963357,328.8209921727502,-33.40961952557354,62.06121274100351,5.298333333333333,-0.5383333333333331
Czechia,1997,0.0624228275927123,338.85422156587913,10.033229393128925,62.06121274100351,5.46,0.16166666666666707
Czechia,1998,0.0165071145107482,332.2343588735054,-6.61986269237375,62.06121274100351,5.353333333333333,-0.10666666666666735
Czechia,1999,0.0330731795274878,308.4442273227874,-23.790131550717984,62.06121274100351,4.97,-0.38333333333333286
Czechia,2000,0.0259026505516146,387.003379117441,78.5591517946536,62.06121274100351,6.235833333333333,1.2658333333333331
Czechia,2001,0.148427227070119,241.26296453065112,-145.74041458678988,62.06121274100351,3.8874999999999997,-2.348333333333333
Czechia,2002,0.1060131536645201,103.43535456833918,-137.82760996231195,62.06121274100351,1.6666666666666667,-2.220833333333333
Czechia,2003,-0.117570290464279,69.97401736548146,-33.461337202857734,62.06121274100351,1.1275,-0.5391666666666668
Czechia,2004,0.0635842872054048,83.73091952307058,13.756902157589126,62.06121274100351,1.3491666666666668,0.2216666666666669
Czechia,2005,0.0710095927876288,199.42336360775795,115.69244408468737,62.06121274100351,3.2133333333333334,1.8641666666666665
Czechia,2006,0.1043345832371471,308.08220358179824,108.65883997404029,62.06121274100351,4.964166666666666,1.750833333333333
Czechia,2007,0.1217803439107108,311.4955702825534,3.413366700755175,62.06121274100351,5.019166666666666,0.054999999999999716
Czechia,2008,0.1494313410769159,119.62298755828427,-191.87258272426914,62.06121274100351,1.9275,-3.091666666666666
Czechia,2009,0.1273920832891164,9.929794038560562,-109.6931935197237,62.06121274100351,0.16,-1.7675
Czechia,2010,0.0021309934843003,10.860712229675615,0.9309181911150535,62.06121274100351,0.17500000000000002,0.015000000000000013
Czechia,2011,0.018590783478011,6.30955662866869,-4.551155601006925,62.06121274100351,0.10166666666666667,-0.07333333333333335
Czechia,2012,0.0271719776866632,8.688569783740492,2.3790131550718017,62.06121274100351,0.14,0.038333333333333344
Czechia,2013,0.0467911842720134,6.671580369657877,-2.016989414082615,62.06121274100351,0.1075,-0.032500000000000015
Czechia,2014,0.0564770111743584,5.533791469406147,-1.1377889002517305,62.06121274100351,0.08916666666666667,-0.018333333333333326
Czechia,2015,0.057513501717505,8.223110688182965,2.6893192187768187,62.06121274100351,0.1325,0.043333333333333335
Czechia,2016,0.0765065192206435,24.514179032696386,16.291068344513423,62.06121274100351,0.395,0.2625
Czechia,2017,0.0632357115586579,62.16464809557185,37.650469062875466,62.06121274100351,1.0016666666666667,0.6066666666666667
Czechia,2018,0.0985512554881502,113.67545467060476,51.510806575032916,62.06121274100351,1.8316666666666668,0.8300000000000001
Czechia,2019,0.0612021009965282,133.94878416599923,20.273329495394464,62.06121274100351,2.158333333333333,0.32666666666666644
Czechia,2020,0.0616444787727914,23.32467245516048,-110.62411171083875,62.06121274100351,0.3758333333333333,-1.7825
Czechia,2021,0.0949126939423194,4.964897019280281,-18.359775435880202,62.06121274100351,0.08,-0.2958333333333333
Czechia,2022,0.0655012860626129,104.46970811402258,99.5048110947423,62.06121274100351,1.6833333333333333,1.6033333333333333
Czechia,2023,0.0592670359216604,311.80587634625846,207.33616823223588,62.06121274100351,5.024166666666667,3.3408333333333333
Czechia,2024,0.0928548512044322,319.20150419789474,7.39562785163625,62.06121274100351,5.1433333333333335,0.11916666666666664
Denmark,1991,,325.3565554080781,-137.9607137510591,57.205548203618136,5.6875,-2.411666666666667
Denmark,1992,0.0385551273143818,201.4588722570752,-123.89768315100295,57.205548203618136,3.5216666666666665,-2.1658333333333335
Denmark,1993,-0.0074269087891032,172.90376944543578,-28.555102811639404,57.205548203618136,3.0224999999999995,-0.499166666666667
Denmark,1994,0.1798737073224963,240.35864503553557,67.45487559009977,57.205548203618136,4.201666666666667,1.1791666666666676
Denmark,1995,-0.1048181360074771,333.88971634845115,93.53107131291559,57.205548203618136,5.836666666666666,1.634999999999999
Denmark,1996,0.0602733907463708,303.09406289883674,-30.795653449614417,57.205548203618136,5.298333333333333,-0.5383333333333331
Denmark,1997,0.0782894350229526,312.342293191755,9.248230292918288,57.205548203618136,5.46,0.16166666666666707
Denmark,1998,0.0659631354664753,306.2403680500357,-6.101925141719307,57.205548203618136,5.353333333333333,-0.10666666666666735
Denmark,1999,0.0327137364964542,284.31157457198213,-21.928793478053592,57.205548203618136,4.97,-0.38333333333333286
Denmark,2000,-0.0089605458111172,356.72426433972873,72.41268976774661,57.205548203618136,6.235833333333333,1.2658333333333331
Denmark,2001,-0.053033425666463,222.38656864156547,-134.33769569816326,57.205548203618136,3.8874999999999997,-2.348333333333333
Denmark,2002,0.0350304171216393,95.34258033936356,-127.04398830220194,57.205548203618136,1.6666666666666667,-2.220833333333333
Denmark,2003,0.0415411773254206,64.49925559957944,-30.84332473978412,57.205548203618136,1.1275,-0.5391666666666668
Denmark,2004,-0.0219868542356707,77.17981878471481,12.680563185135368,57.205548203618136,1.3491666666666668,0.2216666666666669
Denmark,2005,0.0269083884236494,183.82049489429295,106.64067610957814,57.205548203618136,3.2133333333333334,1.8641666666666665
Denmark,2006,0.1346798427717459,283.97787554079434,100.15738064650141,57.205548203618136,4.964166666666666,1.750833333333333
Denmark,2007,0.1086655468809958,287.12418069199333,3.1463051511989812,57.205548203618136,5.019166666666666,0.054999999999999716
Denmark,2008,0.1584187664658038,110.26369416247395,-176.86048652951936,57.205548203618136,1.9275,-3.091666666666666
Denmark,2009,0.0676611779095992,9.152887712578902,-101.11080644989507,57.205548203618136,0.16,-1.7675
Denmark,2010,0.0442911779242294,10.010970935633175,0.8580832230542728,57.205548203618136,0.17500000000000002,0.015000000000000013
Denmark,2011,0.075833234190199,5.815897400701178,-4.195073534931997,57.205548203618136,0.10166666666666667,-0.07333333333333335
Denmark,2012,-0.0611969115670483,8.00877674850654,2.1928793478053623,57.205548203618136,0.14,0.038333333333333344
Denmark,2013,0.0202760653235891,6.149596431888949,-1.8591803166175902,57.205548203618136,0.1075,-0.032500000000000015
Denmark,2014,-0.0984239854096209,5.100828048155951,-1.0487683837329989,57.205548203618136,0.08916666666666667,-0.018333333333333326
Denmark,2015,0.1319333476891913,7.579735136979403,2.4789070888234526,57.205548203618136,0.1325,0.043333333333333335
Denmark,2016,0.0945036393028253,22.596191540429164,15.01645640344976,57.205548203618136,0.395,0.2625
Denmark,2017,-0.0747764202367129,57.3008907839575,34.70469924352834,57.205548203618136,1.0016666666666667,0.6066666666666667
Denmark,2018,0.0503240367884672,104.78149579296056,47.48060500900306,57.205548203618136,1.8316666666666668,0.8300000000000001
Denmark,2019,0.0148975464228797,123.4686415394758,18.687145746515245,57.205548203618136,2.158333333333333,0.32666666666666644
Denmark,2020,0.0564536490883718,21.49975186652648,-101.96888967294933,57.205548203618136,0.3758333333333333,-1.7825
Denmark,2021,0.0938504294174435,4.576443856289451,-16.92330801023703,57.205548203618136,0.08,-0.2958333333333333
Denmark,2022,-0.0105203740842938,96.2960061427572,91.71956228646773,57.205548203618136,1.6833333333333333,1.6033333333333333
Denmark,2023,0.093717879338989,287.41020843301146,191.11420229025427,57.205548203618136,5.024166666666667,3.3408333333333333
Denmark,2024,0.0470157964592807,294.227202927276,6.8169944942644936,57.205548203618136,5.1433333333333335,0.11916666666666664
Djibouti,2014,,6.328881895315082,-1.3012654364199228,70.978114713814,0.08916666666666667,-0.018333333333333326
Djibouti,2015,0.0628590548939023,9.404600199580354,3.075718304265273,70.978114713814,0.1325,0.043333333333333335
Djibouti,2016,0.1741636346554749,28.03635531195653,18.631755112376176,70.978114713814,0.395,0.2625
Djibouti,2017,0.0840273690171145,71.09641157167036,43.060056259713825,70.978114713814,1.0016666666666667,0.6066666666666667
Djibouti,2018,0.1981851328232338,130.00824678413596,58.91183521246562,70.978114713814,1.8316666666666668,0.8300000000000001
Djibouti,2019,-0.057441159765105,153.19443092398186,23.18618413984589,70.978114713814,2.158333333333333,0.32666666666666644
Djibouti,2020,0.084163375391121,26.675941446608423,-126.51848947737345,70.978114713814,0.3758333333333333,-1.7825
Djibouti,2021,0.1771351119763267,5.67824917710512,-20.997692269503304,70.978114713814,0.08,-0.2958333333333333
Djibouti,2022,0.0516012618565113,119.47982643492023,113.8015772578151,70.978114713814,1.6833333333333333,1.6033333333333333
Djibouti,2023,-0.0170350346968177,356.60587800798714,237.12605157306692,70.978114713814,5.024166666666667,3.3408333333333333
Djibouti,2024,0.0739555447550834,365.06410334471667,8.4582253367295,70.978114713814,5.1433333333333335,0.11916666666666664
Dominica,1991,,310.77789903242524,-131.7789362344086,54.6422679617451,5.6875,-2.411666666666667
Dominica,1992,0.1341517470178352,192.43185367194565,-118.34604536047961,54.6422679617451,3.5216666666666665,-2.1658333333333335
Dominica,1993,0.1312614513096619,165.15625491437453,-27.27559875757111,54.6422679617451,3.0224999999999995,-0.499166666666667
Dominica,1994,-0.0111821346072353,229.58859588593234,64.4323409715578,54.6422679617451,4.201666666666667,1.1791666666666676
Dominica,1995,0.0493551936111025,318.9287040033855,89.34010811745317,54.6422679617451,5.836666666666666,1.634999999999999
Dominica,1996,0.1880172809196274,289.5129497506461,-29.415754252739433,54.6422679617451,5.298333333333333,-0.5383333333333331
Dominica,1997,0.0615501628551555,298.34678307112824,8.833833320482146,54.6422679617451,5.46,0.16166666666666707
Dominica,1998,0.0473980574458856,292.51827448854203,-5.828508582586181,54.6422679617451,5.353333333333333,-0.10666666666666735
Dominica,1999,0.0311129153368519,271.5720717698731,-20.94620271866893,54.6422679617451,4.97,-0.38333333333333286
Dominica,2000,0.083121113167671,340.74007596478214,69.16800419490899,54.6422679617451,6.235833333333333,1.2658333333333331
Dominica,2001,-0.032556214141806,212.42181670128406,-128.31825926349805,54.6422679617451,3.8874999999999997,-2.348333333333333
Dominica,2002,0.0512083919020014,91.0704466029085,-121.35137009837557,54.6422679617451,1.6666666666666667,-2.220833333333333
Dominica,2003,0.0902756154118051,61.60915712686759,-29.461289476040907,54.6422679617451,1.1275,-0.5391666666666668
Dominica,2004,0.0807369859398967,73.72152652505444,12.112369398186843,54.6422679617451,1.3491666666666668,0.2216666666666669
Dominica,2005,0.063460408135473,175.58382105040758,101.86229452535315,54.6422679617451,3.2133333333333334,1.8641666666666665
Dominica,2006,0.0532160363172238,271.25332520676295,95.66950415635536,54.6422679617451,4.964166666666666,1.750833333333333
Dominica,2007,0.1060678556658025,274.2586499446589,3.0053247378959647,54.6422679617451,5.019166666666666,0.054999999999999716
Dominica,2008,0.0968253886099894,105.32297149626368,-168.9356784483952,54.6422679617451,1.9275,-3.091666666666666
Dominica,2009,0.0544910812028227,8.742762873879215,-96.58020862238446,54.6422679617451,0.16,-1.7675
Dominica,2010,0.0961156984367868,9.562396893305394,0.8196340194261772,54.6422679617451,0.17500000000000002,0.015000000000000013
Dominica,2011,0.0260328354639369,5.555297242777418,-4.007099650527975,54.6422679617451,0.10166666666666667,-0.07333333333333335
Dominica,2012,0.0261146659738713,7.649917514644314,2.094620271866896,54.6422679617451,0.14,0.038333333333333344
Dominica,2013,0.1070756568861739,5.874043805887598,-1.7758737087567165,54.6422679617451,0.1075,-0.032500000000000015
Dominica,2014,0.0299739471452227,4.872268893255605,-1.001774912631993,54.6422679617451,0.08916666666666667,-0.018333333333333326
Dominica,2015,0.0485004457788562,7.240100504931226,2.367831611675621,54.6422679617451,0.1325,0.043333333333333335
Dominica,2016,0.034602798190388,21.583695844889316,14.343595339958089,54.6422679617451,0.395,0.2625
Dominica,2017,0.0593665164394323,54.73333840834801,33.14964256345869,54.6422679617451,1.0016666666666667,0.6066666666666667
Dominica,2018,0.1587676055704463,100.08642081659644,45.35308240824843,54.6422679617451,1.8316666666666668,0.8300000000000001
Dominica,2019,0.0155394660521217,117.9362283507665,17.849807534170054,54.6422679617451,2.158333333333333,0.32666666666666644
Dominica,2020,-0.1253836981107845,20.536385708955866,-97.39984264181064,54.6422679617451,0.3758333333333333,-1.7825
Dominica,2021,-0.125110389582133,4.371381436939608,-16.165004272016255,54.6422679617451,0.08,-0.2958333333333333
Dominica,2022,0.0181432206766203,91.98115106893758,87.60976963199798,54.6422679617451,1.6833333333333333,1.6033333333333333
Dominica,2023,-0.0126452367861773,274.53186128446765,182.55071021553007,54.6422679617451,5.024166666666667,3.3408333333333333
Dominica,2024,-0.0045058350633375,281.0433982165756,6.511536932107957,54.6422679617451,5.1433333333333335,0.11916666666666664
Dominican Republic,1991,,120.1764789420781,-50.958348726501704,21.129930363442305,5.6875,-2.411666666666667
Dominican Republic,1992,0.3036636543178304,74.41257142992265,-45.76390751215546,21.129930363442305,3.5216666666666665,-2.1658333333333335
Dominican Republic,1993,0.2382059996805701,63.865214523504356,-10.54735690641829,21.129930363442305,3.0224999999999995,-0.499166666666667
Dominican Republic,1994,0.178917463263236,88.78092407706343,24.915709553559072,21.129930363442305,4.201666666666667,1.1791666666666676
Dominican Republic,1995,0.1083892168020135,123.32836022129158,34.54743614422814,21.129930363442305,5.836666666666666,1.634999999999999
Dominican Republic,1996,0.1539803625436775,111.95341437563847,-11.374945845653103,21.129930363442305,5.298333333333333,-0.5383333333333331
Dominican Republic,1997,0.1581144169065709,115.36941978439499,3.4160054087565146,21.129930363442305,5.46,0.16166666666666707
Dominican Republic,1998,0.2160698953191158,113.11556054562779,-2.253859238767194,21.129930363442305,5.353333333333333,-0.10666666666666735
Dominican Republic,1999,0.1631695289438042,105.01575390630825,-8.09980663931954,21.129930363442305,4.97,-0.38333333333333286
Dominican Republic,2000,0.1980263244864346,131.76272409136564,26.746970185057382,21.129930363442305,6.235833333333333,1.2658333333333331
Dominican Republic,2001,0.1552778887611872,82.14260428788195,-49.620119803483675,21.129930363442305,3.8874999999999997,-2.348333333333333
Dominican Republic,2002,0.3189368506484342,35.216550605737176,-46.92605368214478,21.129930363442305,1.6666666666666667,-2.220833333333333
Dominican Republic,2003,0.0533927108904599,23.823996484781198,-11.392554120955978,21.129930363442305,1.1275,-0.5391666666666668
Dominican Republic,2004,0.6270022368722756,28.507797715344246,4.683801230563049,21.129930363442305,1.3491666666666668,0.2216666666666669
Dominican Republic,2005,0.145453566006509,67.89750956786128,39.38971185251703,21.129930363442305,3.2133333333333334,1.8641666666666665
Dominican Republic,2006,0.0717392038849737,104.89249597918817,36.9949864113269,21.129930363442305,4.964166666666666,1.750833333333333
Dominican Republic,2007,0.0579134101871048,106.0546421491775,1.1621461699893207,21.129930363442305,5.019166666666666,0.054999999999999716
Dominican Republic,2008,0.1581694905108115,40.727940775535046,-65.32670137364245,21.129930363442305,1.9275,-3.091666666666666
Dominican Republic,2009,0.0527053420543772,3.380788858150769,-37.347151917384274,21.129930363442305,0.16,-1.7675
Dominican Republic,2010,0.1269090388747535,3.6977378136024037,0.3169489554516349,21.129930363442305,0.17500000000000002,0.015000000000000013
Dominican Republic,2011,0.116341571291862,2.1482095869499678,-1.549528226652436,21.129930363442305,0.10166666666666667,-0.07333333333333335
Dominican Republic,2012,0.1183934351552977,2.958190250881923,0.8099806639319552,21.129930363442305,0.14,0.038333333333333344
Dominican Republic,2013,0.0948886698412749,2.2714675140700478,-0.6867227368118752,21.129930363442305,0.1075,-0.032500000000000015
Dominican Republic,2014,0.1128872904902031,1.884085457406939,-0.38738205666310876,21.129930363442305,0.08916666666666667,-0.018333333333333326
Dominican Republic,2015,0.0886290286278352,2.7997157731561058,0.9156303157491666,21.129930363442305,0.1325,0.043333333333333335
Dominican Republic,2016,0.1143220803308295,8.346322493559711,5.546606720403606,21.129930363442305,0.395,0.2625
Dominican Republic,2017,0.0930552192749054,21.165146914048044,12.818824420488333,21.129930363442305,1.0016666666666667,0.6066666666666667
Dominican Republic,2018,0.0926739624775514,38.70298911570516,17.537842201657114,21.129930363442305,1.8316666666666668,0.8300000000000001
Dominican Republic,2019,0.064259797544345,45.60543303442964,6.902443918724481,21.129930363442305,2.158333333333333,0.32666666666666644
Dominican Republic,2020,0.1103676648971472,7.941332161593732,-37.66410087283591,21.129930363442305,0.3758333333333333,-1.7825
Dominican Republic,2021,0.1968064455961382,1.6903944290753845,-6.250937732518348,21.129930363442305,0.08,-0.2958333333333333
Dominican Republic,2022,0.1284302380795381,35.56871611179455,33.87832168271916,21.129930363442305,1.6833333333333333,1.6033333333333333
Dominican Republic,2023,0.0541870713924339,106.16029180099473,70.59157568920017,21.129930363442305,5.024166666666667,3.3408333333333333
Dominican Republic,2024,0.1352527242076995,108.67827516930492,2.5179833683102077,21.129930363442305,5.1433333333333335,0.11916666666666664
Ecuador,1991,,98.37004417254435,-41.71178136781588,17.29583194242538,5.6875,-2.411666666666667
Ecuador,1992,0.058185973143324,60.910154823908044,-37.4598893486363,17.29583194242538,3.5216666666666665,-2.1658333333333335
Ecuador,1993,0.0434594944668624,52.276652045980704,-8.63350277792734,17.29583194242538,3.0224999999999995,-0.499166666666667
Ecuador,1994,0.3836543084575829,72.67132054475731,20.39466849877661,17.29583194242538,4.201666666666667,1.1791666666666676
Ecuador,1995,0.3300339600914732,100.9500057706228,28.278685225865477,17.29583194242538,5.836666666666666,1.634999999999999
Ecuador,1996,0.0655269298775742,91.6390829082838,-9.310922862338993,17.29583194242538,5.298333333333333,-0.5383333333333331
Ecuador,1997,0.1171522151780415,94.43524240564257,2.7961594973587767,17.29583194242538,5.46,0.16166666666666707
Ecuador,1998,0.0869221104147186,92.59035366511719,-1.8448887405253858,17.29583194242538,5.353333333333333,-0.10666666666666735
Ecuador,1999,-0.1787794064182186,85.96028475385414,-6.630068911263054,17.29583194242538,4.97,-0.38333333333333286
Ecuador,2000,-0.7095210385807924,107.85392535430759,21.893640600453455,17.29583194242538,6.235833333333333,1.2658333333333331
Ecuador,2001,0.3852838269938381,67.23754667617867,-40.61637867812893,17.29583194242538,3.8874999999999997,-2.348333333333333
Ecuador,2002,0.2758039051785772,28.82638657070897,-38.4111601054697,17.29583194242538,1.6666666666666667,-2.220833333333333
Ecuador,2003,0.3083825475713837,19.501050515084614,-9.325336055624353,17.29583194242538,1.1275,-0.5391666666666668
Ecuador,2004,0.1645969131631766,23.334959928988912,3.833909413904297,17.29583194242538,1.3491666666666668,0.2216666666666669
Ecuador,2005,0.2180859222804301,55.57727330832689,32.24231337933798,17.29583194242538,3.2133333333333334,1.8641666666666665
Ecuador,2006,0.1786481313794965,85.85939240085665,30.282119092529765,17.29583194242538,4.964166666666666,1.750833333333333
Ecuador,2007,0.1219609831933397,86.81066315769004,0.951270756833391,17.29583194242538,5.019166666666666,0.054999999999999716
Ecuador,2008,0.1493400632219668,33.33771606902492,-53.47294708866512,17.29583194242538,1.9275,-3.091666666666666
Ecuador,2009,0.214322174191178,2.7673331107880608,-30.57038295823686,17.29583194242538,0.16,-1.7675
Ecuador,2010,0.0684889613683772,3.0267705899244417,0.25943747913638093,17.29583194242538,0.17500000000000002,0.015000000000000013
Ecuador,2011,0.152188331628011,1.758409580813247,-1.2683610091111948,17.29583194242538,0.10166666666666667,-0.07333333333333335
Ecuador,2012,0.1537406664539382,2.4214164719395534,0.6630068911263064,17.29583194242538,0.14,0.038333333333333344
Ecuador,2013,0.1566545672526906,1.8593019338107284,-0.5621145381288251,17.29583194242538,0.1075,-0.032500000000000015
Ecuador,2014,0.1306485739987799,1.5422116815329299,-0.3170902522777985,17.29583194242538,0.08916666666666667,-0.018333333333333326
Ecuador,2015,0.139245811562283,2.2916977323713628,0.7494860508384331,17.29583194242538,0.1325,0.043333333333333335
Ecuador,2016,-0.0494697400154215,6.831853617258026,4.540155884886662,17.29583194242538,0.395,0.2625
Ecuador,2017,0.1641021336017694,17.32465832899609,10.492804711738064,17.29583194242538,1.0016666666666667,0.6066666666666667
Ecuador,2018,-0.2232716174435296,31.680198841209158,14.355540512213066,17.29583194242538,1.8316666666666668,0.8300000000000001
Ecuador,2019,0.0457046305052131,37.33017060906811,5.649971767858953,17.29583194242538,2.158333333333333,0.32666666666666644
Ecuador,2020,0.0848462727938965,6.500350171694872,-30.82982043737324,17.29583194242538,0.3758333333333333,-1.7825
Ecuador,2021,0.0949314599832114,1.3836665553940304,-5.116683616300841,17.29583194242538,0.08,-0.2958333333333333
Ecuador,2022,0.1187128504215131,29.114650436416056,27.730983881022023,17.29583194242538,1.6833333333333333,1.6033333333333333
Ecuador,2023,0.0964043512722234,86.89714231740219,57.78249188098612,17.29583194242538,5.024166666666667,3.3408333333333333
Ecuador,2024,0.0508412893403402,88.95822895720788,2.0610866398056906,17.29583194242538,5.1433333333333335,0.11916666666666664
"Egypt, Arab Rep.",1991,,480.3562088892507,-203.685108941464,84.45823452997814,5.6875,-2.411666666666667
"Egypt, Arab Rep.",1992,0.176797149213467,297.4337492697397,-182.92245961951102,84.45823452997814,3.5216666666666665,-2.1658333333333335
"Egypt, Arab Rep.",1993,0.1775454790614468,255.2750138668589,-42.15873540288078,84.45823452997814,3.0224999999999995,-0.499166666666667
"Egypt, Arab Rep.",1994,0.1244188285625753,354.86534875012484,99.59033488326597,84.45823452997814,4.201666666666667,1.1791666666666676
"Egypt, Arab Rep.",1995,0.1062921724766887,492.954562206639,138.08921345651416,84.45823452997814,5.836666666666666,1.634999999999999
"Egypt, Arab Rep.",1996,0.0943689660432554,447.4878792846675,-45.46668292197155,84.45823452997814,5.298333333333333,-0.5383333333333331
"Egypt, Arab Rep.",1997,0.1028805790872233,461.1419605336807,13.654081249013167,84.45823452997814,5.46,0.16166666666666707
"Egypt, Arab Rep.",1998,0.1023035234419893,452.13308218381627,-9.008878349864393,84.45823452997814,5.353333333333333,-0.10666666666666735
"Egypt, Arab Rep.",1999,0.1023436569469069,419.75742561399136,-32.37565656982491,84.45823452997814,4.97,-0.38333333333333286
"Egypt, Arab Rep.",2000,0.0550906717375987,526.667474156522,106.91004854253065,84.45823452997814,6.235833333333333,1.2658333333333331
"Egypt, Arab Rep.",2001,0.1095834812867053,328.33138673529,-198.33608742123198,84.45823452997814,3.8874999999999997,-2.348333333333333
"Egypt, Arab Rep.",2002,0.1241206989258039,140.76372421663024,-187.56766251865977,84.45823452997814,1.6666666666666667,-2.220833333333333
"Egypt, Arab Rep.",2003,0.1189412272281451,95.22665943255035,-45.537064784079895,84.45823452997814,1.1275,-0.5391666666666668
"Egypt, Arab Rep.",2004,0.192929753915326,113.94823475336219,18.72157532081184,84.45823452997814,1.3491666666666668,0.2216666666666669
"Egypt, Arab Rep.",2005,0.1504803906582488,271.3924602896631,157.4442255363009,84.45823452997814,3.2133333333333334,1.8641666666666665
"Egypt, Arab Rep.",2006,0.1087589236253094,419.2647525792331,147.87229228957003,84.45823452997814,4.964166666666666,1.750833333333333
"Egypt, Arab Rep.",2007,0.13978031243564,423.9099554783819,4.6452028991487735,84.45823452997814,5.019166666666666,0.054999999999999716
"Egypt, Arab Rep.",2008,0.174912920645454,162.79324705653286,-261.116708421849,84.45823452997814,1.9275,-3.091666666666666
"Egypt, Arab Rep.",2009,0.0996905290533831,13.513317524796504,-149.27992953173637,84.45823452997814,0.16,-1.7675
"Egypt, Arab Rep.",2010,0.0905040314642562,14.780191042746177,1.2668735179496733,84.45823452997814,0.17500000000000002,0.015000000000000013
"Egypt, Arab Rep.",2011,0.1170584473447604,8.586587177214446,-6.193603865531732,84.45823452997814,0.10166666666666667,-0.07333333333333335
"Egypt, Arab Rep.",2012,0.0645218247775929,11.82415283419694,3.2375656569824964,84.45823452997814,0.14,0.038333333333333344
"Egypt, Arab Rep.",2013,0.1164248229205533,9.07926021197265,-2.744892622224291,84.45823452997814,0.1075,-0.032500000000000015
"Egypt, Arab Rep.",2014,0.1730345371300714,7.530859245589718,-1.5484009663829321,84.45823452997814,0.08916666666666667,-0.018333333333333326
"Egypt, Arab Rep.",2015,0.1464040538315671,11.190716075222104,3.6598568296323863,84.45823452997814,0.1325,0.043333333333333335
"Egypt, Arab Rep.",2016,0.1706281584230389,33.361002639341365,22.170286564119262,84.45823452997814,0.395,0.2625
"Egypt, Arab Rep.",2017,0.3329599471317657,84.59899825419478,51.23799561485341,84.45823452997814,1.0016666666666667,0.6066666666666667
"Egypt, Arab Rep.",2018,0.1860686418219153,154.69933291407665,70.10033465988187,84.45823452997814,1.8316666666666668,0.8300000000000001
"Egypt, Arab Rep.",2019,0.1248878682138254,182.28902286053614,27.589689946459508,84.45823452997814,2.158333333333333,0.32666666666666644
"Egypt, Arab Rep.",2020,0.1246792980893758,31.742219810850116,-150.54680304968605,84.45823452997814,0.3758333333333333,-1.7825
"Egypt, Arab Rep.",2021,0.1798667662239559,6.756658762398252,-24.985561048451864,84.45823452997814,0.08,-0.2958333333333333
"Egypt, Arab Rep.",2022,0.1683401793412464,142.17136145879655,135.41470269639828,84.45823452997814,1.6833333333333333,1.6033333333333333
"Egypt, Arab Rep.",2023,0.2400948622563667,424.3322466510319,282.1608851922353,84.45823452997814,5.024166666666667,3.3408333333333333
"Egypt, Arab Rep.",2024,0.1816802768440659,434.3968529325209,10.06460628148906,84.45823452997814,5.1433333333333335,0.11916666666666664
El Salvador,1991,,219.82649299683902,-93.21287483265235,38.65081195548818,5.6875,-2.411666666666667
El Salvador,1992,0.1727823766294811,136.1152761032442,-83.71121689359482,38.65081195548818,3.5216666666666665,-2.1658333333333335
El Salvador,1993,0.1443891622142921,116.822079135463,-19.293196967781196,38.65081195548818,3.0224999999999995,-0.499166666666667
El Salvador,1994,0.2887128559720864,162.3978282329762,45.57574909751318,38.65081195548818,4.201666666666667,1.1791666666666676
El Salvador,1995,0.3396371036600349,225.5919057801993,63.19407754722313,38.65081195548818,5.836666666666666,1.634999999999999
El Salvador,1996,0.1128811513860768,204.78488534416152,-20.807020436037796,38.65081195548818,5.298333333333333,-0.5383333333333331
El Salvador,1997,0.1292789041426942,211.03343327696547,6.248547932803938,38.65081195548818,5.46,0.16166666666666707
El Salvador,1998,0.1003329043133192,206.91068000171336,-4.122753275252099,38.65081195548818,5.353333333333333,-0.10666666666666735
El Salvador,1999,0.085957216938457,192.09453541877625,-14.816144582937117,38.65081195548818,4.97,-0.38333333333333286
El Salvador,2000,0.0843619908994632,241.0200215524317,48.92548613365545,38.65081195548818,6.235833333333333,1.2658333333333331
El Salvador,2001,0.0155144362193624,150.25503147696028,-90.7649900754714,38.65081195548818,3.8874999999999997,-2.348333333333333
El Salvador,2002,0.2349134878649188,64.41801992581364,-85.83701155114666,38.65081195548818,1.6666666666666667,-2.220833333333333
El Salvador,2003,-0.0212237368837513,43.57879047981292,-20.839229446000715,38.65081195548818,1.1275,-0.5391666666666668
El Salvador,2004,0.0195634446420349,52.14638712994614,8.567596650133222,38.65081195548818,1.3491666666666668,0.2216666666666669
El Salvador,2005,0.0354558740560442,124.19794241696869,72.05155528702254,38.65081195548818,3.2133333333333334,1.8641666666666665
El Salvador,2006,0.0378021868991105,191.8690723490359,67.67112993206722,38.65081195548818,4.964166666666666,1.750833333333333
El Salvador,2007,0.0997858608843849,193.99486700658773,2.1257946575518387,38.65081195548818,5.019166666666666,0.054999999999999716
El Salvador,2008,0.1600914248326361,74.49944004420347,-119.49542696238426,38.65081195548818,1.9275,-3.091666666666666
El Salvador,2009,-0.0116182250994754,6.184129912878109,-68.31531013132536,38.65081195548818,0.16,-1.7675
El Salvador,2010,0.0217076293785325,6.763892092210432,0.5797621793323232,38.65081195548818,0.17500000000000002,0.015000000000000013
El Salvador,2011,0.0014449783402383,3.9294992154746318,-2.8343928767358006,38.65081195548818,0.10166666666666667,-0.07333333333333335
El Salvador,2012,-0.0209187014752814,5.411113673768345,1.481614458293714,38.65081195548818,0.14,0.038333333333333344
El Salvador,2013,0.0128103154227332,4.154962285214979,-1.2561513885533664,38.65081195548818,0.1075,-0.032500000000000015
El Salvador,2014,0.0238199985984479,3.4463640660310295,-0.7085982191839497,38.65081195548818,0.08916666666666667,-0.018333333333333326
El Salvador,2015,0.0031275018138678,5.121232584102184,1.6748685180711544,38.65081195548818,0.1325,0.043333333333333335
El Salvador,2016,0.0669538267860403,15.267070722417833,10.145838138315648,38.65081195548818,0.395,0.2625
El Salvador,2017,0.0300194786883167,38.715229975414,23.448159252996163,38.65081195548818,1.0016666666666667,0.6066666666666667
El Salvador,2018,0.1054505705068074,70.79540389846919,32.08017392305519,38.65081195548818,1.8316666666666668,0.8300000000000001
El Salvador,2019,0.0589165338702137,83.42133580392866,12.625931905459463,38.65081195548818,2.158333333333333,0.32666666666666644
El Salvador,2020,0.1071055206383313,14.526263493270973,-68.89507231065768,38.65081195548818,0.3758333333333333,-1.7825
El Salvador,2021,0.0850059453400078,3.0920649564390543,-11.434198536831918,38.65081195548818,0.08,-0.2958333333333333
El Salvador,2022,0.0223287560765967,65.06220012507177,61.970135168632716,38.65081195548818,1.6833333333333333,1.6033333333333333
El Salvador,2023,0.0454475359348585,194.1881210663652,129.12592094129343,38.65081195548818,5.024166666666667,3.3408333333333333
El Salvador,2024,0.0851091799396854,198.79400949106088,4.6058884246956735,38.65081195548818,5.1433333333333335,0.11916666666666664
Equatorial Guinea,1991,,69.91148728671814,-29.644519297840638,12.292129632829564,5.6875,-2.411666666666667
Equatorial Guinea,1992,-0.1259736871201759,43.28878319028144,-26.6227040964367,12.292129632829564,3.5216666666666665,-2.1658333333333335
Equatorial Guinea,1993,0.2644137522374201,37.15296181522735,-6.135821375054094,12.292129632829564,3.0224999999999995,-0.499166666666667
Equatorial Guinea,1994,-0.29391262220242,51.64743134060556,14.494469525378205,12.292129632829564,4.201666666666667,1.1791666666666676
Equatorial Guinea,1995,0.8735378620677636,71.74506329028188,20.097631949676323,12.292129632829564,5.836666666666666,1.634999999999999
Equatorial Guinea,1996,0.3984396713722304,65.1278001712753,-6.617263119006579,12.292129632829564,5.298333333333333,-0.5383333333333331
Equatorial Guinea,1997,0.3561730879262619,67.11502779524942,1.9872276239741178,12.292129632829564,5.46,0.16166666666666707
Equatorial Guinea,1998,0.0889784220639562,65.80386730108093,-1.3111604941684953,12.292129632829564,5.353333333333333,-0.10666666666666735
Equatorial Guinea,1999,0.1446036122294707,61.09188427516293,-4.711983025917994,12.292129632829564,4.97,-0.38333333333333286
Equatorial Guinea,2000,0.5226599685566775,76.65167170205302,15.559787426890088,12.292129632829564,6.235833333333333,1.2658333333333331
Equatorial Guinea,2001,0.3092956775062419,47.78565394762493,-28.86601775442809,12.292129632829564,3.8874999999999997,-2.348333333333333
Equatorial Guinea,2002,0.2486529622076929,20.486882721382607,-27.298771226242323,12.292129632829564,1.6666666666666667,-2.220833333333333
Equatorial Guinea,2003,0.4343610164990359,13.859376161015332,-6.627506560367275,12.292129632829564,1.1275,-0.5391666666666668
Equatorial Guinea,2004,0.4725189664205977,16.58413156295922,2.7247554019438898,12.292129632829564,1.3491666666666668,0.2216666666666669
Equatorial Guinea,2005,0.2847149236479858,39.498709886825665,22.914578323866444,12.292129632829564,3.2133333333333334,1.8641666666666665
Equatorial Guinea,2006,0.3143274841769603,61.02018018563809,21.521470298812424,12.292129632829564,4.964166666666666,1.750833333333333
Equatorial Guinea,2007,0.1199503509344666,61.69624731544371,0.6760671298056226,12.292129632829564,5.019166666666666,0.054999999999999716
Equatorial Guinea,2008,0.3390951675220037,23.693079867278986,-38.003167448164724,12.292129632829564,1.9275,-3.091666666666666
Equatorial Guinea,2009,0.2675755481722284,1.9667407412527302,-21.726339126026254,12.292129632829564,0.16,-1.7675
Equatorial Guinea,2010,0.2148069189275503,2.151122685745174,0.18438194449244363,12.292129632829564,0.17500000000000002,0.015000000000000013
Equatorial Guinea,2011,0.2459794085659332,1.249699846004339,-0.9014228397408348,12.292129632829564,0.10166666666666667,-0.07333333333333335
Equatorial Guinea,2012,0.0,1.7208981485961392,0.47119830259180007,12.292129632829564,0.14,0.038333333333333344
Equatorial Guinea,2013,0.4673845637193885,1.321403935529178,-0.39949421306696103,12.292129632829564,0.1075,-0.032500000000000015
Equatorial Guinea,2014,0.0602591915181953,1.0960482255939694,-0.2253557099352086,12.292129632829564,0.08916666666666667,-0.018333333333333326
Equatorial Guinea,2015,-0.1726221597052379,1.6287071763499172,0.5326589507559478,12.292129632829564,0.1325,0.043333333333333335
Equatorial Guinea,2016,-0.0728613482648725,4.855391204967678,3.2266840286177607,12.292129632829564,0.395,0.2625
Equatorial Guinea,2017,-0.2358905633233767,12.312616515550946,7.457225310583269,12.292129632829564,1.0016666666666667,0.6066666666666667
Equatorial Guinea,2018,-0.0528995424827662,22.515084110799485,10.202467595248539,12.292129632829564,1.8316666666666668,0.8300000000000001
Equatorial Guinea,2019,-0.0077908017877703,26.530513124190474,4.015429013390988,12.292129632829564,2.158333333333333,0.32666666666666644
Equatorial Guinea,2020,-0.0753980174842112,4.619792053671778,-21.910721070518697,12.292129632829564,0.3758333333333333,-1.7825
Equatorial Guinea,2021,-0.0519276109327648,0.9833703706263651,-3.636421683045412,12.292129632829564,0.08,-0.2958333333333333
Equatorial Guinea,2022,-0.0063653938670746,20.691751548596432,19.708381177970068,12.292129632829564,1.6833333333333333,1.6033333333333333
Equatorial Guinea,2023,0.1987210427277794,61.75770796360787,41.065956415011435,12.292129632829564,5.024166666666667,3.3408333333333333
Eswatini,1991,,133.39362351071802,-56.56280533919678,23.4538239139724,5.6875,-2.411666666666667
Eswatini,1992,0.1830944331377217,82.59654988370613,-50.79707362701189,23.4538239139724,3.5216666666666665,-2.1658333333333335
Eswatini,1993,0.1923947520087239,70.88918277998157,-11.707367103724563,23.4538239139724,3.0224999999999995,-0.499166666666667
Eswatini,1994,0.1271994311229605,98.54515014520737,27.65596736522581,23.4538239139724,4.201666666666667,1.1791666666666676
Eswatini,1995,0.1032215613854639,136.89215224455222,38.34700209934485,23.4538239139724,5.836666666666666,1.634999999999999
Eswatini,1996,0.0379102415651821,124.26617703753043,-12.625975207021803,23.4538239139724,5.298333333333333,-0.5383333333333331
Eswatini,1997,0.1512954586681445,128.0578785702893,3.7917015327588808,23.4538239139724,5.46,0.16166666666666707
Eswatini,1998,0.1773769791624317,125.5561373527989,-2.5017412174904052,23.4538239139724,5.353333333333333,-0.10666666666666735
Eswatini,1999,0.12108774758142,116.56550485244283,-8.990632500356076,23.4538239139724,4.97,-0.38333333333333286
Eswatini,2000,0.1452130735544017,146.25413695687953,29.688632104436724,23.4538239139724,6.235833333333333,1.2658333333333331
Eswatini,2001,-0.068352552945516,91.1767404655677,-55.077396491311845,23.4538239139724,3.8874999999999997,-2.348333333333333
Eswatini,2002,0.092852901119766,39.08970652328733,-52.08703394228037,23.4538239139724,1.6666666666666667,-2.220833333333333
Eswatini,2003,0.1243491851764204,26.44418646300388,-12.645520060283456,23.4538239139724,1.1275,-0.5391666666666668
Eswatini,2004,0.1349008548419767,31.6431174306011,5.198930967597221,23.4538239139724,1.3491666666666668,0.2216666666666669
Eswatini,2005,0.0677493946538376,75.36495417689798,43.72183674629688,23.4538239139724,3.2133333333333334,1.8641666666666665
Eswatini,2006,0.0927379214256447,116.42869087961131,41.063736702713335,23.4538239139724,4.964166666666666,1.750833333333333
Eswatini,2007,0.2238136953505574,117.7186511948798,1.2899603152684753,23.4538239139724,5.019166666666666,0.054999999999999716
Eswatini,2008,0.1944595214494384,45.2072455941818,-72.51140560069798,23.4538239139724,1.9275,-3.091666666666666
Eswatini,2009,0.1430891748634799,3.752611826235584,-41.45463376794622,23.4538239139724,0.16,-1.7675
Eswatini,2010,0.2374452153312383,4.10441918494517,0.3518073587095863,23.4538239139724,0.17500000000000002,0.015000000000000013
Eswatini,2011,0.0760536788394361,2.3844720979205274,-1.719947087024643,23.4538239139724,0.10166666666666667,-0.07333333333333335
Eswatini,2012,0.0533044157396922,3.2835353479561364,0.8990632500356089,23.4538239139724,0.14,0.038333333333333344
Eswatini,2013,0.0954747155608473,2.521286070752033,-0.7622492772041033,23.4538239139724,0.1075,-0.032500000000000015
Eswatini,2014,0.1478700232215111,2.0912992989958723,-0.4299867717561605,23.4538239139724,0.08916666666666667,-0.018333333333333326
Eswatini,2015,0.0386914963193518,3.107631668601343,1.0163323696054707,23.4538239139724,0.1325,0.043333333333333335
Eswatini,2016,0.1273298939273921,9.2642604460191,6.1566287774177555,23.4538239139724,0.395,0.2625
Eswatini,2017,0.2342311485574022,23.49291362049569,14.22865317447659,23.4538239139724,1.0016666666666667,0.6066666666666667
Eswatini,2018,0.0372987691992428,42.95958746909278,19.466673848597093,23.4538239139724,1.8316666666666668,0.8300000000000001
Eswatini,2019,0.0398239057723301,50.621169947657094,7.661582478564312,23.4538239139724,2.158333333333333,0.32666666666666644
Ethiopia,1991,,167.6939099331263,-71.10713191889634,29.4846435047255,5.6875,-2.411666666666667
Ethiopia,1992,0.1477869889804566,103.83508620914164,-63.85882372398465,29.4846435047255,3.5216666666666665,-2.1658333333333335
Ethiopia,1993,0.1416568783702843,89.11733499303281,-14.717751216108821,29.4846435047255,3.0224999999999995,-0.499166666666667
Ethiopia,1994,0.0841765942261432,123.88464379235499,34.76730879932218,29.4846435047255,4.201666666666667,1.1791666666666676
Ethiopia,1995,0.2084349933497833,172.09203592258115,48.20739213022616,29.4846435047255,5.836666666666666,1.634999999999999
Ethiopia,1996,0.0864529804182225,156.21946950253727,-15.872566420043889,29.4846435047255,5.298333333333333,-0.5383333333333331
Ethiopia,1997,0.0865923320120316,160.98615353580124,4.766684033263968,29.4846435047255,5.46,0.16166666666666707
Ethiopia,1998,0.1808625473822971,157.84112489529716,-3.1450286405040737,29.4846435047255,5.353333333333333,-0.10666666666666735
Ethiopia,1999,-0.0109944605380043,146.53867821848573,-11.302446676811428,29.4846435047255,4.97,-0.38333333333333286
Ethiopia,2000,0.1284403244288263,183.86132278821742,37.32264456973169,29.4846435047255,6.235833333333333,1.2658333333333331
Ethiopia,2001,0.122871179619274,114.62155162462038,-69.23977116359704,29.4846435047255,3.8874999999999997,-2.348333333333333
Ethiopia,2002,0.0923581054424111,49.14107250787583,-65.48047911674455,29.4846435047255,1.6666666666666667,-2.220833333333333
Ethiopia,2003,0.147851980133133,33.243935551578,-15.897136956297837,29.4846435047255,1.1275,-0.5391666666666668
Ethiopia,2004,0.1172310949292736,39.77969819512549,6.535762643547493,29.4846435047255,1.3491666666666668,0.2216666666666669
Ethiopia,2005,0.1761732927706951,94.74398779518461,54.96428960005912,29.4846435047255,3.2133333333333334,1.8641666666666665
Ethiopia,2006,0.1705179712283993,146.36668446470816,51.622696669523556,29.4846435047255,4.964166666666666,1.750833333333333
Ethiopia,2007,0.1822687218732319,147.98833985746805,1.6216553927598942,29.4846435047255,5.019166666666666,0.054999999999999716
Ethiopia,2008,0.2005919635777502,56.831650355358406,-91.15668950210966,29.4846435047255,1.9275,-3.091666666666666
Fiji,1991,,307.3387186511475,-130.32062297090417,54.037576905696255,5.6875,-2.411666666666667
Fiji,1992,0.1358036158194089,190.30233333622698,-117.03638531492048,54.037576905696255,3.5216666666666665,-2.1658333333333335
Fiji,1993,0.1360424737511607,163.3285761974669,-26.973757138760064,54.037576905696255,3.0224999999999995,-0.499166666666667
Fiji,1994,0.0614288649730667,227.04788563210045,63.71930943463355,54.037576905696255,4.201666666666667,1.1791666666666676
Fiji,1995,0.0250918855182007,315.3993238729138,88.35143824081332,54.037576905696255,5.836666666666666,1.634999999999999
Fiji,1996,0.0439325465309963,286.30909497201395,-29.090228900899806,54.037576905696255,5.298333333333333,-0.5383333333333331
Fiji,1997,0.0085786539775973,295.04516990510155,8.736074933087583,54.037576905696255,5.46,0.16166666666666707
Fiji,1998,-0.0913575266968855,289.2811617018273,-5.7640082032743045,54.037576905696255,5.353333333333333,-0.10666666666666735
Fiji,1999,-0.0053749773292075,268.56675722131035,-20.714404480516873,54.037576905696255,4.97,-0.38333333333333286
Fiji,2000,0.1278806268911019,336.9693233211042,68.40256609979383,54.037576905696255,6.235833333333333,1.2658333333333331
Fiji,2001,-0.0155787727087535,210.07108022089417,-126.89824310021002,54.037576905696255,3.8874999999999997,-2.348333333333333
Fiji,2002,0.1089545902588291,90.06262817616043,-120.00845204473376,54.037576905696255,1.6666666666666667,-2.220833333333333
Fiji,2003,0.1911795124469932,60.92736796117253,-29.135260214987905,54.037576905696255,1.1275,-0.5391666666666668
Fiji,2004,0.1508609397918476,72.90569750860188,11.978329547429349,54.037576905696255,1.3491666666666668,0.2216666666666669
Fiji,2005,0.0904097127053127,173.6407471236373,100.73504961503542,54.037576905696255,3.2133333333333334,1.8641666666666665
Fiji,2006,0.1412192199341575,268.2515380226938,94.61079089905651,54.037576905696255,4.964166666666666,1.750833333333333
Fiji,2007,0.2010427217649564,271.2236047525071,2.9720667298132786,54.037576905696255,5.019166666666666,0.054999999999999716
Fiji,2008,0.0796284062756136,104.15742948572954,-167.06617526677755,54.037576905696255,1.9275,-3.091666666666666
Fiji,2009,-0.0668561966234975,8.646012304911402,-95.51141718081813,54.037576905696255,0.16,-1.7675
Fiji,2010,0.0684230213132259,9.456575958496845,0.8105636535854446,54.037576905696255,0.17500000000000002,0.015000000000000013
Fiji,2011,0.0344631871230518,5.493820318745786,-3.9627556397510597,54.037576905696255,0.10166666666666667,-0.07333333333333335
Fiji,2012,0.1047884916693782,7.5652607667974765,2.0714404480516904,54.037576905696255,0.14,0.038333333333333344
Fiji,2013,0.0609944223106388,5.809039517362347,-1.756221249435129,54.037576905696255,0.1075,-0.032500000000000015
Fiji,2014,0.1738352987238585,4.818350607424583,-0.9906889099377643,54.037576905696255,0.08916666666666667,-0.018333333333333326
Fiji,2015,0.0988981513411104,7.159978940004754,2.341628332580171,54.037576905696255,0.1325,0.043333333333333335
Fiji,2016,0.130463554565388,21.344842877750022,14.184863937745268,54.037576905696255,0.395,0.2625
Fiji,2017,0.0520690162950963,54.12763953387242,32.78279665612239,54.037576905696255,1.0016666666666667,0.6066666666666667
Fiji,2018,0.0776726494205348,98.97882836560031,44.851188831727896,54.037576905696255,1.8316666666666668,0.8300000000000001
Fiji,2019,0.024302455255583,116.63110348812775,17.65227512252743,54.037576905696255,2.158333333333333,0.32666666666666644
Fiji,2020,0.0312901828217278,20.309122653724174,-96.32198083440358,54.037576905696255,0.3758333333333333,-1.7825
Fiji,2021,0.009811066856713,4.323006152455701,-15.986116501268473,54.037576905696255,0.08,-0.2958333333333333
Fiji,2022,0.1081471632528092,90.96325445792203,86.64024830546633,54.037576905696255,1.6833333333333333,1.6033333333333333
Fiji,2023,0.0495581750551821,271.4937926370356,180.53053817911356,54.037576905696255,5.024166666666667,3.3408333333333333
Gabon,1991,,90.02005394500618,-38.171140822981386,15.82770179252856,5.6875,-2.411666666666667
Gabon,1992,0.079658573401975,55.73988981268808,-34.280164132318106,15.82770179252856,3.5216666666666665,-2.1658333333333335
Gabon,1993,-0.1718698743990288,47.83922866791757,-7.900661144770511,15.82770179252856,3.0224999999999995,-0.499166666666667
Gabon,1994,-0.0173282416205964,66.5027270316075,18.66349836368994,15.82770179252856,4.201666666666667,1.1791666666666676
Gabon,1995,0.3174779294638057,92.38101946239168,25.878292430784178,15.82770179252856,5.836666666666666,1.634999999999999
Gabon,1996,0.0963657288999968,83.8604399974138,-8.520579464977871,15.82770179252856,5.298333333333333,-0.5383333333333331
Gabon,1997,0.1588920404673039,86.41925178720594,2.5588117897921236,15.82770179252856,5.46,0.16166666666666707
Gabon,1998,0.1068395402843229,84.73096359600288,-1.6882881912030572,15.82770179252856,5.353333333333333,-0.10666666666666735
Gabon,1999,-0.0186186340530731,78.66367790886693,-6.06728568713594,15.82770179252856,4.97,-0.38333333333333286
Gabon,2000,-0.0304086252534965,98.69891042790934,20.0352325190424,15.82770179252856,6.235833333333333,1.2658333333333331
Gabon,2001,0.1678676385109483,61.53019071845477,-37.168719709454564,15.82770179252856,3.8874999999999997,-2.348333333333333
Gabon,2002,0.0408854849294115,26.3795029875476,-35.15068773090717,15.82770179252856,1.6666666666666667,-2.220833333333333
Gabon,2003,0.0460163673192504,17.84573377107595,-8.53376921647165,15.82770179252856,1.1275,-0.5391666666666668
Gabon,2004,-0.0178979815371569,21.354207668419786,3.5084738973438343,15.82770179252856,1.3491666666666668,0.2216666666666669
Gabon,2005,0.0927036272139396,50.85968175999177,29.505474091571987,15.82770179252856,3.2133333333333334,1.8641666666666665
Gabon,2006,0.2827121557898628,78.57134964841052,27.71166788841875,15.82770179252856,4.964166666666666,1.750833333333333
Gabon,2007,0.1338602619098488,79.44187324699959,0.8705235985890662,15.82770179252856,5.019166666666666,0.054999999999999716
Gabon,2008,0.0723405488858794,30.507895205098798,-48.93397804190079,15.82770179252856,1.9275,-3.091666666666666
Gabon,2009,0.1028278887322073,2.5324322868045694,-27.97546291829423,15.82770179252856,0.16,-1.7675
Gabon,2010,0.0333686310455583,2.769847813692498,0.2374155268879286,15.82770179252856,0.17500000000000002,0.015000000000000013
Gabon,2011,0.1883196117772456,1.6091496822404037,-1.1606981314520946,15.82770179252856,0.10166666666666667,-0.07333333333333335
Gabon,2012,0.239528743516626,2.2158782509539985,0.6067285687135949,15.82770179252856,0.14,0.038333333333333344
Gabon,2013,0.0950755346362548,1.70147794269682,-0.5144003082571784,15.82770179252856,0.1075,-0.032500000000000015
Gabon,2014,0.1034298328756193,1.4113034098337967,-0.29017453286302347,15.82770179252856,0.08916666666666667,-0.018333333333333326
Gabon,2015,-0.0267090001664804,2.0971704875100343,0.6858670776762376,15.82770179252856,0.1325,0.043333333333333335
Gabon,2016,0.0035564610893565,6.251942208048781,4.154771720538747,15.82770179252856,0.395,0.2625
Gabon,2017,-0.0408569880182199,15.854081295516108,9.602139087467327,15.82770179252856,1.0016666666666667,0.6066666666666667
Gabon,2018,-0.1912823275202662,28.991073783314814,13.136992487798706,15.82770179252856,1.8316666666666668,0.8300000000000001
Gabon,2019,0.2869291870945964,34.16145636887414,5.1703825855593255,15.82770179252856,2.158333333333333,0.32666666666666644
"Gambia, The",1991,,65.83160075807417,-27.9145278525812,11.57478694647458,5.6875,-2.411666666666667
"Gambia, The",1992,0.228750851226053,40.762541363167976,-25.069059394906198,11.57478694647458,3.5216666666666665,-2.1658333333333335
"Gambia, The",1993,0.1293453148542092,34.98479354571941,-5.777747817448565,11.57478694647458,3.0224999999999995,-0.499166666666667
"Gambia, The",1994,0.120115945153806,48.6333964867707,13.648602941051287,11.57478694647458,4.201666666666667,1.1791666666666676
"Gambia, The",1995,-0.0386073645654683,67.55817314425663,18.924776657485925,11.57478694647458,5.836666666666666,1.634999999999999
"Gambia, The",1996,0.1329507142135,61.32707950473781,-6.231093639518813,11.57478694647458,5.298333333333333,-0.5383333333333331
"Gambia, The",1997,0.0561784918333074,63.198336727751204,1.871257223013395,11.57478694647458,5.46,0.16166666666666707
"Gambia, The",1998,0.2067522863124864,61.963692786793914,-1.2346439409572965,11.57478694647458,5.353333333333333,-0.10666666666666735
"Gambia, The",1999,0.0972203883978934,57.52669112397866,-4.43700166281525,11.57478694647458,4.97,-0.38333333333333286
"Gambia, The",2000,0.114233944280766,72.17844226705773,14.651751143079071,11.57478694647458,6.235833333333333,1.2658333333333331
"Gambia, The",2001,0.2988165480199996,44.99698425441993,-27.181458012637805,11.57478694647458,3.8874999999999997,-2.348333333333333
"Gambia, The",2002,0.177471279804255,19.291311577457634,-25.705672676962294,11.57478694647458,1.6666666666666667,-2.220833333333333
"Gambia, The",2003,0.3021845929691586,13.050572282150089,-6.240739295307546,11.57478694647458,1.1275,-0.5391666666666668
"Gambia, The",2004,0.3558841735155731,15.616316721951957,2.565744439801868,11.57478694647458,1.3491666666666668,0.2216666666666669
"Gambia, The",2005,0.2025379287950812,37.19364872133832,21.577331999386363,11.57478694647458,3.2133333333333334,1.8641666666666665
"Gambia, The",2006,0.0774218616226001,57.45917153345756,20.26552281211924,11.57478694647458,4.964166666666666,1.750833333333333
"Gambia, The",2007,0.2362221629130907,58.09578481551365,0.6366132820560986,11.57478694647458,5.019166666666666,0.054999999999999716
"Gambia, The",2008,0.0655850271611662,22.310401839329753,-35.785382976183904,11.57478694647458,1.9275,-3.091666666666666
"Gambia, The",2009,0.1668342296694582,1.8519659114359328,-20.45843592789382,11.57478694647458,0.16,-1.7675
"Gambia, The",2010,0.1382492738435381,2.0255877156330517,0.17362180419711887,11.57478694647458,0.17500000000000002,0.015000000000000013
"Gambia, The",2011,0.1641633748934587,1.1767700062249156,-0.8488177094081361,11.57478694647458,0.10166666666666667,-0.07333333333333335
"Gambia, The",2012,0.1061460589504861,1.6204701725064414,0.4437001662815257,11.57478694647458,0.14,0.038333333333333344
"Gambia, The",2013,0.0701534442724529,1.2442895967460172,-0.376180575760424,11.57478694647458,0.1075,-0.032500000000000015
"Gambia, The",2014,0.1363788880278846,1.0320851693939834,-0.21220442735203388,11.57478694647458,0.08916666666666667,-0.018333333333333326
"Gambia, The",2018,0.0862168755251815,21.20115142362594,9.607073165573903,11.57478694647458,1.8316666666666668,0.8300000000000001
"Gambia, The",2019,0.1676218755233165,24.982248492807635,3.7810970691816936,11.57478694647458,2.158333333333333,0.32666666666666644
"Gambia, The",2020,0.2391028656583245,4.350190760716696,-20.63205773209094,11.57478694647458,0.3758333333333333,-1.7825
"Gambia, The",2021,0.2030062674645556,0.9259829557179664,-3.4242078049987295,11.57478694647458,0.08,-0.2958333333333333
"Gambia, The",2022,0.1967173050356443,19.48422469323221,18.558241737514244,11.57478694647458,1.6833333333333333,1.6033333333333333
"Gambia, The",2023,0.0745250962097081,58.15365875024604,38.669434057013824,11.57478694647458,5.024166666666667,3.3408333333333333
"Gambia, The",2024,0.0886228787903,59.53298752803426,1.3793287777882206,11.57478694647458,5.1433333333333335,0.11916666666666664
Georgia,1996,,41.00244955777755,-4.166024286619108,7.73874480486522,5.298333333333333,-0.5383333333333331
Georgia,1997,0.3381270005683099,42.2535466345641,1.251097076786547,7.73874480486522,5.46,0.16166666666666707
Georgia,1998,0.356114866892316,41.42808052204514,-0.8254661125189622,7.73874480486522,5.353333333333333,-0.10666666666666735
Georgia,1999,-0.0078968752112658,38.46156168018015,-2.9665188418649975,7.73874480486522,4.97,-0.38333333333333286
Georgia,2000,0.1871014106013717,48.2575228123387,9.795961132158556,7.73874480486522,6.235833333333333,1.2658333333333331
Georgia,2001,0.330546774016625,30.08437042891354,-18.17315238342516,7.73874480486522,3.8874999999999997,-2.348333333333333
Georgia,2002,0.1775651638383806,12.8979080081087,-17.186462420804844,7.73874480486522,1.6666666666666667,-2.220833333333333
Georgia,2003,0.1723871717567071,8.725434767485536,-4.172473240623166,7.73874480486522,1.1275,-0.5391666666666668
Georgia,2004,0.2075149597452821,10.440856532563995,1.715421765078459,7.73874480486522,1.3491666666666668,0.2216666666666669
Georgia,2005,0.3366867846001682,24.867166639633574,14.42631010706958,7.73874480486522,3.2133333333333334,1.8641666666666665
Georgia,2006,0.245697645845766,38.41641900215176,13.549252362518187,7.73874480486522,4.964166666666666,1.750833333333333
Georgia,2007,0.3558288649051349,38.842049966419346,0.4256309642675849,7.73874480486522,5.019166666666666,0.054999999999999716
Georgia,2008,0.3811674834457434,14.916430611377713,-23.925619355041633,7.73874480486522,1.9275,-3.091666666666666
Georgia,2009,0.0758156845359501,1.2381991687784353,-13.678231442599277,7.73874480486522,0.16,-1.7675
Georgia,2010,0.0744812451979264,1.3542803408514137,0.11608117207297841,7.73874480486522,0.17500000000000002,0.015000000000000013
Georgia,2011,0.2633842734039184,0.7867723884946307,-0.567507952356783,7.73874480486522,0.10166666666666667,-0.07333333333333335
Georgia,2012,0.1353922656363799,1.083424272681131,0.2966518841865002,7.73874480486522,0.14,0.038333333333333344
Georgia,2013,0.1075542601082091,0.8319150665230112,-0.2515092061581198,7.73874480486522,0.1075,-0.032500000000000015
Georgia,2014,0.2187760788739972,0.6900380784338155,-0.14187698808919566,7.73874480486522,0.08916666666666667,-0.018333333333333326
Georgia,2015,0.1288938440049172,1.0253836866446417,0.3353456082108262,7.73874480486522,0.1325,0.043333333333333335
Georgia,2016,0.159160736172037,3.056804197921762,2.0314205112771204,7.73874480486522,0.395,0.2625
Georgia,2017,0.1913101478793351,7.75164271287333,4.6948385149515675,7.73874480486522,1.0016666666666667,0.6066666666666667
Georgia,2018,0.1361858670365059,14.174800900911462,6.423158188038133,7.73874480486522,1.8316666666666668,0.8300000000000001
Georgia,2019,0.1303350535046128,16.702790870500767,2.5279899695893033,7.73874480486522,2.158333333333333,0.32666666666666644
Georgia,2020,0.1507733991996644,2.908478255828512,-13.794312614672256,7.73874480486522,0.3758333333333333,-1.7825
Georgia,2021,0.2309999396590463,0.6190995843892176,-2.289378671439294,7.73874480486522,0.08,-0.2958333333333333
Georgia,2022,0.1080567658194766,13.026887088189788,12.40778750380057,7.73874480486522,1.6833333333333333,1.6033333333333333
Georgia,2023,0.1046949705998336,38.88074369044368,25.85385660225389,7.73874480486522,5.024166666666667,3.3408333333333333
Georgia,2024,0.1432292180996484,39.80294411302345,0.9222004225797719,7.73874480486522,5.1433333333333335,0.11916666666666664
Ghana,1991,,113.8412626633315,-48.272031376949656,20.01604618256378,5.6875,-2.411666666666667
Ghana,1992,0.3298634724099578,70.48984263959544,-43.351420023736054,20.01604618256378,3.5216666666666665,-2.1658333333333335
Ghana,1993,0.4205758889553017,60.498499586799014,-9.991343052796427,20.01604618256378,3.0224999999999995,-0.499166666666667
Ghana,1994,0.288936120984733,84.10075404373883,23.60225445693981,20.01604618256378,4.201666666666667,1.1791666666666676
Ghana,1995,0.4224501622718115,116.82698955223059,32.72623550849176,20.01604618256378,5.836666666666666,1.634999999999999
Ghana,1996,0.3588757819089601,106.0516846906171,-10.775304861613497,20.01604618256378,5.298333333333333,-0.5383333333333331
Ghana,1997,0.3307297435279075,109.28761215679825,3.2359274661811526,20.01604618256378,5.46,0.16166666666666707
Ghana,1998,0.3652482212384313,107.1525672306581,-2.1350449261401505,20.01604618256378,5.353333333333333,-0.10666666666666735
Ghana,1999,0.1611771841439981,99.47974952734198,-7.672817703316106,20.01604618256378,4.97,-0.38333333333333286
Ghana,2000,0.2264751193656771,124.81672798677063,25.336978459428646,20.01604618256378,6.235833333333333,1.2658333333333331
Ghana,2001,0.4333665908731277,77.8123795347167,-47.00434845205394,20.01604618256378,3.8874999999999997,-2.348333333333333
Ghana,2002,0.4481044461789736,33.36007697093964,-44.45230256377706,20.01604618256378,1.6666666666666667,-2.220833333333333
Ghana,2003,0.3308433486700366,22.56809207084066,-10.791984900098974,20.01604618256378,1.1275,-0.5391666666666668
Ghana,2004,0.2089702620037847,27.004982307975638,4.436890237134976,20.01604618256378,1.3491666666666668,0.2216666666666669
Ghana,2005,0.2411812956275447,64.31822839997162,37.31324609199598,20.01604618256378,3.2133333333333334,1.8641666666666665
Ghana,2006,0.1778742524827379,99.3629892579437,35.04476085797208,20.01604618256378,4.964166666666666,1.750833333333333
Ghana,2007,0.3317505005603394,100.4638717979847,1.1008825400410023,20.01604618256378,5.019166666666666,0.054999999999999716
Ghana,2008,0.3136019728144283,38.58092901689169,-61.88294278109301,20.01604618256378,1.9275,-3.091666666666666
Ghana,2009,0.3305847385627558,3.202567389210205,-35.378361627681485,20.01604618256378,0.16,-1.7675
Ghana,2010,0.2210538900007428,3.502808081948662,0.300240692738457,20.01604618256378,0.17500000000000002,0.015000000000000013
Ghana,2011,0.277008296267283,2.034964695227318,-1.467843386721344,20.01604618256378,0.10166666666666667,-0.07333333333333335
Ghana,2012,0.2926319299630364,2.8022464655589294,0.7672817703316118,20.01604618256378,0.14,0.038333333333333344
Ghana,2013,0.2242567991344977,2.1517249646256063,-0.6505215009333232,20.01604618256378,0.1075,-0.032500000000000015
Ghana,2014,0.1781508228670354,1.7847641179452705,-0.36696084668033585,20.01604618256378,0.08916666666666667,-0.018333333333333326
Ghana,2015,0.3169445324736664,2.652126119189701,0.8673620012444305,20.01604618256378,0.1325,0.043333333333333335
Ghana,2016,0.2277251756849914,7.906338242112693,5.254212122922993,20.01604618256378,0.395,0.2625
Ghana,2017,0.2029327899986732,20.04940625953472,12.143068017422028,20.01604618256378,1.0016666666666667,0.6066666666666667
Ghana,2018,0.1489856303977355,36.66272459106266,16.61331833152794,20.01604618256378,1.8316666666666668,0.8300000000000001
Ghana,2019,0.1463567534780097,43.201299677366826,6.538575086304164,20.01604618256378,2.158333333333333,0.32666666666666644
Ghana,2020,0.1935465661047644,7.522697356946887,-35.67860232041994,20.01604618256378,0.3758333333333333,-1.7825
Ghana,2021,0.2496776019681981,1.6012836946051026,-5.921413662341784,20.01604618256378,0.08,-0.2958333333333333
Ghana,2022,0.1931250979698724,33.69367774064903,32.09239404604393,20.01604618256378,1.6833333333333333,1.6033333333333333
Ghana,2023,0.2778370169038915,100.56395202889753,66.8702742882485,20.01604618256378,5.024166666666667,3.3408333333333333
Ghana,2024,0.3178041305256407,102.94919753231972,2.3852455034221833,20.01604618256378,5.1433333333333335,0.11916666666666664
Grenada,1991,,327.0458056151037,-138.6770053406755,57.502559229029224,5.6875,-2.411666666666667
Grenada,1992,0.0523820597418485,202.5048460848979,-124.5409595302058,57.502559229029224,3.5216666666666665,-2.1658333333333335
Grenada,1993,0.0641708180333076,173.8014852697408,-28.703360815157104,57.502559229029224,3.0224999999999995,-0.499166666666667
Grenada,1994,0.2089656081416038,241.6065863606378,67.80510109089701,57.502559229029224,4.201666666666667,1.1791666666666676
Grenada,1995,0.1173657127886613,335.62327070010053,94.01668433946271,57.502559229029224,5.836666666666666,1.634999999999999
Grenada,1996,0.0998059892352465,304.6677263151398,-30.95554438496072,57.502559229029224,5.298333333333333,-0.5383333333333331
Grenada,1997,0.0947881460820347,313.9639733904996,9.296247075359748,57.502559229029224,5.46,0.16166666666666707
Grenada,1998,0.0958146230996632,307.8303670727364,-6.133606317763157,57.502559229029224,5.353333333333333,-0.10666666666666735
Grenada,1999,0.1158030774265803,285.78771936827525,-22.042647704461174,57.502559229029224,4.97,-0.38333333333333286
Grenada,2000,0.1294863325470068,358.57637559235474,72.78865622407947,57.502559229029224,6.235833333333333,1.2658333333333331
Grenada,2001,0.1293136623815307,223.5411990028511,-135.0351765895036,57.502559229029224,3.8874999999999997,-2.348333333333333
Grenada,2002,0.1046267713541659,95.83759871504871,-127.70360028780239,57.502559229029224,1.6666666666666667,-2.220833333333333
Grenada,2003,0.10018991858324,64.83413553073045,-31.003463184318264,57.502559229029224,1.1275,-0.5391666666666668
Grenada,2004,0.0591715299244697,77.58053615983194,12.746400629101492,57.502559229029224,1.3491666666666668,0.2216666666666669
Grenada,2005,0.1841737814245689,184.7748903226139,107.19435416278198,57.502559229029224,3.2133333333333334,1.8641666666666665
Grenada,2006,-0.0645148171676268,285.45228777277254,100.67739745015865,57.502559229029224,4.964166666666666,1.750833333333333
Grenada,2007,0.0226336767655901,288.6149285303691,3.162640757596591,57.502559229029224,5.019166666666666,0.054999999999999716
Grenada,2008,0.1148811594330787,110.83618291395383,-177.7787456164153,57.502559229029224,1.9275,-3.091666666666666
Grenada,2009,0.0496792997655575,9.200409476644676,-101.63577343730915,57.502559229029224,0.16,-1.7675
Grenada,2010,0.032829867378453,10.062947865080115,0.8625383884354392,57.502559229029224,0.17500000000000002,0.015000000000000013
Grenada,2011,0.0310598160881419,5.846093521617971,-4.216854343462144,57.502559229029224,0.10166666666666667,-0.07333333333333335
Grenada,2012,0.0036130651308319,8.050358292064091,2.204264770446121,57.502559229029224,0.14,0.038333333333333344
Grenada,2013,-0.0512190504830734,6.181525117120642,-1.8688331749434506,57.502559229029224,0.1075,-0.032500000000000015
Grenada,2014,0.0369750576105971,5.127311531255106,-1.0542135858655355,57.502559229029224,0.08916666666666667,-0.018333333333333326
Grenada,2015,0.0598324551673847,7.619089097846373,2.4917775665912663,57.502559229029224,0.1325,0.043333333333333335
Grenada,2016,0.0706716739623054,22.713510895466545,15.094421797620171,57.502559229029224,0.395,0.2625
Grenada,2017,0.0438444787816436,57.598396827744274,34.88488593227773,57.502559229029224,1.0016666666666667,0.6066666666666667
Grenada,2018,0.0304447348879683,105.32552098783853,47.72712416009426,57.502559229029224,1.8316666666666668,0.8300000000000001
Grenada,2019,0.0884340476457481,124.10969033598806,18.784169348149533,57.502559229029224,2.158333333333333,0.32666666666666644
Grenada,2020,-0.020504797228348,21.61137851024348,-102.4983118257446,57.502559229029224,0.3758333333333333,-1.7825
Grenada,2021,-0.0121400416888235,4.600204738322338,-17.011173771921143,57.502559229029224,0.08,-0.2958333333333333
Grenada,2022,0.0815401249883969,96.79597470219919,92.19576996387686,57.502559229029224,1.6833333333333333,1.6033333333333333
Grenada,2023,0.094276011642993,288.90244132651435,192.10646662431512,57.502559229029224,5.024166666666667,3.3408333333333333
Grenada,2024,0.0135209743518132,295.7548296346403,6.852388308125981,57.502559229029224,5.1433333333333335,0.11916666666666664
Guatemala,1991,,122.35450660151956,-51.88189627909124,21.512880281585858,5.6875,-2.411666666666667
Guatemala,1992,0.3956331810711226,75.76119339165153,-46.59331320986804,21.512880281585858,3.5216666666666665,-2.1658333333333335
Guatemala,1993,0.1874716378296135,65.02268065109324,-10.738512740558281,21.512880281585858,3.0224999999999995,-0.499166666666667
Guatemala,1994,0.0609195403276352,90.38995198312992,25.367271332036676,21.512880281585858,4.201666666666667,1.1791666666666676
Guatemala,1995,0.0375418241249789,125.56351124352278,35.17355926039286,21.512880281585858,5.836666666666666,1.634999999999999
Guatemala,1996,0.1445936364566975,113.98241069193573,-11.581100551587049,21.512880281585858,5.298333333333333,-0.5383333333333331
Guatemala,1997,0.0556777489927,117.46032633745878,3.4779156455230558,21.512880281585858,5.46,0.16166666666666707
Guatemala,1998,0.2260354147243504,115.16561910742294,-2.2947072300358395,21.512880281585858,5.353333333333333,-0.10666666666666735
Guatemala,1999,0.177948394040186,106.9190149994817,-8.246604107941236,21.512880281585858,4.97,-0.38333333333333286
Guatemala,2000,0.0834903374172313,134.15073595592247,27.23172095644076,21.512880281585858,6.235833333333333,1.2658333333333331
Guatemala,2001,0.1942998168792193,83.63132209466502,-50.519413861257455,21.512880281585858,3.8874999999999997,-2.348333333333333
Guatemala,2002,0.3139737045417448,35.854800469309765,-47.77652162535526,21.512880281585858,1.6666666666666667,-2.220833333333333
Guatemala,2003,0.0796439043962493,24.255772517488055,-11.59902795182171,21.512880281585858,1.1275,-0.5391666666666668
Guatemala,2004,0.3725799498294577,29.02446097990626,4.768688462418203,21.512880281585858,1.3491666666666668,0.2216666666666669
Guatemala,2005,0.1026523418590912,69.12805530482922,40.103594324922966,21.512880281585858,3.2133333333333334,1.8641666666666665
Guatemala,2006,0.1285625424739613,106.79352319783912,37.6654678930099,21.512880281585858,4.964166666666666,1.750833333333333
Guatemala,2007,0.1221638298127736,107.97673161332634,1.183208415487216,21.512880281585858,5.019166666666666,0.054999999999999716
Guatemala,2008,0.0979045239709428,41.46607674275674,-66.5106548705696,21.512880281585858,1.9275,-3.091666666666666
Guatemala,2009,0.0817393059155335,3.4420608450537373,-38.024015897703,21.512880281585858,0.16,-1.7675
Guatemala,2010,0.1074693142628078,3.7647540492775255,0.32269320422378817,21.512880281585858,0.17500000000000002,0.015000000000000013
Guatemala,2011,0.0867678750034386,2.1871428286278958,-1.5776112206496298,21.512880281585858,0.10166666666666667,-0.07333333333333335
Guatemala,2012,0.0698523438063389,3.0118032394220204,0.8246604107941248,21.512880281585858,0.14,0.038333333333333344
Guatemala,2013,0.089481250616469,2.31263463027048,-0.6991686091515407,21.512880281585858,0.1075,-0.032500000000000015
Guatemala,2014,0.0911796197931202,1.9182318251080723,-0.3944028051624072,21.512880281585858,0.08916666666666667,-0.018333333333333326
Guatemala,2015,0.0758003182336999,2.8504566373101263,0.9322248122020539,21.512880281585858,0.1325,0.043333333333333335
Guatemala,2016,0.0870033498376976,8.497587711226414,5.647131073916288,21.512880281585858,0.395,0.2625
Guatemala,2017,0.0615614789704288,21.548735082055167,13.051147370828755,21.512880281585858,1.0016666666666667,0.6066666666666667
Guatemala,2018,0.0704891498664643,39.40442571577143,17.855690633716264,21.512880281585858,1.8316666666666668,0.8300000000000001
Guatemala,2019,0.0921291519204672,46.43196660775614,7.027540891984708,21.512880281585858,2.158333333333333,0.32666666666666644
Guatemala,2020,0.0838824617482245,8.08525750582935,-38.34670910192679,21.512880281585858,0.3758333333333333,-1.7825
Guatemala,2021,0.1660723196684301,1.7210304225268687,-6.364227083302482,21.512880281585858,0.08,-0.2958333333333333
Guatemala,2022,0.0771861695920179,36.21334847400286,34.49231805147599,21.512880281585858,1.6833333333333333,1.6033333333333333
Guatemala,2023,0.067736914878143,108.08429601473429,71.87094754073142,21.512880281585858,5.024166666666667,3.3408333333333333
Guatemala,2024,0.0588290776122484,110.64791424828994,2.5636182335556477,21.512880281585858,5.1433333333333335,0.11916666666666664
Guinea,2005,,20.45535908534703,11.866866772282497,6.365775648966919,3.2133333333333334,1.8641666666666665
Guinea,2006,0.287825211504785,31.600771284079944,11.145412198732911,6.365775648966919,4.964166666666666,1.750833333333333
Guinea,2007,0.6646377513156132,31.950888944773123,0.35011766069317873,6.365775648966919,5.019166666666666,0.054999999999999716
Guinea,2008,-0.1311230272791732,12.270032563383735,-19.680856381389386,6.365775648966919,1.9275,-3.091666666666666
Guinea,2009,0.3251290804591775,1.018524103834707,-11.25150845954903,6.365775648966919,0.16,-1.7675
Guinea,2010,0.1709056132759059,1.1140107385692108,0.09548663473450386,6.365775648966919,0.17500000000000002,0.015000000000000013
Guinea,2011,0.6165847169592809,0.6471871909783035,-0.46682354759090744,6.365775648966919,0.10166666666666667,-0.07333333333333335
Guinea,2012,0.1675224121177372,0.8912085908553687,0.24402139987706528,6.365775648966919,0.14,0.038333333333333344
Guinea,2013,-0.0975589652046267,0.6843208822639437,-0.20688770859142494,6.365775648966919,0.1075,-0.032500000000000015
Guinea,2014,0.1258969974988204,0.567614995366217,-0.1167058868977268,6.365775648966919,0.08916666666666667,-0.018333333333333326
Guinea,2015,0.1323831011814,0.8434652734881167,0.27585027812189983,6.365775648966919,0.1325,0.043333333333333335
Guinea,2016,0.127555990280328,2.514481381341933,1.6710161078538162,6.365775648966919,0.395,0.2625
Guinea,2017,0.1211751525949438,6.376385275048531,3.8619038937065975,6.365775648966919,1.0016666666666667,0.6066666666666667
Guinea,2018,0.1561412467897831,11.659979063691074,5.283593788642543,6.365775648966919,1.8316666666666668,0.8300000000000001
Guinea,2019,0.0944381922923192,13.739465775686933,2.0794867119958584,6.365775648966919,2.158333333333333,0.32666666666666644
Guinea,2020,0.2096759380268302,2.3924706814034,-11.346995094283532,6.365775648966919,0.3758333333333333,-1.7825
Guinea,2021,0.2053406894651388,0.5092620519173535,-1.8832086294860464,6.365775648966919,0.08,-0.2958333333333333
Guinea,2022,0.0833657813465436,10.715722342427647,10.206460290510293,6.365775648966919,1.6833333333333333,1.6033333333333333
Guinea,2023,0.1466125032742731,31.98271782301796,21.266995480590314,6.365775648966919,5.024166666666667,3.3408333333333333
Guinea,2024,0.0499420864176975,32.74130608785319,0.7585882648352243,6.365775648966919,5.1433333333333335,0.11916666666666664
Guinea-Bissau,1991,,33.93148466382816,-14.387943826684062,5.965975325508248,5.6875,-2.411666666666667
Guinea-Bissau,1992,-1.118958930705606,21.01017643799821,-12.921308225829948,5.965975325508248,3.5216666666666665,-2.1658333333333335
Guinea-Bissau,1993,0.7461649939467883,18.032160421348678,-2.9780160166495357,5.965975325508248,3.0224999999999995,-0.499166666666667
Guinea-Bissau,1994,0.3397766825813235,25.067039659343827,7.034879237995148,5.965975325508248,4.201666666666667,1.1791666666666676
Guinea-Bissau,1995,0.3954126871859458,34.821409316549804,9.754369657205979,5.965975325508248,5.836666666666666,1.634999999999999
Guinea-Bissau,1996,0.3576336168754643,31.60972593298453,-3.2116833835652723,5.965975325508248,5.298333333333333,-0.5383333333333331
Guinea-Bissau,1997,0.3940799882634529,32.57422527727503,0.9644993442905025,5.965975325508248,5.46,0.16166666666666707
Guinea-Bissau,1998,0.7855740051894564,31.937854575887485,-0.6363707013875506,5.965975325508248,5.353333333333333,-0.10666666666666735
Guinea-Bissau,1999,-0.1181737711248374,29.650897367775993,-2.286957208111492,5.965975325508248,4.97,-0.38333333333333286
Guinea-Bissau,2000,0.1950652612343937,37.202827800648514,7.551930432872523,5.965975325508248,6.235833333333333,1.2658333333333331
Guinea-Bissau,2001,0.4745879001737165,23.192729077913313,-14.010098722735203,5.965975325508248,3.8874999999999997,-2.348333333333333
Guinea-Bissau,2002,-0.1437699607088163,9.943292209180415,-13.2494368687329,5.965975325508248,1.6666666666666667,-2.220833333333333
Guinea-Bissau,2003,0.2289533961633694,6.72663717951055,-3.2166550296698646,5.965975325508248,1.1275,-0.5391666666666668
Guinea-Bissau,2004,-0.8572491767667039,8.049095043331546,1.3224578638209965,5.965975325508248,1.3491666666666668,0.2216666666666669
Guinea-Bissau,2005,0.3502810475022606,19.17066737929984,11.121572335968292,5.965975325508248,3.2133333333333334,1.8641666666666665
Guinea-Bissau,2006,0.1701670154585066,29.616095845043862,10.445428465744023,5.965975325508248,4.964166666666666,1.750833333333333
Guinea-Bissau,2007,0.042260090256633,29.944224487946812,0.32812864290295196,5.965975325508248,5.019166666666666,0.054999999999999716
Guinea-Bissau,2008,0.2358988284604528,11.49941743991715,-18.444807048029663,5.965975325508248,1.9275,-3.091666666666666
Guinea-Bissau,2009,0.2602784990524469,0.9545560520813198,-10.544861387835828,5.965975325508248,0.16,-1.7675
Guinea-Bissau,2010,0.0698229316536149,1.0440456819639434,0.08948962988262381,5.965975325508248,0.17500000000000002,0.015000000000000013
Guinea-Bissau,2011,0.1785300677414305,0.6065408247600053,-0.4375048572039383,5.965975325508248,0.10166666666666667,-0.07333333333333335
Guinea-Bissau,2012,0.3751578863213609,0.8352365455711548,0.22869572081114958,5.965975325508248,0.14,0.038333333333333344
Guinea-Bissau,2013,-0.0554027508298631,0.6413423474921367,-0.19389419807901814,5.965975325508248,0.1075,-0.032500000000000015
Guinea-Bissau,2014,0.048742129380475,0.5319661331911522,-0.10937621430098451,5.965975325508248,0.08916666666666667,-0.018333333333333326
Guinea-Bissau,2015,0.3972926041707332,0.7904917306298429,0.25852559743869075,5.965975325508248,0.1325,0.043333333333333335
Guinea-Bissau,2016,0.2405323574824507,2.356560253575758,1.5660685229459153,5.965975325508248,0.395,0.2625
Guinea-Bissau,2017,0.0892802245136401,5.975918617717428,3.6193583641416707,5.965975325508248,1.0016666666666667,0.6066666666666667
Guinea-Bissau,2018,0.0277715317497282,10.927678137889275,4.951759520171846,5.965975325508248,1.8316666666666668,0.8300000000000001
Guinea-Bissau,2019,0.0587926609100968,12.876563410888634,1.9488852729993598,5.965975325508248,2.158333333333333,0.32666666666666644
Guinea-Bissau,2020,0.0025285525817686,2.242212393170183,-10.634351017718453,5.965975325508248,0.3758333333333333,-1.7825
Guinea-Bissau,2021,0.0870289018709975,0.4772780260406599,-1.764934367129523,5.965975325508248,0.08,-0.2958333333333333
Guinea-Bissau,2022,0.1897400057451861,10.042725131272217,9.565447105231558,5.965975325508248,1.6833333333333333,1.6033333333333333
Guinea-Bissau,2023,0.0344612770556587,29.974054364574357,19.93132923330214,5.965975325508248,5.024166666666667,3.3408333333333333
Guinea-Bissau,2024,-0.0110176278269058,30.684999757530758,0.7109453929563995,5.965975325508248,5.1433333333333335,0.11916666666666664
Guyana,1995,,368.78165179403584,103.30519714732979,63.18360681793875,5.836666666666666,1.634999999999999
Guyana,1996,0.2157060006985993,334.76781012371214,-34.01384167032368,63.18360681793875,5.298333333333333,-0.5383333333333331
Guyana,1997,0.1913478398635604,344.9824932259456,10.214683102233456,63.18360681793875,5.46,0.16166666666666707
Guyana,1998,0.1030094070819878,338.24290849869874,-6.739584727246844,63.18360681793875,5.353333333333333,-0.10666666666666735
Guyana,1999,0.0750329248037715,314.0225258851556,-24.22038261354316,63.18360681793875,4.97,-0.38333333333333286
Guyana,2000,0.0973025940304346,394.0024415155297,79.97991563037412,63.18360681793875,6.235833333333333,1.2658333333333331
Guyana,2001,0.0948749536579676,245.62627150473688,-148.37617001079283,63.18360681793875,3.8874999999999997,-2.348333333333333
Guyana,2002,0.1557586917457349,105.30601136323126,-140.32026014150563,63.18360681793875,1.6666666666666667,-2.220833333333333
Guyana,2003,0.0781051250878306,71.23951668722594,-34.06649467600532,63.18360681793875,1.1275,-0.5391666666666668
Guyana,2004,0.0905364732807569,85.24521619853572,14.005699511309771,63.18360681793875,1.3491666666666668,0.2216666666666669
Guyana,2005,0.0923138920105621,203.02998990830986,117.78477370977414,63.18360681793875,3.2133333333333334,1.8641666666666665
Guyana,2006,0.0583682755195305,313.65395484538425,110.62396493707442,63.18360681793875,4.964166666666666,1.750833333333333
Guyana,2007,0.1569093964977668,317.1290532203709,3.4750983749866133,63.18360681793875,5.019166666666666,0.054999999999999716
Guyana,2008,0.122591935126902,121.78640214157694,-195.34265107879392,63.18360681793875,1.9275,-3.091666666666666
Guyana,2009,0.1154519954747073,10.1093770908702,-111.67702505070675,63.18360681793875,0.16,-1.7675
Guyana,2010,0.0994478889822261,11.057131193139282,0.9477541022690821,63.18360681793875,0.17500000000000002,0.015000000000000013
Guyana,2011,0.1467830587092358,6.423666693157107,-4.633464499982176,63.18360681793875,0.10166666666666667,-0.07333333333333335
Guyana,2012,0.1250765380343175,8.845704954511426,2.4220382613543197,63.18360681793875,0.14,0.038333333333333344
Guyana,2013,0.1212780010850487,6.792237732928416,-2.0534672215830105,63.18360681793875,0.1075,-0.032500000000000015
Guyana,2014,0.0551043119820064,5.633871607932872,-1.1583661249955433,63.18360681793875,0.08916666666666667,-0.018333333333333326
Guyana,2015,0.0354257074548343,8.371827903376886,2.737956295444013,63.18360681793875,0.1325,0.043333333333333335
Guyana,2016,0.0360632959834816,24.95752469308581,16.585696789708923,63.18360681793875,0.395,0.2625
Guyana,2017,0.0528688132264747,63.288912829301985,38.33138813621618,63.18360681793875,1.0016666666666667,0.6066666666666667
Guyana,2018,-0.0069398099538027,115.73130648819115,52.442393658889166,63.18360681793875,1.8316666666666668,0.8300000000000001
Guyana,2019,0.058102430799984,136.37128471538446,20.63997822719331,63.18360681793875,2.158333333333333,0.32666666666666644
Guyana,2020,0.1343536884264544,23.746505562408647,-112.62477915297582,63.18360681793875,0.3758333333333333,-1.7825
Guyana,2021,0.1354264161912191,5.0546885454351,-18.691817016973545,63.18360681793875,0.08,-0.2958333333333333
Guyana,2022,0.1290153795271109,106.35907147686356,101.30438293142846,63.18360681793875,1.6833333333333333,1.6033333333333333
Guyana,2023,0.144078920748786,317.44497125446065,211.08589977759704,63.18360681793875,5.024166666666667,3.3408333333333333
Guyana,2024,0.1995543539118465,324.97435106693166,7.529379812471033,63.18360681793875,5.1433333333333335,0.11916666666666664
Haiti,1991,,196.0122853048977,-83.11495291902915,34.463698515146845,5.6875,-2.411666666666667
Haiti,1992,0.11224988170326,121.36965827084214,-74.64262703405555,34.463698515146845,3.5216666666666665,-2.1658333333333335
Haiti,1993,0.2659370945234727,104.16652876203132,-17.20312950881081,34.463698515146845,3.0224999999999995,-0.499166666666667
Haiti,1994,0.2558856140949892,144.804973261142,40.63844449911068,34.463698515146845,4.201666666666667,1.1791666666666676
Haiti,1995,0.2734544312041933,201.15312033340706,56.34814707226506,34.463698515146845,5.836666666666666,1.634999999999999
Haiti,1996,0.239901194870967,182.600162632753,-18.552957700654044,34.463698515146845,5.298333333333333,-0.5383333333333331
Haiti,1997,0.0112192740384706,188.17179389270177,5.571631259948754,34.463698515146845,5.46,0.16166666666666707
Haiti,1998,0.1834645995904651,184.4956660510861,-3.676127841615687,34.463698515146845,5.353333333333333,-0.10666666666666735
Haiti,1999,0.088422001523984,171.28458162027982,-13.211084430806274,34.463698515146845,4.97,-0.38333333333333286
Haiti,2000,0.2124801668809297,214.9098799907032,43.62529837042337,34.463698515146845,6.235833333333333,1.2658333333333331
Haiti,2001,0.1848452887087006,133.97762797763335,-80.93225201306984,34.463698515146845,3.8874999999999997,-2.348333333333333
Haiti,2002,0.1432063264876077,57.43949752524475,-76.53813045238861,34.463698515146845,1.6666666666666667,-2.220833333333333
Haiti,2003,0.2076973821358834,38.857820075828066,-18.581677449416677,34.463698515146845,1.1275,-0.5391666666666668
Haiti,2004,0.3285514549538391,46.49727324668562,7.639453170857559,34.463698515146845,1.3491666666666668,0.2216666666666669
Haiti,2005,0.0528790094785414,110.74335122867187,64.24607798198623,34.463698515146845,3.2133333333333334,1.8641666666666665
Haiti,2006,0.1639779223995354,171.08354337894144,60.34019215026959,34.463698515146845,4.964166666666666,1.750833333333333
Haiti,2007,0.0241337348719241,172.97904679727452,1.8955034183330668,34.463698515146845,5.019166666666666,0.054999999999999716
Haiti,2008,0.1085597209642976,66.42877888794554,-106.55026790932897,34.463698515146845,1.9275,-3.091666666666666
Haiti,2009,0.1208450489188095,5.514191762423495,-60.914587125522054,34.463698515146845,0.16,-1.7675
Haiti,2010,0.1274430021398025,6.031147240150698,0.5169554777272032,34.463698515146845,0.17500000000000002,0.015000000000000013
Haiti,2011,0.2320317658267185,3.5038093490399294,-2.5273378911107693,34.463698515146845,0.10166666666666667,-0.07333333333333335
Haiti,2012,0.0661911242818007,4.824917792120559,1.3211084430806295,34.463698515146845,0.14,0.038333333333333344
Haiti,2013,0.0692032151097556,3.704847590378286,-1.120070201742273,34.463698515146845,0.1075,-0.032500000000000015
Haiti,2014,0.0729355100749913,3.0730131176005937,-0.6318344727776919,34.463698515146845,0.08916666666666667,-0.018333333333333326
Haiti,2015,0.0745443723413821,4.566440053256957,1.4934269356563634,34.463698515146845,0.1325,0.043333333333333335
Haiti,2016,0.2132232859969143,13.613160913483004,9.046720860226047,34.463698515146845,0.395,0.2625
Haiti,2017,0.1749486690551123,34.52113801267209,20.907977099189086,34.463698515146845,1.0016666666666667,0.6066666666666667
Haiti,2018,0.0815636826677241,63.126007780243974,28.604869767571884,34.463698515146845,1.8316666666666668,0.8300000000000001
Haiti,2019,0.1752668776815369,74.38414929519193,11.258141514947962,34.463698515146845,2.158333333333333,0.32666666666666644
Haiti,2020,0.1286713311904073,12.952606691942687,-61.43154260324925,34.463698515146845,0.3758333333333333,-1.7825
Haiti,2021,0.0413669120387112,2.7570958812117476,-10.19551081073094,34.463698515146845,0.08,-0.2958333333333333
Haiti,2022,0.3037509690061526,58.01389250049719,55.25679661928544,34.463698515146845,1.6833333333333333,1.6033333333333333
Haiti,2023,0.2740076161790092,173.15136528985028,115.13747278935308,34.463698515146845,5.024166666666667,3.3408333333333333
Honduras,1991,,148.8705921881559,-63.1254935959741,26.1750491759395,5.6875,-2.411666666666667
Honduras,1992,0.1703759717807109,92.17979818126693,-56.69079400688897,26.1750491759395,3.5216666666666665,-2.1658333333333335
Honduras,1993,0.2208437911993854,79.11408613427713,-13.065712046989809,26.1750491759395,3.0224999999999995,-0.499166666666667
Honduras,1994,0.1079419206599823,109.97883162090581,30.864745486628685,26.1750491759395,4.201666666666667,1.1791666666666676
Honduras,1995,0.2489906687504657,152.77503702356685,42.79620540266105,26.1750491759395,5.836666666666666,1.634999999999999
Honduras,1996,0.2537665104739197,138.68413555051944,-14.090901473047424,26.1750491759395,5.298333333333333,-0.5383333333333331
Honduras,1997,0.3281975952862233,142.91576850062967,4.23163295011023,26.1750491759395,5.46,0.16166666666666707
Honduras,1998,0.4772115898741624,140.1237632551961,-2.7920052454335647,26.1750491759395,5.353333333333333,-0.10666666666666735
Honduras,1999,0.1846031261534406,130.08999440441931,-10.033768850776795,26.1750491759395,4.97,-0.38333333333333286
Honduras,2000,0.1773751841630613,163.2232441529627,33.13324974854341,26.1750491759395,6.235833333333333,1.2658333333333331
Honduras,2001,0.143375107481301,101.7555036714648,-61.46774048149792,26.1750491759395,3.8874999999999997,-2.348333333333333
Honduras,2002,0.2177149684445289,43.62508195989917,-58.13042171156563,26.1750491759395,1.6666666666666667,-2.220833333333333
Honduras,2003,0.1202197732939538,29.512367945871784,-14.112714014027382,26.1750491759395,1.1275,-0.5391666666666668
Honduras,2004,0.1145972261533003,35.31450384653838,5.802135900666595,26.1750491759395,1.3491666666666668,0.2216666666666669
Honduras,2005,0.1661162877997881,84.10915801868559,48.79465417214721,26.1750491759395,3.2133333333333334,1.8641666666666665
Honduras,2006,0.1597865185350393,129.93730661755964,45.828148598874066,26.1750491759395,4.964166666666666,1.750833333333333
Honduras,2007,0.195450092307464,131.3769343222363,1.439627704676665,26.1750491759395,5.019166666666666,0.054999999999999716
Honduras,2008,0.1537930538938354,50.452407286623384,-80.92452703561293,26.1750491759395,1.9275,-3.091666666666666
Honduras,2009,0.047442696879056,4.18800786815032,-46.26439941847307,26.1750491759395,0.16,-1.7675
Honduras,2010,0.0056495049986864,4.580633605789413,0.3926257376390928,26.1750491759395,0.17500000000000002,0.015000000000000013
Honduras,2011,0.0941871959604796,2.6611299995538493,-1.9195036062355637,26.1750491759395,0.10166666666666667,-0.07333333333333335
Honduras,2012,0.116886522618465,3.66450688463153,1.0033768850776812,26.1750491759395,0.14,0.038333333333333344
Honduras,2013,0.0676701481810084,2.813817786413496,-0.8506890982180341,26.1750491759395,0.1075,-0.032500000000000015
Honduras,2014,0.0795314750254974,2.3339418848546054,-0.47987590155889065,26.1750491759395,0.08916666666666667,-0.018333333333333326
Honduras,2015,0.1246494754366054,3.4681940158119837,1.1342521309573783,26.1750491759395,0.1325,0.043333333333333335
Honduras,2016,0.0755934795811548,10.339144424496103,6.870950408684119,26.1750491759395,0.395,0.2625
Honduras,2017,0.1641914011707506,26.218674257899398,15.879529833403296,26.1750491759395,1.0016666666666667,0.6066666666666667
Honduras,2018,0.1172202770583759,47.943965073929185,21.725290816029787,26.1750491759395,1.8316666666666668,0.8300000000000001
Honduras,2019,0.0789120170349875,56.49448113806942,8.550516064140231,26.1750491759395,2.158333333333333,0.32666666666666644
Honduras,2020,0.097775554281668,9.83745598195726,-46.657025156112155,26.1750491759395,0.3758333333333333,-1.7825
Honduras,2021,0.1732838705682162,2.09400393407516,-7.7434520478821005,26.1750491759395,0.08,-0.2958333333333333
Honduras,2022,0.0910807613784996,44.06133277949816,41.967328845423,26.1750491759395,1.6833333333333333,1.6033333333333333
Honduras,2023,0.1168916912050228,131.50780956811604,87.44647678861787,26.1750491759395,5.024166666666667,3.3408333333333333
Honduras,2024,0.1038285146594901,134.62700292824883,3.1191933601327895,26.1750491759395,5.1433333333333335,0.11916666666666664
"Hong Kong SAR, China",1992,,583.3980287371727,-358.79116817035305,165.6596390167078,3.5216666666666665,-2.1658333333333335
"Hong Kong SAR, China",1993,0.0814206717038565,500.7062589279993,-82.69176980917337,165.6596390167078,3.0224999999999995,-0.499166666666667
"Hong Kong SAR, China",1994,0.1350133419662498,696.046583268534,195.34032434053478,165.6596390167078,4.201666666666667,1.1791666666666676
"Hong Kong SAR, China",1995,0.1109836275673998,966.9000930608512,270.8535097923171,165.6596390167078,5.836666666666666,1.634999999999999
"Hong Kong SAR, China",1996,0.1011862535137275,877.7199873901901,-89.180105670661,165.6596390167078,5.298333333333333,-0.5383333333333331
"Hong Kong SAR, China",1997,0.1176984160751146,904.5016290312246,26.781641641034497,165.6596390167078,5.46,0.16166666666666707
"Hong Kong SAR, China",1998,0.0835830227832197,886.8312675361091,-17.670361495115614,165.6596390167078,5.353333333333333,-0.10666666666666735
"Hong Kong SAR, China",1999,0.1055104887018139,823.3284059130378,-63.50286162307125,165.6596390167078,4.97,-0.38333333333333286
"Hong Kong SAR, China",2000,0.0797597339704268,1033.0258989683537,209.69749305531593,165.6596390167078,6.235833333333333,1.2658333333333331
"Hong Kong SAR, China",2001,0.089184310234657,644.0018466774516,-389.02405229090215,165.6596390167078,3.8874999999999997,-2.348333333333333
"Hong Kong SAR, China",2002,-0.0027734871769098,276.0993983611797,-367.90244831627194,165.6596390167078,1.6666666666666667,-2.220833333333333
"Hong Kong SAR, China",2003,0.0054814361892461,186.78124299133805,-89.31815536984165,165.6596390167078,1.1275,-0.5391666666666668
"Hong Kong SAR, China",2004,0.0608744557001443,223.502462973375,36.721219982036935,165.6596390167078,1.3491666666666668,0.2216666666666669
"Hong Kong SAR, China",2005,0.0790442644322944,532.3196400403544,308.81717706697947,165.6596390167078,3.2133333333333334,1.8641666666666665
"Hong Kong SAR, China",2006,0.0500541177640627,822.3620580187736,290.0424179784192,165.6596390167078,4.964166666666666,1.750833333333333
"Hong Kong SAR, China",2007,0.1344048636573909,831.4733381646926,9.111280145918883,165.6596390167078,5.019166666666666,0.054999999999999716
"Hong Kong SAR, China",2008,0.1418524091556037,319.3089542047043,-512.1643839599882,165.6596390167078,1.9275,-3.091666666666666
"Hong Kong SAR, China",2009,0.0284044104557814,26.50554224267325,-292.8034119620311,165.6596390167078,0.16,-1.7675
"Hong Kong SAR, China",2010,0.0596483264408647,28.99043682792387,2.4848945852506192,165.6596390167078,0.17500000000000002,0.015000000000000013
"Hong Kong SAR, China",2011,0.066805002691872,16.84206330003196,-12.14837352789191,165.6596390167078,0.10166666666666667,-0.07333333333333335
"Hong Kong SAR, China",2012,0.1121110890065999,23.192349462339095,6.3502861623071345,165.6596390167078,0.14,0.038333333333333344
"Hong Kong SAR, China",2013,0.0892963892599283,17.808411194296088,-5.383938268043006,165.6596390167078,0.1075,-0.032500000000000015
"Hong Kong SAR, China",2014,0.0997014071848632,14.771317812323113,-3.0370933819729755,165.6596390167078,0.08916666666666667,-0.018333333333333326
"Hong Kong SAR, China",2015,0.081705563927624,21.949902169713788,7.1785843573906725,165.6596390167078,0.1325,0.043333333333333335
"Hong Kong SAR, China",2016,0.0654810525852127,65.43555741159959,43.4856552418858,165.6596390167078,0.395,0.2625
"Hong Kong SAR, China",2017,0.0632944240691202,165.935738415069,100.50018100346941,165.6596390167078,1.0016666666666667,0.6066666666666667
"Hong Kong SAR, China",2018,0.1204250927389658,303.4332387989365,137.4975003838675,165.6596390167078,1.8316666666666668,0.8300000000000001
"Hong Kong SAR, China",2019,0.0383091388671381,357.5487208777277,54.11548207879118,165.6596390167078,2.158333333333333,0.32666666666666644
"Hong Kong SAR, China",2020,0.0469999306163977,62.26041433044601,-295.28830654728165,165.6596390167078,0.3758333333333333,-1.7825
"Hong Kong SAR, China",2021,0.058604340300544,13.252771121336625,-49.00764320910939,165.6596390167078,0.08,-0.2958333333333333
"Hong Kong SAR, China",2022,0.0314728879314145,278.8603923447915,265.6076212234548,165.6596390167078,1.6833333333333333,1.6033333333333333
"Hong Kong SAR, China",2023,0.0321728311475197,832.3016363597762,553.4412440149847,165.6596390167078,5.024166666666667,3.3408333333333333
"Hong Kong SAR, China",2024,0.0379915406200623,852.0427433426006,19.741106982824345,165.6596390167078,5.1433333333333335,0.11916666666666664
Hungary,1991,,282.9041615159352,-119.95965471459583,49.74139103576882,5.6875,-2.411666666666667
Hungary,1992,0.2576394228969114,175.17259876429918,-107.73156275163598,49.74139103576882,3.5216666666666665,-2.1658333333333335
Hungary,1993,0.3456514378895718,150.34335440561125,-24.82924435868795,49.74139103576882,3.0224999999999995,-0.499166666666667
Hungary,1994,0.1628552657582425,208.99674466862203,58.65339026301078,49.74139103576882,4.201666666666667,1.1791666666666676
Hungary,1995,0.1326384024233569,290.323919012104,81.32717434348197,49.74139103576882,5.836666666666666,1.634999999999999
Hungary,1996,0.1897073340312545,263.5464701711818,-26.777448840922204,49.74139103576882,5.298333333333333,-0.5383333333333331
Hungary,1997,0.2008288454995792,271.58799505529777,8.04152488411598,49.74139103576882,5.46,0.16166666666666707
Hungary,1998,0.1800025070765443,266.2822466781491,-5.305748377148708,49.74139103576882,5.353333333333333,-0.10666666666666735
Hungary,1999,0.1449548849559327,247.21471344777103,-19.067533230378025,49.74139103576882,4.97,-0.38333333333333286
Hungary,2000,0.1455970658253988,310.179024267215,62.96431081944402,49.74139103576882,6.235833333333333,1.2658333333333331
Hungary,2001,0.1187349067036969,193.36965765155128,-116.80936661566378,49.74139103576882,3.8874999999999997,-2.348333333333333
Hungary,2002,0.1514434784523466,82.90231839294803,-110.46733925860325,49.74139103576882,1.6666666666666667,-2.220833333333333
Hungary,2003,0.1294600778258576,56.083418392829344,-26.818900000118695,49.74139103576882,1.1275,-0.5391666666666668
Hungary,2004,0.1039298762988352,67.10942673909145,11.0260083462621,49.74139103576882,1.3491666666666668,0.2216666666666669
Hungary,2005,0.1091906369204487,159.8356698616038,92.72624312251237,49.74139103576882,3.2133333333333334,1.8641666666666665
Hungary,2006,0.1371508910723555,246.92455533339572,87.0888854717919,49.74139103576882,4.964166666666666,1.750833333333333
Hungary,2007,0.1292950616175758,249.66033184036297,2.735776506967271,49.74139103576882,5.019166666666666,0.054999999999999716
Hungary,2008,0.1044640737941726,95.8765312214444,-153.78380061891858,49.74139103576882,1.9275,-3.091666666666666
Hungary,2009,0.0835106881977729,7.958622565723012,-87.91790865572139,49.74139103576882,0.16,-1.7675
Hungary,2010,0.035834243629786,8.704743431259544,0.746120865536533,49.74139103576882,0.17500000000000002,0.015000000000000013
Hungary,2011,0.041786653957736,5.0570414219698305,-3.647702009289714,49.74139103576882,0.10166666666666667,-0.07333333333333335
Hungary,2012,0.0645376551845302,6.963794745007635,1.9067533230378053,49.74139103576882,0.14,0.038333333333333344
Hungary,2013,-0.0474784545429933,5.3471995363451486,-1.6165952086624875,49.74139103576882,0.1075,-0.032500000000000015
Hungary,2014,0.0751924036365601,4.43527403402272,-0.9119255023224281,49.74139103576882,0.08916666666666667,-0.018333333333333326
Hungary,2015,0.0246474400942808,6.590734312239369,2.155460278216649,49.74139103576882,0.1325,0.043333333333333335
Hungary,2016,0.0552610418919954,19.647849459128686,13.057115146889316,49.74139103576882,0.395,0.2625
Hungary,2017,0.0698839339517682,49.82429335416177,30.176443895033085,49.74139103576882,1.0016666666666667,0.6066666666666667
Hungary,2018,0.0749902610365005,91.1096479138499,41.28535455968812,49.74139103576882,1.8316666666666668,0.8300000000000001
Hungary,2019,0.1116822393812775,107.35850231886769,16.248854405017802,49.74139103576882,2.158333333333333,0.32666666666666644
Hungary,2020,0.0783486616829023,18.69447279760978,-88.66402952125792,49.74139103576882,0.3758333333333333,-1.7825
Hungary,2021,0.1913650757215066,3.979311282861506,-14.715161514748274,49.74139103576882,0.08,-0.2958333333333333
Hungary,2022,0.1697340552093216,83.73134157687751,79.75203029401601,49.74139103576882,1.6833333333333333,1.6033333333333333
Hungary,2023,0.081194465589391,249.90903879554187,166.17769721866435,49.74139103576882,5.024166666666667,3.3408333333333333
Hungary,2024,0.0338750996500429,255.83655456063764,5.927515765095784,49.74139103576882,5.1433333333333335,0.11916666666666664
Iceland,1991,,206.53492488113332,-87.57686045509156,36.31383294613333,5.6875,-2.411666666666667
Iceland,1992,0.1476467054821952,127.88521502529954,-78.64970985583378,36.31383294613333,3.5216666666666665,-2.1658333333333335
Iceland,1993,0.0382485190777188,109.75856007968798,-18.126654945611566,36.31383294613333,3.0224999999999995,-0.499166666666667
Iceland,1994,0.063286144875498,152.57862142867023,42.82006134898225,36.31383294613333,4.201666666666667,1.1791666666666676
Iceland,1995,0.0201558900275102,211.95173829559818,59.37311686692796,36.31383294613333,5.836666666666666,1.634999999999999
Iceland,1996,0.0248933062412426,192.4027915595964,-19.548946736001767,36.31383294613333,5.298333333333333,-0.5383333333333331
Iceland,1997,0.0600533561485434,198.273527885888,5.87073632629157,36.31383294613333,5.46,0.16166666666666707
Iceland,1998,0.0894056222433405,194.40005237163373,-3.8734755142542467,36.31383294613333,5.353333333333333,-0.10666666666666735
Iceland,1999,0.1414203298528669,180.47974974228265,-13.920302629351093,36.31383294613333,4.97,-0.38333333333333286
Iceland,2000,0.1592055983853768,226.4470099465964,45.96726020431377,36.31383294613333,6.235833333333333,1.2658333333333331
Iceland,2001,0.1020082417574386,141.17002557809332,-85.2769843685031,36.31383294613333,3.8874999999999997,-2.348333333333333
Iceland,2002,0.1411549933605194,60.52305491022222,-80.6469706678711,36.31383294613333,1.6666666666666667,-2.220833333333333
Iceland,2003,0.1375145990662289,40.94384664676533,-19.57920826345689,36.31383294613333,1.1275,-0.5391666666666668
Iceland,2004,0.2018710724804719,48.993412949824894,8.049566303059564,36.31383294613333,1.3491666666666668,0.2216666666666669
Iceland,2005,0.1514687736765445,116.68844986690844,67.69503691708354,36.31383294613333,3.2133333333333334,1.8641666666666665
Iceland,2006,0.2327488713492727,180.26791905009688,63.57946918318843,36.31383294613333,4.964166666666666,1.750833333333333
Iceland,2007,0.4707482969952536,182.2651798621342,1.997260812037323,36.31383294613333,5.019166666666666,0.054999999999999716
Iceland,2008,0.0568950222845039,69.994913003672,-112.2702668584622,36.31383294613333,1.9275,-3.091666666666666
Iceland,2009,0.2783182667730237,5.8102132713813335,-64.18469973229067,36.31383294613333,0.16,-1.7675
Iceland,2010,0.0244093958253621,6.3549207655733335,0.5447074941920005,36.31383294613333,0.17500000000000002,0.015000000000000013
Iceland,2011,-0.1055956168345098,3.6919063495235553,-2.663014416049778,36.31383294613333,0.10166666666666667,-0.07333333333333335
Iceland,2012,0.0553659143492879,5.0839366124586665,1.3920302629351113,36.31383294613333,0.14,0.038333333333333344
Iceland,2013,-0.0467608946566606,3.903737041709333,-1.1801995707493338,36.31383294613333,0.1075,-0.032500000000000015
Iceland,2014,0.0454898640512055,3.237983437696889,-0.6657536040124442,36.31383294613333,0.08916666666666667,-0.018333333333333326
Iceland,2015,0.056256864686027,4.811582865362666,1.5735994276657777,36.31383294613333,0.1325,0.043333333333333335
Iceland,2016,0.0542284862635717,14.343964013722667,9.53238114836,36.31383294613333,0.395,0.2625
Iceland,2017,-0.0474613319454704,36.37435600104355,22.03039198732089,36.31383294613333,1.0016666666666667,0.6066666666666667
Iceland,2018,0.0491157343145083,66.51483734633422,30.140481345290667,36.31383294613333,1.8316666666666668,0.8300000000000001
Iceland,2019,0.0675819661928436,78.37735610873777,11.862518762403546,36.31383294613333,2.158333333333333,0.32666666666666644
Iceland,2020,0.0638569935867678,13.64794888225511,-64.72940722648266,36.31383294613333,0.3758333333333333,-1.7825
Iceland,2021,0.0710674530688848,2.9051066356906667,-10.742842246564441,36.31383294613333,0.08,-0.2958333333333333
Iceland,2022,0.1031629797624589,61.128285459324445,58.22317882363377,36.31383294613333,1.6833333333333333,1.6033333333333333
Iceland,2023,0.0849633279474488,182.4467490268649,121.31846356754043,36.31383294613333,5.024166666666667,3.3408333333333333
Iceland,2024,0.0799240857138237,186.77414745294578,4.3273984260808875,36.31383294613333,5.1433333333333335,0.11916666666666664
India,1991,,252.53923932419636,-107.08403789072885,44.40250361744112,5.6875,-2.411666666666667
India,1992,0.168196873763005,156.37081690608846,-96.1684224181079,44.40250361744112,3.5216666666666665,-2.1658333333333335
India,1993,0.1558278009894671,134.20656718371578,-22.164249722372706,44.40250361744112,3.0224999999999995,-0.499166666666667
India,1994,0.1570692382158505,186.56451936594846,52.357952182232694,44.40250361744112,4.201666666666667,1.1791666666666676
India,1995,0.1846332847929161,259.16261278046466,72.59809341451619,44.40250361744112,5.836666666666666,1.634999999999999
India,1996,0.1044602004084218,235.2592649997422,-23.90334778072246,44.40250361744112,5.298333333333333,-0.5383333333333331
India,1997,0.1717346657288132,242.43766975122853,7.178404751486332,44.40250361744112,5.46,0.16166666666666707
India,1998,0.1626013375936033,237.70140269870143,-4.736267052527083,44.40250361744112,5.353333333333333,-0.10666666666666735
India,1999,0.1669795917709784,220.68044297868235,-17.020959720019075,44.40250361744112,4.97,-0.38333333333333286
India,2000,0.1582779834519954,276.8866121410932,56.20616916241087,44.40250361744112,6.235833333333333,1.2658333333333331
India,2001,0.141253938663155,172.61473281280234,-104.2718793282909,44.40250361744112,3.8874999999999997,-2.348333333333333
India,2002,0.1338361647018615,74.0041726957352,-98.61056011706715,44.40250361744112,1.6666666666666667,-2.220833333333333
India,2003,0.1549603354784743,50.06382282866486,-23.940349867070342,44.40250361744112,1.1275,-0.5391666666666668
India,2004,0.122515031751778,59.90637779719765,9.842554968532792,44.40250361744112,1.3491666666666668,0.2216666666666669
India,2005,0.1547133753222347,142.68004495737748,82.77366716017981,44.40250361744112,3.2133333333333334,1.8641666666666665
India,2006,0.144964938929661,220.42142837424728,77.74138341686981,44.40250361744112,4.964166666666666,1.750833333333333
India,2007,0.1958392884800766,222.86356607320653,2.442137698959249,44.40250361744112,5.019166666666666,0.054999999999999716
India,2008,0.2010738195324108,85.58582572261776,-137.27774035058877,44.40250361744112,1.9275,-3.091666666666666
India,2009,0.1864398140933829,7.104400578790579,-78.48142514382718,44.40250361744112,0.16,-1.7675
India,2010,0.1654791769835633,7.770438133052196,0.6660375542616174,44.40250361744112,0.17500000000000002,0.015000000000000013
India,2011,0.1638365660764265,4.514254534439847,-3.2561835986123495,44.40250361744112,0.10166666666666667,-0.07333333333333335
India,2012,0.1496054172787673,6.216350506441757,1.70209597200191,44.40250361744112,0.14,0.038333333333333344
India,2013,0.104771612229733,4.77326913887492,-1.443081367566837,44.40250361744112,0.1075,-0.032500000000000015
India,2014,0.1382959117959714,3.9592232392218336,-0.8140458996530869,44.40250361744112,0.08916666666666667,-0.018333333333333326
India,2015,0.1006358061864745,5.883331729310949,1.9241084900891152,44.40250361744112,0.1325,0.043333333333333335
India,2016,0.100910148459846,17.538988928889243,11.655657199578295,44.40250361744112,0.395,0.2625
India,2017,0.0657966742394862,44.47650779013686,26.937518861247614,44.40250361744112,1.0016666666666667,0.6066666666666667
India,2018,0.0992211013532369,81.330585792613,36.854078002476136,44.40250361744112,1.8316666666666668,0.8300000000000001
India,2019,0.1000228755451573,95.83540364097708,14.50481784836409,44.40250361744112,2.158333333333333,0.32666666666666644
India,2020,0.0999380766293569,16.687940942888286,-79.1474626980888,44.40250361744112,0.3758333333333333,-1.7825
India,2021,0.1175975776095867,3.5522002893952895,-13.135740653492995,44.40250361744112,0.08,-0.2958333333333333
Indonesia,1991,,259.18206406983165,-109.90079024440921,45.57047280348688,5.6875,-2.411666666666667
Indonesia,1992,0.1614888573089743,160.48401505627962,-98.69804901355201,45.57047280348688,3.5216666666666665,-2.1658333333333335
Indonesia,1993,0.179168095568805,137.73675404853907,-22.747261007740548,45.57047280348688,3.0224999999999995,-0.499166666666667
Indonesia,1994,0.182792295007637,191.4719365626507,53.735182514111656,45.57047280348688,4.201666666666667,1.1791666666666676
Indonesia,1995,0.1840057428963533,265.9796595963517,74.507723033701,45.57047280348688,5.836666666666666,1.634999999999999
Indonesia,1996,0.2431321995610957,241.44755507047464,-24.53210452587709,45.57047280348688,5.298333333333333,-0.5383333333333331
Indonesia,1997,0.2396519927560447,248.81478150703836,7.3672264365637306,45.57047280348688,5.46,0.16166666666666707
Indonesia,1998,0.2251804518725464,243.9539310746664,-4.860850432371965,45.57047280348688,5.353333333333333,-0.10666666666666735
Indonesia,1999,0.4871241728236484,226.4852498333298,-17.468681241336615,45.57047280348688,4.97,-0.38333333333333286
Indonesia,2000,0.1154096926588152,284.16987332374356,57.6846234904138,45.57047280348688,6.235833333333333,1.2658333333333331
Indonesia,2001,0.1537774433611929,177.15521302355523,-107.01466030018835,45.57047280348688,3.8874999999999997,-2.348333333333333
Indonesia,2002,0.1121747912264297,75.95078800581148,-101.20442501774377,45.57047280348688,1.6666666666666667,-2.220833333333333
Indonesia,2003,0.0464818097436818,51.38070808593145,-24.570079919880015,45.57047280348688,1.1275,-0.5391666666666668
Indonesia,2004,0.0763842068718148,61.48216289070439,10.101454804772935,45.57047280348688,1.3491666666666668,0.2216666666666669
Indonesia,2005,0.087497673430434,146.43311927520452,84.95095638450012,45.57047280348688,3.2133333333333334,1.8641666666666665
Indonesia,2006,0.1513051830669169,226.21942207530944,79.78630280010493,45.57047280348688,4.964166666666666,1.750833333333333
Indonesia,2007,0.1392678094432256,228.7257980795012,2.5063760041917655,45.57047280348688,5.019166666666666,0.054999999999999716
Indonesia,2008,0.1766816911137709,87.83708632872096,-140.88871175078023,45.57047280348688,1.9275,-3.091666666666666
Indonesia,2009,0.1390909984614126,7.2912756485579004,-80.54581068016306,45.57047280348688,0.16,-1.7675
Indonesia,2010,0.1217909615480294,7.974832740610204,0.6835570920523037,45.57047280348688,0.17500000000000002,0.015000000000000013
Indonesia,2011,0.143253992593749,4.6329980683545,-3.3418346722557053,45.57047280348688,0.10166666666666667,-0.07333333333333335
Indonesia,2012,0.1521181915436074,6.379866192488164,1.746868124133664,45.57047280348688,0.14,0.038333333333333344
Indonesia,2013,0.1393704960484569,4.898825826374839,-1.4810403661133242,45.57047280348688,0.1075,-0.032500000000000015
Indonesia,2014,0.1202661541158818,4.063367158310913,-0.8354586680639258,45.57047280348688,0.08916666666666667,-0.018333333333333326
Indonesia,2015,0.1122523863214937,6.038087646462012,1.9747204881510982,45.57047280348688,0.1325,0.043333333333333335
Indonesia,2016,0.0861500818816125,18.00033675737732,11.962249110915307,45.57047280348688,0.395,0.2625
Indonesia,2017,0.0955692264353516,45.64642359149269,27.646086834115373,45.57047280348688,1.0016666666666667,0.6066666666666667
Indonesia,2018,0.0795089783045526,83.46991601838681,37.82349242689411,45.57047280348688,1.8316666666666668,0.8300000000000001
Indonesia,2019,0.0610037416942432,98.35627046752585,14.886354449139036,45.57047280348688,2.158333333333333,0.32666666666666644
Indonesia,2020,0.0633541157685328,17.126902695310484,-81.22936777221535,45.57047280348688,0.3758333333333333,-1.7825
Indonesia,2021,0.1180821986538021,3.6456378242789502,-13.481264871031533,45.57047280348688,0.08,-0.2958333333333333
Indonesia,2022,0.1307337933230314,76.71029588586958,73.06465806159062,45.57047280348688,1.6833333333333333,1.6033333333333333
Indonesia,2023,0.080241880645687,228.95365044351868,152.24335455764907,45.57047280348688,5.024166666666667,3.3408333333333333
Indonesia,2024,0.0344045912395358,234.3841317859342,5.4304813424155185,45.57047280348688,5.1433333333333335,0.11916666666666664
"Iran, Islamic Rep.",1991,,235.51535344311324,-99.86541140869888,41.40929291307486,5.6875,-2.411666666666667
"Iran, Islamic Rep.",1992,0.2277348000123886,145.82972654221194,-89.6856269009013,41.40929291307486,3.5216666666666665,-2.1658333333333335
"Iran, Islamic Rep.",1993,0.2181850323559295,125.15958782976874,-20.67013871244321,41.40929291307486,3.0224999999999995,-0.499166666666667
"Iran, Islamic Rep.",1994,0.2642959319306364,173.98804572310289,48.82845789333414,41.40929291307486,4.201666666666667,1.1791666666666676
"Iran, Islamic Rep.",1995,0.2874000105047685,241.69223963598023,67.70419391287734,41.40929291307486,5.836666666666666,1.634999999999999
"Iran, Islamic Rep.",1996,0.263085116706204,219.40023695110827,-22.292002684871957,41.40929291307486,5.298333333333333,-0.5383333333333331
"Iran, Islamic Rep.",1997,0.2810928584184076,226.0947393053887,6.694502354280452,41.40929291307486,5.46,0.16166666666666707
"Iran, Islamic Rep.",1998,0.2125449414563647,221.67774806132738,-4.416991244061347,41.40929291307486,5.353333333333333,-0.10666666666666735
"Iran, Islamic Rep.",1999,0.1855200062394928,205.80418577798204,-15.873562283345342,41.40929291307486,4.97,-0.38333333333333286
"Iran, Islamic Rep.",2000,0.1947382642926527,258.22144905711593,52.41726327913391,41.40929291307486,6.235833333333333,1.2658333333333331
"Iran, Islamic Rep.",2001,0.3028428379812098,160.97862619957849,-97.24282285753745,41.40929291307486,3.8874999999999997,-2.348333333333333
"Iran, Islamic Rep.",2002,0.25705649162186,69.0154881884581,-91.9631380111204,41.40929291307486,1.6666666666666667,-2.220833333333333
"Iran, Islamic Rep.",2003,0.2500833417917647,46.6889777594919,-22.3265104289662,41.40929291307486,1.1275,-0.5391666666666668
"Iran, Islamic Rep.",2004,0.2410862203292438,55.86803768855684,9.179059929064936,41.40929291307486,1.3491666666666668,0.2216666666666669
"Iran, Islamic Rep.",2005,0.2521694972774,133.0618612273472,77.19382353879037,41.40929291307486,3.2133333333333334,1.8641666666666665
"Iran, Islamic Rep.",2006,0.2840346091922541,205.56263156932243,72.50077034197521,41.40929291307486,4.964166666666666,1.750833333333333
"Iran, Islamic Rep.",2007,0.3100600605998878,207.84014267954154,2.2775111102191055,41.40929291307486,5.019166666666666,0.054999999999999716
"Iran, Islamic Rep.",2008,0.2918943903068438,79.81641208995178,-128.02373058958975,41.40929291307486,1.9275,-3.091666666666666
"Iran, Islamic Rep.",2009,0.1122291354794668,6.625486866091977,-73.19092522385981,41.40929291307486,0.16,-1.7675
"Iran, Islamic Rep.",2010,0.2392813754041753,7.2466262597881,0.6211393936961234,41.40929291307486,0.17500000000000002,0.015000000000000013
"Iran, Islamic Rep.",2011,0.2197880255013373,4.2099447794959435,-3.036681480292157,41.40929291307486,0.10166666666666667,-0.07333333333333335
"Iran, Islamic Rep.",2012,0.1836996804490667,5.79730100783048,1.5873562283345366,41.40929291307486,0.14,0.038333333333333344
"Iran, Islamic Rep.",2013,0.2925122844044594,4.451498988155547,-1.3458020196749334,41.40929291307486,0.1075,-0.032500000000000015
"Iran, Islamic Rep.",2014,0.23142461019102,3.692328618082508,-0.7591703700730388,41.40929291307486,0.08916666666666667,-0.018333333333333326
"Iran, Islamic Rep.",2015,0.3008342696314798,5.486731310982419,1.7944026928999106,41.40929291307486,0.1325,0.043333333333333335
"Iran, Islamic Rep.",2016,0.218075772535343,16.35667070066457,10.86993938968215,41.40929291307486,0.395,0.2625
Iraq,2005,,99.34885164753949,57.63573162228885,30.91769242143345,3.2133333333333334,1.8641666666666665
Iraq,2006,0.0363954159583634,153.48057812873253,54.131726481193056,30.91769242143345,4.964166666666666,1.750833333333333
Iraq,2007,0.2911800254086181,155.18105121191138,1.700473083178831,30.91769242143345,5.019166666666666,0.054999999999999716
Iraq,2008,0.3155788619724831,59.593852142312976,-95.5871990695984,30.91769242143345,1.9275,-3.091666666666666
Iraq,2009,0.3016964307649274,4.946830787429352,-54.64702135488363,30.91769242143345,0.16,-1.7675
Iraq,2010,0.2366834078988446,5.4105961737508546,0.46376538632150216,30.91769242143345,0.17500000000000002,0.015000000000000013
Iraq,2011,0.271600513624147,3.143298729512401,-2.2672974442384537,30.91769242143345,0.10166666666666667,-0.07333333333333335
Iraq,2012,0.1880923310952234,4.328476939000684,1.1851782094882826,30.91769242143345,0.14,0.038333333333333344
Iraq,2013,0.0408484865606304,3.323651935304096,-1.0048250036965876,30.91769242143345,0.1075,-0.032500000000000015
Iraq,2014,0.1481360570928096,2.756827574244483,-0.5668243610596131,30.91769242143345,0.08916666666666667,-0.018333333333333326
Iraq,2015,0.0381063290912422,4.096594245839932,1.3397666715954495,30.91769242143345,0.1325,0.043333333333333335
Iraq,2016,-0.0954056414646089,12.212488506466213,8.11589426062628,30.91769242143345,0.395,0.2625
Iraq,2017,0.0679039435533752,30.969221908802506,18.756733402336295,30.91769242143345,1.0016666666666667,0.6066666666666667
Iraq,2018,0.026083001708784,56.63090661859227,25.661684709789768,30.91769242143345,1.8316666666666668,0.8300000000000001
Iraq,2019,0.0269201750038732,66.7306861429272,10.09977952433492,30.91769242143345,2.158333333333333,0.32666666666666644
Iraq,2020,0.0810213196526561,11.619899401722071,-55.110786741205125,30.91769242143345,0.3758333333333333,-1.7825
Iraq,2021,0.1477075987310954,2.473415393714676,-9.146484008007395,30.91769242143345,0.08,-0.2958333333333333
Iraq,2022,0.1541173784086282,52.04478224274631,49.571366849031634,30.91769242143345,1.6833333333333333,1.6033333333333333
Iraq,2023,0.1848691849532215,155.33563967401858,103.29085743127226,30.91769242143345,5.024166666666667,3.3408333333333333
Iraq,2024,0.07266553501249,159.01999802090606,3.6843583468874854,30.91769242143345,5.1433333333333335,0.11916666666666664
Israel,1991,,337.03036083755535,-142.91074934269383,59.25808542198776,5.6875,-2.411666666666667
Israel,1992,0.1631887440371429,208.6872241611002,-128.34313667645517,59.25808542198776,3.5216666666666665,-2.1658333333333335
Israel,1993,0.2348212448533715,179.10756318795796,-29.579660973142243,59.25808542198776,3.0224999999999995,-0.499166666666667
Israel,1994,0.1985748067988915,248.9827222480519,69.87515906009395,59.25808542198776,4.201666666666667,1.1791666666666676
Israel,1995,0.2198853369376792,345.8696919130018,96.88696966494992,59.25808542198776,5.836666666666666,1.634999999999999
Israel,1996,0.1961722832008874,313.96908926083177,-31.900602652170065,59.25808542198776,5.298333333333333,-0.5383333333333331
Israel,1997,0.2230223617971773,323.54914640405315,9.580057143221378,59.25808542198776,5.46,0.16166666666666707
Israel,1998,0.1393654630862322,317.2282839590411,-6.320862445012068,59.25808542198776,5.353333333333333,-0.10666666666666735
Israel,1999,0.1794218195373496,294.51268454727915,-22.715599411761946,59.25808542198776,4.97,-0.38333333333333286
Israel,2000,0.1444348116192877,369.5235443439453,75.01085979666615,59.25808542198776,6.235833333333333,1.2658333333333331
Israel,2001,0.0771521608822567,230.3658070779774,-139.1577372659679,59.25808542198776,3.8874999999999997,-2.348333333333333
Israel,2002,0.0825960038284456,98.76347570331293,-131.60233137466446,59.25808542198776,1.6666666666666667,-2.220833333333333
Israel,2003,0.1047641608350637,66.8134913132912,-31.94998439002174,59.25808542198776,1.1275,-0.5391666666666668
Israel,2004,-0.0006679878272137,79.94903358183183,13.135542268540634,59.25808542198776,1.3491666666666668,0.2216666666666669
Israel,2005,0.0698152648022762,190.41598115598734,110.4669475741555,59.25808542198776,3.2133333333333334,1.8641666666666665
Israel,2006,0.0956012147721381,294.1670123823175,103.75103122633021,59.25808542198776,4.964166666666666,1.750833333333333
Israel,2007,0.0671435879066173,297.42620708052686,3.25919469820931,59.25808542198776,5.019166666666666,0.054999999999999716
Israel,2008,-0.2285284895149715,114.2199596508814,-183.20624742964543,59.25808542198776,1.9275,-3.091666666666666
Israel,2009,0.1179505749455991,9.481293667518042,-104.73866598336336,59.25808542198776,0.16,-1.7675
Israel,2010,0.0562767098254575,10.370164948847858,0.8888712813298172,59.25808542198776,0.17500000000000002,0.015000000000000013
Israel,2011,0.0308458731780945,6.024572017902089,-4.34559293094577,59.25808542198776,0.10166666666666667,-0.07333333333333335
Israel,2012,0.1093592582820797,8.296131959078286,2.271559941176198,59.25808542198776,0.14,0.038333333333333344
Israel,2013,0.0611005895819047,6.370244182863684,-1.925887776214603,59.25808542198776,0.1075,-0.032500000000000015
Israel,2014,0.0818263658965214,5.283845950127242,-1.0863982327364419,59.25808542198776,0.08916666666666667,-0.018333333333333326
Israel,2015,0.1117691008043628,7.851696318413378,2.567850368286136,59.25808542198776,0.1325,0.043333333333333335
Israel,2016,0.0412955191837056,23.406943741685165,15.555247423271787,59.25808542198776,0.395,0.2625
Israel,2017,0.0559784779518715,59.35684889769107,35.949905156005904,59.25808542198776,1.0016666666666667,0.6066666666666667
Israel,2018,0.0507534526637272,108.54105979794092,49.184210900249845,59.25808542198776,1.8316666666666668,0.8300000000000001
Israel,2019,0.0412095581003377,127.89870103579024,19.35764123784932,59.25808542198776,2.158333333333333,0.32666666666666644
Israel,2020,0.0724685746916407,22.271163771097065,-105.62753726469317,59.25808542198776,0.3758333333333333,-1.7825
Israel,2021,0.1994941762160245,4.740646833759021,-17.530516937338042,59.25808542198776,0.08,-0.2958333333333333
Israel,2022,0.1441383177651083,99.75111046034606,95.01046362658704,59.25808542198776,1.6833333333333333,1.6033333333333333
Israel,2023,0.0558232677296821,297.72249750763683,197.97138704729076,59.25808542198776,5.024166666666667,3.3408333333333333
Israel,2024,0.0453737852592723,304.78408602042373,7.061588512786873,59.25808542198776,5.1433333333333335,0.11916666666666664
Jamaica,1991,,282.42288980371853,-119.75558140541561,49.65677183362084,5.6875,-2.411666666666667
Jamaica,1992,0.3874385677268819,174.87459814073472,-107.5482916629838,49.65677183362084,3.5216666666666665,-2.1658333333333335
Jamaica,1993,0.4344340913689812,150.08759286711896,-24.78700527361575,49.65677183362084,3.0224999999999995,-0.499166666666667
Jamaica,1994,0.2611917087162396,208.6412029875969,58.55361012047795,49.65677183362084,4.201666666666667,1.1791666666666676
Jamaica,1995,0.2514061105120149,289.83002493556694,81.18882194797001,49.65677183362084,5.836666666666666,1.634999999999999
Jamaica,1996,0.2467598443486238,263.09812943180106,-26.731895503765873,49.65677183362084,5.298333333333333,-0.5383333333333331
Jamaica,1997,0.2020811897921923,271.12597421156977,8.027844779768722,49.65677183362084,5.46,0.16166666666666707
Jamaica,1998,0.1518769541830771,265.82925188265017,-5.29672232891959,49.65677183362084,5.353333333333333,-0.10666666666666735
Jamaica,1999,0.081409739175374,246.79415601309555,-19.03509586955463,49.65677183362084,4.97,-0.38333333333333286
Jamaica,2000,0.0876640023913282,309.6513530258206,62.85719701272503,49.65677183362084,6.235833333333333,1.2658333333333331
Jamaica,2001,-0.0722167652377798,193.04070050320098,-116.61065252261959,49.65677183362084,3.8874999999999997,-2.348333333333333
Jamaica,2002,0.2328671633097094,82.76128638936807,-110.27941411383294,49.65677183362084,1.6666666666666667,-2.220833333333333
Jamaica,2003,0.1342789750184998,55.98801024240749,-26.773276146960573,49.65677183362084,1.1275,-0.5391666666666668
Jamaica,2004,0.1044103755347123,66.99526133219345,11.007251089785964,49.65677183362084,1.3491666666666668,0.2216666666666669
Jamaica,2005,0.150886785539118,159.56376015870163,92.56849882650818,49.65677183362084,3.2133333333333334,1.8641666666666665
Jamaica,2006,0.0702760469981029,246.50449151073275,86.94073135203114,49.65677183362084,4.964166666666666,1.750833333333333
Jamaica,2007,0.143899441415062,249.2356139615819,2.731122450849132,49.65677183362084,5.019166666666666,0.054999999999999716
Jamaica,2008,0.1364196864125659,95.71342770930417,-153.52218625227772,49.65677183362084,1.9275,-3.091666666666666
Jamaica,2009,0.0502581183389949,7.945083493379334,-87.76834421592483,49.65677183362084,0.16,-1.7675
Jamaica,2010,0.0944657086749778,8.689935070883648,0.7448515775043132,49.65677183362084,0.17500000000000002,0.015000000000000013
Jamaica,2011,0.0543449451261111,5.048438469751452,-3.6414966011321956,49.65677183362084,0.10166666666666667,-0.07333333333333335
Jamaica,2012,0.0471943865240227,6.951948056706918,1.903509586955466,49.65677183362084,0.14,0.038333333333333344
Jamaica,2013,0.0834179965224599,5.33810297211424,-1.613845084592678,49.65677183362084,0.1075,-0.032500000000000015
Jamaica,2014,0.1205915184366084,4.427728821831192,-0.9103741502830484,49.65677183362084,0.08916666666666667,-0.018333333333333326
Jamaica,2015,0.065293370350048,6.579522267954761,2.1517934461235697,49.65677183362084,0.1325,0.043333333333333335
Jamaica,2016,0.1257244750019523,19.614424874280232,13.03490260632547,49.65677183362084,0.395,0.2625
Jamaica,2017,0.1260248653519049,49.73953312001021,30.125108245729976,49.65677183362084,1.0016666666666667,0.6066666666666667
Jamaica,2018,0.1066317322332679,90.95465374191551,41.2151206219053,49.65677183362084,1.8316666666666668,0.8300000000000001
Jamaica,2019,0.0943198922309065,107.17586587423163,16.22121213231613,49.65677183362084,2.158333333333333,0.32666666666666644
Jamaica,2020,0.0923182231868509,18.662670080802496,-88.51319579342915,49.65677183362084,0.3758333333333333,-1.7825
Jamaica,2021,0.1695490527972438,3.972541746689667,-14.690128334112828,49.65677183362084,0.08,-0.2958333333333333
Jamaica,2022,0.1263905899041759,83.58889925326174,79.61635750657207,49.65677183362084,1.6833333333333333,1.6033333333333333
Jamaica,2023,0.081774337858846,249.48389782075003,165.89499856748827,49.65677183362084,5.024166666666667,3.3408333333333333
Jamaica,2024,0.1128245588216501,255.40132979758985,5.917431976839815,49.65677183362084,5.1433333333333335,0.11916666666666664
Japan,1991,,1077.9446404636751,-457.08011567793056,189.5287279936132,5.6875,-2.411666666666667
Japan,1992,0.0540021485965453,667.4570037508411,-410.48763671283393,189.5287279936132,3.5216666666666665,-2.1658333333333335
Japan,1993,0.0323748236786372,572.8505803606957,-94.60642339014531,189.5287279936132,3.0224999999999995,-0.499166666666667
Japan,1994,0.0432447732613283,796.3365387864982,223.48595842580238,189.5287279936132,4.201666666666667,1.1791666666666676
Japan,1995,0.0410184423207269,1106.2160090560556,309.8794702695574,189.5287279936132,5.836666666666666,1.634999999999999
Japan,1996,0.0399207476985026,1004.1863771528272,-102.02963190322839,189.5287279936132,5.298333333333333,-0.5383333333333331
Japan,1997,0.0373338268751624,1034.826854845128,30.640477692300877,189.5287279936132,5.46,0.16166666666666707
Japan,1998,0.0564755882817991,1014.6104571924758,-20.216397652652205,189.5287279936132,5.353333333333333,-0.10666666666666735
Japan,1999,0.0308821074207941,941.9577781282575,-72.6526790642183,189.5287279936132,4.97,-0.38333333333333286
Japan,2000,0.0276369763733939,1181.8695596468394,239.911781518582,189.5287279936132,6.235833333333333,1.2658333333333331
Japan,2001,0.0132672458917895,736.7929300751712,-445.07662957166826,189.5287279936132,3.8874999999999997,-2.348333333333333
Japan,2002,-0.189217934591916,315.88121332268867,-420.9117167524826,189.5287279936132,1.6666666666666667,-2.220833333333333
Japan,2003,0.0091920930161606,213.69364081279886,-102.1875725098898,189.5287279936132,1.1275,-0.5391666666666668
Japan,2004,0.0053904870458794,255.7058421847165,42.012201371917634,189.5287279936132,1.3491666666666668,0.2216666666666669
Japan,2005,0.0061995527111875,609.0189792861437,353.31313710142723,189.5287279936132,3.2133333333333334,1.8641666666666665
Japan,2006,0.0021364792396525,940.8521938816281,331.8332145954844,189.5287279936132,4.964166666666666,1.750833333333333
Japan,2007,-0.0071596232128641,951.2762739212768,10.424080039648672,189.5287279936132,5.019166666666666,0.054999999999999716
Japan,2008,0.0067059333054473,365.3166232076894,-585.9596507135873,189.5287279936132,1.9275,-3.091666666666666
Japan,2009,0.0085615167857113,30.324596478978112,-334.9920267287113,189.5287279936132,0.16,-1.7675
Japan,2010,0.0208355125853927,33.167527398882314,2.8429309199042003,189.5287279936132,0.17500000000000002,0.015000000000000013
Japan,2011,0.0178690609765581,19.268754012684006,-13.898773386198304,189.5287279936132,0.10166666666666667,-0.07333333333333335
Japan,2012,0.0287693341315318,26.53402191910585,7.265267906421841,189.5287279936132,0.14,0.038333333333333344
Japan,2013,0.0215679369200856,20.37433825931342,-6.159683659792432,189.5287279936132,0.1075,-0.032500000000000015
Japan,2014,0.0349157927154806,16.899644912763844,-3.4746933465495737,189.5287279936132,0.08916666666666667,-0.018333333333333326
Japan,2015,0.0282287724126959,25.112556459153748,8.212911546389906,189.5287279936132,0.1325,0.043333333333333335
Japan,2016,0.0295088198720918,74.86384755747721,49.75129109832346,189.5287279936132,0.395,0.2625
Japan,2017,0.0378028089460684,189.84460920693587,114.98076164945867,189.5287279936132,1.0016666666666667,0.6066666666666667
Japan,2018,0.0342738323856153,347.15345344163484,157.30884423469897,189.5287279936132,1.8316666666666668,0.8300000000000001
Japan,2019,0.0229603159050526,409.06617125288176,61.91271781124693,189.5287279936132,2.158333333333333,0.32666666666666644
Japan,2020,0.0204561839584869,71.23121360426629,-337.8349576486155,189.5287279936132,0.3758333333333333,-1.7825
Japan,2021,0.070988582233376,15.162298239489056,-56.068915364777226,189.5287279936132,0.08,-0.2958333333333333
Japan,2022,0.0290196518288468,319.04002545591555,303.8777272164265,189.5287279936132,1.6833333333333333,1.6033333333333333
Japan,2023,0.0224469492137089,952.223917561245,633.1838921053294,189.5287279936132,5.024166666666667,3.3408333333333333
Japan,2024,0.0211208062183558,974.8094243138172,22.585506752572233,189.5287279936132,5.1433333333333335,0.11916666666666664
Jordan,1991,,650.4762646630192,-275.82099779264144,114.3694531275638,5.6875,-2.411666666666667
Jordan,1992,0.1467263166991834,402.77109076423716,-247.70517389878196,114.3694531275638,3.5216666666666665,-2.1658333333333335
Jordan,1993,0.0328691901626676,345.6816720780615,-57.089418686175634,114.3694531275638,3.0224999999999995,-0.499166666666667
Jordan,1994,0.044080455211553,480.5423188909806,134.8606468129191,114.3694531275638,4.201666666666667,1.1791666666666676
Jordan,1995,0.032787534472181,667.5363747545473,186.9940558635667,114.3694531275638,5.836666666666666,1.634999999999999
Jordan,1996,0.0557033192561462,605.9674858208755,-61.56888893367182,114.3694531275638,5.298333333333333,-0.5383333333333331
Jordan,1997,-0.0091399288594971,624.4572140764983,18.48972825562286,114.3694531275638,5.46,0.16166666666666707
Jordan,1998,0.0736395245109022,612.2578057428915,-12.199408333606884,114.3694531275638,5.353333333333333,-0.10666666666666735
Jordan,1999,0.0612363537485869,568.4161820439921,-43.841623698899404,114.3694531275638,4.97,-0.38333333333333286
Jordan,2000,0.1441072788956816,713.1888481279666,144.77266608397449,114.3694531275638,6.235833333333333,1.2658333333333331
Jordan,2001,0.0734650802838849,444.61124903340425,-268.5775990945623,114.3694531275638,3.8874999999999997,-2.348333333333333
Jordan,2002,0.0779121702306504,190.61575521260633,-253.99549382079792,114.3694531275638,1.6666666666666667,-2.220833333333333
Jordan,2003,0.0824162772794316,128.95155840132819,-61.66419681127817,114.3694531275638,1.1275,-0.5391666666666668
Jordan,2004,0.1537053349743047,154.30345384460486,25.351895443276668,114.3694531275638,1.3491666666666668,0.2216666666666669
Jordan,2005,0.0994975174864727,367.507176049905,213.20372220530018,114.3694531275638,3.2133333333333334,1.8641666666666665
Jordan,2006,0.1940388718162218,567.7490269007479,200.24185085084292,114.3694531275638,4.964166666666666,1.750833333333333
Jordan,2007,0.1207647255685522,574.039346822764,6.290319922015977,114.3694531275638,5.019166666666666,0.054999999999999716
Jordan,2008,0.1171168416150578,220.44712090337921,-353.59222591938465,114.3694531275638,1.9275,-3.091666666666666
Jordan,2009,0.1913986440525157,18.29911250041021,-202.14800840296903,114.3694531275638,0.16,-1.7675
Jordan,2010,0.2174444102438641,20.014654297323666,1.7155417969134585,114.3694531275638,0.17500000000000002,0.015000000000000013
Jordan,2011,0.0882249338827954,11.627561067968987,-8.387093229354681,114.3694531275638,0.10166666666666667,-0.07333333333333335
Jordan,2012,0.0266205102593168,16.011723437858933,4.384162369889947,114.3694531275638,0.14,0.038333333333333344
Jordan,2013,-0.020632188956398,12.294716211213109,-3.7170072266458254,114.3694531275638,0.1075,-0.032500000000000015
Jordan,2014,0.1323908585026174,10.19794290387444,-2.096773307338669,114.3694531275638,0.08916666666666667,-0.018333333333333326
Jordan,2015,-0.0425049197329983,15.153952539402205,4.9560096355277645,114.3694531275638,0.1325,0.043333333333333335
Jordan,2016,0.0726933702192766,45.1759339853877,30.0219814459855,114.3694531275638,0.395,0.2625
Jordan,2017,0.0425172472209922,114.5600688827764,69.3841348973887,114.3694531275638,1.0016666666666667,0.6066666666666667
Jordan,2018,-0.0004458637297588,209.48671497865436,94.92664609587797,114.3694531275638,1.8316666666666668,0.8300000000000001
Jordan,2019,0.0015632912090737,246.8474030003252,37.36068802167082,114.3694531275638,2.158333333333333,0.32666666666666644
Jordan,2020,0.0500316155548681,42.983852800442726,-203.86355019988247,114.3694531275638,0.3758333333333333,-1.7825
Jordan,2021,0.0557683865517617,9.149556250205105,-33.83429655023762,114.3694531275638,0.08,-0.2958333333333333
Jordan,2022,0.0679921715620714,192.5219127647324,183.3723565145273,114.3694531275638,1.6833333333333333,1.6033333333333333
Jordan,2023,0.05238776969761,574.6111940884018,382.0892813236694,114.3694531275638,5.024166666666667,3.3408333333333333
Jordan,2024,0.0206501945364188,588.2402205861032,13.62902649770135,114.3694531275638,5.1433333333333335,0.11916666666666664
Kazakhstan,1994,,73.28528091300817,20.566971934134592,17.44195499714593,4.201666666666667,1.1791666666666676
Kazakhstan,1995,1.9109961838052136,101.80287733334174,28.51759642033358,17.44195499714593,5.836666666666666,1.634999999999999
Kazakhstan,1996,0.7333792903938487,92.41329155987819,-9.389585773463555,17.44195499714593,5.298333333333333,-0.5383333333333331
Kazakhstan,1997,0.1894547597475302,95.23307428441679,2.8197827245385993,17.44195499714593,5.46,0.16166666666666707
Kazakhstan,1998,0.2155652251567588,93.3725990847212,-1.860475199695578,17.44195499714593,5.353333333333333,-0.10666666666666735
Kazakhstan,1999,-0.1523696464414854,86.68651633581527,-6.686082748905932,17.44195499714593,4.97,-0.38333333333333286
Kazakhstan,2000,0.6117749688292697,108.76512436970249,22.07860803388722,17.44195499714593,6.235833333333333,1.2658333333333331
Kazakhstan,2001,0.3712832663167447,67.80560005140481,-40.95952431829769,17.44195499714593,3.8874999999999997,-2.348333333333333
Kazakhstan,2002,0.3379197735606034,29.06992499524322,-38.73567505616159,17.44195499714593,1.6666666666666667,-2.220833333333333
Kazakhstan,2003,0.262793124922517,19.665804259282037,-9.404120735961184,17.44195499714593,1.1275,-0.5391666666666668
Kazakhstan,2004,0.2944108600011077,23.53210428364939,3.866300024367352,17.44195499714593,1.3491666666666668,0.2216666666666669
Kazakhstan,2005,0.5295024953684333,56.046815390828925,32.51471110717954,17.44195499714593,3.2133333333333334,1.8641666666666665
Kazakhstan,2006,0.2244536867583875,86.58477159833193,30.537956207502997,17.44195499714593,4.964166666666666,1.750833333333333
Kazakhstan,2007,0.5769508195440878,87.54407912317494,0.9593075248430213,17.44195499714593,5.019166666666666,0.054999999999999716
Kazakhstan,2008,0.2302702842767878,33.61936825699878,-53.924710866176156,17.44195499714593,1.9275,-3.091666666666666
Kazakhstan,2009,0.3028098054518651,2.790712799543349,-30.828655457455433,17.44195499714593,0.16,-1.7675
Kazakhstan,2010,0.1778791739512435,3.052342124500538,0.2616293249571892,17.44195499714593,0.17500000000000002,0.015000000000000013
Kazakhstan,2011,0.1248349259287877,1.7732654247098363,-1.279076699790702,17.44195499714593,0.10166666666666667,-0.07333333333333335
Kazakhstan,2012,0.1394526107956935,2.4418736996004307,0.6686082748905943,17.44195499714593,0.14,0.038333333333333344
Kazakhstan,2013,0.0760489567630102,1.8750101621931876,-0.566863537407243,17.44195499714593,0.1075,-0.032500000000000015
Kazakhstan,2014,0.0972973354004977,1.5552409872455122,-0.31976917494767526,17.44195499714593,0.08916666666666667,-0.018333333333333326
Kazakhstan,2015,0.0987191391804032,2.311059037121836,0.7558180498763237,17.44195499714593,0.1325,0.043333333333333335
Kazakhstan,2016,0.2910284728233776,6.889572223872643,4.578513186750807,17.44195499714593,0.395,0.2625
Kazakhstan,2017,0.1450203480120713,17.471024922141176,10.581452698268532,17.44195499714593,1.0016666666666667,0.6066666666666667
Kazakhstan,2018,-0.0174383183504005,31.9478475697723,14.476822647631124,17.44195499714593,1.8316666666666668,0.8300000000000001
Kazakhstan,2019,0.0674231498478228,37.645552868839964,5.697705299067667,17.44195499714593,2.158333333333333,0.32666666666666644
Kazakhstan,2020,0.024147065851249,6.555268086427345,-31.09028478241262,17.44195499714593,0.3758333333333333,-1.7825
Kazakhstan,2021,0.1558390905601605,1.3953563997716745,-5.15991168665567,17.44195499714593,0.08,-0.2958333333333333
Kazakhstan,2022,0.1889198119529744,29.360624245195652,27.965267845423977,17.44195499714593,1.6833333333333333,1.6033333333333333
Kazakhstan,2023,0.1305258019352599,87.63128889816069,58.27066465296503,17.44195499714593,5.024166666666667,3.3408333333333333
Kazakhstan,2024,0.110463529770957,89.70978853532057,2.0784996371598896,17.44195499714593,5.1433333333333335,0.11916666666666664
Kenya,1991,,210.22505489436156,-89.14158371637838,36.96264701439324,5.6875,-2.411666666666667
Kenya,1992,0.178754626000785,130.17012190235485,-80.0549329920067,36.96264701439324,3.5216666666666665,-2.1658333333333335
Kenya,1993,0.3294579121410379,111.71960060100355,-18.450521301351305,36.96264701439324,3.0224999999999995,-0.499166666666667
Kenya,1994,0.2471212928580577,155.3047218721423,43.58512127113873,36.96264701439324,4.201666666666667,1.1791666666666676
Kenya,1995,0.2084592419569872,215.73864974067519,60.433927868532905,36.96264701439324,5.836666666666666,1.634999999999999
Kenya,1996,0.2546459244979893,195.8404247645935,-19.898224976081686,36.96264701439324,5.298333333333333,-0.5383333333333331
Kenya,1997,0.2257406276671538,201.8160526985871,5.9756279339935885,36.96264701439324,5.46,0.16166666666666707
Kenya,1998,0.1839424345254841,197.87337035038513,-3.9426823482019713,36.96264701439324,5.353333333333333,-0.10666666666666735
Kenya,1999,0.0288911194455963,183.7043556615344,-14.169014688850725,36.96264701439324,4.97,-0.38333333333333286
Kenya,2000,0.0628592544252342,230.49290634058715,46.78855067905277,36.96264701439324,6.235833333333333,1.2658333333333331
Kenya,2001,0.0479126147696646,143.69229026845372,-86.80061607213345,36.96264701439324,3.8874999999999997,-2.348333333333333
Kenya,2002,0.0548703377671984,61.604411690655404,-82.08787857779832,36.96264701439324,1.6666666666666667,-2.220833333333333
Kenya,2003,0.094298852763405,41.67538450872838,-19.929027181927026,36.96264701439324,1.1275,-0.5391666666666668
Kenya,2004,0.1114277657325217,49.86877126358556,8.193386754857176,36.96264701439324,1.3491666666666668,0.2216666666666669
Kenya,2005,0.126382963251892,118.77330573958362,68.90453447599806,36.96264701439324,3.2133333333333334,1.8641666666666665
Kenya,2006,0.0944768469837527,183.4887402206171,64.71543448103348,36.96264701439324,4.964166666666666,1.750833333333333
Kenya,2007,0.1567636035309796,185.52168580640873,2.0329455857916177,36.96264701439324,5.019166666666666,0.054999999999999716
Kenya,2008,0.1858407336944623,71.24550212024297,-114.27618368616574,36.96264701439324,1.9275,-3.091666666666666
Kenya,2009,0.144523096196643,5.9140235223029185,-65.33147859794006,36.96264701439324,0.16,-1.7675
Kenya,2010,0.1523546932557202,6.468463227518818,0.5544397052158991,36.96264701439324,0.17500000000000002,0.015000000000000013
Kenya,2011,0.2018110198442713,3.7578691131299795,-2.7105941143888383,36.96264701439324,0.10166666666666667,-0.07333333333333335
Kenya,2012,0.1752302577424878,5.1747705820150545,1.4169014688850747,36.96264701439324,0.14,0.038333333333333344
Kenya,2013,0.1344637817571659,3.9734845540472734,-1.2012860279677808,36.96264701439324,0.1075,-0.032500000000000015
Kenya,2014,0.1421792369002688,3.2958360254500643,-0.6776485285972091,36.96264701439324,0.08916666666666667,-0.018333333333333326
Kenya,2015,0.2352401922186331,4.897550729407104,1.6017147039570405,36.96264701439324,0.1325,0.043333333333333335
Kenya,2016,0.1490216335778598,14.600245570685331,9.702694841278227,36.96264701439324,0.395,0.2625
Kenya,2017,0.0381664108782686,37.0242514260839,22.424005855398566,36.96264701439324,1.0016666666666667,0.6066666666666667
Kenya,2018,0.0862540929834807,67.7032484480303,30.678997021946394,36.96264701439324,1.8316666666666668,0.8300000000000001
Kenya,2019,0.0964275648489341,79.77771313939874,12.07446469136845,36.96264701439324,2.158333333333333,0.32666666666666644
Kenya,2020,0.0584339660983381,13.891794836242791,-65.88591830315595,36.96264701439324,0.3758333333333333,-1.7825
Kenya,2021,0.1246331598346834,2.9570117611514593,-10.934783075091332,36.96264701439324,0.08,-0.2958333333333333
Kenya,2022,0.0603310795968923,62.220455807561954,59.26344404641049,36.96264701439324,1.6833333333333333,1.6033333333333333
Kenya,2023,0.0725729331059206,185.70649904148073,123.48604323391875,36.96264701439324,5.024166666666667,3.3408333333333333
Kenya,2024,0.1812683088495035,190.11121447736258,4.404715435881861,36.96264701439324,5.1433333333333335,0.11916666666666664
"Korea, Rep.",1991,,193.6088761967652,-82.09583702761006,34.041121089541136,5.6875,-2.411666666666667
"Korea, Rep.",1992,0.1979276566185888,119.8814814370007,-73.72739475976452,34.041121089541136,3.5216666666666665,-2.1658333333333335
"Korea, Rep.",1993,0.1392533384994649,102.88928849313807,-16.992192943862626,34.041121089541136,3.0224999999999995,-0.499166666666667
"Korea, Rep.",1994,0.1534138516364862,143.02944377788867,40.14015528475062,34.041121089541136,4.201666666666667,1.1791666666666676
"Korea, Rep.",1995,0.1712386250795461,198.68667675928842,55.65723298139972,34.041121089541136,5.836666666666666,1.634999999999999
"Korea, Rep.",1996,0.1449068082643023,180.3612065727521,-18.325470186536304,34.041121089541136,5.298333333333333,-0.5383333333333331
"Korea, Rep.",1997,0.1469339379686403,185.8645211488946,5.503314576142498,34.041121089541136,5.46,0.16166666666666707
"Korea, Rep.",1998,0.1322882024161629,182.23346823267684,-3.6310529162177447,34.041121089541136,5.353333333333333,-0.10666666666666735
"Korea, Rep.",1999,0.2392230613908026,169.18437181501943,-13.049096417657418,34.041121089541136,4.97,-0.38333333333333286
"Korea, Rep.",2000,0.2419781818932449,212.27475759419693,43.09038577917748,34.041121089541136,6.235833333333333,1.2658333333333331
"Korea, Rep.",2001,0.2265439605465431,132.33485823559116,-79.93989935860576,34.041121089541136,3.8874999999999997,-2.348333333333333
"Korea, Rep.",2002,0.616282771061087,56.735201815901895,-75.59965641968927,34.041121089541136,1.6666666666666667,-2.220833333333333
"Korea, Rep.",2003,0.1310273079941453,38.38136402845763,-18.353837787444267,34.041121089541136,1.1275,-0.5391666666666668
"Korea, Rep.",2004,0.0293713112869511,45.92714586997259,7.54578184151496,34.041121089541136,1.3491666666666668,0.2216666666666669
"Korea, Rep.",2005,0.061173365223432,109.38546910105885,63.45832323108626,34.041121089541136,3.2133333333333334,1.8641666666666665
"Korea, Rep.",2006,0.0675563944314987,168.98579860866377,59.600329507604926,34.041121089541136,4.964166666666666,1.750833333333333
"Korea, Rep.",2007,0.1178982366618939,170.85806026858853,1.8722616599247528,34.041121089541136,5.019166666666666,0.054999999999999716
"Korea, Rep.",2008,0.1027367573955757,65.61426090009054,-105.24379936849799,34.041121089541136,1.9275,-3.091666666666666
"Korea, Rep.",2009,0.1129375704062027,5.446579374326582,-60.16768152576396,34.041121089541136,0.16,-1.7675
"Korea, Rep.",2010,0.0942728104720487,5.957196190669699,0.5106168163431175,34.041121089541136,0.17500000000000002,0.015000000000000013
"Korea, Rep.",2011,0.0580696097344102,3.4608473107700157,-2.4963488798996836,34.041121089541136,0.10166666666666667,-0.07333333333333335
"Korea, Rep.",2012,0.0533119441776364,4.765756952535759,1.304909641765744,34.041121089541136,0.14,0.038333333333333344
"Korea, Rep.",2013,0.0469452775477634,3.659420517125672,-1.1063364354100875,34.041121089541136,0.1075,-0.032500000000000015
"Korea, Rep.",2014,0.0453451065985888,3.0353332971507516,-0.6240872199749206,34.041121089541136,0.08916666666666667,-0.018333333333333326
"Korea, Rep.",2015,0.0782980457042796,4.510448544364201,1.4751152472134492,34.041121089541136,0.1325,0.043333333333333335
"Korea, Rep.",2016,0.0787256701732417,13.44624283036875,8.93579428600455,34.041121089541136,0.395,0.2625
"Korea, Rep.",2017,0.0688089773929689,34.09785629135704,20.65161346098829,34.041121089541136,1.0016666666666667,0.6066666666666667
"Korea, Rep.",2018,0.04978719934509,62.35198679567618,28.254130504319146,34.041121089541136,1.8316666666666668,0.8300000000000001
"Korea, Rep.",2019,0.0650269065285655,73.47208635159295,11.120099555916763,34.041121089541136,2.158333333333333,0.32666666666666644
"Korea, Rep.",2020,0.0760067466287779,12.793788009485876,-60.67829834210708,34.041121089541136,0.3758333333333333,-1.7825
"Korea, Rep.",2021,0.0937067330031808,2.723289687163291,-10.070498322322583,34.041121089541136,0.08,-0.2958333333333333
"Korea, Rep.",2022,0.1216292964202097,57.302553834060916,54.57926414689762,34.041121089541136,1.6833333333333333,1.6033333333333333
"Korea, Rep.",2023,0.0392208071233355,171.02826587403626,113.72571203997535,34.041121089541136,5.024166666666667,3.3408333333333333
"Korea, Rep.",2024,0.0381936583622817,175.08483280387324,4.056566929836984,34.041121089541136,5.1433333333333335,0.11916666666666664
Kosovo,2009,,7.619397545894384,-84.17053226480202,47.6212346618399,0.16,-1.7675
Kosovo,2010,0.1029392575469394,8.333716065821983,0.7143185199275991,47.6212346618399,0.17500000000000002,0.015000000000000013
Kosovo,2011,0.1267383787719715,4.84149219062039,-3.4922238752015935,47.6212346618399,0.10166666666666667,-0.07333333333333335
Kosovo,2012,0.0843446938652654,6.666972852657587,1.8254806620371966,47.6212346618399,0.14,0.038333333333333344
Kosovo,2013,0.0688115151391102,5.119282726147789,-1.5476901265097975,47.6212346618399,0.1075,-0.032500000000000015
Kosovo,2014,0.1584792810000159,4.246226757347391,-0.8730559688003978,47.6212346618399,0.08916666666666667,-0.018333333333333326
Kosovo,2015,-0.039939771948358,6.309813592693787,2.0635868353463955,47.6212346618399,0.1325,0.043333333333333335
Kosovo,2016,0.0580250657813969,18.81038769142676,12.500574098732974,47.6212346618399,0.395,0.2625
Kosovo,2017,0.0851158479893179,47.7006033862763,28.89021569484954,47.6212346618399,1.0016666666666667,0.6066666666666667
Kosovo,2018,0.0616242767099279,87.22622815560342,39.52562476932712,47.6212346618399,1.8316666666666668,0.8300000000000001
Kosovo,2019,0.0773836177203293,102.78249814513778,15.556269989534357,47.6212346618399,2.158333333333333,0.32666666666666644
Kosovo,2020,0.1184135284098104,17.89764736040816,-84.88485078472962,47.6212346618399,0.3758333333333333,-1.7825
Kosovo,2021,0.1425047975974394,3.809698772947192,-14.087948587460968,47.6212346618399,0.08,-0.2958333333333333
Kosovo,2022,0.1131715355231754,80.16241168076384,76.35271290781664,47.6212346618399,1.6833333333333333,1.6033333333333333
Kosovo,2023,0.1104509084820364,239.2570198135273,159.09460813276345,47.6212346618399,5.024166666666667,3.3408333333333333
Kosovo,2024,0.1068428546960049,244.9318836107299,5.674863797202587,47.6212346618399,5.1433333333333335,0.11916666666666664
Kuwait,1992,,399.31971087121,-245.5825670975568,113.38941151099196,3.5216666666666665,-2.1658333333333335
Kuwait,1993,0.006923308427801,342.71949629197314,-56.600214579236855,113.38941151099196,3.0224999999999995,-0.499166666666667
Kuwait,1994,0.0542887210855127,476.4245106986846,133.70501440671146,113.38941151099196,4.201666666666667,1.1791666666666676
Kuwait,1995,0.0527391336732492,661.8161985191564,185.39168782047173,113.38941151099196,5.836666666666666,1.634999999999999
Kuwait,1996,0.0895786837658967,600.774898655739,-61.041299863417315,113.38941151099196,5.298333333333333,-0.5383333333333331
Kuwait,1997,-0.005970491769542,619.1061868500161,18.33128819427708,113.38941151099196,5.46,0.16166666666666707
Kuwait,1998,0.0381530060445101,607.0113162888435,-12.094870561172554,113.38941151099196,5.353333333333333,-0.10666666666666735
Kuwait,1999,-0.0078431774610265,563.54537520963,-43.46594107921353,113.38941151099196,4.97,-0.38333333333333286
Kuwait,2000,0.0159509765505667,707.077471947294,143.53209673766398,113.38941151099196,6.235833333333333,1.2658333333333331
Kuwait,2001,0.0612771523867508,440.8013372489812,-266.2761346983128,113.38941151099196,3.8874999999999997,-2.348333333333333
Kuwait,2002,0.1204930998228377,188.98235251831994,-251.8189847306613,113.38941151099196,1.6666666666666667,-2.220833333333333
Kuwait,2003,0.0464460063492389,127.84656147864344,-61.13579103967651,113.38941151099196,1.1275,-0.5391666666666668
Kuwait,2004,0.0753502611400662,152.98121436358002,25.13465288493658,113.38941151099196,1.3491666666666668,0.2216666666666669
Kuwait,2005,0.1163990079363834,364.35797565532084,211.37676129174082,113.38941151099196,3.2133333333333334,1.8641666666666665
Kuwait,2006,0.1132373218134112,562.8839369758159,198.52596132049507,113.38941151099196,4.964166666666666,1.750833333333333
Kuwait,2007,0.1960506093555061,569.1203546089205,6.236417633104526,113.38941151099196,5.019166666666666,0.054999999999999716
Kuwait,2008,0.1747161038873059,218.55809068743702,-350.5622639214834,113.38941151099196,1.9275,-3.091666666666666
Kuwait,2009,0.1464477512787141,18.142305841758713,-200.4157848456783,113.38941151099196,0.16,-1.7675
Kuwait,2010,0.1259209968791559,19.843147014423597,1.7008411726648809,113.38941151099196,0.17500000000000002,0.015000000000000013
Kuwait,2011,0.029229350216493,11.527923503617517,-8.31522351080608,113.38941151099196,0.10166666666666667,-0.07333333333333335
Kuwait,2012,0.0791879148471039,15.874517611538876,4.3465941079213595,113.38941151099196,0.14,0.038333333333333344
Kuwait,2013,0.062653739076623,12.189361737431636,-3.6851558741072403,113.38941151099196,0.1075,-0.032500000000000015
Kuwait,2014,0.0931218575627497,10.110555859730118,-2.0788058777015186,113.38941151099196,0.08916666666666667,-0.018333333333333326
Kuwait,2015,0.0362435833372742,15.024097025206435,4.913541165476318,113.38941151099196,0.1325,0.043333333333333335
Kuwait,2016,0.0182416799328741,44.78881754684183,29.764720521635393,113.38941151099196,0.395,0.2625
Kuwait,2017,0.0338088766158897,113.57839386351029,68.78957631666846,113.38941151099196,1.0016666666666667,0.6066666666666667
Kuwait,2018,0.0372564211926231,207.6916054176336,94.11321155412334,113.38941151099196,1.8316666666666668,0.8300000000000001
Kuwait,2019,0.0397717629742295,244.7321465112243,37.04054109359068,113.38941151099196,2.158333333333333,0.32666666666666644
Kuwait,2020,-0.0147878314582357,42.61552049288114,-202.11662601834317,113.38941151099196,0.3758333333333333,-1.7825
Kuwait,2021,-0.0763366090504256,9.071152920879356,-33.54436757200178,113.38941151099196,0.08,-0.2958333333333333
Kuwait,2022,0.0372262911659753,190.87217604350315,181.80102312262377,113.38941151099196,1.6833333333333333,1.6033333333333333
Kuwait,2023,0.0625310841155624,569.6873016664755,378.8151256229723,113.38941151099196,5.024166666666667,3.3408333333333333
Kuwait,2024,0.0100307320674772,583.1995398715353,13.512238205059873,113.38941151099196,5.1433333333333335,0.11916666666666664
Kyrgyz Republic,1996,,91.1413359471292,-9.260349641686922,17.2018878792946,5.298333333333333,-0.5383333333333331
Kyrgyz Republic,1997,0.1380276410759684,93.9223078209485,2.7809718738193006,17.2018878792946,5.46,0.16166666666666707
Kyrgyz Republic,1998,0.2789998041961432,92.08743978049041,-1.8348680404581024,17.2018878792946,5.353333333333333,-0.10666666666666735
Kyrgyz Republic,1999,0.1615145907915831,85.49338276009415,-6.594057020396255,17.2018878792946,4.97,-0.38333333333333286
Kyrgyz Republic,2000,0.2902463812885294,107.2681058339679,21.774723073873744,17.2018878792946,6.235833333333333,1.2658333333333331
Kyrgyz Republic,2001,0.110847447398747,66.87233913075775,-40.39576670321015,17.2018878792946,3.8874999999999997,-2.348333333333333
Kyrgyz Republic,2002,0.1071705083054261,28.669813132157667,-38.20252599860009,17.2018878792946,1.6666666666666667,-2.220833333333333
Kyrgyz Republic,2003,0.2917617886316286,19.39512858390466,-9.274684548253006,17.2018878792946,1.1275,-0.5391666666666668
Kyrgyz Republic,2004,0.2879148651316292,23.20821373048163,3.8130851465769733,17.2018878792946,1.3491666666666668,0.2216666666666669
Kyrgyz Republic,2005,0.2781620762284653,55.27539971879998,32.06718598831834,17.2018878792946,3.2133333333333334,1.8641666666666665
Kyrgyz Republic,2006,0.094396268159496,85.3930384141316,30.11763869533162,17.2018878792946,4.964166666666666,1.750833333333333
Kyrgyz Republic,2007,0.4066515065318405,86.3391422474928,0.9461038333611981,17.2018878792946,5.019166666666666,0.054999999999999716
Kyrgyz Republic,2008,0.3030674545702005,33.15663888734034,-53.18250336015245,17.2018878792946,1.9275,-3.091666666666666
Kyrgyz Republic,2009,0.0746345836886703,2.752302060687136,-30.404336826653203,17.2018878792946,0.16,-1.7675
Kyrgyz Republic,2010,0.2006785410328611,3.010330378876555,0.25802831818941924,17.2018878792946,0.17500000000000002,0.015000000000000013
Kyrgyz Republic,2011,0.1918190283647369,1.7488586010616176,-1.2614717778149376,17.2018878792946,0.10166666666666667,-0.07333333333333335
Kyrgyz Republic,2012,0.1389631529462072,2.408264303101244,0.6594057020396265,17.2018878792946,0.14,0.038333333333333344
Kyrgyz Republic,2013,0.2137344591834775,1.8492029470241693,-0.5590613560770747,17.2018878792946,0.1075,-0.032500000000000015
Kyrgyz Republic,2014,0.2050960832162722,1.5338350025704353,-0.3153679444537342,17.2018878792946,0.08916666666666667,-0.018333333333333326
Kyrgyz Republic,2015,0.0297737557792707,2.2792501440065345,0.7454151414360993,17.2018878792946,0.1325,0.043333333333333335
Kyrgyz Republic,2016,0.1389178877062384,6.794745712321367,4.515495568314832,17.2018878792946,0.395,0.2625
Kyrgyz Republic,2017,0.1361287602113421,17.230557692426757,10.43581198010539,17.2018878792946,1.0016666666666667,0.6066666666666667
Kyrgyz Republic,2018,0.1647400055613666,31.508124632241277,14.277566939814518,17.2018878792946,1.8316666666666668,0.8300000000000001
Kyrgyz Republic,2019,0.053756367896284,37.12740800614417,5.619283373902898,17.2018878792946,2.158333333333333,0.32666666666666644
Kyrgyz Republic,2020,0.1207430848147765,6.465042861301553,-30.66236514484262,17.2018878792946,0.3758333333333333,-1.7825
Kyrgyz Republic,2021,0.2141479465827132,1.376151030343568,-5.0888918309579845,17.2018878792946,0.08,-0.2958333333333333
Kyrgyz Republic,2022,0.1749338016661532,28.956511263479243,27.58036023313567,17.2018878792946,1.6833333333333333,1.6033333333333333
Lao PDR,1991,,66.44921371371092,-28.176413844319327,11.683378235377743,5.6875,-2.411666666666667
Lao PDR,1992,0.1461184561633857,41.144963685588614,-25.304250028122297,11.683378235377743,3.5216666666666665,-2.1658333333333335
Lao PDR,1993,0.3988107782964434,35.313010716429226,-5.831952969159394,11.683378235377743,3.0224999999999995,-0.499166666666667
Lao PDR,1994,0.4982809441260833,49.08966088564549,13.776650169216266,11.683378235377743,4.201666666666667,1.1791666666666676
Lao PDR,1995,0.2771117342599183,68.19198430048809,19.102323414842598,11.683378235377743,5.836666666666666,1.634999999999999
Lao PDR,1996,0.1518809145680393,61.90243235044307,-6.289551950045015,11.683378235377743,5.298333333333333,-0.5383333333333331
Lao PDR,1997,0.2369008942792447,63.79124516516248,1.8888128147194065,11.683378235377743,5.46,0.16166666666666707
Lao PDR,1998,0.5053847869743251,62.545018153388845,-1.246227011773634,11.683378235377743,5.353333333333333,-0.10666666666666735
Lao PDR,1999,0.7574532239377412,58.06638982982738,-4.478628323561463,11.683378235377743,4.97,-0.38333333333333286
Lao PDR,2000,0.5786517186507076,72.85559944610971,14.789209616282324,11.683378235377743,6.235833333333333,1.2658333333333331
Lao PDR,2001,0.3787145197650154,45.41913289003097,-27.43646655607873,11.683378235377743,3.8874999999999997,-2.348333333333333
Lao PDR,2002,0.1285372370065971,19.472297058962905,-25.94683583106807,11.683378235377743,1.6666666666666667,-2.220833333333333
Lao PDR,2003,0.3191733048473395,13.173008960388405,-6.299288098574501,11.683378235377743,1.1275,-0.5391666666666668
Lao PDR,2004,0.1829446980122497,15.762824469230473,2.589815508842069,11.683378235377743,1.3491666666666668,0.2216666666666669
Lao PDR,2005,0.1958654362431815,37.54258872968048,21.77976426045001,11.683378235377743,3.2133333333333334,1.8641666666666665
Lao PDR,2006,0.0757212383895478,57.99823679012101,20.455648060440527,11.683378235377743,4.964166666666666,1.750833333333333
Lao PDR,2007,0.2368178532415861,58.64082259306679,0.6425858029457726,11.683378235377743,5.019166666666666,0.054999999999999716
Lao PDR,2008,0.3272722196766437,22.5197115486906,-36.12111104437618,11.683378235377743,1.9275,-3.091666666666666
Lao PDR,2009,0.1681431699911435,1.869340517660439,-20.65037103103016,11.683378235377743,0.16,-1.7675
Lao PDR,2010,0.2807064548239495,2.044591191191105,0.1752506735306663,11.683378235377743,0.17500000000000002,0.015000000000000013
Lesotho,1991,,189.5553176536846,-80.37700941974553,33.32840749954894,5.6875,-2.411666666666667
Lesotho,1992,0.0974679103813862,117.37154174424484,-72.18377590943975,33.32840749954894,3.5216666666666665,-2.1658333333333335
Lesotho,1993,0.1006123181909579,100.73511166738665,-16.63643007685819,33.32840749954894,3.0224999999999995,-0.499166666666667
Lesotho,1994,0.2014990492411676,140.03485884393814,39.299747176551485,33.32840749954894,4.201666666666667,1.1791666666666676
Lesotho,1995,0.1033624195365057,194.52680510570062,54.49194626176248,33.32840749954894,5.836666666666666,1.634999999999999
Lesotho,1996,0.0935868154669918,176.58501240177677,-17.941792703923838,33.32840749954894,5.298333333333333,-0.5383333333333331
Lesotho,2000,0.1582723924636937,207.8303944326039,42.18820915984569,33.32840749954894,6.235833333333333,1.2658333333333331
Lesotho,2001,0.0136484828366469,129.56418415449647,-78.26621027810742,33.32840749954894,3.8874999999999997,-2.348333333333333
Lesotho,2002,0.1583385004517978,55.54734583258156,-74.01683832191493,33.32840749954894,1.6666666666666667,-2.220833333333333
Lesotho,2003,0.0843916215550706,37.57777945574143,-17.969566376840138,33.32840749954894,1.1275,-0.5391666666666668
Lesotho,2004,0.0580862583999,44.96557645147478,7.387796995733356,33.32840749954894,1.3491666666666668,0.2216666666666669
Lesotho,2005,0.0332542445683792,107.09528276521725,62.129706313742474,33.32840749954894,3.2133333333333334,1.8641666666666665
Lesotho,2006,0.0874211282905683,165.44776956234418,58.35248679712692,33.32840749954894,4.964166666666666,1.750833333333333
Lesotho,2007,0.3023694321113304,167.28083197481936,1.8330624124751822,33.32840749954894,5.019166666666666,0.054999999999999716
Lesotho,2008,0.1514355694069351,64.24050545538057,-103.04032651943878,33.32840749954894,1.9275,-3.091666666666666
Lesotho,2009,0.1794195702719747,5.33254519992783,-58.90796025545275,33.32840749954894,0.16,-1.7675
Lesotho,2010,0.0768622378414676,5.832471312421065,0.4999261124932345,33.32840749954894,0.17500000000000002,0.015000000000000013
Lesotho,2011,0.2018479176135059,3.3883880957874752,-2.4440832166335893,33.32840749954894,0.10166666666666667,-0.07333333333333335
Lesotho,2012,0.031482057552111,4.665977049936852,1.2775889541493763,33.32840749954894,0.14,0.038333333333333344
Lesotho,2013,0.0708617445323511,3.5828038062015106,-1.083173243735341,33.32840749954894,0.1075,-0.032500000000000015
Lesotho,2014,0.1919731595296632,2.971783002043114,-0.611020804158397,33.32840749954894,0.08916666666666667,-0.018333333333333326
Lesotho,2015,0.0387498909015668,4.4160139936902345,1.4442309916471208,33.32840749954894,0.1325,0.043333333333333335
Lesotho,2016,0.1183006558718986,13.16472096232183,8.748706968631597,33.32840749954894,0.395,0.2625
Lesotho,2017,-0.0495957330164031,33.383954845381524,20.21923388305969,33.32840749954894,1.0016666666666667,0.6066666666666667
Lesotho,2018,0.2273433090244125,61.04653307000714,27.66257822462562,33.32840749954894,1.8316666666666668,0.8300000000000001
Lesotho,2019,0.1016001530341057,71.93381285319312,10.88727978318598,33.32840749954894,2.158333333333333,0.32666666666666644
Lesotho,2020,-0.094255107651378,12.52592648524714,-59.40788636794598,33.32840749954894,0.3758333333333333,-1.7825
Liberia,2002,,14.541033544129245,-19.375927197552215,8.724620126477546,1.6666666666666667,-2.220833333333333
Liberia,2003,-0.1916777151367483,9.837009192603434,-4.7040243515258116,8.724620126477546,1.1275,-0.5391666666666668
Liberia,2004,0.1297803384257854,11.770966653972625,1.9339574613691914,8.724620126477546,1.3491666666666668,0.2216666666666669
Liberia,2005,0.4547945368600672,28.035112673081183,16.26414601910856,8.724620126477546,3.2133333333333334,1.8641666666666665
Liberia,2006,0.2539886459818312,43.31046841118895,15.275355738107768,8.724620126477546,4.964166666666666,1.750833333333333
Liberia,2007,0.2808987854980032,43.79032251814522,0.47985410695626257,8.724620126477546,5.019166666666666,0.054999999999999716
Liberia,2008,0.2209726051054055,16.81670529378547,-26.973617224359742,8.724620126477546,1.9275,-3.091666666666666
Liberia,2009,0.3198521040078859,1.3959392202364074,-15.420766073549064,8.724620126477546,0.16,-1.7675
Liberia,2010,0.2284225485549313,1.5268085221335708,0.1308693018971633,8.724620126477546,0.17500000000000002,0.015000000000000013
Liberia,2011,0.2501670674224492,0.8870030461918839,-0.6398054759416869,8.724620126477546,0.10166666666666667,-0.07333333333333335
Liberia,2012,0.263438291930786,1.2214468177068567,0.33444377151497273,8.724620126477546,0.14,0.038333333333333344
Liberia,2013,0.0217828176970797,0.9378966635963363,-0.28355015411052037,8.724620126477546,0.1075,-0.032500000000000015
Liberia,2014,0.2041238761690884,0.7779452946109147,-0.15995136898542162,8.724620126477546,0.08916666666666667,-0.018333333333333326
Liberia,2015,-0.0828728998528305,1.156012166758275,0.37806687214736034,8.724620126477546,0.1325,0.043333333333333335
Liberia,2016,0.0835162655179466,3.446224949958631,2.290212783200356,8.724620126477546,0.395,0.2625
Liberia,2017,-0.0847916060146332,8.739161160021675,5.292936210063045,8.724620126477546,1.0016666666666667,0.6066666666666667
Liberia,2018,0.1010998045218514,15.98059586499804,7.241434704976364,8.724620126477546,1.8316666666666668,0.8300000000000001
Liberia,2019,0.0298746179791606,18.83063843964737,2.8500425746493296,8.724620126477546,2.158333333333333,0.32666666666666644
Liberia,2020,-0.0768788694974027,3.2790030642011443,-15.551635375446226,8.724620126477546,0.3758333333333333,-1.7825
Liberia,2021,0.0237518073939924,0.6979696101182037,-2.5810334540829403,8.724620126477546,0.08,-0.2958333333333333
Liberia,2022,0.1252206094557664,14.686443879570536,13.988474269452333,8.724620126477546,1.6833333333333333,1.6033333333333333
Liberia,2023,0.2882499603156496,43.833945618777605,29.14750173920707,8.724620126477546,5.024166666666667,3.3408333333333333
Libya,1991,,408.61379082815665,-173.2642213416389,71.84418300275281,5.6875,-2.411666666666667
Libya,1992,-0.0109371078790836,253.01126447469449,-155.60252635346214,71.84418300275281,3.5216666666666665,-2.1658333333333335
Libya,1993,0.1526678804719985,217.14904312582036,-35.86222134887414,71.84418300275281,3.0224999999999995,-0.499166666666667
Libya,1994,0.0577487907143243,301.86530891656645,84.71626579074609,71.84418300275281,4.201666666666667,1.1791666666666676
Libya,1995,0.1310344210842728,419.3305481260672,117.46523920950077,71.84418300275281,5.836666666666666,1.634999999999999
Libya,1996,0.0912759676687642,380.6544296095853,-38.676118516481914,71.84418300275281,5.298333333333333,-0.5383333333333331
Libya,1997,0.0102143782826473,392.26923919503037,11.614809585445068,71.84418300275281,5.46,0.16166666666666707
Libya,1998,-0.0377443574868756,384.6058596747367,-7.663379520293683,71.84418300275281,5.353333333333333,-0.10666666666666735
Libya,1999,0.0373484931001861,357.06558952368147,-27.54027015105521,71.84418300275281,4.97,-0.38333333333333286
Libya,2000,0.0714067592141525,448.0083511746661,90.9427616509846,71.84418300275281,6.235833333333333,1.2658333333333331
Libya,2001,0.0305813985075928,279.29426142320153,-168.7140897514645,71.84418300275281,3.8874999999999997,-2.348333333333333
Libya,2002,0.0422532819457508,119.74030500458802,-159.55395641861352,71.84418300275281,1.6666666666666667,-2.220833333333333
Libya,2003,0.0592698649625091,81.00431633560379,-38.735988668984234,71.84418300275281,1.1275,-0.5391666666666668
Libya,2004,0.0629803302488198,96.92977690121401,15.925460565610225,71.84418300275281,1.3491666666666668,0.2216666666666669
Libya,2005,0.1290059847097566,230.85930804884572,133.9295311476317,71.84418300275281,3.2133333333333334,1.8641666666666665
Libya,2006,0.2546883536464008,356.64649845616543,125.7871904073197,71.84418300275281,4.964166666666666,1.750833333333333
Libya,2007,0.1317168979226508,360.5979285213168,3.9514300651513845,71.84418300275281,5.019166666666666,0.054999999999999716
Libya,2008,0.3223955726233285,138.47966273780605,-222.11826578351074,71.84418300275281,1.9275,-3.091666666666666
Libya,2009,0.4000648707706737,11.49506928044045,-126.9845934573656,71.84418300275281,0.16,-1.7675
Libya,2010,0.1605264146217671,12.572732025481743,1.0776627450412932,71.84418300275281,0.17500000000000002,0.015000000000000013
Libya,2011,-0.0057498473458785,7.30415860527987,-5.268573420201874,71.84418300275281,0.10166666666666667,-0.07333333333333335
Libya,2012,0.2151148325794523,10.058185620385395,2.7540270151055255,71.84418300275281,0.14,0.038333333333333344
Libya,2013,0.1185173423894347,7.7232496727959274,-2.3349359475894675,71.84418300275281,0.1075,-0.032500000000000015
Libya,2014,0.0610428774872815,6.40610631774546,-1.3171433550504679,71.84418300275281,0.08916666666666667,-0.018333333333333326
Libya,2015,-0.0033927615514599,9.519354247864749,3.1132479301192886,71.84418300275281,0.1325,0.043333333333333335
Libya,2016,0.1178456551927666,28.378452286087363,18.859098038222616,71.84418300275281,0.395,0.2625
Libya,2017,0.1994546158509358,71.96392330775741,43.585471021670045,71.84418300275281,1.0016666666666667,0.6066666666666667
Libya,2018,0.2211253004162507,131.59459520004225,59.63067189228484,71.84418300275281,1.8316666666666668,0.8300000000000001
Libya,2019,-0.0063070046706918,155.06369498094148,23.469099780899235,71.84418300275281,2.158333333333333,0.32666666666666644
Libya,2020,-0.0187113444592093,27.001438778534595,-128.0622562024069,71.84418300275281,0.3758333333333333,-1.7825
Libya,2021,0.141327680677918,5.747534640220225,-21.253904138314372,71.84418300275281,0.08,-0.2958333333333333
"Macao SAR, China",1991,,721.9924351205179,-306.1459497785757,126.9437248563548,5.6875,-2.411666666666667
"Macao SAR, China",1992,0.314008882550894,447.0534843691295,-274.93895075138846,126.9437248563548,3.5216666666666665,-2.1658333333333335
"Macao SAR, China",1993,0.191444566347652,383.68740837833235,-63.36607599079715,126.9437248563548,3.0224999999999995,-0.499166666666667
"Macao SAR, China",1994,0.0668324804953428,533.3752172714509,149.6878088931185,126.9437248563548,4.201666666666667,1.1791666666666676
"Macao SAR, China",1995,0.1195920056285118,740.9282074115908,207.55299014013997,126.9437248563548,5.836666666666666,1.634999999999999
"Macao SAR, China",1996,0.1261500771640662,672.5901688639199,-68.33803854767098,126.9437248563548,5.298333333333333,-0.5383333333333331
"Macao SAR, China",1997,0.0680363992571173,693.1127377156972,20.52256885177741,126.9437248563548,5.46,0.16166666666666707
"Macao SAR, China",1998,0.0505000390927712,679.5720737310193,-13.540663984677932,126.9437248563548,5.353333333333333,-0.10666666666666735
"Macao SAR, China",1999,0.0307904411838855,630.9103125360833,-48.66176119493595,126.9437248563548,4.97,-0.38333333333333286
"Macao SAR, China",2000,0.0656259744439466,791.5999109167525,160.6895983806691,126.9437248563548,6.235833333333333,1.2658333333333331
"Macao SAR, China",2001,-0.0137833361149724,493.4937303790793,-298.1061805376732,126.9437248563548,3.8874999999999997,-2.348333333333333
"Macao SAR, China",2002,0.0752017019566153,211.57287476059136,-281.92085561848796,126.9437248563548,1.6666666666666667,-2.220833333333333
"Macao SAR, China",2003,0.0778237531754726,143.12904977554004,-68.44382498505132,126.9437248563548,1.1275,-0.5391666666666668
"Macao SAR, China",2004,0.1156320187612642,171.2682421186987,28.13919234315868,126.9437248563548,1.3491666666666668,0.2216666666666669
"Macao SAR, China",2005,0.0850116082850824,407.9125025384201,236.6442604197214,126.9437248563548,3.2133333333333334,1.8641666666666665
"Macao SAR, China",2006,0.1147975236859615,630.1698074744213,222.25730493600116,126.9437248563548,4.964166666666666,1.750833333333333
"Macao SAR, China",2007,0.2192268226102776,637.1517123415208,6.9819048670994786,126.9437248563548,5.019166666666666,0.054999999999999716
"Macao SAR, China",2008,0.0938964851324115,244.68402966062388,-392.4676826808968,126.9437248563548,1.9275,-3.091666666666666
"Macao SAR, China",2009,0.0226464728908695,20.31099597701677,-224.37303368360713,126.9437248563548,0.16,-1.7675
"Macao SAR, China",2010,0.1117661969833356,22.215151849862092,1.9041558728453238,126.9437248563548,0.17500000000000002,0.015000000000000013
"Macao SAR, China",2011,0.135596787667712,12.905945360396073,-9.309206489466021,126.9437248563548,0.10166666666666667,-0.07333333333333335
"Macao SAR, China",2012,0.2036893265192247,17.772121479889673,4.866176119493602,126.9437248563548,0.14,0.038333333333333344
"Macao SAR, China",2013,0.2297696929275545,13.646450422058141,-4.125671057831533,126.9437248563548,0.1075,-0.032500000000000015
"Macao SAR, China",2014,0.1632333396073733,11.319148799691638,-2.327301622366504,126.9437248563548,0.08916666666666667,-0.018333333333333326
"Macao SAR, China",2015,0.0992570763204767,16.820043543467012,5.500894743775375,126.9437248563548,0.1325,0.043333333333333335
"Macao SAR, China",2016,-0.030498610339837,50.14277131826015,33.32272777479314,126.9437248563548,0.395,0.2625
"Macao SAR, China",2017,0.1188026652762772,127.1552977311154,77.01252641285525,126.9437248563548,1.0016666666666667,0.6066666666666667
"Macao SAR, China",2018,0.1050670899823771,232.5185893618899,105.3632916307745,126.9437248563548,1.8316666666666668,0.8300000000000001
"Macao SAR, China",2019,0.096600225389114,273.98687281496575,41.46828345307588,126.9437248563548,2.158333333333333,0.32666666666666644
"Macao SAR, China",2020,0.0538879572097137,47.709683258513344,-226.27718955645244,126.9437248563548,0.3758333333333333,-1.7825
"Macao SAR, China",2021,0.0070119770215235,10.155497988508385,-37.55418527000496,126.9437248563548,0.08,-0.2958333333333333
"Macao SAR, China",2022,-0.006983623363002,213.68860350819725,203.53310551968886,126.9437248563548,1.6833333333333333,1.6033333333333333
"Macao SAR, China",2023,0.0429464571557431,637.7864309658027,424.0978274576053,126.9437248563548,5.024166666666667,3.3408333333333333
"Macao SAR, China",2024,0.0109041503317648,652.9138915111849,15.127460545382277,126.9437248563548,5.1433333333333335,0.11916666666666664
Madagascar,1991,,101.8648941380731,-43.193700166385874,17.91031105724362,5.6875,-2.411666666666667
Madagascar,1992,0.2708450615659181,63.07414543992628,-38.790748698146814,17.91031105724362,3.5216666666666665,-2.1658333333333335
Madagascar,1993,0.2009801931431809,54.13391517051884,-8.940230269407447,17.91031105724362,3.0224999999999995,-0.499166666666667
Madagascar,1994,0.2168875617835439,75.25315695885196,21.11924178833312,17.91031105724362,4.201666666666667,1.1791666666666676
Madagascar,1995,0.4223233530027563,104.53651553744525,29.2833585785933,17.91031105724362,5.836666666666666,1.634999999999999
Madagascar,1996,0.1502782510061493,94.89479808496245,-9.641717452482812,17.91031105724362,5.298333333333333,-0.5383333333333331
Madagascar,1997,0.1480211265093949,97.79029837255017,2.895500287587726,17.91031105724362,5.46,0.16166666666666707
Madagascar,1998,0.1891144009280232,95.87986519311085,-1.9104331794393319,17.91031105724362,5.353333333333333,-0.10666666666666735
Madagascar,1999,0.0600849510488785,89.0142459545008,-6.865619238610046,17.91031105724362,4.97,-0.38333333333333286
Madagascar,2000,0.1754632439282311,111.68571470112835,22.671468746627546,17.91031105724362,6.235833333333333,1.2658333333333331
Madagascar,2001,0.1583145776920709,69.62633423503458,-42.05938046609377,17.91031105724362,3.8874999999999997,-2.348333333333333
Madagascar,2002,0.2137240992279032,29.85051842873937,-39.775815806295206,17.91031105724362,1.6666666666666667,-2.220833333333333
Madagascar,2003,0.0765619336984926,20.193875717042182,-9.656642711697188,17.91031105724362,1.1275,-0.5391666666666668
Madagascar,2004,0.0844692845647898,24.16399466806452,3.9701189510223402,17.91031105724362,1.3491666666666668,0.2216666666666669
Madagascar,2005,0.2249327522185886,57.55179953060951,33.38780486254498,17.91031105724362,3.2133333333333334,1.8641666666666665
Madagascar,2006,0.0222169543265948,88.90976914000021,31.3579696093907,17.91031105724362,4.964166666666666,1.750833333333333
Madagascar,2007,0.2693835268912892,89.89483624814861,0.985067108148394,17.91031105724362,5.019166666666666,0.054999999999999716
Madagascar,2008,0.1931637940640485,34.52212456283708,-55.372711685311515,17.91031105724362,1.9275,-3.091666666666666
Madagascar,2009,0.1154409078283542,2.8656497691589795,-31.656474793678104,17.91031105724362,0.16,-1.7675
Madagascar,2010,0.0963385614746208,3.134304435017634,0.26865466585865455,17.91031105724362,0.17500000000000002,0.015000000000000013
Madagascar,2011,0.1111547158496328,1.8208816241531016,-1.3134228108645325,17.91031105724362,0.10166666666666667,-0.07333333333333335
Madagascar,2012,0.1564775646141996,2.5074435480141073,0.6865619238610057,17.91031105724362,0.14,0.038333333333333344
Madagascar,2013,0.0729808054582434,1.9253584386536893,-0.582085109360418,17.91031105724362,0.1075,-0.032500000000000015
Madagascar,2014,0.0358274224246564,1.5970027359375563,-0.32835570271613296,17.91031105724362,0.08916666666666667,-0.018333333333333326
Madagascar,2015,0.1023609727943046,2.3731162150847798,0.7761134791472236,17.91031105724362,0.1325,0.043333333333333335
Madagascar,2016,0.1529549335501805,7.074572867611231,4.701456652526451,17.91031105724362,0.395,0.2625
Madagascar,2017,0.1695675235933791,17.940161575672363,10.86558870806113,17.91031105724362,1.0016666666666667,0.6066666666666667
Madagascar,2018,0.1663523774041628,32.80571975318457,14.865558177512208,17.91031105724362,1.8316666666666668,0.8300000000000001
Madagascar,2019,0.112944109286996,38.65642136521748,5.850701612032912,17.91031105724362,2.158333333333333,0.32666666666666644
Madagascar,2020,0.0674549047017443,6.731291905680727,-31.925129459536755,17.91031105724362,0.3758333333333333,-1.7825
Madagascar,2021,0.1047958283880561,1.4328248845794898,-5.298467021101237,17.91031105724362,0.08,-0.2958333333333333
Madagascar,2022,0.1038138871034455,30.149023613026763,28.71619872844727,17.91031105724362,1.6833333333333333,1.6033333333333333
Madagascar,2023,0.1287817270475031,89.98438780343483,59.835364190408065,17.91031105724362,5.024166666666667,3.3408333333333333
Madagascar,2024,0.0790610772571156,92.1186998710897,2.1343120676548644,17.91031105724362,5.1433333333333335,0.11916666666666664
Malawi,1991,,83.89778051909481,-35.57511748311508,14.75125811324744,5.6875,-2.411666666666667
Malawi,1992,0.2266442990256898,51.94901398881973,-31.948766530275083,14.75125811324744,3.5216666666666665,-2.1658333333333335
Malawi,1993,0.1466435293529109,44.58567764729038,-7.363336341529352,14.75125811324744,3.0224999999999995,-0.499166666666667
Malawi,1994,0.3354644857376279,61.979869505828,17.39419185853762,14.75125811324744,4.201666666666667,1.1791666666666676
Malawi,1995,0.3114837493720657,86.09817652098755,24.118307015159548,14.75125811324744,5.836666666666666,1.634999999999999
Malawi,1996,0.4461323730248736,78.15708257002268,-7.941093950964868,14.75125811324744,5.298333333333333,-0.5383333333333331
Malawi,1997,0.3361757418864215,80.54186929833102,2.384786728308342,14.75125811324744,5.46,0.16166666666666707
Malawi,1998,0.020532376986587,78.96840176625129,-1.573467532079737,14.75125811324744,5.353333333333333,-0.10666666666666735
Malawi,1999,0.5173777125012968,73.31375282283977,-5.6546489434115115,14.75125811324744,4.97,-0.38333333333333286
Malawi,2000,0.2467799140447972,91.98638705119215,18.672634228352383,14.75125811324744,6.235833333333333,1.2658333333333331
Malawi,2001,0.3752270384910616,57.34551591524942,-34.64087113594274,14.75125811324744,3.8874999999999997,-2.348333333333333
Malawi,2002,0.2129142600848084,24.585430188745732,-32.76008572650369,14.75125811324744,1.6666666666666667,-2.220833333333333
Malawi,2003,0.2039781016004447,16.632043522686487,-7.953386666059247,14.75125811324744,1.1275,-0.5391666666666668
Malawi,2004,0.2427504955757911,19.901905737789672,3.2698622151031858,14.75125811324744,1.3491666666666668,0.2216666666666669
Malawi,2005,0.2600652549355295,47.40070940390177,27.4988036661121,14.75125811324744,3.2133333333333334,1.8641666666666665
Malawi,2006,0.1505413829433486,73.22770381717916,25.826994413277387,14.75125811324744,4.964166666666666,1.750833333333333
Malawi,2007,0.1520129429057846,74.03902301340777,0.811319196228605,14.75125811324744,5.019166666666666,0.054999999999999716
Malawi,2008,0.3118260281161298,28.43305001328444,-45.60597300012332,14.75125811324744,1.9275,-3.091666666666666
Malawi,2009,0.4863703247914728,2.3602012981195903,-26.072848715164852,14.75125811324744,0.16,-1.7675
Malawi,2010,0.2201491806932125,2.581470169818302,0.2212688716987118,14.75125811324744,0.17500000000000002,0.015000000000000013
Malawi,2011,0.2862491004311565,1.4997112415134897,-1.0817589283048126,14.75125811324744,0.10166666666666667,-0.07333333333333335
Malawi,2012,0.3049560538335072,2.065176135854642,0.565464894341152,14.75125811324744,0.14,0.038333333333333344
Malawi,2013,0.2065196177224386,1.5857602471740997,-0.479415888680542,14.75125811324744,0.1075,-0.032500000000000015
Malawi,2014,0.3006304933654924,1.3153205150978968,-0.270439732076203,14.75125811324744,0.08916666666666667,-0.018333333333333326
Malawi,2015,0.1658999389674775,1.9545417000052858,0.6392211849073891,14.75125811324744,0.1325,0.043333333333333335
Malawi,2016,0.2469888071562493,5.826746954732739,3.872205254727453,14.75125811324744,0.395,0.2625
Malawi,2017,0.1518514122651417,14.775843543436187,8.949096588703448,14.75125811324744,1.0016666666666667,0.6066666666666667
Malawi,2018,0.1598447653684438,27.01938777743156,12.243544233995376,14.75125811324744,1.8316666666666668,0.8300000000000001
Malawi,2019,0.1064938574753071,31.838132094425724,4.81874431699416,14.75125811324744,2.158333333333333,0.32666666666666644
Malawi,2020,0.0970681368628447,5.544014507562162,-26.29411758686356,14.75125811324744,0.3758333333333333,-1.7825
Malawi,2021,0.1546719737094299,1.1801006490597952,-4.363913858502367,14.75125811324744,0.08,-0.2958333333333333
Malawi,2022,0.2626836824395049,24.83128449063319,23.651183841573395,14.75125811324744,1.6833333333333333,1.6033333333333333
Malawi,2023,0.3278593637836344,74.11277930397402,49.28149481334082,14.75125811324744,5.024166666666667,3.3408333333333333
Malawi,2024,0.2794035839880564,75.87063756246934,1.7578582584953195,14.75125811324744,5.1433333333333335,0.11916666666666664
Malaysia,1991,,578.1172730447676,-245.13866493649198,101.64699306281628,5.6875,-2.411666666666667
Malaysia,1992,0.1559534752527689,357.96682723621797,-220.15044580854962,101.64699306281628,3.5216666666666665,-2.1658333333333335
Malaysia,1993,0.5418131500988927,307.2280365323621,-50.73879070385583,101.64699306281628,3.0224999999999995,-0.499166666666667
Malaysia,1994,0.2339845389774915,427.0867825189331,119.85874598657095,101.64699306281628,4.201666666666667,1.1791666666666676
Malaysia,1995,0.1089290283040753,593.2796161766377,166.1928336577045,101.64699306281628,5.836666666666666,1.634999999999999
Malaysia,1996,0.1699577229799125,538.5596515778216,-54.71996459881608,101.64699306281628,5.298333333333333,-0.5383333333333331
Malaysia,1997,0.1696136408952213,554.9925821229768,16.43293054515534,101.64699306281628,5.46,0.16166666666666707
Malaysia,1998,0.1487268245387127,544.1502361962764,-10.842345926700473,101.64699306281628,5.353333333333333,-0.10666666666666735
Malaysia,1999,0.002292948155766,505.18555552219686,-38.964680674079524,101.64699306281628,4.97,-0.38333333333333286
Malaysia,2000,0.1142110389514421,633.8537075742119,128.66815205201493,101.64699306281628,6.235833333333333,1.2658333333333331
Malaysia,2001,0.0957443137829301,395.15268553169824,-238.70102204251356,101.64699306281628,3.8874999999999997,-2.348333333333333
Malaysia,2002,0.1100725915537346,169.4116551046938,-225.74103042700446,101.64699306281628,1.6666666666666667,-2.220833333333333
Malaysia,2003,0.0438639964968068,114.60698467832535,-54.80467042636845,101.64699306281628,1.1275,-0.5391666666666668
Malaysia,2004,0.0827514658851136,137.13873480724965,22.531750128924298,101.64699306281628,1.3491666666666668,0.2216666666666669
Malaysia,2005,0.1194447895374857,326.62567104184967,189.4869362346,101.64699306281628,3.2133333333333334,1.8641666666666665
Malaysia,2006,0.0842783702724219,504.5926147293304,177.9669436874808,101.64699306281628,4.964166666666666,1.750833333333333
Malaysia,2007,0.127786239139084,510.1831993477853,5.590584618454867,101.64699306281628,5.019166666666666,0.054999999999999716
Malaysia,2008,0.0762435223751829,195.9245791285784,-314.25862021920693,101.64699306281628,1.9275,-3.091666666666666
Malaysia,2009,0.1001658728277341,16.263518890050605,-179.66106023852777,101.64699306281628,0.16,-1.7675
Malaysia,2010,0.0745500641573215,17.78822378599285,1.5247048959422456,101.64699306281628,0.17500000000000002,0.015000000000000013
Malaysia,2011,0.0709032486948437,10.334110961386322,-7.454112824606528,101.64699306281628,0.10166666666666667,-0.07333333333333335
Malaysia,2012,0.1365213781605447,14.23057902879428,3.8964680674079584,101.64699306281628,0.14,0.038333333333333344
Malaysia,2013,0.0847640344547642,10.92705175425275,-3.3035272745415307,101.64699306281628,0.1075,-0.032500000000000015
Malaysia,2014,0.0713657935807354,9.063523548101118,-1.8635282061516312,101.64699306281628,0.08916666666666667,-0.018333333333333326
Malaysia,2015,0.0611331803484347,13.468226580823158,4.404703032722039,101.64699306281628,0.1325,0.043333333333333335
Malaysia,2016,0.0299813841294138,40.15056225981243,26.682335678989276,101.64699306281628,0.395,0.2625
Malaysia,2017,0.0276261942351112,101.81640471792097,61.66584245810854,101.64699306281628,1.0016666666666667,0.6066666666666667
Malaysia,2018,0.0454000345822365,186.1834089600585,84.36700424213751,101.64699306281628,1.8316666666666668,0.8300000000000001
Malaysia,2019,0.0740681934767764,219.38809336057847,33.20468440051996,101.64699306281628,2.158333333333333,0.32666666666666644
Malaysia,2020,0.0263957499288984,38.20232822610845,-181.18576513447002,101.64699306281628,0.3758333333333333,-1.7825
Malaysia,2021,0.0449088100776613,8.131759445025303,-30.070568781083143,101.64699306281628,0.08,-0.2958333333333333
Malaysia,2022,0.0541001753017447,171.10577165574074,162.97401221071541,101.64699306281628,1.6833333333333333,1.6033333333333333
Malaysia,2023,0.0391920100030098,510.6914343130995,339.58566265735874,101.64699306281628,5.024166666666667,3.3408333333333333
Malaysia,2024,0.056675195164292,522.804367653085,12.112933339985604,101.64699306281628,5.1433333333333335,0.11916666666666664
Maldives,1991,,162.12557122436266,-68.74599313161987,28.50559494054728,5.6875,-2.411666666666667
Maldives,1992,0.22120127394356,100.38720351562733,-61.73836770873532,28.50559494054728,3.5216666666666665,-2.1658333333333335
Maldives,1993,0.1183195511647738,86.15816070780414,-14.229042807823193,28.50559494054728,3.0224999999999995,-0.499166666666667
Maldives,1994,0.3067774041543565,119.7710080751995,33.61284736739536,28.50559494054728,4.201666666666667,1.1791666666666676
Maldives,1995,0.2150596487951119,166.37765580299427,46.60664772779477,28.50559494054728,5.836666666666666,1.634999999999999
Maldives,1996,0.1432937691622946,151.03214385999965,-15.345511942994612,28.50559494054728,5.298333333333333,-0.5383333333333331
Maldives,1997,0.2321717173052775,155.64054837538814,4.6084045153884885,28.50559494054728,5.46,0.16166666666666707
Maldives,1998,0.2096073439868568,152.59995158172975,-3.040596793658396,28.50559494054728,5.353333333333333,-0.10666666666666735
Maldives,1999,0.2070005259380778,141.67280685451996,-10.927144727209777,28.50559494054728,4.97,-0.38333333333333286
Maldives,2000,0.0346687956456577,177.75613911676274,36.083332262242756,28.50559494054728,6.235833333333333,1.2658333333333331
Maldives,2001,0.0408729138311656,110.81550033137754,-66.94063878538519,28.50559494054728,3.8874999999999997,-2.348333333333333
Maldives,2002,0.0748633745104534,47.509324900912134,-63.306175430465416,28.50559494054728,1.6666666666666667,-2.220833333333333
Maldives,2003,0.1954405397586143,32.14005829546706,-15.369266605445079,28.50559494054728,1.1275,-0.5391666666666668
Maldives,2004,0.1585349244134519,38.45879850728838,6.3187402118213205,28.50559494054728,1.3491666666666668,0.2216666666666669
Maldives,2005,0.272831587860086,91.5979784089586,53.13917990167022,28.50559494054728,3.2133333333333334,1.8641666666666665
Maldives,2006,0.1008643681893133,141.50652421736677,49.908545808408185,28.50559494054728,4.964166666666666,1.750833333333333
Maldives,2007,0.1728765296473433,143.07433193909688,1.5678077217300923,28.50559494054728,5.019166666666666,0.054999999999999716
Maldives,2008,0.215925822849119,54.94453424790488,-88.12979769119198,28.50559494054728,1.9275,-3.091666666666666
Maldives,2009,0.1976057763611294,4.560895190487565,-50.38363905741732,28.50559494054728,0.16,-1.7675
Maldives,2010,0.1346120057478863,4.9884791145957745,0.42758392410820956,28.50559494054728,0.17500000000000002,0.015000000000000013
Maldives,2011,0.1366443768995111,2.89806881895564,-2.090410295640134,28.50559494054728,0.10166666666666667,-0.07333333333333335
Maldives,2012,0.1823989348845778,3.9907832916766197,1.0927144727209794,28.50559494054728,0.14,0.038333333333333344
Maldives,2013,0.048103479556012,3.0643514561088323,-0.926431835567787,28.50559494054728,0.1075,-0.032500000000000015
Maldives,2014,0.1686797977494585,2.541748882198799,-0.5226025739100333,28.50559494054728,0.08916666666666667,-0.018333333333333326
Maldives,2015,0.1386160792806414,3.776991329622515,1.2352424474237156,28.50559494054728,0.1325,0.043333333333333335
Maldives,2016,0.1143531478518227,11.259710001516176,7.482718671893661,28.50559494054728,0.395,0.2625
Maldives,2017,-0.0018264673410222,28.553104265448194,17.293394263932015,28.50559494054728,1.0016666666666667,0.6066666666666667
Maldives,2018,0.0502840851042094,52.212748066102435,23.659643800654244,28.50559494054728,1.8316666666666668,0.8300000000000001
Maldives,2019,0.0332610494694201,61.52457574668121,9.311827680578771,28.50559494054728,2.158333333333333,0.32666666666666644
Maldives,2020,0.0910226844707011,10.713352765155685,-50.811222981525525,28.50559494054728,0.3758333333333333,-1.7825
Maldives,2021,0.1327143397788539,2.2804475952437824,-8.432905169911901,28.50559494054728,0.08,-0.2958333333333333
Maldives,2022,0.2325797851951137,47.984418149921254,45.70397055467747,28.50559494054728,1.6833333333333333,1.6033333333333333
Maldives,2023,0.0586253250774184,143.21685991379962,95.23244176387837,28.50559494054728,5.024166666666667,3.3408333333333333
Maldives,2024,0.0675023958148877,146.61377664421485,3.396916730415217,28.50559494054728,5.1433333333333335,0.11916666666666664
Mali,1991,,89.91739069065662,-38.12760859469015,15.80965111044512,5.6875,-2.411666666666667
Mali,1992,0.1230234169816988,55.67632132728423,-34.24106936337239,15.80965111044512,3.5216666666666665,-2.1658333333333335
Mali,1993,0.0292118265899112,47.78467048132037,-7.891650845963861,15.80965111044512,3.0224999999999995,-0.499166666666667
Mali,1994,0.08038410359487,66.42688408238692,18.64221360106655,15.80965111044512,4.201666666666667,1.1791666666666676
Mali,1995,0.330810123878301,92.27566364796468,25.848779565577754,15.80965111044512,5.836666666666666,1.634999999999999
Mali,1996,0.0705124156600724,83.76480146684172,-8.510862181122953,15.80965111044512,5.298333333333333,-0.5383333333333331
Mali,1997,0.2188605074706977,86.32069506303036,2.555893596188634,15.80965111044512,5.46,0.16166666666666707
Mali,1998,0.0852892790103645,84.6343322779162,-1.686362785114157,15.80965111044512,5.353333333333333,-0.10666666666666735
Mali,1999,0.040916378411044,78.57396601891224,-6.060366259003955,15.80965111044512,4.97,-0.38333333333333286
Mali,2000,0.0100160693409065,98.58634938288402,20.01238336397178,15.80965111044512,6.235833333333333,1.2658333333333331
Mali,2001,0.1177836171146751,61.4600186918554,-37.12633069102862,15.80965111044512,3.8874999999999997,-2.348333333333333
Mali,2002,0.1854960075016158,26.349418517408534,-35.11060017444687,15.80965111044512,1.6666666666666667,-2.220833333333333
Mali,2003,0.2282710618542758,17.82538162702687,-8.524036890381662,15.80965111044512,1.1275,-0.5391666666666668
Mali,2004,0.1955137174778762,21.32985428984221,3.504472662815339,15.80965111044512,1.3491666666666668,0.2216666666666669
Mali,2005,-0.0366404344045356,50.801678901563655,29.47182461172144,15.80965111044512,3.2133333333333334,1.8641666666666665
Mali,2006,0.111134488813132,78.48174305410132,27.68006415253766,15.80965111044512,4.964166666666666,1.750833333333333
Mali,2007,0.0938073466457218,79.35127386517578,0.8695308110744772,15.80965111044512,5.019166666666666,0.054999999999999716
Mali,2008,-0.0125804716663573,30.47310251538297,-48.878171349792815,15.80965111044512,1.9275,-3.091666666666666
Mali,2009,-0.1398323074558014,2.529544177671219,-27.94355833771175,15.80965111044512,0.16,-1.7675
Mali,2010,0.3515729166066101,2.766688944327896,0.23714476665667703,15.80965111044512,0.17500000000000002,0.015000000000000013
Mali,2011,0.1512752818340494,1.6073145295619207,-1.1593744147659757,15.80965111044512,0.10166666666666667,-0.07333333333333335
Mali,2012,0.121497261889619,2.213351155462317,0.6060366259003964,15.80965111044512,0.14,0.038333333333333344
Mali,2013,0.1439786089504338,1.6995374943728505,-0.5138136610894667,15.80965111044512,0.1075,-0.032500000000000015
Mali,2014,0.0787860834562543,1.4096938906813565,-0.28984360369149376,15.80965111044512,0.08916666666666667,-0.018333333333333326
Mali,2015,0.056308554241589,2.0947787721339783,0.6850848814526219,15.80965111044512,0.1325,0.043333333333333335
Mali,2016,0.0988761020229347,6.244812188625823,4.150033416491844,15.80965111044512,0.395,0.2625
Mali,2017,0.1020556936905947,15.83600052896253,9.591188340336707,15.80965111044512,1.0016666666666667,0.6066666666666667
Mali,2018,0.0423553973664816,28.95801095063198,13.12201042166945,15.80965111044512,1.8316666666666668,0.8300000000000001
Mali,2019,0.117844497689532,34.12249698004405,5.164486029412069,15.80965111044512,2.158333333333333,0.32666666666666644
Mali,2020,0.0427312518044296,5.941793875675624,-28.180703104368426,15.80965111044512,0.3758333333333333,-1.7825
Mali,2021,0.1156544793711411,1.2647720888356095,-4.677021786840014,15.80965111044512,0.08,-0.2958333333333333
Mali,2022,0.3105133021735291,26.61291270258262,25.34814061374701,15.80965111044512,1.6833333333333333,1.6033333333333333
Mali,2023,0.1018389143473541,79.43032212072802,52.8174094181454,15.80965111044512,5.024166666666667,3.3408333333333333
Mali,2024,-0.0113554061265936,81.31430554472274,1.8839834239947097,15.80965111044512,5.1433333333333335,0.11916666666666664
Mauritania,1991,,81.60854705959012,-34.60441541252071,14.3487555269609,5.6875,-2.411666666666667
Mauritania,2006,0.0773657721892604,71.2296138950884,25.12227946845404,14.3487555269609,4.964166666666666,1.750833333333333
Mauritania,2007,0.1456111970771161,72.01879544907125,0.7891815539828454,14.3487555269609,5.019166666666666,0.054999999999999716
Mauritania,2008,0.1731764225783436,27.657226278217134,-44.361569170854104,14.3487555269609,1.9275,-3.091666666666666
Mauritania,2009,0.128771942966388,2.2958008843137443,-25.361425393903392,14.3487555269609,0.16,-1.7675
Mauritania,2010,0.1444747988999957,2.511032217218158,0.2152313329044137,14.3487555269609,0.17500000000000002,0.015000000000000013
Mauritania,2011,0.1048798395003594,1.458790145241025,-1.0522420719771328,14.3487555269609,0.10166666666666667,-0.07333333333333335
Mauritania,2012,0.1957669291458792,2.008825773774526,0.5500356285335013,14.3487555269609,0.14,0.038333333333333344
Mauritania,2013,0.1536540897346583,1.5424912191482967,-0.46633455462622947,14.3487555269609,0.1075,-0.032500000000000015
Mauritania,2014,0.2022855558966156,1.2794307011540136,-0.2630605179942831,14.3487555269609,0.08916666666666667,-0.018333333333333326
Mauritania,2015,0.0144191698886473,1.9012101073223193,0.6217794061683057,14.3487555269609,0.1325,0.043333333333333335
Mauritania,2016,-0.0028710828820344,5.667758433149556,3.7665483258272365,14.3487555269609,0.395,0.2625
Mauritania,2017,0.0646562503238286,14.372670119505836,8.70491168635628,14.3487555269609,1.0016666666666667,0.6066666666666667
Mauritania,2018,0.1540895315551509,26.282137206883384,11.909467087377548,14.3487555269609,1.8316666666666668,0.8300000000000001
Mauritania,2019,0.1035587177665497,30.96939734569061,4.687260138807225,14.3487555269609,2.158333333333333,0.32666666666666644
Mauritius,1991,,402.2512026301744,-170.56629749622346,70.72548617673397,5.6875,-2.411666666666667
Mauritius,1992,0.1966420616925326,249.0715871523981,-153.17961547777634,70.72548617673397,3.5216666666666665,-2.1658333333333335
Mauritius,1993,0.1466465755072299,213.76778196917837,-35.30380518321973,70.72548617673397,3.0224999999999995,-0.499166666666667
Mauritius,1994,0.1567588928775229,297.16491775257725,83.39713578339887,70.72548617673397,4.201666666666667,1.1791666666666676
Mauritius,1995,0.1155249063710037,412.8010876515372,115.63616989895996,70.72548617673397,5.836666666666666,1.634999999999999
Mauritius,1996,0.170432892495743,374.7272009263954,-38.07388672514177,70.72548617673397,5.298333333333333,-0.5383333333333331
Mauritius,1997,0.0727348862770718,386.16115452496746,11.43395359857202,70.72548617673397,5.46,0.16166666666666707
Mauritius,1998,0.1518601825817285,378.6171026661158,-7.544051858851672,70.72548617673397,5.353333333333333,-0.10666666666666735
Mauritius,1999,0.1062610597473749,351.50566629836777,-27.111436367747988,70.72548617673397,4.97,-0.38333333333333286
Mauritius,2000,0.1409306979323972,441.0323442170835,89.52667791871573,70.72548617673397,6.235833333333333,1.2658333333333331
Mauritius,2001,0.0883495649684746,274.94532751205327,-166.08701670503027,70.72548617673397,3.8874999999999997,-2.348333333333333
Mauritius,2002,0.1056332466522569,117.87581029455662,-157.06951721749667,70.72548617673397,1.6666666666666667,-2.220833333333333
Mauritius,2003,0.1190134814669932,79.74298566426754,-38.13282463028907,70.72548617673397,1.1275,-0.5391666666666668
Mauritius,2004,0.2235465299351204,95.42046843344359,15.677482769176045,70.72548617673397,1.3491666666666668,0.2216666666666669
Mauritius,2005,0.1727146183939005,227.26456224790516,131.84409381446156,70.72548617673397,3.2133333333333334,1.8641666666666665
Mauritius,2006,0.0636281909698475,351.09310096233685,123.8285387144317,70.72548617673397,4.964166666666666,1.750833333333333
Mauritius,2007,0.0911621688527226,354.9830027020572,3.889901739720348,70.72548617673397,5.019166666666666,0.054999999999999716
Mauritius,2008,0.1425621871322775,136.32337460565472,-218.65962809640246,70.72548617673397,1.9275,-3.091666666666666
Mauritius,2009,0.1364773060017192,11.316077788277434,-125.0072968173773,70.72548617673397,0.16,-1.7675
Mauritius,2010,0.0234649471768335,12.376960080928445,1.0608822926510104,70.72548617673397,0.17500000000000002,0.015000000000000013
Mauritius,2011,0.0668162510872818,7.190424427967954,-5.186535652960492,70.72548617673397,0.10166666666666667,-0.07333333333333335
Mauritius,2012,0.0623185713960623,9.901568064742756,2.711143636774803,70.72548617673397,0.14,0.038333333333333344
Mauritius,2013,0.0784597510767461,7.6029897639989015,-2.298578300743855,70.72548617673397,0.1075,-0.032500000000000015
Mauritius,2014,0.0562319477622388,6.306355850758779,-1.2966339132401223,70.72548617673397,0.08916666666666667,-0.018333333333333326
Mauritius,2015,0.083773442671756,9.371126918417252,3.064771067658472,70.72548617673397,0.1325,0.043333333333333335
Mauritius,2016,0.0968784960135735,27.93656703980992,18.565440121392665,70.72548617673397,0.395,0.2625
Mauritius,2017,0.086953351349365,70.84336198702853,42.90679494721861,70.72548617673397,1.0016666666666667,0.6066666666666667
Mauritius,2018,0.0886573365904581,129.54551551371773,58.702153526689195,70.72548617673397,1.8316666666666668,0.8300000000000001
Mauritius,2019,0.0609483894898019,152.6491743314508,23.10365881773308,70.72548617673397,2.158333333333333,0.32666666666666644
Mauritius,2020,0.0814382283896968,26.580995221422512,-126.0681791100283,70.72548617673397,0.3758333333333333,-1.7825
Mauritius,2021,0.1559866906753058,5.658038894138717,-20.922956327283796,70.72548617673397,0.08,-0.2958333333333333
Mauritius,2022,0.0847832065009548,119.05456839750218,113.39652950336345,70.72548617673397,1.6833333333333333,1.6033333333333333
Mauritius,2023,0.0512312494713036,355.3366301329409,236.28206173543873,70.72548617673397,5.024166666666667,3.3408333333333333
Mauritius,2024,0.0701383417017176,363.7647505690017,8.428120436060796,70.72548617673397,5.1433333333333335,0.11916666666666664
Mexico,1991,,137.52298769883527,-58.31377676196766,24.17986596902598,5.6875,-2.411666666666667
Mexico,1992,0.4001739461660349,85.15342798758648,-52.36955971124877,24.17986596902598,3.5216666666666665,-2.1658333333333335
Mexico,1993,0.2116580238352376,73.08364489138101,-12.069783096205475,24.17986596902598,3.0224999999999995,-0.499166666666667
Mexico,1994,0.1561452862100196,101.59573684652416,28.512091955143156,24.17986596902598,4.201666666666667,1.1791666666666676
Mexico,1995,0.1832228069013872,141.1298177058816,39.53408085935745,24.17986596902598,5.836666666666666,1.634999999999999
Mexico,1996,0.2765382869036763,128.11298985922264,-13.01682784665898,24.17986596902598,5.298333333333333,-0.5383333333333331
Mexico,1997,0.2391049663429392,132.02206819088184,3.9090783316592095,24.17986596902598,5.46,0.16166666666666707
Mexico,1998,0.4501167723814596,129.44288248751906,-2.579185703362788,24.17986596902598,5.353333333333333,-0.10666666666666735
Mexico,1999,0.1608331199142583,120.17393386605912,-9.268948621459947,24.17986596902598,4.97,-0.38333333333333286
Mexico,2000,0.1718327812879678,150.7816142051845,30.60768033912538,24.17986596902598,6.235833333333333,1.2658333333333331
Mexico,2001,-0.0459123334950177,93.99922895458849,-56.782385250596,24.17986596902598,3.8874999999999997,-2.348333333333333
Mexico,2002,0.1726426646324483,40.2997766150433,-53.69945233954519,24.17986596902598,1.6666666666666667,-2.220833333333333
Mexico,2003,0.0494719358805504,27.26279888007679,-13.03697773496651,24.17986596902598,1.1275,-0.5391666666666668
Mexico,2004,0.089318496332023,32.622669169877554,5.359870289800765,24.17986596902598,1.3491666666666668,0.2216666666666669
Mexico,2005,0.1226255709768331,77.69796931380348,45.07530014392592,24.17986596902598,3.2133333333333334,1.8641666666666665
Mexico,2006,0.0950237344686542,120.03288464790646,42.33491533410298,24.17986596902598,4.964166666666666,1.750833333333333
Mexico,2007,0.0647815801311466,121.36277727620288,1.329892628296422,24.17986596902598,5.019166666666666,0.054999999999999716
Mexico,2008,0.09665277243732,46.606691655297574,-74.7560856209053,24.17986596902598,1.9275,-3.091666666666666
Mexico,2009,0.0852501163805286,3.8687785550441567,-42.73791310025342,24.17986596902598,0.16,-1.7675
Mexico,2010,0.1090735355657059,4.231476544579547,0.36269798953539,24.17986596902598,0.17500000000000002,0.015000000000000013
Mexico,2011,0.1201252138351733,2.4582863735176415,-1.7731901710619056,24.17986596902598,0.10166666666666667,-0.07333333333333335
Mexico,2012,0.0951153940671289,3.3851812356636373,0.9268948621459961,24.17986596902598,0.14,0.038333333333333344
Mexico,2013,0.0960730763868191,2.5993355916702927,-0.7858456439933447,24.17986596902598,0.1075,-0.032500000000000015
Mexico,2014,0.0795464212075209,2.1560380489048168,-0.4432975427654761,24.17986596902598,0.08916666666666667,-0.018333333333333326
Mexico,2015,0.115047194729847,3.2038322408959425,1.0477941919911258,24.17986596902598,0.1325,0.043333333333333335
Mexico,2016,0.1150139147950035,9.551047057765262,6.34721481686932,24.17986596902598,0.395,0.2625
Mexico,2017,0.1163129057414842,24.220165745641022,14.669118687875761,24.17986596902598,1.0016666666666667,0.6066666666666667
Mexico,2018,0.1063823365972638,44.28945449993259,20.069288754291563,24.17986596902598,1.8316666666666668,0.8300000000000001
Mexico,2019,0.0442939479982342,52.188210716481066,7.898756216548481,24.17986596902598,2.158333333333333,0.32666666666666644
Mexico,2020,0.0459294437234447,9.087599626692263,-43.100611089788806,24.17986596902598,0.3758333333333333,-1.7825
Mexico,2021,0.1261040053853683,1.9343892775220783,-7.153210349170184,24.17986596902598,0.08,-0.2958333333333333
Mexico,2022,0.0908245896306745,40.702774381193734,38.768385103671655,24.17986596902598,1.6833333333333333,1.6033333333333333
Mexico,2023,0.0706847039946119,121.48367660604802,80.78090222485429,24.17986596902598,5.024166666666667,3.3408333333333333
Mexico,2024,0.104519811833228,124.36511063402362,2.8814340279755952,24.17986596902598,5.1433333333333335,0.11916666666666664
"Micronesia, Fed. Sts.",2000,,305.7494845728626,62.065143266895404,49.0310545887258,6.235833333333333,1.2658333333333331
"Micronesia, Fed. Sts.",2001,-0.0096073644581906,190.60822471367155,-115.14125985919108,49.0310545887258,3.8874999999999997,-2.348333333333333
"Micronesia, Fed. Sts.",2002,0.0579824664176307,81.718424314543,-108.88980039912855,49.0310545887258,1.6666666666666667,-2.220833333333333
"Micronesia, Fed. Sts.",2003,-0.1274962460043305,55.282514048788336,-26.435910265754668,49.0310545887258,1.1275,-0.5391666666666668
"Micronesia, Fed. Sts.",2004,-0.0381714230220922,66.15106448262257,10.868550433834232,49.0310545887258,1.3491666666666668,0.2216666666666669
"Micronesia, Fed. Sts.",2005,-0.0005633197090659,157.55312207843892,91.40205759581634,49.0310545887258,3.2133333333333334,1.8641666666666665
"Micronesia, Fed. Sts.",2006,0.0159970889405585,243.39832682086632,85.84520474242741,49.0310545887258,4.964166666666666,1.750833333333333
"Micronesia, Fed. Sts.",2007,-0.0883523282018288,246.09503482324624,2.6967080023799053,49.0310545887258,5.019166666666666,0.054999999999999716
"Micronesia, Fed. Sts.",2008,0.0446514280241316,94.50735771976898,-151.58767710347723,49.0310545887258,1.9275,-3.091666666666666
"Micronesia, Fed. Sts.",2009,0.031752648128247,7.8449687341961285,-86.66238898557286,49.0310545887258,0.16,-1.7675
"Micronesia, Fed. Sts.",2010,0.1508567653291166,8.580434553027017,0.7354658188308877,49.0310545887258,0.17500000000000002,0.015000000000000013
"Micronesia, Fed. Sts.",2011,-0.0006407696476884,4.984823883187123,-3.5956106698398926,49.0310545887258,0.10166666666666667,-0.07333333333333335
"Micronesia, Fed. Sts.",2012,0.0387008412145064,6.864347642421613,1.8795237592344896,49.0310545887258,0.14,0.038333333333333344
"Micronesia, Fed. Sts.",2013,0.1299189948532628,5.2708383682880235,-1.5935092741335892,49.0310545887258,0.1075,-0.032500000000000015
"Micronesia, Fed. Sts.",2014,0.0782202111948819,4.371935700828051,-0.8989026674599727,49.0310545887258,0.08916666666666667,-0.018333333333333326
"Micronesia, Fed. Sts.",2015,0.2877815358639033,6.496614733006169,2.124679032178118,49.0310545887258,0.1325,0.043333333333333335
"Micronesia, Fed. Sts.",2016,-0.0865297897435972,19.367266562546693,12.870651829540524,49.0310545887258,0.395,0.2625
"Micronesia, Fed. Sts.",2017,0.1991723805306655,49.112773013040346,29.745506450493654,49.0310545887258,1.0016666666666667,0.6066666666666667
"Micronesia, Fed. Sts.",2018,0.10201382051752,89.80854832168276,40.69577530864242,49.0310545887258,1.8316666666666668,0.8300000000000001
"Micronesia, Fed. Sts.",2019,0.0230381922627849,105.82535948733319,16.016811165650417,49.0310545887258,2.158333333333333,0.32666666666666644
"Micronesia, Fed. Sts.",2020,0.0100690341665838,18.427504682929445,-87.39785480440374,49.0310545887258,0.3758333333333333,-1.7825
"Micronesia, Fed. Sts.",2021,0.1452085981844497,3.9224843670980643,-14.50502031583138,49.0310545887258,0.08,-0.2958333333333333
Moldova,1992,,118.37261707729057,-72.79943960811127,33.6126693073234,3.5216666666666665,-2.1658333333333335
Moldova,1993,1.521610360128566,101.59429298138497,-16.778324095905607,33.6126693073234,3.0224999999999995,-0.499166666666667
Moldova,1994,1.4321858381228587,141.2292322062705,39.63493922488554,33.6126693073234,4.201666666666667,1.1791666666666676
Moldova,1995,0.7685681604148336,196.18594652374424,54.956714317473725,33.6126693073234,5.836666666666666,1.634999999999999
Moldova,1996,0.5027262938097579,178.0911262133018,-18.094820310442422,33.6126693073234,5.298333333333333,-0.5383333333333331
Moldova,1997,0.1384230069816716,183.52517441798577,5.434048204683964,33.6126693073234,5.46,0.16166666666666707
Moldova,1998,0.2960801416439729,179.9398230252046,-3.585351392781186,33.6126693073234,5.353333333333333,-0.10666666666666735
Moldova,1999,-0.0862635812853902,167.05496645739728,-12.884856567807288,33.6126693073234,4.97,-0.38333333333333286
Moldova,2000,0.3567181327497231,209.60300368891748,42.5480372315202,33.6126693073234,6.235833333333333,1.2658333333333331
Moldova,2001,0.348710003074256,130.6692519322197,-78.93375175669777,33.6126693073234,3.8874999999999997,-2.348333333333333
Moldova,2002,0.2935160557654406,56.02111551220567,-74.64813642001405,33.6126693073234,1.6666666666666667,-2.220833333333333
Moldova,2003,0.3111805289618239,37.898284644007134,-18.122830868198538,33.6126693073234,1.1275,-0.5391666666666668
Moldova,2004,0.265174605667525,45.34909300713049,7.450808363123362,33.6126693073234,1.3491666666666668,0.2216666666666669
Moldova,2005,0.3229604413789495,108.00871070753253,62.65961770040204,33.6126693073234,3.2133333333333334,1.8641666666666665
Moldova,2006,0.2958975724608166,166.85889255310457,58.850181845572045,33.6126693073234,4.964166666666666,1.750833333333333
Moldova,2007,0.2116837886181635,168.70758936500735,1.8486968119027776,33.6126693073234,5.019166666666666,0.054999999999999716
Moldova,2008,0.3351162544852997,64.78842008986585,-103.91916927514148,33.6126693073234,1.9275,-3.091666666666666
Moldova,2009,0.1472041320906356,5.378027089171744,-59.410393000694114,33.6126693073234,0.16,-1.7675
Moldova,2010,0.0311899376616153,5.882217128781596,0.5041900396098514,33.6126693073234,0.17500000000000002,0.015000000000000013
Moldova,2011,0.1277068005629864,3.4172880462445456,-2.46492908253705,33.6126693073234,0.10166666666666667,-0.07333333333333335
Moldova,2012,0.1007712976931642,4.705773703025277,1.2884856567807308,33.6126693073234,0.14,0.038333333333333344
Moldova,2013,0.1891407721297611,3.6133619505372656,-1.092411752488011,33.6126693073234,0.1075,-0.032500000000000015
Moldova,2014,0.2351576440451062,2.9971296799030034,-0.6162322706342621,33.6126693073234,0.08916666666666667,-0.018333333333333326
Moldova,2015,0.0495690084261788,4.4536786832203505,1.4565490033173474,33.6126693073234,0.1325,0.043333333333333335
Moldova,2016,-0.0302782672388843,13.277004376392744,8.823325693172393,33.6126693073234,0.395,0.2625
Moldova,2017,0.0973365118436895,33.66869042283561,20.391686046442864,33.6126693073234,1.0016666666666667,0.6066666666666667
Moldova,2018,0.0882272369900967,61.56720594791403,27.898515525078427,33.6126693073234,1.8316666666666668,0.8300000000000001
Moldova,2019,0.0766444037362887,72.54734458830633,10.980138640392303,33.6126693073234,2.158333333333333,0.32666666666666644
Moldova,2020,0.0780865388350307,12.632761548002376,-59.91458304030396,33.6126693073234,0.3758333333333333,-1.7825
Moldova,2021,0.1794465126961952,2.689013544585872,-9.943748003416504,33.6126693073234,0.08,-0.2958333333333333
Moldova,2022,0.1068927941207604,56.58132666732772,53.892313122741854,33.6126693073234,1.6833333333333333,1.6033333333333333
Moldova,2023,0.0513703303876589,168.875652711544,112.29432604421626,33.6126693073234,5.024166666666667,3.3408333333333333
Moldova,2024,0.1681863960463836,172.8811624706667,4.005509759122704,33.6126693073234,5.1433333333333335,0.11916666666666664
Mongolia,1993,,73.57384843213862,-12.15074033935789,24.3420507633213,3.0224999999999995,-0.499166666666667
Mongolia,1994,1.186691370194552,102.277183290555,28.703334858416387,24.3420507633213,4.201666666666667,1.1791666666666676
Mongolia,1995,0.5875514406456794,142.0764362885853,39.7992529980303,24.3420507633213,5.836666666666666,1.634999999999999
Mongolia,1996,0.2821797215176751,128.97229896099734,-13.104137327587962,24.3420507633213,5.298333333333333,-0.5383333333333331
Mongolia,1997,0.1586959012556938,132.9075971677343,3.9352982067369533,24.3420507633213,5.46,0.16166666666666707
Mongolia,1998,0.3520768031241488,130.31111175298,-2.5964854147542886,24.3420507633213,5.353333333333333,-0.10666666666666735
Mongolia,1999,-0.0166963495850076,120.97999229370686,-9.331119459273154,24.3420507633213,4.97,-0.38333333333333286
Mongolia,2000,0.2748985877207062,151.79297155161106,30.812979257904207,24.3420507633213,6.235833333333333,1.2658333333333331
Mongolia,2001,0.1617430806001216,94.62972234241154,-57.16324920919951,24.3420507633213,3.8874999999999997,-2.348333333333333
Mongolia,2002,0.2461835827165472,40.5700846055355,-54.05963773687605,24.3420507633213,1.6666666666666667,-2.220833333333333
Mongolia,2003,0.351055476904289,27.445662235644765,-13.124422369890738,24.3420507633213,1.1275,-0.5391666666666668
Mongolia,2004,0.402461597775936,32.84148348818099,5.395821252536227,24.3420507633213,1.3491666666666668,0.2216666666666669
Mongolia,2005,0.1859093645897438,78.21912311947244,45.37763963129145,24.3420507633213,3.2133333333333334,1.8641666666666665
Mongolia,2006,0.2971840519157673,120.83799699758748,42.61887387811503,24.3420507633213,4.964166666666666,1.750833333333333
Mongolia,2007,0.2983981743602406,122.17680978957014,1.3388127919826647,24.3420507633213,5.019166666666666,0.054999999999999716
Mongolia,2008,0.446423370135939,46.919302846301804,-75.25750694326834,24.3420507633213,1.9275,-3.091666666666666
Mongolia,2009,-0.0573487834775399,3.8947281221314083,-43.0245747241704,24.3420507633213,0.16,-1.7675
Mongolia,2010,0.2389517309879671,4.259858883581228,0.3651307614498198,24.3420507633213,0.17500000000000002,0.015000000000000013
Mongolia,2011,0.4854245410183999,2.4747751609376656,-1.7850837226435623,24.3420507633213,0.10166666666666667,-0.07333333333333335
Mongolia,2012,0.3150268021418334,3.4078871068649823,0.9331119459273167,24.3420507633213,0.14,0.038333333333333344
Mongolia,2013,0.1716661830018289,2.6167704570570396,-0.7911166498079426,24.3420507633213,0.1075,-0.032500000000000015
Mongolia,2014,0.2165749482981205,2.1704995263961493,-0.44627093066089035,24.3420507633213,0.08916666666666667,-0.018333333333333326
Mongolia,2015,0.1178027754054475,3.2253217261400726,1.054822199743923,24.3420507633213,0.1325,0.043333333333333335
Mongolia,2016,-0.0566148007092834,9.615110051511914,6.389788325371842,24.3420507633213,0.395,0.2625
Mongolia,2017,0.1905582640356193,24.382620847926837,14.767510796414923,24.3420507633213,1.0016666666666667,0.6066666666666667
Mongolia,2018,0.2658448078495574,44.58652298148352,20.20390213355668,24.3420507633213,1.8316666666666668,0.8300000000000001
Mongolia,2019,0.2052402788120133,52.53825956416847,7.951736582684952,24.3420507633213,2.158333333333333,0.32666666666666644
Mongolia,2020,0.067453022060782,9.148554078548255,-43.38970548562022,24.3420507633213,0.3758333333333333,-1.7825
Mongolia,2021,0.1613179151960473,1.9473640610657041,-7.20119001748255,24.3420507633213,0.08,-0.2958333333333333
Mongolia,2022,0.1294297468849414,40.97578545159085,39.028421390525146,24.3420507633213,1.6833333333333333,1.6033333333333333
Mongolia,2023,0.0626446811776695,122.29852004338677,81.3227345917959,24.3420507633213,5.024166666666667,3.3408333333333333
Mongolia,2024,0.2376828761982992,125.19928109268255,2.9007610492957876,24.3420507633213,5.1433333333333335,0.11916666666666664
Montenegro,2006,,236.1885267704416,83.30234929405704,47.5786859366342,4.964166666666666,1.750833333333333
Montenegro,2007,0.7846163624365161,238.80535449695648,2.6168277265148676,47.5786859366342,5.019166666666666,0.054999999999999716
Montenegro,2008,0.6873534230901441,91.70791714286243,-147.09743735409404,47.5786859366342,1.9275,-3.091666666666666
Montenegro,2009,-0.1066032226231037,7.612589749861472,-84.09532739300096,47.5786859366342,0.16,-1.7675
Montenegro,2010,-0.0941543774499074,8.326270038910986,0.7136802890495136,47.5786859366342,0.17500000000000002,0.015000000000000013
Montenegro,2011,0.0318177559561938,4.837166403557811,-3.4891036353531755,47.5786859366342,0.10166666666666667,-0.07333333333333335
Montenegro,2012,0.0184223931478477,6.6610160311287885,1.8238496275709783,47.5786859366342,0.14,0.038333333333333344
Montenegro,2013,0.0761384191851064,5.114708738188177,-1.5463072929406123,47.5786859366342,0.1075,-0.032500000000000015
Montenegro,2014,0.0283634465336142,4.242432829349883,-0.8722759088382933,47.5786859366342,0.08916666666666667,-0.018333333333333326
Montenegro,2015,0.0881078599865112,6.304175886604032,2.061743057254149,47.5786859366342,0.1325,0.043333333333333335
Montenegro,2016,0.1054007105294907,18.79358094497051,12.489405058366478,47.5786859366342,0.395,0.2625
Montenegro,2017,0.0876691027673608,47.65798374652859,28.864402801558082,47.5786859366342,1.0016666666666667,0.6066666666666667
Montenegro,2018,0.121858007127475,87.14829307393498,39.49030932740639,47.5786859366342,1.8316666666666668,0.8300000000000001
Montenegro,2019,0.0309721447267463,102.69066381323547,15.542370739300495,47.5786859366342,2.158333333333333,0.32666666666666644
Montenegro,2020,-0.0168280480058982,17.881656131185018,-84.80900768205046,47.5786859366342,0.3758333333333333,-1.7825
Montenegro,2021,-0.0382038592841986,3.806294874930736,-14.075361256254283,47.5786859366342,0.08,-0.2958333333333333
Montenegro,2022,0.1450615460794004,80.09078799333425,76.2844931184035,47.5786859366342,1.6833333333333333,1.6033333333333333
Montenegro,2023,0.2065952807319462,239.04324792663968,158.95245993330542,47.5786859366342,5.024166666666667,3.3408333333333333
Montenegro,2024,0.113052849252746,244.7130413340886,5.669793407448908,47.5786859366342,5.1433333333333335,0.11916666666666664
Morocco,1991,,297.41426860938657,-126.11236532682268,52.29261865659544,5.6875,-2.411666666666667
Morocco,1992,0.1553172261991768,184.15717203564358,-113.25709657374296,52.29261865659544,3.5216666666666665,-2.1658333333333335
Morocco,1993,0.0885470773499115,158.0544398895597,-26.102732146083905,52.29261865659544,3.0224999999999995,-0.499166666666667
Morocco,1994,0.0764391248114364,219.71615272212853,61.66171283256883,52.29261865659544,4.201666666666667,1.1791666666666676
Morocco,1995,0.0969328038423213,305.214584225662,85.49843150353348,52.29261865659544,5.836666666666666,1.634999999999999
Morocco,1996,0.0680718887494187,277.0637245155281,-28.150859710133865,52.29261865659544,5.298333333333333,-0.5383333333333331
Morocco,1997,0.0636816592510953,285.5176978650111,8.45397334948295,52.29261865659544,5.46,0.16166666666666707
Morocco,1998,0.1500631686811289,279.9398185416409,-5.577879323370216,52.29261865659544,5.353333333333333,-0.10666666666666735
Morocco,1999,0.0586248587556355,259.8943147232793,-20.04550381836156,52.29261865659544,4.97,-0.38333333333333286
Morocco,2000,0.0974831035734702,326.08805450608634,66.19373978280704,52.29261865659544,6.235833333333333,1.2658333333333331
Morocco,2001,0.0810653192352397,203.28755502751474,-122.80049947857161,52.29261865659544,3.8874999999999997,-2.348333333333333
Morocco,2002,0.1664831030892948,87.15436442765906,-116.1331905998557,52.29261865659544,1.6666666666666667,-2.220833333333333
Morocco,2003,0.0981777362395597,58.95992753531135,-28.194436892347714,52.29261865659544,1.1275,-0.5391666666666668
Morocco,2004,0.0757197582416786,70.55145800419002,11.591530468878668,52.29261865659544,1.3491666666666668,0.2216666666666669
Morocco,2005,0.0802332794913454,168.03361461652668,97.48215661233665,52.29261865659544,3.2133333333333334,1.8641666666666665
Morocco,2006,0.1315402684136231,259.5892744477825,91.55565983125582,52.29261865659544,4.964166666666666,1.750833333333333
Morocco,2007,0.1662650850822338,262.46536847389524,2.8760940261127343,52.29261865659544,5.019166666666666,0.054999999999999716
Morocco,2008,0.1616692003097313,100.7940224605877,-161.67134601330753,52.29261865659544,1.9275,-3.091666666666666
Morocco,2009,0.1249702858865546,8.36681898505527,-92.42720347553244,52.29261865659544,0.16,-1.7675
Morocco,2010,0.0677238239242932,9.151208264904202,0.7843892798489323,52.29261865659544,0.17500000000000002,0.015000000000000013
Morocco,2011,0.0410978516028492,5.316416230087203,-3.8347920348169993,52.29261865659544,0.10166666666666667,-0.07333333333333335
Morocco,2012,0.0623957195224669,7.320966611923362,2.004550381836159,52.29261865659544,0.14,0.038333333333333344
Morocco,2013,0.0441892255972256,5.6214565055840096,-1.6995101063393525,52.29261865659544,0.1075,-0.032500000000000015
Morocco,2014,0.0304143874359965,4.66275849687976,-0.9586980087042493,52.29261865659544,0.08916666666666667,-0.018333333333333326
Morocco,2015,0.0601506300688683,6.928771971998896,2.2660134751191356,52.29261865659544,0.1325,0.043333333333333335
Morocco,2016,0.0553448450658251,20.6555843693552,13.726812397356303,52.29261865659544,0.395,0.2625
Morocco,2017,0.0462757923423851,52.3797730210231,31.724188651667898,52.29261865659544,1.0016666666666667,0.6066666666666667
Morocco,2018,0.0539749929057684,95.78264650599732,43.402873484974215,52.29261865659544,1.8316666666666668,0.8300000000000001
Morocco,2019,0.0397987139730524,112.86490193381847,17.082255427821163,52.29261865659544,2.158333333333333,0.32666666666666644
Morocco,2020,0.0370844007442592,19.653309178437116,-93.21159275538136,52.29261865659544,0.3758333333333333,-1.7825
Morocco,2021,0.0803053631952153,4.183409492527635,-15.46989968590948,52.29261865659544,0.08,-0.2958333333333333
Morocco,2022,0.0496844492008037,88.02590807193565,83.84249857940802,52.29261865659544,1.6833333333333333,1.6033333333333333
Morocco,2023,0.0770869132384781,262.72683156717824,174.7009234952426,52.29261865659544,5.024166666666667,3.3408333333333333
Morocco,2024,0.0383910929703539,268.95836862375586,6.231537056577622,52.29261865659544,5.1433333333333335,0.11916666666666664
Mozambique,2005,,65.80156453931649,38.173781087772554,20.477665313065295,3.2133333333333334,1.8641666666666665
Mozambique,2006,0.2388915463788805,101.65454355827497,35.85297901895848,20.477665313065295,4.964166666666666,1.750833333333333
Mozambique,2007,0.2097870015718754,102.78081515049355,1.1262715922185853,20.477665313065295,5.019166666666666,0.054999999999999716
Mozambique,2008,0.2171037720843784,39.47069989093335,-63.310115259560185,20.477665313065295,1.9275,-3.091666666666666
Mozambique,2009,0.1848561852450636,3.2764264500904474,-36.194273440842906,20.477665313065295,0.16,-1.7675
Mozambique,2010,0.2824975019081783,3.583591429786427,0.30716497969597967,20.477665313065295,0.17500000000000002,0.015000000000000013
Mozambique,2011,0.219911007350241,2.0818959734949716,-1.5016954562914553,20.477665313065295,0.10166666666666667,-0.07333333333333335
Mozambique,2012,0.0749948937025379,2.8668731438291415,0.7849771703341698,20.477665313065295,0.14,0.038333333333333344
Mozambique,2013,0.2573810698233743,2.201349021154519,-0.6655241226746224,20.477665313065295,0.1075,-0.032500000000000015
Mozambique,2014,0.1514271246072311,1.8259251570816555,-0.3754238640728636,20.477665313065295,0.08916666666666667,-0.018333333333333326
Mozambique,2015,0.200483574364565,2.7132906539811517,0.8873654968994962,20.477665313065295,0.1325,0.043333333333333335
Mozambique,2016,0.2318095356050449,8.088677798660791,5.37538714467964,20.477665313065295,0.395,0.2625
Mozambique,2017,0.0962784745583924,20.51179475525374,12.423116956592946,20.477665313065295,1.0016666666666667,0.6066666666666667
Mozambique,2018,0.0496231921937919,37.508256965097935,16.996462209844196,20.477665313065295,1.8316666666666668,0.8300000000000001
Mozambique,2019,0.0790177840323096,44.19762763403259,6.689370668934658,20.477665313065295,2.158333333333333,0.32666666666666644
Mozambique,2020,0.1256267911817339,7.696189213493706,-36.50143842053889,20.477665313065295,0.3758333333333333,-1.7825
Mozambique,2021,0.2092687467709275,1.6382132250452237,-6.057975988448482,20.477665313065295,0.08,-0.2958333333333333
Mozambique,2022,0.0186170895773294,34.47073661032658,32.832523385281355,20.477665313065295,1.6833333333333333,1.6033333333333333
Mozambique,2023,0.0837534946864657,102.88320347705888,68.4124668667323,20.477665313065295,5.024166666666667,3.3408333333333333
Mozambique,2024,0.0348429787181672,105.32345859353251,2.440255116473614,20.477665313065295,5.1433333333333335,0.11916666666666664
Myanmar,1991,,168.1057479548373,-71.28176330861528,29.557054585465902,5.6875,-2.411666666666667
Myanmar,1992,0.3140160066799922,104.09009389848241,-64.0156540563549,29.557054585465902,3.5216666666666665,-2.1658333333333335
Myanmar,1993,0.2940690860018229,89.33619748457068,-14.75389641391174,29.557054585465902,3.0224999999999995,-0.499166666666667
Myanmar,1994,0.2387586340189429,124.18889101659924,34.85269353202857,29.557054585465902,4.201666666666667,1.1791666666666676
Myanmar,1995,0.2866891676793308,172.51467526383595,48.32578424723672,29.557054585465902,5.836666666666666,1.634999999999999
Myanmar,1996,0.3288343381694893,156.60312754532683,-15.911547718509137,29.557054585465902,5.298333333333333,-0.5383333333333331
Myanmar,1997,0.3296541430991588,161.38151803664383,4.7783904913169994,29.557054585465902,5.46,0.16166666666666707
Myanmar,1998,0.2474661984602342,158.22876554752744,-3.1527524891163834,29.557054585465902,5.353333333333333,-0.10666666666666735
Myanmar,1999,0.2901735911942147,146.89856128976552,-11.330204257761915,29.557054585465902,4.97,-0.38333333333333286
Myanmar,2000,0.258809148901431,184.3128662192011,37.41430492943558,29.557054585465902,6.235833333333333,1.2658333333333331
Myanmar,2001,0.3537529433803676,114.9030497009987,-69.40981651820242,29.557054585465902,3.8874999999999997,-2.348333333333333
Myanmar,2002,0.3621476294312025,49.26175764244317,-65.64129205855552,29.557054585465902,1.6666666666666667,-2.220833333333333
Myanmar,2003,0.304439458518793,33.325579045112804,-15.93617859733037,29.557054585465902,1.1275,-0.5391666666666668
Myanmar,2004,0.0073060587126363,39.877392811557755,6.5518137664449485,29.557054585465902,1.3491666666666668,0.2216666666666669
Myanmar,2005,0.278318915728196,94.97666873463044,55.09927592307268,29.557054585465902,3.2133333333333334,1.8641666666666665
Myanmar,2006,0.2414434618356047,146.726145138017,51.74947640338654,29.557054585465902,4.964166666666666,1.750833333333333
Myanmar,2007,0.2414638539835678,148.3517831402176,1.6256380022006163,29.557054585465902,5.019166666666666,0.054999999999999716
Myanmar,2008,0.2617564440159121,56.971222713485524,-91.38056042673206,29.557054585465902,1.9275,-3.091666666666666
Myanmar,2009,0.1388241479433638,4.7291287336745444,-52.24209397981098,29.557054585465902,0.16,-1.7675
Myanmar,2010,0.2672553005857132,5.172484552456534,0.44335581878198893,29.557054585465902,0.17500000000000002,0.015000000000000013
Myanmar,2011,0.3541698966359377,3.0049672161890335,-2.1675173362674998,29.557054585465902,0.10166666666666667,-0.07333333333333335
Myanmar,2012,0.266979292512584,4.137987641965227,1.1330204257761933,29.557054585465902,0.14,0.038333333333333344
Myanmar,2013,0.2818577710748613,3.1773833679375842,-0.9606042740276423,29.557054585465902,0.1075,-0.032500000000000015
Myanmar,2014,0.2732672837975904,2.63550403387071,-0.5418793340668747,29.557054585465902,0.08916666666666667,-0.018333333333333326
Myanmar,2015,0.1902640149559218,3.9163097325742324,1.2808056987035226,29.557054585465902,0.1325,0.043333333333333335
Myanmar,2016,0.2675272011581171,11.675036561259033,7.7587268286848,29.557054585465902,0.395,0.2625
Myanmar,2017,0.1608329356752982,29.606316343108347,17.931279781849316,29.557054585465902,1.0016666666666667,0.6066666666666667
Myanmar,2018,0.186831557666899,54.13867164904505,24.5323553059367,29.557054585465902,1.8316666666666668,0.8300000000000001
Myanmar,2019,0.1360185469266568,63.7939761469639,9.655304497918856,29.557054585465902,2.158333333333333,0.32666666666666644
Namibia,2003,,34.9927796564158,-16.733428261419828,31.035724750701377,1.1275,-0.5391666666666668
Namibia,2004,0.0207316812827045,41.87236530948795,6.879585653072146,31.035724750701377,1.3491666666666668,0.2216666666666669
Namibia,2005,0.2030708717972658,99.7281288655871,57.85576355609915,31.035724750701377,3.2133333333333334,1.8641666666666665
Namibia,2006,0.0498759272826916,154.0665102832734,54.338381417686314,31.035724750701377,4.964166666666666,1.750833333333333
Namibia,2007,0.2598960968121595,155.77347514456198,1.7069648612885668,31.035724750701377,5.019166666666666,0.054999999999999716
Namibia,2008,0.1496004760383371,59.8213594569769,-95.95211568758506,31.035724750701377,1.9275,-3.091666666666666
Namibia,2009,0.1248923522578451,4.96571596011222,-54.85564349686469,31.035724750701377,0.16,-1.7675
Namibia,2010,0.4674655632619746,5.431251831372742,0.46553587126052104,31.035724750701377,0.17500000000000002,0.015000000000000013
Namibia,2011,0.1000437280693944,3.1552986829879734,-2.275953148384768,31.035724750701377,0.10166666666666667,-0.07333333333333335
Namibia,2012,0.1105212812856493,4.345001465098193,1.1897027821102197,31.035724750701377,0.14,0.038333333333333344
Namibia,2013,0.0406025155197689,3.336340410700398,-1.0086610543977952,31.035724750701377,0.1075,-0.032500000000000015
Namibia,2014,0.1203019612911795,2.7673521236042062,-0.5689882870961916,31.035724750701377,0.08916666666666667,-0.018333333333333326
Namibia,2015,0.0755044776441558,4.112233529467932,1.3448814058637264,31.035724750701377,0.1325,0.043333333333333335
Namibia,2016,0.0871390960294142,12.259111276527044,8.146877747059111,31.035724750701377,0.395,0.2625
Namibia,2017,0.0587669601260891,31.087450958619215,18.82833968209217,31.035724750701377,1.0016666666666667,0.6066666666666667
Namibia,2018,0.1308526080828755,56.84710250170136,25.759651543082146,31.035724750701377,1.8316666666666668,0.8300000000000001
Namibia,2019,0.0619452512009743,66.98543925359714,10.138336751895777,31.035724750701377,2.158333333333333,0.32666666666666644
Namibia,2020,0.1001496100211412,11.664259885471933,-55.3211793681252,31.035724750701377,0.3758333333333333,-1.7825
Namibia,2021,0.0776741966485197,2.48285798005611,-9.181401905415822,31.035724750701377,0.08,-0.2958333333333333
Nepal,1991,,197.92539279561808,-83.92616655685258,34.80006906296582,5.6875,-2.411666666666667
Nepal,1992,0.2047656624146547,122.55424321674462,-75.37114957887347,34.80006906296582,3.5216666666666665,-2.1658333333333335
Nepal,1993,0.186498816789367,105.18320874281417,-17.371034473930447,34.80006906296582,3.0224999999999995,-0.499166666666667
Nepal,1994,0.2232942694003981,146.2182901795614,41.03508143674723,34.80006906296582,4.201666666666667,1.1791666666666676
Nepal,1995,0.1653844557736192,203.11640309751047,56.89811291794907,34.80006906296582,5.836666666666666,1.634999999999999
Nepal,1996,0.143483396026518,184.38236591861389,-18.734037178896592,34.80006906296582,5.298333333333333,-0.5383333333333331
Nepal,1997,0.1151300628406133,190.00837708379336,5.626011165179488,34.80006906296582,5.46,0.16166666666666707
Nepal,1998,0.2588452516992952,186.296369717077,-3.712007366716378,34.80006906296582,5.353333333333333,-0.10666666666666735
Nepal,1999,0.105992689965479,172.9563432429401,-13.34002647413688,34.80006906296582,4.97,-0.38333333333333286
Nepal,2000,0.1962274459393214,217.00743066514434,44.051087422204226,34.80006906296582,6.235833333333333,1.2658333333333331
Nepal,2001,0.1726542718440988,135.2852684822796,-81.72216218286472,34.80006906296582,3.8874999999999997,-2.348333333333333
Nepal,2002,0.1550810930078014,58.000115104943035,-77.28515337733658,34.80006906296582,1.6666666666666667,-2.220833333333333
Nepal,2003,0.0262442567545413,39.237077868493955,-18.763037236449076,34.80006906296582,1.1275,-0.5391666666666668
Nepal,2004,0.0972863431599826,46.95109317745139,7.714015308957431,34.80006906296582,1.3491666666666668,0.2216666666666669
Nepal,2005,0.1229702441063729,111.82422192233017,64.87312874487877,34.80006906296582,3.2133333333333334,1.8641666666666665
Nepal,2006,0.0929764272314734,172.7533428400728,60.929120917742644,34.80006906296582,4.964166666666666,1.750833333333333
Nepal,2007,0.1568757087140362,174.66734663853592,1.9140037984631102,34.80006906296582,5.019166666666666,0.054999999999999716
Nepal,2008,0.1699840342227574,67.07713311886661,-107.59021351966929,34.80006906296582,1.9275,-3.091666666666666
Nepal,2009,0.3281611135843718,5.568011050074531,-61.50912206879209,34.80006906296582,0.16,-1.7675
Nepal,2010,0.2594356404623887,6.090012086019018,0.5220010359444878,34.80006906296582,0.17500000000000002,0.015000000000000013
Nepal,2011,0.091568850361881,3.538007021401525,-2.552005064617494,34.80006906296582,0.10166666666666667,-0.07333333333333335
Nepal,2012,0.1711779346375515,4.872009668815215,1.3340026474136901,34.80006906296582,0.14,0.038333333333333344
Nepal,2013,0.1385133218916472,3.7410074242688256,-1.1310022445463896,34.80006906296582,0.1075,-0.032500000000000015
Nepal,2014,0.196043723893684,3.1030061581144524,-0.6380012661543731,34.80006906296582,0.08916666666666667,-0.018333333333333326
Nepal,2015,0.1496289868331466,4.611009150842971,1.5080029927285188,34.80006906296582,0.1325,0.043333333333333335
Nepal,2016,0.2186137981086027,13.746027279871498,9.135018129028527,34.80006906296582,0.395,0.2625
Nepal,2017,0.1601060797834108,34.858069178070764,21.112041898199262,34.80006906296582,1.0016666666666667,0.6066666666666667
Nepal,2018,0.1130417258916942,63.7421265003324,28.884057322261633,34.80006906296582,1.8316666666666668,0.8300000000000001
Nepal,2019,0.1802819591616682,75.11014906090122,11.368022560568827,34.80006906296582,2.158333333333333,0.32666666666666644
Nepal,2020,0.129390374332619,13.079025956164651,-62.03112310473657,34.80006906296582,0.3758333333333333,-1.7825
Nepal,2021,0.1997841476306057,2.7840055250372653,-10.295020431127385,34.80006906296582,0.08,-0.2958333333333333
Nepal,2022,0.1370768765569145,58.58011625599246,55.79611073095519,34.80006906296582,1.6833333333333333,1.6033333333333333
Nepal,2023,0.0736489369052293,174.84134698385077,116.2612307278583,34.80006906296582,5.024166666666667,3.3408333333333333
Nepal,2024,0.1359276617479814,178.9883552138542,4.147008230003426,34.80006906296582,5.1433333333333335,0.11916666666666664
New Zealand,1991,,408.73965260807284,-173.31759042458066,71.86631254647435,5.6875,-2.411666666666667
New Zealand,1992,0.0160589014495897,253.08919735116714,-155.6504552569057,71.86631254647435,3.5216666666666665,-2.1658333333333335
New Zealand,1993,0.0386401082216814,217.21592967171867,-35.87326767944847,71.86631254647435,3.0224999999999995,-0.499166666666667
New Zealand,1994,0.0599592843341767,301.95828988276975,84.74236021105106,71.86631254647435,4.201666666666667,1.1791666666666676
New Zealand,1995,0.0872701370416777,419.4597108962552,117.50142101348548,71.86631254647435,5.836666666666666,1.634999999999999
New Zealand,1996,0.0897697279340938,380.77167930873657,-38.68803158751867,71.86631254647435,5.298333333333333,-0.5383333333333331
New Zealand,1997,0.1321372872261577,392.39006650374995,11.618387195013382,71.86631254647435,5.46,0.16166666666666707
New Zealand,1998,0.0641514629048565,384.7243264987926,-7.665740004957313,71.86631254647435,5.353333333333333,-0.10666666666666735
New Zealand,1999,0.0028694946623204,357.17557335597746,-27.548753142815134,71.86631254647435,4.97,-0.38333333333333286
New Zealand,2000,0.0689750772621273,448.1463473210562,90.97077396507876,71.86631254647435,6.235833333333333,1.2658333333333331
New Zealand,2001,0.0149559844983073,279.380290024419,-168.76605729663726,71.86631254647435,3.8874999999999997,-2.348333333333333
New Zealand,2002,0.0868979337919384,119.77718757745725,-159.60310244696177,71.86631254647435,1.6666666666666667,-2.220833333333333
New Zealand,2003,0.0023531322768377,81.02926739614982,-38.74792018130743,71.86631254647435,1.1275,-0.5391666666666668
New Zealand,2004,0.090753307386791,96.95963334395165,15.93036594780183,71.86631254647435,1.3491666666666668,0.2216666666666669
New Zealand,2005,0.0346671080859124,230.93041764933758,133.9707843053859,71.86631254647435,3.2133333333333334,1.8641666666666665
New Zealand,2006,0.0906436302774622,356.7563531994564,125.82593555011881,71.86631254647435,4.964166666666666,1.750833333333333
New Zealand,2007,0.10676507786361,360.7090003895125,3.9526471900560685,71.86631254647435,5.019166666666666,0.054999999999999716
New Zealand,2008,0.1056376660742692,138.5223174333293,-222.18668295618315,71.86631254647435,1.9275,-3.091666666666666
New Zealand,2009,0.0984945262869487,11.498610007435897,-127.02370742589342,71.86631254647435,0.16,-1.7675
New Zealand,2010,-0.006349151477579,12.576604695633012,1.077994688197116,71.86631254647435,0.17500000000000002,0.015000000000000013
New Zealand,2014,0.0802812891080293,6.408079535393963,-1.3175490633520293,71.86631254647435,0.08916666666666667,-0.018333333333333326
New Zealand,2015,0.0649378994314773,9.522286412407851,3.1142068770138884,71.86631254647435,0.1325,0.043333333333333335
New Zealand,2016,0.0939485996246247,28.387193455857368,18.864907043449517,71.86631254647435,0.395,0.2625
New Zealand,2017,0.0738228864468482,71.9860897340518,43.59889627819444,71.86631254647435,1.0016666666666667,0.6066666666666667
New Zealand,2018,0.0704756830087447,131.63512914762552,59.64903941357371,71.86631254647435,1.8316666666666668,0.8300000000000001
New Zealand,2019,0.0622681869753414,155.1114579128071,23.476328765181602,71.86631254647435,2.158333333333333,0.32666666666666644
New Zealand,2020,0.0460415162664133,27.009755798716608,-128.10170211409053,71.86631254647435,0.3758333333333333,-1.7825
New Zealand,2021,0.114916198787931,5.749305003717948,-21.260450794998658,71.86631254647435,0.08,-0.2958333333333333
New Zealand,2022,0.068213952532119,120.97495945323182,115.22565444951387,71.86631254647435,1.6833333333333333,1.6033333333333333
New Zealand,2023,0.0181595630912738,361.0683319522449,240.09337249901304,71.86631254647435,5.024166666666667,3.3408333333333333
New Zealand,2024,0.0350137701146842,369.63240086403306,8.56406891178819,71.86631254647435,5.1433333333333335,0.11916666666666664
Nicaragua,2000,,111.44815478909338,22.623245640068532,17.87221512052814,6.235833333333333,1.2658333333333331
Nicaragua,2001,0.0896138043741956,69.47823628105314,-41.969918508040244,17.87221512052814,3.8874999999999997,-2.348333333333333
Nicaragua,2002,0.0402316595053484,29.787025200880233,-39.691211080172906,17.87221512052814,1.6666666666666667,-2.220833333333333
Nicaragua,2003,0.1248704284808717,20.150922548395474,-9.636102652484757,17.87221512052814,1.1275,-0.5391666666666668
Nicaragua,2004,0.1190532330326981,24.11259690011255,3.961674351717075,17.87221512052814,1.3491666666666668,0.2216666666666669
Nicaragua,2005,0.1588506358740069,57.429384587297086,33.31678768718454,17.87221512052814,3.2133333333333334,1.8641666666666665
Nicaragua,2006,0.0933047281577472,88.72065456082177,31.291269973524678,17.87221512052814,4.964166666666666,1.750833333333333
Nicaragua,2007,0.0808437408762401,89.70362639245081,0.9829718316290426,17.87221512052814,5.019166666666666,0.054999999999999716
Nicaragua,2008,0.169566326086187,34.44869464481799,-55.25493174763282,17.87221512052814,1.9275,-3.091666666666666
Nicaragua,2009,0.0707374223572863,2.8595544192845024,-31.589140225533487,17.87221512052814,0.16,-1.7675
Nicaragua,2010,0.1339970896913058,3.1276376460924245,0.26808322680792235,17.87221512052814,0.17500000000000002,0.015000000000000013
Nicaragua,2011,0.1961700537529971,1.8170085372536942,-1.3106291088387305,17.87221512052814,0.10166666666666667,-0.07333333333333335
Nicaragua,2012,0.1188636283270376,2.50211011687394,0.6851015796202455,17.87221512052814,0.14,0.038333333333333344
Nicaragua,2013,0.1431806580668748,1.921263125456775,-0.5808469914171648,17.87221512052814,0.1075,-0.032500000000000015
Nicaragua,2014,0.168216729530048,1.5936058482470925,-0.3276572772096824,17.87221512052814,0.08916666666666667,-0.018333333333333326
Nicaragua,2015,0.1435006216967735,2.3680685034699787,0.774462655222886,17.87221512052814,0.1325,0.043333333333333335
Nicaragua,2016,0.1736336858185261,7.059524972608616,4.691456469138637,17.87221512052814,0.395,0.2625
Nicaragua,2017,0.1047577807339088,17.90200214572902,10.842477173120406,17.87221512052814,1.0016666666666667,0.6066666666666667
Nicaragua,2018,0.1485797977457963,32.735940695767376,14.833938550038356,17.87221512052814,1.8316666666666668,0.8300000000000001
Nicaragua,2019,-0.206452073993308,38.574197635139896,5.838256939372521,17.87221512052814,2.158333333333333,0.32666666666666644
Nicaragua,2020,0.0604515071309705,6.7169741827984915,-31.857223452341408,17.87221512052814,0.3758333333333333,-1.7825
Nicaragua,2021,0.1452061797330621,1.4297772096422512,-5.28719697315624,17.87221512052814,0.08,-0.2958333333333333
Nicaragua,2022,0.1294752185384489,30.084895452889036,28.655118243246783,17.87221512052814,1.6833333333333333,1.6033333333333333
Niger,1991,,73.08523166703065,-30.990279918591465,12.85015062277462,5.6875,-2.411666666666667
Niger,1992,-0.0927792735020105,45.253947109871284,-27.831284557159368,12.85015062277462,3.5216666666666665,-2.1658333333333335
Niger,1993,-0.0096094732450531,38.83958025733629,-6.414366852535002,12.85015062277462,3.0224999999999995,-0.499166666666667
Niger,1994,0.0007142221964926,53.992049533358035,15.152469276021751,12.85015062277462,4.201666666666667,1.1791666666666676
Niger,1995,0.0650932326990769,75.00204580159452,21.009996268236492,12.85015062277462,5.836666666666666,1.634999999999999
Niger,1996,0.0368331094039078,68.08438138300086,-6.9176644185936675,12.85015062277462,5.298333333333333,-0.5383333333333331
Niger,1997,-0.0681180875966305,70.16182240034942,2.0774410173485687,12.85015062277462,5.46,0.16166666666666707
Niger,1998,-0.2396687709299811,68.79113966725346,-1.3706827330959683,12.85015062277462,5.353333333333333,-0.10666666666666735
Niger,1999,-0.2042890119564866,63.86524859518986,-4.925891072063599,12.85015062277462,4.97,-0.38333333333333286
Niger,2000,0.1433030524547476,80.13139759185206,16.266148996662206,12.85015062277462,6.235833333333333,1.2658333333333331
Niger,2001,0.1205830547708473,49.95496054603633,-30.17643704581573,12.85015062277462,3.8874999999999997,-2.348333333333333
Niger,2002,0.3961573635527493,21.416917704624368,-28.53804284141197,12.85015062277462,1.6666666666666667,-2.220833333333333
Niger,2003,-0.204096766678667,14.488544827178384,-6.928372877445985,12.85015062277462,1.1275,-0.5391666666666668
Niger,2004,0.3691826245910015,17.33699488189343,2.8484500547150438,12.85015062277462,1.3491666666666668,0.2216666666666669
Niger,2005,0.0850527344910325,41.291817334515784,23.954822452622352,12.85015062277462,3.2133333333333334,1.8641666666666665
Niger,2006,0.0465759643325398,63.79028938322367,22.498472048707892,12.85015062277462,4.964166666666666,1.750833333333333
Niger,2007,0.1104953213937385,64.49704766747628,0.7067582842526005,12.85015062277462,5.019166666666666,0.054999999999999716
Niger,2008,0.3798075580352176,24.768665325398082,-39.72838234207819,12.85015062277462,1.9275,-3.091666666666666
Niger,2009,0.0896812687632788,2.056024099643939,-22.712641225754144,12.85015062277462,0.16,-1.7675
Niger,2010,0.1880829485685282,2.248776358985559,0.1927522593416195,12.85015062277462,0.17500000000000002,0.015000000000000013
Niger,2011,0.2038644750265312,1.3064319799820865,-0.9423443790034723,12.85015062277462,0.10166666666666667,-0.07333333333333335
Niger,2012,0.0661627617186688,1.799021087188447,0.49258910720636057,12.85015062277462,0.14,0.038333333333333344
Niger,2013,0.2754808523436232,1.3813911919482718,-0.41762989524017535,12.85015062277462,0.1075,-0.032500000000000015
Niger,2014,0.0929703292045154,1.1458050971974036,-0.23558609475086795,12.85015062277462,0.08916666666666667,-0.018333333333333326
Niger,2015,0.2224502498176654,1.7026449575176372,0.5568398603202336,12.85015062277462,0.1325,0.043333333333333335
Niger,2016,0.0448322329099468,5.075809495995975,3.373164538478338,12.85015062277462,0.395,0.2625
Niger,2017,0.0831503681663186,12.871567540479246,7.79575804448327,12.85015062277462,1.0016666666666667,0.6066666666666667
Niger,2018,-0.0504623726002328,23.53719255738218,10.665625016902936,12.85015062277462,1.8316666666666668,0.8300000000000001
Niger,2019,-0.0212646382129726,27.734908427488556,4.197715870106373,12.85015062277462,2.158333333333333,0.32666666666666644
Niger,2020,0.1402577153656885,4.8295149423927946,-22.90539348509576,12.85015062277462,0.3758333333333333,-1.7825
Niger,2021,0.1571278468451993,1.0280120498219696,-3.8015028925708245,12.85015062277462,0.08,-0.2958333333333333
Niger,2022,0.0928411485263893,21.631086881670612,20.60307483184864,12.85015062277462,1.6833333333333333,1.6033333333333333
Niger,2023,0.1126384696036026,64.56129842059016,42.930211538919544,12.85015062277462,5.024166666666667,3.3408333333333333
Niger,2024,-0.009290953256432,66.0926080364708,1.531309615880642,12.85015062277462,5.1433333333333335,0.11916666666666664
Nigeria,1991,,78.27004475821826,-33.18879260516977,13.76176611133508,5.6875,-2.411666666666667
Nigeria,1992,0.3175821797762665,48.464352988751706,-29.805691769466563,13.76176611133508,3.5216666666666665,-2.1658333333333335
Nigeria,1993,0.4901753903995143,41.59493807151027,-6.869414917241431,13.76176611133508,3.0224999999999995,-0.499166666666667
Nigeria,1994,0.4302095458531809,57.822353944459564,16.227415872949294,13.76176611133508,4.201666666666667,1.1791666666666676
Nigeria,1995,0.2963578945706295,80.3228415364924,22.50048759203284,13.76176611133508,5.836666666666666,1.634999999999999
Nigeria,1996,0.1774071236002434,72.91442411322369,-7.408417423268714,13.76176611133508,5.298333333333333,-0.5383333333333331
Nigeria,1997,0.1499546768277611,75.13924296788953,2.2248188546658434,13.76176611133508,5.46,0.16166666666666707
Nigeria,1998,0.1487561809201025,73.67132124934712,-1.467921718542418,13.76176611133508,5.353333333333333,-0.10666666666666735
Nigeria,1999,0.2014520431434832,68.39597757333534,-5.275343676011774,13.76176611133508,4.97,-0.38333333333333286
Nigeria,2000,0.2860887402787639,85.81607984260033,17.420102269264987,13.76176611133508,6.235833333333333,1.2658333333333331
Nigeria,2001,0.3924982181467911,53.49886575781512,-32.317214084785206,13.76176611133508,3.8874999999999997,-2.348333333333333
Nigeria,2002,0.2340977379302344,22.936276852225134,-30.562588905589987,13.76176611133508,1.6666666666666667,-2.220833333333333
Nigeria,2003,0.1724488000409003,15.5163912905303,-7.419885561694832,13.76176611133508,1.1275,-0.5391666666666668
Nigeria,2004,0.1267328130322589,18.566916111876246,3.0505248213459457,13.76176611133508,1.3491666666666668,0.2216666666666669
Nigeria,2005,0.1879475804983528,44.22114177109005,25.654225659213807,13.76176611133508,3.2133333333333334,1.8641666666666665
Nigeria,2006,0.2037864661158117,68.31570060435256,24.094558833262496,13.76176611133508,4.964166666666666,1.750833333333333
Nigeria,2007,0.3100602126392715,69.07259774047598,0.7568971361234255,13.76176611133508,5.019166666666666,0.054999999999999716
Nigeria,2008,0.6300015483001431,26.525804179598367,-42.54679356087761,13.76176611133508,1.9275,-3.091666666666666
Nigeria,2009,0.3522290825927854,2.201882577813613,-24.323921601784754,13.76176611133508,0.16,-1.7675
Nigeria,2010,0.1385817064852759,2.4083090694836393,0.20642649167002639,13.76176611133508,0.17500000000000002,0.015000000000000013
Nigeria,2011,0.0650840036777928,1.399112887985733,-1.009196181497906,13.76176611133508,0.10166666666666667,-0.07333333333333335
Nigeria,2012,0.1962706167013905,1.9266472555869114,0.5275343676011782,13.76176611133508,0.14,0.038333333333333344
Nigeria,2013,0.2396817815536494,1.479389856968521,-0.4472573986183903,13.76176611133508,0.1075,-0.032500000000000015
Nigeria,2014,0.1336746354435014,1.2270908115940447,-0.25229904537447634,13.76176611133508,0.08916666666666667,-0.018333333333333326
Nigeria,2015,-0.0079733737894116,1.8234340097518982,0.5963431981578534,13.76176611133508,0.1325,0.043333333333333335
Nigeria,2016,0.0400872282797379,5.435897613977357,3.6124636042254585,13.76176611133508,0.395,0.2625
Nigeria,2017,0.2770419309374929,13.784702388187306,8.348804774209949,13.76176611133508,1.0016666666666667,0.6066666666666667
Nigeria,2018,0.013782869459245,25.20696826059542,11.422265872408117,13.76176611133508,1.8316666666666668,0.8300000000000001
Nigeria,2019,0.1396063652259052,29.702478523631545,4.495510263036123,13.76176611133508,2.158333333333333,0.32666666666666644
Nigeria,2020,0.062492345252739,5.172130430176767,-24.53034809345478,13.76176611133508,0.3758333333333333,-1.7825
Nigeria,2021,0.1100424490826164,1.1009412889068064,-4.071189141269961,13.76176611133508,0.08,-0.2958333333333333
Nigeria,2022,0.1331086787294531,23.165639620747385,22.064698331840578,13.76176611133508,1.6833333333333333,1.6033333333333333
Nigeria,2023,0.1606092511630095,69.14140657103266,45.975766950285276,13.76176611133508,5.024166666666667,3.3408333333333333
North Macedonia,1994,,131.82053078179408,36.99445677434327,31.37339090403667,4.201666666666667,1.1791666666666676
North Macedonia,1995,-0.802089473254032,183.116024909894,51.29549412809992,31.37339090403667,5.836666666666666,1.634999999999999
North Macedonia,1996,0.0180576971164043,166.22668280655427,-16.889342103339732,31.37339090403667,5.298333333333333,-0.5383333333333331
North Macedonia,1997,-0.0021075880944749,171.2987143360402,5.07203152948594,31.37339090403667,5.46,0.16166666666666707
North Macedonia,1998,0.2142732619120515,167.95221930627628,-3.3464950297639326,31.37339090403667,5.353333333333333,-0.10666666666666735
North Macedonia,1999,0.1223137877434368,155.92575279306223,-12.026466513214041,31.37339090403667,4.97,-0.38333333333333286
North Macedonia,2000,0.2717064685789019,195.63923677908863,39.71348398602641,31.37339090403667,6.235833333333333,1.2658333333333331
North Macedonia,2001,0.2008769750612096,121.96405713944255,-73.6751796396461,31.37339090403667,3.8874999999999997,-2.348333333333333
North Macedonia,2002,0.5105840486953639,52.28898484006112,-69.67507229938143,31.37339090403667,1.6666666666666667,-2.220833333333333
North Macedonia,2003,-0.0841820244271751,35.373498244301345,-16.915486595759774,31.37339090403667,1.1275,-0.5391666666666668
North Macedonia,2004,0.16970605612509,42.32793322802948,6.954434983728135,31.37339090403667,1.3491666666666668,0.2216666666666669
North Macedonia,2005,0.1527818179586759,100.81316277163783,58.48522954360835,31.37339090403667,3.2133333333333334,1.8641666666666665
North Macedonia,2006,0.145905561904442,155.74274134612202,54.92957857448419,31.37339090403667,4.964166666666666,1.750833333333333
North Macedonia,2007,0.2215956118876718,157.46827784584403,1.7255364997220077,31.37339090403667,5.019166666666666,0.054999999999999716
North Macedonia,2008,0.2616869012654419,60.47221096753068,-96.99606687831334,31.37339090403667,1.9275,-3.091666666666666
North Macedonia,2009,0.1117042290143679,5.019742544645867,-55.45246842288481,31.37339090403667,0.16,-1.7675
North Macedonia,2010,0.0165638122317481,5.490343408206417,0.4706008635605504,31.37339090403667,0.17500000000000002,0.015000000000000013
North Macedonia,2011,0.1098939835059802,3.189628075243728,-2.3007153329626893,31.37339090403667,0.10166666666666667,-0.07333333333333335
North Macedonia,2012,0.0855153408316695,4.392274726565134,1.202646651321406,31.37339090403667,0.14,0.038333333333333344
North Macedonia,2013,0.0301817081429049,3.372639522183942,-1.0196352043811923,31.37339090403667,0.1075,-0.032500000000000015
North Macedonia,2014,0.0257152404329019,2.7974606889432696,-0.575178833240672,31.37339090403667,0.08916666666666667,-0.018333333333333326
North Macedonia,2015,0.0854582465083737,4.156974294784859,1.359513605841589,31.37339090403667,0.1325,0.043333333333333335
North Macedonia,2016,0.0739182762903105,12.392489407094484,8.235515112309626,31.37339090403667,0.395,0.2625
North Macedonia,2017,0.0578983755960536,31.42567988887673,19.033190481782245,31.37339090403667,1.0016666666666667,0.6066666666666667
North Macedonia,2018,0.0448797522701021,57.46559433922717,26.039914450350437,31.37339090403667,1.8316666666666668,0.8300000000000001
North Macedonia,2019,0.1026964962274199,67.71423536787914,10.24864102865197,31.37339090403667,2.158333333333333,0.32666666666666644
North Macedonia,2020,0.0787390738107625,11.79116608143378,-55.92306928644536,31.37339090403667,0.3758333333333333,-1.7825
North Macedonia,2021,0.0766871848655093,2.5098712723229335,-9.281294809110847,31.37339090403667,0.08,-0.2958333333333333
North Macedonia,2022,0.0846232059000406,52.81187468846173,50.30200341613879,31.37339090403667,1.6833333333333333,1.6033333333333333
North Macedonia,2023,0.051418211107471,157.62514480036424,104.8132701119025,31.37339090403667,5.024166666666667,3.3408333333333333
North Macedonia,2024,0.0572742728806225,161.3638072164286,3.738662416064369,31.37339090403667,5.1433333333333335,0.11916666666666664
Norway,1991,,321.3269497893729,-136.25204288504693,56.49704611681282,5.6875,-2.411666666666667
Norway,1992,0.0289161683076955,198.96376407470913,-122.36318571466377,56.49704611681282,3.5216666666666665,-2.1658333333333335
Norway,1993,0.0815873109803888,170.7623218880667,-28.201442186642417,56.49704611681282,3.0224999999999995,-0.499166666666667
Norway,1994,-0.0067175229304758,237.3817554341419,66.61943354607517,56.49704611681282,4.201666666666667,1.1791666666666676
Norway,1995,0.0490193517263328,329.7544258351308,92.3726704009889,56.49704611681282,5.836666666666666,1.634999999999999
Norway,1996,0.0371128454017188,299.3401826755799,-30.41424315955089,56.49704611681282,5.298333333333333,-0.5383333333333331
Norway,1997,0.0668141620650573,308.473871797798,9.133689122218096,56.49704611681282,5.46,0.16166666666666707
Norway,1998,0.0143182324273354,302.4475202120046,-6.026351585793406,56.49704611681282,5.353333333333333,-0.10666666666666735
Norway,1999,0.1438489648152945,280.7903192005597,-21.657201011444887,56.49704611681282,4.97,-0.38333333333333286
Norway,2000,0.0168579063078482,352.3061634100919,71.51584420953222,56.49704611681282,6.235833333333333,1.2658333333333331
Norway,2001,0.083084353965269,219.6322667791098,-132.67389663098209,56.49704611681282,3.8874999999999997,-2.348333333333333
Norway,2002,0.15243757325781,94.16174352802136,-125.47052325108847,56.49704611681282,1.6666666666666667,-2.220833333333333
Norway,2003,0.0716286430248338,63.70041949670645,-30.46132403131492,56.49704611681282,1.1275,-0.5391666666666668
Norway,2004,0.0212444667730977,76.2239313859333,12.523511889226855,56.49704611681282,1.3491666666666668,0.2216666666666669
Norway,2005,0.0662534691666856,181.5438415220252,105.31991013609189,56.49704611681282,3.2133333333333334,1.8641666666666665
Norway,2006,0.1000659009062978,280.4607530982116,98.91691157618642,56.49704611681282,4.964166666666666,1.750833333333333
Norway,2007,0.0655697188421839,283.5680906346363,3.107337536424689,56.49704611681282,5.019166666666666,0.054999999999999716
Norway,2008,0.1663874449820035,108.89805639015671,-174.67003424447958,56.49704611681282,1.9275,-3.091666666666666
Norway,2009,0.0304008179318273,9.039527378690051,-99.85852901146666,56.49704611681282,0.16,-1.7675
Norway,2010,0.0089463187083005,9.886983070442245,0.847455691752193,56.49704611681282,0.17500000000000002,0.015000000000000013
Norway,2011,0.0626829677076763,5.743866355209303,-4.1431167152329405,56.49704611681282,0.10166666666666667,-0.07333333333333335
Norway,2012,0.0622358140941052,7.909586456353796,2.1657201011444918,56.49704611681282,0.14,0.038333333333333344
Norway,2013,0.043974429113998,6.073432457557378,-1.8361539987964175,56.49704611681282,0.1075,-0.032500000000000015
Norway,2014,0.0653103631470699,5.0376532787491435,-1.0357791788082347,56.49704611681282,0.08916666666666667,-0.018333333333333326
Norway,2015,0.0593349907897753,7.485858610477699,2.4482053317285555,56.49704611681282,0.1325,0.043333333333333335
Norway,2016,-0.0547353044483678,22.316333216141064,14.830474605663365,56.49704611681282,0.395,0.2625
Norway,2017,0.1065065354566456,56.591207860340845,34.27487464419978,56.49704611681282,1.0016666666666667,0.6066666666666667
Norway,2018,0.0590417096770892,103.48375613729549,46.89254827695464,56.49704611681282,1.8316666666666668,0.8300000000000001
Norway,2019,0.0505307141938153,121.93945786878766,18.455701731492173,56.49704611681282,2.158333333333333,0.32666666666666644
Norway,2020,0.0389658557737178,21.233473165568814,-100.70598470321885,56.49704611681282,0.3758333333333333,-1.7825
Norway,2021,0.1147453071103612,4.519763689345026,-16.71370947622379,56.49704611681282,0.08,-0.2958333333333333
Norway,2022,0.0998626966847062,95.10336096330158,90.58359727395654,56.49704611681282,1.6833333333333333,1.6033333333333333
Norway,2023,0.0539833428415974,283.85057586522043,188.74721490191882,56.49704611681282,5.024166666666667,3.3408333333333333
Norway,2024,0.0043214522680834,290.5831405274739,6.732564662253526,56.49704611681282,5.1433333333333335,0.11916666666666664
Oman,2001,,94.94119802812503,-57.351403224706615,24.4221731262058,3.8874999999999997,-2.348333333333333
Oman,2002,0.102593147471957,40.70362187700967,-54.23757615111538,24.4221731262058,1.6666666666666667,-2.220833333333333
Oman,2003,0.0540618272730064,27.536000199797037,-13.16762167721263,24.4221731262058,1.1275,-0.5391666666666668
Oman,2004,0.0239352269160981,32.94958190943933,5.413581709642291,24.4221731262058,1.3491666666666668,0.2216666666666669
Oman,2005,0.0399980630222529,78.47658297887463,45.52700106943531,24.4221731262058,3.2133333333333334,1.8641666666666665
Oman,2006,0.1960112767884609,121.23573776067327,42.75915478179864,24.4221731262058,4.964166666666666,1.750833333333333
Oman,2007,0.2187325199986922,122.5789572826146,1.343219521941312,24.4221731262058,5.019166666666666,0.054999999999999716
Oman,2008,0.2976585588983553,47.07373870076167,-75.50521858185292,24.4221731262058,1.9275,-3.091666666666666
Oman,2009,0.2091760403349347,3.9075477001929277,-43.16619100056875,24.4221731262058,0.16,-1.7675
Oman,2010,0.046263155686276,4.2738802970860155,0.3663325968930873,24.4221731262058,0.17500000000000002,0.015000000000000013
Oman,2011,0.1074372026070129,2.4829209344975895,-1.7909593625884255,24.4221731262058,0.10166666666666667,-0.07333333333333335
Oman,2012,0.1149447573887307,3.419104237668812,0.9361833031712226,24.4221731262058,0.14,0.038333333333333344
Oman,2013,0.1018976663866944,2.6253836110671234,-0.7937206266016889,24.4221731262058,0.1075,-0.032500000000000015
Oman,2014,0.0814445490709481,2.1776437704200173,-0.44773984064710615,24.4221731262058,0.08916666666666667,-0.018333333333333326
Oman,2015,0.1135907786589278,3.2359379392222687,1.0582941688022514,24.4221731262058,0.1325,0.043333333333333335
Oman,2016,0.1328694116829325,9.64675838485129,6.410820445629023,24.4221731262058,0.395,0.2625
Oman,2017,0.0181431577811963,24.46287674808281,14.816118363231519,24.4221731262058,1.0016666666666667,0.6066666666666667
Pakistan,1991,,245.60548835378785,-104.14392429243402,43.18338256769896,5.6875,-2.411666666666667
Pakistan,1992,0.1734852386229803,152.07747894257983,-93.52800941120802,43.18338256769896,3.5216666666666665,-2.1658333333333335
Pakistan,1993,0.2569694509072278,130.5217738108701,-21.555705131709747,43.18338256769896,3.0224999999999995,-0.499166666666667
Pakistan,1994,0.1666447066805751,181.44217908861518,50.92040527774507,43.18338256769896,4.201666666666667,1.1791666666666676
Pakistan,1995,0.1601662810098574,252.04700958680291,70.60483049818775,43.18338256769896,5.836666666666666,1.634999999999999
Pakistan,1996,0.1293584109609611,228.79995530452499,-23.247054282277933,43.18338256769896,5.298333333333333,-0.5383333333333331
Pakistan,1997,0.1828927357591077,235.78126881963635,6.98131351511135,43.18338256769896,5.46,0.16166666666666707
Pakistan,1998,0.1815862598174327,231.1750413457484,-4.606227473887919,43.18338256769896,5.353333333333333,-0.10666666666666735
Pakistan,1999,0.0756581495778156,214.62141136146383,-16.553629984284584,43.18338256769896,4.97,-0.38333333333333286
Pakistan,2000,0.0422375547179889,269.28437646174274,54.66296510027893,43.18338256769896,6.235833333333333,1.2658333333333331
Pakistan,2001,0.1144455455003274,167.87539973192972,-101.40897672981306,43.18338256769896,3.8874999999999997,-2.348333333333333
Pakistan,2002,0.134795258302578,71.97230427949827,-95.90309545243144,43.18338256769896,1.6666666666666667,-2.220833333333333
Pakistan,2003,0.1622587054620368,48.68926384508058,-23.283040434417696,43.18338256769896,1.1275,-0.5391666666666668
Pakistan,2004,0.1643098515483103,58.26158031425386,9.57231646917328,43.18338256769896,1.3491666666666668,0.2216666666666669
Pakistan,2005,0.1730739249635355,138.76260265087268,80.50102233661882,43.18338256769896,3.2133333333333334,1.8641666666666665
Pakistan,2006,0.1516292780202057,214.3695082964856,75.60690564561293,43.18338256769896,4.964166666666666,1.750833333333333
Pakistan,2007,0.3570369965589037,216.74459433770903,2.375086041223431,43.18338256769896,5.019166666666666,0.054999999999999716
Pakistan,2008,0.1607433691009916,83.23596989923975,-133.50862443846927,43.18338256769896,1.9275,-3.091666666666666
Pakistan,2009,0.0632067172595896,6.909341210831834,-76.32662868840792,43.18338256769896,0.16,-1.7675
Pakistan,2010,0.1622043639736432,7.55709194934732,0.647750738515485,43.18338256769896,0.17500000000000002,0.015000000000000013
Pakistan,2011,0.1359792824846337,4.390310561049395,-3.1667813882979248,43.18338256769896,0.10166666666666667,-0.07333333333333335
Pakistan,2012,0.1186948139456021,6.045673559477855,1.6553629984284608,43.18338256769896,0.14,0.038333333333333344
Pakistan,2013,0.160374300749968,4.6422136260276385,-1.403459933450217,43.18338256769896,0.1075,-0.032500000000000015
Pakistan,2014,0.1250070803624012,3.8505182789531576,-0.7916953470744807,43.18338256769896,0.08916666666666667,-0.018333333333333326
Pakistan,2015,0.10924638943413,5.721798190220113,1.8712799112669551,43.18338256769896,0.1325,0.043333333333333335
Pakistan,2016,0.1149432744135907,17.057436114241092,11.335637924020979,43.18338256769896,0.395,0.2625
Pakistan,2017,0.1276545865652991,43.25535487197846,26.197918757737373,43.18338256769896,1.0016666666666667,0.6066666666666667
Pakistan,2018,0.0946856347869058,79.09756240316861,35.84220753119014,43.18338256769896,1.8316666666666668,0.8300000000000001
Pakistan,2019,0.0938035149823477,93.20413404195025,14.106571638781652,43.18338256769896,2.158333333333333,0.32666666666666644
Pakistan,2020,0.1104050373260072,16.22975461502686,-76.9743794269234,43.18338256769896,0.3758333333333333,-1.7825
Pakistan,2021,0.1452486761703149,3.454670605415917,-12.775084009610941,43.18338256769896,0.08,-0.2958333333333333
Pakistan,2022,0.099115277266403,72.69202732229326,69.23735671687733,43.18338256769896,1.6833333333333333,1.6033333333333333
Pakistan,2023,0.0714972398829196,216.96051125054754,144.26848392825428,43.18338256769896,5.024166666666667,3.3408333333333333
Pakistan,2024,0.1505992080280513,222.10653100653167,5.146019755984126,43.18338256769896,5.1433333333333335,0.11916666666666664
Panama,1991,,288.49506837554026,-122.33036305916684,50.72440762646862,5.6875,-2.411666666666667
Panama,1992,0.2790002070370789,178.63445552454698,-109.86061285099329,50.72440762646862,3.5216666666666665,-2.1658333333333335
Panama,1993,0.2276544823185773,153.31452205100138,-25.3199334735456,50.72440762646862,3.0224999999999995,-0.499166666666667
Panama,1994,0.173446466952182,213.12705271054566,59.812530659544294,50.72440762646862,4.201666666666667,1.1791666666666676
Panama,1995,0.1463149498176328,296.0614591798218,82.93440646927614,50.72440762646862,5.836666666666666,1.634999999999999
Panama,1996,0.0803518740254958,268.7548197409062,-27.306639438915596,50.72440762646862,5.298333333333333,-0.5383333333333331
Panama,1997,0.0705430446536823,276.95526564051863,8.200445899612447,50.72440762646862,5.46,0.16166666666666707
Panama,1998,0.1287158592133614,271.54466216036195,-5.410603480156688,50.72440762646862,5.353333333333333,-0.10666666666666735
Panama,1999,0.1443076676227512,252.100305903549,-19.444356256812945,50.72440762646862,4.97,-0.38333333333333286
Panama,2000,0.0812544807165593,316.30895189072055,64.20864598717152,50.72440762646862,6.235833333333333,1.2658333333333331
Panama,2001,0.0886196992776753,197.19113464789675,-119.1178172428238,50.72440762646862,3.8874999999999997,-2.348333333333333
Panama,2002,0.0759402261415012,84.5406793774477,-112.65045527044906,50.72440762646862,1.6666666666666667,-2.220833333333333
Panama,2003,-0.0172210104075354,57.191769598843365,-27.348909778604337,50.72440762646862,1.1275,-0.5391666666666668
Panama,2004,0.0346082166476051,68.43567995604393,11.243910357200555,50.72440762646862,1.3491666666666668,0.2216666666666669
Panama,2005,0.0773814809007724,162.99442983971917,94.55874988367525,50.72440762646862,3.2133333333333334,1.8641666666666665
Panama,2006,0.08219693674463,251.80441352572797,88.80998368600879,50.72440762646862,4.964166666666666,1.750833333333333
Panama,2007,0.2011190597958112,254.5942559451837,2.7898424194557596,50.72440762646862,5.019166666666666,0.054999999999999716
Panama,2008,0.1484251993086154,97.77129570001826,-156.82296024516543,50.72440762646862,1.9275,-3.091666666666666
Papua New Guinea,1991,,187.13849974692417,-79.35220780477636,32.90347248297568,5.6875,-2.411666666666667
Papua New Guinea,1992,0.1625050611353451,115.87506226087935,-71.26343748604484,32.90347248297568,3.5216666666666665,-2.1658333333333335
Papua New Guinea,1993,0.1179133084978403,99.45074557979397,-16.42431668108537,32.90347248297568,3.0224999999999995,-0.499166666666667
Papua New Guinea,1994,0.1637680930904927,138.24942354930283,38.79867796950885,32.90347248297568,4.201666666666667,1.1791666666666676
Papua New Guinea,1995,-0.0129080175897726,192.04660105896804,53.7971775096652,32.90347248297568,5.836666666666666,1.634999999999999
Papua New Guinea,1996,0.1288008317033124,174.33356503896613,-17.7130360200019,32.90347248297568,5.298333333333333,-0.5383333333333331
Papua New Guinea,1997,0.26803692173997,179.6529597570472,5.319394718081082,32.90347248297568,5.46,0.16166666666666707
Papua New Guinea,1998,0.0741233206163336,176.14325602552978,-3.5097037315174284,32.90347248297568,5.353333333333333,-0.10666666666666735
Papua New Guinea,1999,0.0243141394006265,163.53025824038912,-12.612997785140662,32.90347248297568,4.97,-0.38333333333333286
Papua New Guinea,2000,0.0877186601339623,205.18057049175582,41.65031225136671,32.90347248297568,6.235833333333333,1.2658333333333331
Papua New Guinea,2001,0.0488755351740763,127.91224927756795,-77.26832121418788,32.90347248297568,3.8874999999999997,-2.348333333333333
Papua New Guinea,2002,0.0606197949109414,54.83912080495947,-73.07312847260849,32.90347248297568,1.6666666666666667,-2.220833333333333
Papua New Guinea,2003,0.0701251422862228,37.09866522455508,-17.74045558040439,32.90347248297568,1.1275,-0.5391666666666668
Papua New Guinea,2004,-0.0454810876194464,44.39226829161469,7.293603067059617,32.90347248297568,1.3491666666666668,0.2216666666666669
Papua New Guinea,2005,0.137906627095937,105.72982491196186,61.33755662034716,32.90347248297568,3.2133333333333334,1.8641666666666665
Papua New Guinea,2006,0.2584337127364833,163.33832131757177,57.60849640560991,32.90347248297568,4.964166666666666,1.750833333333333
Papua New Guinea,2007,0.3284371245439352,165.14801230413542,1.809690986563653,32.90347248297568,5.019166666666666,0.054999999999999716
Papua New Guinea,2008,0.2450218485056474,63.42144321093562,-101.72656909319979,32.90347248297568,1.9275,-3.091666666666666
Papua New Guinea,2009,0.0755077922715408,5.264555597276109,-58.156887613659514,32.90347248297568,0.16,-1.7675
Papua New Guinea,2010,0.1978442540787028,5.758107684520745,0.4935520872446356,32.90347248297568,0.17500000000000002,0.015000000000000013
Papua New Guinea,2011,0.0975448157691154,3.3451863691025276,-2.412921315418217,32.90347248297568,0.10166666666666667,-0.07333333333333335
Papua New Guinea,2012,0.159865689667054,4.606486147616596,1.261299778514068,32.90347248297568,0.14,0.038333333333333344
Papua New Guinea,2013,0.1038396260856018,3.5371232919198854,-1.06936285569671,32.90347248297568,0.1075,-0.032500000000000015
Papua New Guinea,2014,0.0648651247184695,2.9338929630653316,-0.6032303288545539,32.90347248297568,0.08916666666666667,-0.018333333333333326
Papua New Guinea,2015,0.0332682874918468,4.359710103994278,1.4258171409289462,32.90347248297568,0.1325,0.043333333333333335
Papua New Guinea,2016,0.0772095656082854,12.996871630775393,8.637161526781115,32.90347248297568,0.395,0.2625
Papua New Guinea,2017,0.1032208187689889,32.95831160378064,19.961439973005245,32.90347248297568,1.0016666666666667,0.6066666666666667
Papua New Guinea,2018,-0.009390387900332,60.268193764650455,27.309882160869815,32.90347248297568,1.8316666666666668,0.8300000000000001
Papua New Guinea,2019,-0.038535605461206,71.0166614424225,10.748467677772048,32.90347248297568,2.158333333333333,0.32666666666666644
Paraguay,1991,,159.76105905235488,-67.74337068095458,28.08985653667778,5.6875,-2.411666666666667
Paraguay,1992,0.4038297645697994,98.9231114366669,-60.83794761568796,28.08985653667778,3.5216666666666665,-2.1658333333333335
Paraguay,1993,0.3157502318911902,84.90159138210858,-14.021520054558334,28.08985653667778,3.0224999999999995,-0.499166666666667
Paraguay,1994,0.2463129047718055,118.0242138816078,33.122622499499236,28.08985653667778,4.201666666666667,1.1791666666666676
Paraguay,1995,0.2169673440552912,163.95112931907596,45.92691543746814,28.08985653667778,5.836666666666666,1.634999999999999
Paraguay,1996,0.005269764445881,148.8294232168311,-15.121706102244865,28.08985653667778,5.298333333333333,-0.5383333333333331
Paraguay,1997,0.0935717403010976,153.37061669026068,4.541193473429585,28.08985653667778,5.46,0.16166666666666707
Paraguay,1998,0.0508230400844667,150.37436532634837,-2.996251363912316,28.08985653667778,5.353333333333333,-0.10666666666666735
Paraguay,1999,0.0734398488778218,139.60658698728855,-10.767778339059802,28.08985653667778,4.97,-0.38333333333333286
Paraguay,2000,0.1209042973096892,175.1636637199665,35.55707673267795,28.08985653667778,6.235833333333333,1.2658333333333331
Paraguay,2001,0.0280103222268586,109.19931728633486,-65.96434643363165,28.08985653667778,3.8874999999999997,-2.348333333333333
Paraguay,2002,0.3333941270402967,46.816427561129636,-62.38288972520523,28.08985653667778,1.6666666666666667,-2.220833333333333
Paraguay,2003,0.0145167939641055,31.671313245104194,-15.14511431602544,28.08985653667778,1.1275,-0.5391666666666668
Paraguay,2004,0.1036606917643183,37.89789811073444,6.226584865630247,28.08985653667778,1.3491666666666668,0.2216666666666669
Paraguay,2005,0.1406157631975872,90.26207233785793,52.36417422712349,28.08985653667778,3.2133333333333334,1.8641666666666665
Paraguay,2006,0.1039987824657906,139.4427294908246,49.18065715296667,28.08985653667778,4.964166666666666,1.750833333333333
Paraguay,2007,0.0937297751225898,140.98767160034186,1.54494210951727,28.08985653667778,5.019166666666666,0.054999999999999716
Paraguay,2008,0.2620741314598795,54.14319847444642,-86.84447312589545,28.08985653667778,1.9275,-3.091666666666666
Paraguay,2009,0.3043931689885895,4.494377045868445,-49.648821428577975,28.08985653667778,0.16,-1.7675
Paraguay,2010,0.1919094392394988,4.915724893918612,0.42134784805016706,28.08985653667778,0.17500000000000002,0.015000000000000013
Paraguay,2011,0.174094319436719,2.8558020812289078,-2.0599228126897042,28.08985653667778,0.10166666666666667,-0.07333333333333335
Paraguay,2012,0.1492344146968669,3.9325799151348892,1.076777833905982,28.08985653667778,0.14,0.038333333333333344
Paraguay,2013,0.1111686668556899,3.019659577692861,-0.9129203374420283,28.08985653667778,0.1075,-0.032500000000000015
Paraguay,2014,0.1901010506820242,2.5046788745204354,-0.5149807031724257,28.08985653667778,0.08916666666666667,-0.018333333333333326
Paraguay,2015,0.1397576911512743,3.721905991109806,1.2172271165893704,28.08985653667778,0.1325,0.043333333333333335
Paraguay,2016,0.1240086367697621,11.095493331987724,7.373587340877918,28.08985653667778,0.395,0.2625
Paraguay,2017,0.0709288870566453,28.136672964238908,17.041179632251186,28.08985653667778,1.0016666666666667,0.6066666666666667
Paraguay,2018,0.0806641286657665,51.45125388968147,23.31458092544256,28.08985653667778,1.8316666666666668,0.8300000000000001
Paraguay,2019,0.0775082004047149,60.62727369166287,9.1760198019814,28.08985653667778,2.158333333333333,0.32666666666666644
Paraguay,2020,0.0934620852708576,10.55710441503473,-50.07016927662814,28.08985653667778,0.3758333333333333,-1.7825
Paraguay,2021,0.1758201099882725,2.2471885229342226,-8.309915892100507,28.08985653667778,0.08,-0.2958333333333333
Paraguay,2022,0.0798102559652207,47.28459183674093,45.037403313806706,28.08985653667778,1.6833333333333333,1.6033333333333333
Paraguay,2023,0.0403975070124147,141.12812088302528,93.84352904628435,28.08985653667778,5.024166666666667,3.3408333333333333
Paraguay,2024,0.0834798653162565,144.47549545364606,3.347374570620768,28.08985653667778,5.1433333333333335,0.11916666666666664
Peru,1991,,108.14974797627306,-45.85866236532371,19.01534030352054,5.6875,-2.411666666666667
Peru,1992,1.1957239429934423,66.96569010223149,-41.18405787404157,19.01534030352054,3.5216666666666665,-2.1658333333333335
Peru,1993,0.632222875995339,57.473866067390816,-9.491824034840675,19.01534030352054,3.0224999999999995,-0.499166666666667
Peru,1994,0.5411437394174392,79.89612150862547,22.422255441234654,19.01534030352054,4.201666666666667,1.1791666666666676
Peru,1995,0.3163935035447878,110.98620290488154,31.09008139625606,19.01534030352054,5.836666666666666,1.634999999999999
Peru,1996,0.2566866920013275,100.74961137481965,-10.236591530061885,19.01534030352054,5.298333333333333,-0.5383333333333331
Peru,1997,0.3165957663319858,103.82375805722214,3.074146682402495,19.01534030352054,5.46,0.16166666666666707
Peru,1998,0.2683621181004305,101.79545509151328,-2.0283029657088707,19.01534030352054,5.353333333333333,-0.10666666666666735
Peru,1999,0.1597958183808856,94.50624130849707,-7.289213783016198,19.01534030352054,4.97,-0.38333333333333286
Peru,2000,0.1353191970814897,118.57649290937015,24.07025160087308,19.01534030352054,6.235833333333333,1.2658333333333331
Peru,2001,-0.0040024175156645,73.92213542993609,-44.65435747943406,19.01534030352054,3.8874999999999997,-2.348333333333333
Peru,2002,0.0056230740793949,31.6922338392009,-42.229901590735196,19.01534030352054,1.6666666666666667,-2.220833333333333
Peru,2003,0.0423854456233918,21.439796192219408,-10.252437646981493,19.01534030352054,1.1275,-0.5391666666666668
Peru,2004,-0.0216006113821869,25.65486329283313,4.215067100613724,19.01534030352054,1.3491666666666668,0.2216666666666669
Peru,2005,0.0320791375234748,61.10262684197933,35.4477635491462,19.01534030352054,3.2133333333333334,1.8641666666666665
Peru,2006,0.1578176721946924,94.39531849005986,33.292691648080535,19.01534030352054,4.964166666666666,1.750833333333333
Peru,2007,0.0773791115057456,95.44116220675349,1.0458437166936243,19.01534030352054,5.019166666666666,0.054999999999999716
Peru,2008,0.2577678680095445,36.65206843503584,-58.78909377171765,19.01534030352054,1.9275,-3.091666666666666
Peru,2009,0.2050942067410979,3.0424544485632863,-33.60961398647255,19.01534030352054,0.16,-1.7675
Peru,2010,0.0446911014619857,3.327684553116095,0.28523010455280834,19.01534030352054,0.17500000000000002,0.015000000000000013
Peru,2011,0.1910719541183319,1.9332262641912548,-1.3944582889248398,19.01534030352054,0.10166666666666667,-0.07333333333333335
Peru,2012,0.1109689279602257,2.662147642492876,0.7289213783016208,19.01534030352054,0.14,0.038333333333333344
Peru,2013,0.1398925675131295,2.044149082628458,-0.6179985598644178,19.01534030352054,0.1075,-0.032500000000000015
Peru,2014,0.1525406830337026,1.6955345103972481,-0.34861457223120973,19.01534030352054,0.08916666666666667,-0.018333333333333326
Peru,2015,0.060767205330773,2.5195325902164716,0.8239980798192234,19.01534030352054,0.1325,0.043333333333333335
Peru,2016,0.1256371548898265,7.511059419890613,4.991526829674141,19.01534030352054,0.395,0.2625
Peru,2017,0.0271883941845203,19.04703253735974,11.535973117469128,19.01534030352054,1.0016666666666667,0.6066666666666667
Peru,2018,0.0892090053339345,34.82976498928179,15.782732451922048,19.01534030352054,1.8316666666666668,0.8300000000000001
Peru,2019,0.0529080969817457,41.04144282176516,6.211677832483372,19.01534030352054,2.158333333333333,0.32666666666666644
Peru,2020,0.0799046296585608,7.146598730739802,-33.89484409102536,19.01534030352054,0.3758333333333333,-1.7825
Peru,2021,0.3241487276496286,1.5212272242816431,-5.625371506458158,19.01534030352054,0.08,-0.2958333333333333
Peru,2022,0.0283944344920463,32.00915617759291,30.48792895331126,19.01534030352054,1.6833333333333333,1.6033333333333333
Philippines,1991,,212.11732866827197,-89.94396324776251,37.29535449112474,5.6875,-2.411666666666667
Philippines,1992,0.1631089836337196,131.34180673291095,-80.77552193536101,37.29535449112474,3.5216666666666665,-2.1658333333333335
Philippines,1993,0.1231860416771617,112.72520894942451,-18.616597783486444,37.29535449112474,3.0224999999999995,-0.499166666666667
Philippines,1994,0.2479982700877627,156.70264778687581,43.97743883745129,37.29535449112474,4.201666666666667,1.1791666666666676
Philippines,1995,0.2369263534101335,217.6805523798647,60.97790459298891,37.29535449112474,5.836666666666666,1.634999999999999
Philippines,1996,0.2140958673084227,197.60321987880923,-20.077332501055476,37.29535449112474,5.298333333333333,-0.5383333333333331
Philippines,1997,0.2129437745062183,203.6326355215411,6.029415642731848,37.29535449112474,5.46,0.16166666666666707
Philippines,1998,0.2078890338657864,199.65446437582108,-3.978171145719998,37.29535449112474,5.353333333333333,-0.10666666666666735
Philippines,1999,0.0821909640662248,185.35791182088994,-14.296552554931132,37.29535449112474,4.97,-0.38333333333333286
Philippines,2000,0.155996273094523,232.5676147142387,47.20970289334873,37.29535449112474,6.235833333333333,1.2658333333333331
Philippines,2001,0.0780786101907899,144.9856905842474,-87.58192412999126,37.29535449112474,3.8874999999999997,-2.348333333333333
Philippines,2002,0.0951801025035514,62.15892415187457,-82.82676643237286,37.29535449112474,1.6666666666666667,-2.220833333333333
Philippines,2003,0.0950233258929209,42.05051218874314,-20.108411963131427,37.29535449112474,1.1275,-0.5391666666666668
Philippines,2004,0.0419791744221136,50.31764910094247,8.267136912199327,37.29535449112474,1.3491666666666668,0.2216666666666669
Philippines,2005,0.1018642921426256,119.84240576481417,69.5247566638717,37.29535449112474,3.2133333333333334,1.8641666666666665
Philippines,2006,0.0661828002246913,185.1403555863584,65.29794982154422,37.29535449112474,4.964166666666666,1.750833333333333
Philippines,2007,0.2106953054785236,187.19160008337025,2.05124449701185,37.29535449112474,5.019166666666666,0.054999999999999716
Philippines,2008,0.0917192533697282,71.88679578164293,-115.30480430172729,37.29535449112474,1.9275,-3.091666666666666
Philippines,2009,0.0956819569625082,5.967256718579959,-65.91953906306298,37.29535449112474,0.16,-1.7675
Philippines,2010,0.0828546719992893,6.52668703594683,0.5594303173668717,37.29535449112474,0.17500000000000002,0.015000000000000013
Philippines,2011,0.1034324029780684,3.791694373264349,-2.7349926626824814,37.29535449112474,0.10166666666666667,-0.07333333333333335
Philippines,2012,0.0517073314095313,5.221349628757464,1.4296552554931155,37.29535449112474,0.14,0.038333333333333344
Philippines,2013,0.0674511150884633,4.009250607795909,-1.2120990209615545,37.29535449112474,0.1075,-0.032500000000000015
Philippines,2014,0.2571932450779108,3.3255024421252894,-0.68374816567062,37.29535449112474,0.08916666666666667,-0.018333333333333326
Philippines,2015,0.1172273300322821,4.941634470074028,1.6161320279487388,37.29535449112474,0.1325,0.043333333333333335
Philippines,2016,0.0879726403785383,14.731665023994273,9.790030553920245,37.29535449112474,0.395,0.2625
Philippines,2017,0.125100844252902,37.357513415276614,22.625848391282343,37.29535449112474,1.0016666666666667,0.6066666666666667
Philippines,2018,0.108164704772637,68.31265764291015,30.955144227633536,37.29535449112474,1.8316666666666668,0.8300000000000001
Philippines,2019,0.0861698590065316,80.49580677667755,12.183149133767406,37.29535449112474,2.158333333333333,0.32666666666666644
Philippines,2020,0.0938902780307167,14.016837396247714,-66.47896938042985,37.29535449112474,0.3758333333333333,-1.7825
Philippines,2021,0.0830326830129628,2.9836283592899795,-11.033209036957734,37.29535449112474,0.08,-0.2958333333333333
Philippines,2022,0.0767783247588163,62.78051339339331,59.79688503410333,37.29535449112474,1.6833333333333333,1.6033333333333333
Poland,1991,,178.9606797840556,-75.88457249744425,31.46561402796582,5.6875,-2.411666666666667
Poland,1992,0.321357252322958,110.8114040684863,-68.14927571556932,31.46561402796582,3.5216666666666665,-2.1658333333333335
Poland,1993,0.4425878469858055,95.10481839952668,-15.706585668959615,31.46561402796582,3.0224999999999995,-0.499166666666667
Poland,1994,0.3074296141139641,132.20802160750307,37.10320320797639,31.46561402796582,4.201666666666667,1.1791666666666676
Poland,1995,0.3226443300664954,183.65430054322715,51.44627893572408,31.46561402796582,5.836666666666666,1.634999999999999
Poland,1996,0.3046809427226087,166.71531165817223,-16.938988885054926,31.46561402796582,5.298333333333333,-0.5383333333333331
Poland,1997,0.2716786600513892,171.80225259269338,5.086940934521154,31.46561402796582,5.46,0.16166666666666707
Poland,1998,0.2550802350429215,168.44592042971033,-3.3563321629830423,31.46561402796582,5.353333333333333,-0.10666666666666735
Poland,1999,0.2245580464921985,156.3841017189901,-12.061818710720216,31.46561402796582,4.97,-0.38333333333333286
Poland,2000,0.1788875569130432,196.21432480939018,39.83022309040006,31.46561402796582,6.235833333333333,1.2658333333333331
Poland,2001,0.1093648065791015,122.32257453371712,-73.89175027567306,31.46561402796582,3.8874999999999997,-2.348333333333333
Poland,2002,0.1363906605347402,52.442690046609705,-69.87988448710742,31.46561402796582,1.6666666666666667,-2.220833333333333
Poland,2003,-0.0201728563956571,35.47747981653146,-16.96521023007824,31.46561402796582,1.1275,-0.5391666666666668
Poland,2004,0.0523029395427876,42.45235759273056,6.974877776199097,31.46561402796582,1.3491666666666668,0.2216666666666669
Poland,2005,0.0371795847022831,101.1095064098635,58.65714881713295,31.46561402796582,3.2133333333333334,1.8641666666666665
Poland,2006,0.1401377847318663,156.20055230382698,55.09104589396348,31.46561402796582,4.964166666666666,1.750833333333333
Poland,2007,0.1481124458393274,157.93116107536508,1.730608771538111,31.46561402796582,5.019166666666666,0.054999999999999716
Poland,2008,0.1256527955502946,60.64997103890412,-97.28119003646097,31.46561402796582,1.9275,-3.091666666666666
Poland,2009,0.1708023694265357,5.034498244474531,-55.61547279442959,31.46561402796582,0.16,-1.7675
Poland,2010,0.0779356491752736,5.506482454894019,0.47198421041948774,31.46561402796582,0.17500000000000002,0.015000000000000013
Poland,2011,0.0843893344940234,3.1990040928431918,-2.3074783620508272,31.46561402796582,0.10166666666666667,-0.07333333333333335
Poland,2012,0.1176627930383986,4.4051859639152156,1.2061818710720233,31.46561402796582,0.14,0.038333333333333344
Poland,2013,0.044284543101206,3.3825535080063256,-1.0226324559088897,31.46561402796582,0.1075,-0.032500000000000015
Poland,2014,0.0605252808504488,2.805683917493619,-0.5768695905127065,31.46561402796582,0.08916666666666667,-0.018333333333333326
Poland,2015,0.0786647856969864,4.169193858705471,1.3635099412118523,31.46561402796582,0.1325,0.043333333333333335
Poland,2016,0.0867470248572033,12.4289175410465,8.259723682341027,31.46561402796582,0.395,0.2625
Poland,2017,0.0913584572712125,31.51805671801243,19.089139176965933,31.46561402796582,1.0016666666666667,0.6066666666666667
Poland,2018,0.0454885738209043,57.634516361224065,26.116459643211634,31.46561402796582,1.8316666666666668,0.8300000000000001
Poland,2019,0.0876879483611965,67.91328361035956,10.278767249135495,31.46561402796582,2.158333333333333,0.32666666666666644
Poland,2020,0.0794029601273855,11.825826605510485,-56.08745700484907,31.46561402796582,0.3758333333333333,-1.7825
Poland,2021,0.1521141160973194,2.5172491222372657,-9.30857748327322,31.46561402796582,0.08,-0.2958333333333333
Poland,2022,0.0853850704514016,52.967116947075795,50.44986782483853,31.46561402796582,1.6833333333333333,1.6033333333333333
Poland,2023,0.0511420346714608,158.08848914550495,105.12137219842914,31.46561402796582,5.024166666666667,3.3408333333333333
Poland,2024,0.0819104205587493,161.83814148383755,3.749652338332593,31.46561402796582,5.1433333333333335,0.11916666666666664
Qatar,1991,,347.90410378291625,-147.52153499600877,61.16995231347978,5.6875,-2.411666666666667
Qatar,1992,0.0232484011679758,215.42018206397128,-132.48392171894497,61.16995231347978,3.5216666666666665,-2.1658333333333335
Qatar,1993,0.0765372939954396,184.8861808674926,-30.534001196478677,61.16995231347978,3.0224999999999995,-0.499166666666667
Qatar,1994,0.1169077748986211,257.01574963713756,72.12956876964496,61.16995231347978,4.201666666666667,1.1791666666666676
Qatar,1995,0.0867093596894399,357.02862166967697,100.01287203253938,61.16995231347978,5.836666666666666,1.634999999999999
Qatar,1996,0.0109449450182346,324.0987973409204,-32.9298243287566,61.16995231347978,5.298333333333333,-0.5383333333333331
Qatar,1997,0.0541268562729904,333.9879396315996,9.889142290679256,61.16995231347978,5.46,0.16166666666666707
Qatar,1998,0.0940783203044866,327.46314471816174,-6.524794913437885,61.16995231347978,5.353333333333333,-0.10666666666666735
Qatar,1999,0.077350949610313,304.0146629979945,-23.448481720167223,61.16995231347978,4.97,-0.38333333333333286
Qatar,2000,0.1075387348494913,381.44562763480764,77.43096463681314,61.16995231347978,6.235833333333333,1.2658333333333331
Qatar,2001,0.1014382304699594,237.79818961865263,-143.647438016155,61.16995231347978,3.8874999999999997,-2.348333333333333
Qatar,2002,0.3253726339097795,101.94992052246631,-135.84826909618636,61.16995231347978,1.6666666666666667,-2.220833333333333
Qatar,2003,0.0847722912009771,68.96912123344845,-32.98079928901786,61.16995231347978,1.1275,-0.5391666666666668
Qatar,2004,0.053731965555567,82.52846066293648,13.559339429488032,61.16995231347978,1.3491666666666668,0.2216666666666669
Qatar,2005,0.1887918953047389,196.55944676731505,114.03098610437856,61.16995231347978,3.2133333333333334,1.8641666666666665
Qatar,2006,0.3566786447731154,303.6578382761659,107.09839150885084,61.16995231347978,4.964166666666666,1.750833333333333
Qatar,2007,0.3338557335747403,307.02218565340723,3.3643473772413706,61.16995231347978,5.019166666666666,0.054999999999999716
Qatar,2008,0.3331797037460937,117.90508308423227,-189.11710256917496,61.16995231347978,1.9275,-3.091666666666666
Qatar,2009,0.179730475949789,9.787192370156765,-108.11789071407551,61.16995231347978,0.16,-1.7675
Qatar,2010,0.1560548420611063,10.704741654858964,0.9175492847021975,61.16995231347978,0.17500000000000002,0.015000000000000013
Qatar,2011,0.2076388553787396,6.218945151870445,-4.485796502988518,61.16995231347978,0.10166666666666667,-0.07333333333333335
Qatar,2012,0.1578045893060178,8.56379332388717,2.3448481720167256,61.16995231347978,0.14,0.038333333333333344
Qatar,2013,0.2064775114968782,6.575769873699077,-1.9880234501880938,61.16995231347978,0.1075,-0.032500000000000015
Qatar,2014,0.1789284127735619,5.4543207479519475,-1.1214491257471288,61.16995231347978,0.08916666666666667,-0.018333333333333326
Qatar,2015,0.1007582832443354,8.105018681536071,2.650697933584124,61.16995231347978,0.1325,0.043333333333333335
Qatar,2016,0.0338592545939882,24.162131163824515,16.057112482288442,61.16995231347978,0.395,0.2625
Qatar,2017,-0.0467933168293299,61.271902234002255,37.109771070177736,61.16995231347978,1.0016666666666667,0.6066666666666667
Qatar,2018,0.1927761033298267,112.04296265419048,50.77106042018823,61.16995231347978,1.8316666666666668,0.8300000000000001
Qatar,2019,-0.067399362226002,132.02514707659387,19.98218442240338,61.16995231347978,2.158333333333333,0.32666666666666644
Qatar,2020,0.0245115556963781,22.98970707781615,-109.0354399987777,61.16995231347978,0.3758333333333333,-1.7825
Qatar,2021,0.0371614793529104,4.8935961850783825,-18.096110892737766,61.16995231347978,0.08,-0.2958333333333333
Qatar,2022,0.0142559345991593,102.96941972769096,98.07582354261258,61.16995231347978,1.6833333333333333,1.6033333333333333
Qatar,2023,0.1605601192441312,307.3280354149747,204.3586156872837,61.16995231347978,5.024166666666667,3.3408333333333333
Qatar,2024,0.0113750970553212,314.61745473233105,7.289419317356339,61.16995231347978,5.1433333333333335,0.11916666666666664
Romania,1991,,191.62424983413985,-81.25429729230781,33.6921757950136,5.6875,-2.411666666666667
Romania,1992,0.7130685690931209,118.65261242477288,-72.97163740936695,33.6921757950136,3.5216666666666665,-2.1658333333333335
Romania,1993,0.6662668245816263,101.83460134042858,-16.8180110843443,33.6921757950136,3.0224999999999995,-0.499166666666667
Romania,1994,1.0012447064401968,141.56329196538215,39.728690624953565,33.6921757950136,4.201666666666667,1.1791666666666676
Romania,1995,0.812914345321218,196.64999939022934,55.08670742484719,33.6921757950136,5.836666666666666,1.634999999999999
Romania,1996,0.5283797552080536,178.51237808724701,-18.13762130298231,33.6921757950136,5.298333333333333,-0.5383333333333331
Romania,1997,0.5279493298445814,183.95927984077423,5.446901753527212,33.6921757950136,5.46,0.16166666666666707
Romania,1998,0.7581372026325184,180.36544775597275,-3.5938320848014733,33.6921757950136,5.353333333333333,-0.10666666666666735
Romania,1999,0.4301502144976581,167.45011370121756,-12.915334054755196,33.6921757950136,4.97,-0.38333333333333286
Romania,2000,0.4081221276053774,210.09879289507228,42.648679193854704,33.6921757950136,6.235833333333333,1.2658333333333331
Romania,2001,0.342239685545767,130.97833340311536,-79.12045949195692,33.6921757950136,3.8874999999999997,-2.348333333333333
Romania,2002,0.16570300154304,56.153626325022664,-74.82470707809269,33.6921757950136,1.6666666666666667,-2.220833333333333
Romania,2003,0.3825177937012967,37.987928208877825,-18.165698116144835,33.6921757950136,1.1275,-0.5391666666666668
Romania,2004,0.1912179762497992,45.45636051010585,7.468432301228022,33.6921757950136,1.3491666666666668,0.2216666666666669
Romania,2005,0.3948838478157661,108.26419155464369,62.80783104453784,33.6921757950136,3.2133333333333334,1.8641666666666665
Romania,2006,0.182678914347381,167.25357600907998,58.9893844544363,33.6921757950136,4.964166666666666,1.750833333333333
Romania,2007,0.1321394135853069,169.10664567780572,1.8530696687257382,33.6921757950136,5.019166666666666,0.054999999999999716
Romania,2008,0.2914291398363886,64.94166884488871,-104.164976832917,33.6921757950136,1.9275,-3.091666666666666
Romania,2009,0.161214680523674,5.390748127202175,-59.55092071768654,33.6921757950136,0.16,-1.7675
Romania,2010,0.0864833566371032,5.89613076412738,0.5053826369252044,33.6921757950136,0.17500000000000002,0.015000000000000013
Romania,2011,0.0659503727497181,3.4253712058263823,-2.4707595583009976,33.6921757950136,0.10166666666666667,-0.07333333333333335
Romania,2012,0.0626650245876767,4.716904611301904,1.2915334054755216,33.6921757950136,0.14,0.038333333333333344
Romania,2013,0.0280280411863813,3.6219088979639618,-1.0949957133379424,33.6921757950136,0.1075,-0.032500000000000015
Romania,2014,0.0843905481685602,3.0042190083887124,-0.6176898895752491,33.6921757950136,0.08916666666666667,-0.018333333333333326
Romania,2015,0.0800135412373421,4.464213292839302,1.4599942844505893,33.6921757950136,0.1325,0.043333333333333335
Romania,2016,0.0897809820534298,13.308409439030372,8.84419614619107,33.6921757950136,0.395,0.2625
Romania,2017,0.0929499833238409,33.74832942133862,20.43991998230825,33.6921757950136,1.0016666666666667,0.6066666666666667
Romania,2018,0.10802602506946,61.71283533119991,27.964505909861288,33.6921757950136,1.8316666666666668,0.8300000000000001
Romania,2019,0.085149460076721,72.71894609090434,11.006110759704434,33.6921757950136,2.158333333333333,0.32666666666666644
Romania,2020,0.1035047734896252,12.662642736292609,-60.056303354611735,33.6921757950136,0.3758333333333333,-1.7825
Romania,2021,0.1424805848986068,2.6953740636010877,-9.967268672691521,33.6921757950136,0.08,-0.2958333333333333
Romania,2022,0.1468215614521177,56.71516258827289,54.019788524671796,33.6921757950136,1.6833333333333333,1.6033333333333333
Romania,2023,0.066182897884925,169.27510655678083,112.55994396850792,33.6921757950136,5.024166666666667,3.3408333333333333
Romania,2024,0.0998838597475852,173.29009083901994,4.014984282239119,33.6921757950136,5.1433333333333335,0.11916666666666664
Russian Federation,2002,,77.87898561484087,-103.77374833177545,46.72739136890452,1.6666666666666667,-2.220833333333333
Russian Federation,2003,0.2908475812687783,52.68513376843985,-25.193851846401028,46.72739136890452,1.1275,-0.5391666666666668
Russian Federation,2004,0.325953070098155,63.04303885521369,10.357905086773846,46.72739136890452,1.3491666666666668,0.2216666666666669
Russian Federation,2005,0.2906911692618124,150.1506842654132,87.10764541019951,46.72739136890452,3.2133333333333334,1.8641666666666665
Russian Federation,2006,0.3084790886847877,231.9625586538035,81.81187438839032,46.72739136890452,4.964166666666666,1.750833333333333
Russian Federation,2007,0.3392449675581446,234.53256517909324,2.5700065252897355,46.72739136890452,5.019166666666666,0.054999999999999716
Russian Federation,2008,0.3442836401255356,90.06704686356346,-144.46551831552978,46.72739136890452,1.9275,-3.091666666666666
Russian Federation,2009,0.132162241721776,7.476382619024723,-82.59066424453874,46.72739136890452,0.16,-1.7675
Russian Federation,2010,0.1597049344340675,8.177293489558291,0.7009108705335684,46.72739136890452,0.17500000000000002,0.015000000000000013
Russian Federation,2011,0.2192187593138861,4.750618122505293,-3.426675367052999,46.72739136890452,0.10166666666666667,-0.07333333333333335
Russian Federation,2012,0.1788542774447989,6.541834791646633,1.7912166691413405,46.72739136890452,0.14,0.038333333333333344
Russian Federation,2013,0.1227342275081042,5.0231945721572355,-1.5186402194893975,46.72739136890452,0.1075,-0.032500000000000015
Russian Federation,2014,0.1486900001118378,4.166525730393986,-0.8566688417632492,46.72739136890452,0.08916666666666667,-0.018333333333333326
Russian Federation,2015,0.138262121493792,6.19137935637985,2.0248536259858625,46.72739136890452,0.1325,0.043333333333333335
Russian Federation,2016,0.1799607140151735,18.457319590717287,12.265940234337437,46.72739136890452,0.395,0.2625
Russian Federation,2017,-0.0092876745830743,46.805270354519365,28.347950763802075,46.72739136890452,1.0016666666666667,0.6066666666666667
Russian Federation,2018,0.0714934493982575,85.58900519071011,38.78373483619075,46.72739136890452,1.8316666666666668,0.8300000000000001
Russian Federation,2019,0.1161738274915578,100.85328637121891,15.2642811805088,46.72739136890452,2.158333333333333,0.32666666666666644
Russian Federation,2020,0.0497795665454283,17.561711256146612,-83.2915751150723,46.72739136890452,0.3758333333333333,-1.7825
Rwanda,1991,,93.8013158913484,-39.774506694441364,16.4925390578195,5.6875,-2.411666666666667
Rwanda,1992,0.0539347369748206,58.081225048621,-35.7200908427274,16.4925390578195,3.5216666666666665,-2.1658333333333335
Rwanda,1993,0.1172509319433174,49.848699302259426,-8.232525746361572,16.4925390578195,3.0224999999999995,-0.499166666666667
Rwanda,1996,0.0249084527886687,87.38296944134697,-8.87848352612616,16.4925390578195,5.298333333333333,-0.5383333333333331
Rwanda,1997,0.0825993380446199,90.04926325569447,2.666293814347492,16.4925390578195,5.46,0.16166666666666707
Rwanda,1998,0.255088725397357,88.29005908952703,-1.7592041661674245,16.4925390578195,5.353333333333333,-0.10666666666666735
Rwanda,1999,0.0346066530566133,81.96791911736291,-6.322139972164133,16.4925390578195,4.97,-0.38333333333333286
Rwanda,2000,0.0759949129104242,102.84472480805276,20.876805690689846,16.4925390578195,6.235833333333333,1.2658333333333331
Rwanda,2001,0.1451966667747122,64.1147455872733,-38.729979220779455,16.4925390578195,3.8874999999999997,-2.348333333333333
Rwanda,2002,0.0420838203100366,27.487565096365834,-36.62718049090747,16.4925390578195,1.6666666666666667,-2.220833333333333
Rwanda,2003,0.138855413157998,18.595337787691484,-8.892227308674348,16.4925390578195,1.1275,-0.5391666666666668
Rwanda,2004,0.161582392235065,22.251183945508146,3.6558461578166597,16.4925390578195,1.3491666666666668,0.2216666666666669
Rwanda,2005,0.162516164874173,52.99602550579333,30.74484156028518,16.4925390578195,3.2133333333333334,1.8641666666666665
Rwanda,2006,0.1747255518959178,81.87171263952563,28.875687133732303,16.4925390578195,4.964166666666666,1.750833333333333
Rwanda,2007,0.2337519963298646,82.77880228770569,0.9070896481800678,16.4925390578195,5.019166666666666,0.054999999999999716
Rwanda,2008,0.2882750600478871,31.789369033947086,-50.989433253758605,16.4925390578195,1.9275,-3.091666666666666
Rwanda,2009,0.1582633321368582,2.63880624925112,-29.150562784695968,16.4925390578195,0.16,-1.7675
Rwanda,2010,0.0387007353622763,2.8861943351184127,0.24738808586729272,16.4925390578195,0.17500000000000002,0.015000000000000013
Rwanda,2011,0.1838066735000474,1.6767414708783157,-1.2094528642400968,16.4925390578195,0.10166666666666667,-0.07333333333333335
Rwanda,2012,0.2543716061452734,2.30895546809473,0.6322139972164144,16.4925390578195,0.14,0.038333333333333344
Rwanda,2013,0.1239185957381785,1.7729479487155961,-0.5360075193791339,16.4925390578195,0.1075,-0.032500000000000015
Rwanda,2014,0.1144751748776933,1.470584732655572,-0.30236321606002403,16.4925390578195,0.08916666666666667,-0.018333333333333326
Rwanda,2015,0.1584395494127122,2.185261425161084,0.7146766925055117,16.4925390578195,0.1325,0.043333333333333335
Rwanda,2016,0.1836996167519302,6.514552927838703,4.329291502677619,16.4925390578195,0.395,0.2625
Rwanda,2017,0.0813676893602028,16.520026622915864,10.005473695077162,16.4925390578195,1.0016666666666667,0.6066666666666667
Rwanda,2018,0.0878991234916455,30.20883404090605,13.688807417990185,16.4925390578195,1.8316666666666668,0.8300000000000001
Rwanda,2019,0.173378415547905,35.59639679979375,5.387562758887699,16.4925390578195,2.158333333333333,0.32666666666666644
Rwanda,2020,0.0972150745514923,6.198445929230495,-29.397950870563257,16.4925390578195,0.3758333333333333,-1.7825
Rwanda,2021,0.1941510397339634,1.31940312462556,-4.879042804604935,16.4925390578195,0.08,-0.2958333333333333
Rwanda,2022,0.167812868442823,27.762440747329492,26.44303762270393,16.4925390578195,1.6833333333333333,1.6033333333333333
Rwanda,2023,0.2063163526738307,82.86126498299481,55.09882423566531,16.4925390578195,5.024166666666667,3.3408333333333333
Rwanda,2024,0.2212406437859009,84.82662588738496,1.9653609043901565,16.4925390578195,5.1433333333333335,0.11916666666666664
Samoa,1991,,190.02388569582587,-80.57569600054508,33.41079308937598,5.6875,-2.411666666666667
Samoa,1992,-0.0189416986133252,117.6616763297524,-72.36220936607349,33.41079308937598,3.5216666666666665,-2.1658333333333335
Samoa,1993,0.0071347933502963,100.98412211263889,-16.67755421711352,33.41079308937598,3.0224999999999995,-0.499166666666667
Samoa,1994,0.0142835844783242,140.38101563052808,39.396893517889204,33.41079308937598,4.201666666666667,1.1791666666666676
Samoa,1995,0.1297313054410551,195.00766233165777,54.62664670112969,33.41079308937598,5.836666666666666,1.634999999999999
Samoa,1996,0.2179737799905936,177.02151871854372,-17.98614361311406,33.41079308937598,5.298333333333333,-0.5383333333333331
Samoa,1997,0.060943165696834,182.42293026799285,5.40141154944913,33.41079308937598,5.46,0.16166666666666707
Samoa,1998,0.1410713884285819,178.85911233845937,-3.5638179295334607,33.41079308937598,5.353333333333333,-0.10666666666666735
Samoa,1999,0.0245359178053732,166.05164165419862,-12.807470684260776,33.41079308937598,4.97,-0.38333333333333286
Samoa,2000,0.1460588084195215,208.34413723983369,42.29249558563509,33.41079308937598,6.235833333333333,1.2658333333333331
Samoa,2001,0.1512232268574784,129.8844581349491,-78.45967910488459,33.41079308937598,3.8874999999999997,-2.348333333333333
Samoa,2002,0.059225740490163,55.68465514895997,-74.19980298598915,33.41079308937598,1.6666666666666667,-2.220833333333333
Samoa,2003,0.0972528394963276,37.67066920827141,-18.013985940688553,33.41079308937598,1.1275,-0.5391666666666668
Samoa,2004,0.1306773650526977,45.0767283430831,7.406059134811683,33.41079308937598,1.3491666666666668,0.2216666666666669
Samoa,2005,0.0799292189401583,107.36001512719481,62.283286784111716,33.41079308937598,3.2133333333333334,1.8641666666666665
Samoa,2006,0.145380889147372,165.85674536117725,58.49673023398243,33.41079308937598,4.964166666666666,1.750833333333333
Samoa,2007,0.1288394560100201,167.69433898109293,1.8375936199156693,33.41079308937598,5.019166666666666,0.054999999999999716
Samoa,2008,0.1044219481444983,64.3993036797722,-103.29503530132071,33.41079308937598,1.9275,-3.091666666666666
Samoa,2009,0.0711123639489024,5.345726894300157,-59.053576785472046,33.41079308937598,0.16,-1.7675
Samoa,2010,0.0854339079786719,5.846888790640797,0.5011618963406401,33.41079308937598,0.17500000000000002,0.015000000000000013
Samoa,2011,0.0621627972177201,3.396763964086558,-2.450124826554239,33.41079308937598,0.10166666666666667,-0.07333333333333335
Samoa,2012,-0.0632995268628917,4.677511032512638,1.2807470684260795,33.41079308937598,0.14,0.038333333333333344
Samoa,2013,-0.0165739155381992,3.5916602571079177,-1.0858507754047197,33.41079308937598,0.1075,-0.032500000000000015
Samoa,2014,0.0619683373408364,2.9791290504693584,-0.6125312066385594,33.41079308937598,0.08916666666666667,-0.018333333333333326
Samoa,2015,0.0918154630846004,4.426930084342318,1.4478010338729592,33.41079308937598,0.1325,0.043333333333333335
Samoa,2016,0.0586810089675893,13.197263270303512,8.770333185961194,33.41079308937598,0.395,0.2625
Samoa,2017,0.087623801160845,33.46647774452494,20.269214474221428,33.41079308937598,1.0016666666666667,0.6066666666666667
Samoa,2018,0.1415555300257409,61.197436008707,27.730958264182064,33.41079308937598,1.8316666666666668,0.8300000000000001
Samoa,2019,0.0839634074150055,72.11162841790315,10.914192409196145,33.41079308937598,2.158333333333333,0.32666666666666644
Samoa,2020,0.0453643308529017,12.55688973609047,-59.55473868181268,33.41079308937598,0.3758333333333333,-1.7825
Samoa,2021,0.0525331268300881,2.6728634471500783,-9.884026288940392,33.41079308937598,0.08,-0.2958333333333333
Samoa,2022,0.0167574296498322,56.24150170044956,53.56863825329948,33.41079308937598,1.6833333333333333,1.6033333333333333
Samoa,2023,0.0707639699240729,167.8613929465398,111.61989124609025,33.41079308937598,5.024166666666667,3.3408333333333333
Samoa,2024,0.1281926260783343,171.84284578969044,3.981452843150637,33.41079308937598,5.1433333333333335,0.11916666666666664
Sao Tome and Principe,1997,,75.384963685484,2.232094468098891,13.8067699057663,5.46,0.16166666666666707
Sao Tome and Principe,1998,0.7721609980993556,73.91224156220225,-1.4727221232817482,13.8067699057663,5.353333333333333,-0.10666666666666735
Sao Tome and Principe,1999,0.0277070759005688,68.61964643165851,-5.2925951305437415,13.8067699057663,4.97,-0.38333333333333286
Sao Tome and Principe,2000,0.0743195433250285,86.09671600404101,17.477069572382504,13.8067699057663,6.235833333333333,1.2658333333333331
Sao Tome and Principe,2001,0.2221708365412311,53.67381800866649,-32.42289799537453,13.8067699057663,3.8874999999999997,-2.348333333333333
Sao Tome and Principe,2002,0.3098302064698508,23.011283176277168,-30.662534832389323,13.8067699057663,1.6666666666666667,-2.220833333333333
Sao Tome and Principe,2003,0.2262069548947316,15.567133068751502,-7.444150107525665,13.8067699057663,1.1275,-0.5391666666666668
Sao Tome and Principe,2004,0.4306482160441156,18.62763373119637,3.0605006624448663,13.8067699057663,1.3491666666666668,0.2216666666666669
Sao Tome and Principe,2005,0.0101306447994495,44.36575396386238,25.73812023266601,13.8067699057663,3.2133333333333334,1.8641666666666665
Sao Tome and Principe,2006,0.3740493155104545,68.53910694054154,24.17335297667916,13.8067699057663,4.964166666666666,1.750833333333333
Sao Tome and Principe,2007,0.2734661940631504,69.29847928535868,0.7593723448171426,13.8067699057663,5.019166666666666,0.054999999999999716
Sao Tome and Principe,2008,0.294759579031485,26.612548993364545,-42.68593029199413,13.8067699057663,1.9275,-3.091666666666666
Sao Tome and Principe,2009,0.3138373963672016,2.209083184922608,-24.403465808441936,13.8067699057663,0.16,-1.7675
Sao Tome and Principe,2010,0.0789003704582285,2.4161847335091027,0.20710154858649468,13.8067699057663,0.17500000000000002,0.015000000000000013
Sao Tome and Principe,2011,0.1923740137531275,1.4036882737529073,-1.0124964597561956,13.8067699057663,0.10166666666666667,-0.07333333333333335
Sao Tome and Principe,2012,0.0980928684208137,1.9329477868072822,0.529259513054375,13.8067699057663,0.14,0.038333333333333344
Sao Tome and Principe,2013,0.1669980624618965,1.4842277648698772,-0.44872002193740496,13.8067699057663,0.1075,-0.032500000000000015
Sao Tome and Principe,2014,0.1636350001970115,1.2311036499308285,-0.25312411493904874,13.8067699057663,0.08916666666666667,-0.018333333333333326
Sao Tome and Principe,2015,0.1636044864904882,1.8293970125140349,0.5982933625832063,13.8067699057663,0.1325,0.043333333333333335
Sao Tome and Principe,2016,0.1339523762266594,5.453674112777689,3.624277100263654,13.8067699057663,0.395,0.2625
Sao Tome and Principe,2017,-0.0493273794461828,13.829781188942578,8.376107076164889,13.8067699057663,1.0016666666666667,0.6066666666666667
Sao Tome and Principe,2018,-0.0021835675230406,25.28940021072861,11.45961902178603,13.8067699057663,1.8316666666666668,0.8300000000000001
Sao Tome and Principe,2019,0.1412063631285747,29.799611713278928,4.510211502550321,13.8067699057663,2.158333333333333,0.32666666666666644
Sao Tome and Principe,2020,-0.0210054234696848,5.189044356250501,-24.61056735702843,13.8067699057663,0.3758333333333333,-1.7825
Sao Tome and Principe,2021,0.1007912575038645,1.104541592461304,-4.084502763789197,13.8067699057663,0.08,-0.2958333333333333
Sao Tome and Principe,2022,-0.026304793341179,23.24139600803994,22.136854415578632,13.8067699057663,1.6833333333333333,1.6033333333333333
Sao Tome and Principe,2023,0.0865126632396027,69.36751313488752,46.12611712684758,13.8067699057663,5.024166666666667,3.3408333333333333
Sao Tome and Principe,2024,0.0582209449787747,71.01281988199133,1.6453067471038172,13.8067699057663,5.1433333333333335,0.11916666666666664
Saudi Arabia,1991,,253.44869529055302,-107.46967387118836,44.56240796317416,5.6875,-2.411666666666667
Saudi Arabia,1992,0.1358753694830206,156.93394671031166,-96.51474858024137,44.56240796317416,3.5216666666666665,-2.1658333333333335
Saudi Arabia,1993,0.020338675176287,134.68987806869387,-22.244068641617783,44.56240796317416,3.0224999999999995,-0.499166666666667
Saudi Arabia,1994,0.0332494402571654,187.23638412527012,52.546506056576234,44.56240796317416,4.201666666666667,1.1791666666666676
Saudi Arabia,1995,0.0294186507255354,260.09592114505983,72.8595370197897,44.56240796317416,5.836666666666666,1.634999999999999
Saudi Arabia,1996,0.0330149559367924,236.1064915248844,-23.98942962017541,44.56240796317416,5.298333333333333,-0.5383333333333331
Saudi Arabia,1997,0.070057562422928,243.31074747893092,7.204255954046507,44.56240796317416,5.46,0.16166666666666707
Saudi Arabia,1998,0.0507923875154787,238.55742396285896,-4.753323516071941,44.56240796317416,5.353333333333333,-0.10666666666666735
Saudi Arabia,1999,0.0356666611490545,221.47516757697556,-17.082256385883408,44.56240796317416,4.97,-0.38333333333333286
Saudi Arabia,2000,0.0661056489555314,277.8837489903602,56.40858141338462,44.56240796317416,6.235833333333333,1.2658333333333331
Saudi Arabia,2001,0.0436910537314325,173.23636095683952,-104.64738803352064,44.56240796317416,3.8874999999999997,-2.348333333333333
Saudi Arabia,2002,0.0496212397500848,74.2706799386236,-98.96568101821595,44.56240796317416,1.6666666666666667,-2.220833333333333
Saudi Arabia,2003,0.1414855484719588,50.24411497847886,-24.02656496014474,44.56240796317416,1.1275,-0.5391666666666668
Saudi Arabia,2004,0.0815094288642122,60.122115410315814,9.878000431836949,44.56240796317416,1.3491666666666668,0.2216666666666669
Saudi Arabia,2005,0.1591551801147268,143.1938709216663,83.07175551135049,44.56240796317416,3.2133333333333334,1.8641666666666665
Saudi Arabia,2006,0.1243482003229843,221.21522019719038,78.02134927552407,44.56240796317416,4.964166666666666,1.750833333333333
Saudi Arabia,2007,0.185719034228569,223.66615263516493,2.4509324379745663,44.56240796317416,5.019166666666666,0.054999999999999716
Saudi Arabia,2008,0.18349898477069,85.8940413490182,-137.77211128614675,44.56240796317416,1.9275,-3.091666666666666
Saudi Arabia,2009,0.1651725966331199,7.129985274107866,-78.76405607491033,44.56240796317416,0.16,-1.7675
Saudi Arabia,2010,0.102649018405426,7.798421393555478,0.6684361194476129,44.56240796317416,0.17500000000000002,0.015000000000000013
Saudi Arabia,2011,0.0504301052848248,4.53051147625604,-3.267909917299439,44.56240796317416,0.10166666666666667,-0.07333333333333335
Saudi Arabia,2012,0.1245198300327885,6.238737114844383,1.7082256385883432,44.56240796317416,0.14,0.038333333333333344
Saudi Arabia,2013,0.1526307667181328,4.790458856041222,-1.4482782588031609,44.56240796317416,0.1075,-0.032500000000000015
Saudi Arabia,2014,0.0802148825936726,3.9734813767163626,-0.8169774793248593,44.56240796317416,0.08916666666666667,-0.018333333333333326
Saudi Arabia,2015,0.1117494173490918,5.904519055120576,1.9310376784042136,44.56240796317416,0.1325,0.043333333333333335
Saudi Arabia,2016,0.0286341497653133,17.602151145453792,11.697632090333217,44.56240796317416,0.395,0.2625
Saudi Arabia,2017,0.0054621278275135,44.63667864311279,27.034527497658992,44.56240796317416,1.0016666666666667,0.6066666666666667
Senegal,1991,,97.34496117668266,-41.277116138508376,17.11559756952662,5.6875,-2.411666666666667
Senegal,1992,0.0565447374784646,60.27542944068291,-37.06953173599974,17.11559756952662,3.5216666666666665,-2.1658333333333335
Senegal,1993,0.0352790226762387,51.731893653894204,-8.543535786788711,17.11559756952662,3.0224999999999995,-0.499166666666667
Senegal,1994,-0.1344556429658858,71.91403578796103,20.182142134066822,17.11559756952662,4.201666666666667,1.1791666666666676
Senegal,1995,0.3270621860804219,99.89803781413703,27.984002026176007,17.11559756952662,5.836666666666666,1.634999999999999
Senegal,1996,0.0716113736325674,90.68414112254187,-9.21389669159516,17.11559756952662,5.298333333333333,-0.5383333333333331
Senegal,1997,0.1105826179560018,93.45116272961535,2.7670216070734774,17.11559756952662,5.46,0.16166666666666707
Senegal,1998,0.0366497833434564,91.62549898886583,-1.825663740749518,17.11559756952662,5.353333333333333,-0.10666666666666735
Senegal,1999,0.0814604259164362,85.0645199205473,-6.56097906831853,17.11559756952662,4.97,-0.38333333333333286
Senegal,2000,0.1234400305791112,106.73001384397308,21.665493923425778,17.11559756952662,6.235833333333333,1.2658333333333331
Senegal,2001,0.1027316669212972,66.53688555153474,-40.193128292438345,17.11559756952662,3.8874999999999997,-2.348333333333333
Senegal,2002,-0.090174119361027,28.525995949211037,-38.0108896023237,17.11559756952662,1.6666666666666667,-2.220833333333333
Senegal,2003,0.0704502881628705,19.297836259641265,-9.228159689569772,17.11559756952662,1.1275,-0.5391666666666668
Senegal,2004,0.285496526944371,23.091793720886336,3.7939574612450717,17.11559756952662,1.3491666666666668,0.2216666666666669
Senegal,2005,0.1378298510300872,54.99812019007887,31.90632646919254,17.11559756952662,3.2133333333333334,1.8641666666666665
Senegal,2006,0.0891352208423192,84.96467893472506,29.966558744646186,17.11559756952662,4.964166666666666,1.750833333333333
Senegal,2007,0.1155906394450951,85.90603680104903,0.9413578663239592,17.11559756952662,5.019166666666666,0.054999999999999716
Senegal,2008,0.1215968376224623,32.99031431526256,-52.91572248578645,17.11559756952662,1.9275,-3.091666666666666
Senegal,2009,0.0901136282350378,2.7384956111242595,-30.2518187041383,17.11559756952662,0.16,-1.7675
Senegal,2010,0.1240813003169094,2.995229574667159,0.2567339635428995,17.11559756952662,0.17500000000000002,0.015000000000000013
Senegal,2011,0.1081462178852561,1.7400857529018732,-1.2551438217652857,17.11559756952662,0.10166666666666667,-0.07333333333333335
Senegal,2012,0.0723022147821303,2.396183659733727,0.656097906831854,17.11559756952662,0.14,0.038333333333333344
Senegal,2013,0.0601136174481666,1.8399267387241116,-0.5562569210096154,17.11559756952662,0.1075,-0.032500000000000015
Senegal,2014,0.0773234012724657,1.5261407832827905,-0.31378595544132126,17.11559756952662,0.08916666666666667,-0.018333333333333326
Senegal,2015,0.1054381511916595,2.2678166779622773,0.7416758946794869,17.11559756952662,0.1325,0.043333333333333335
Senegal,2016,0.1787310956302974,6.760661039963016,4.492844362000739,17.11559756952662,0.395,0.2625
Senegal,2017,0.1286072857006601,17.144123565475834,10.383462525512817,17.11559756952662,1.0016666666666667,0.6066666666666667
Senegal,2018,0.088497451010447,31.35006954818293,14.205945982707096,17.11559756952662,1.8316666666666668,0.8300000000000001
Senegal,2019,0.132339300242446,36.94116475422829,5.591095206045359,17.11559756952662,2.158333333333333,0.32666666666666644
Senegal,2020,0.0789909394419794,6.4326120865470875,-30.5085526676812,17.11559756952662,0.3758333333333333,-1.7825
Senegal,2021,0.1163467850650654,1.3692478055621298,-5.063364280984958,17.11559756952662,0.08,-0.2958333333333333
Senegal,2022,0.1427192899348774,28.811255908703146,27.442008103141013,17.11559756952662,1.6833333333333333,1.6033333333333333
Senegal,2023,0.1953202268236289,85.99161478889667,57.180358880193516,17.11559756952662,5.024166666666667,3.3408333333333333
Senegal,2024,0.0917505688761757,88.03122349926525,2.0396087103685887,17.11559756952662,5.1433333333333335,0.11916666666666664
Serbia,1998,,188.0615826073331,-3.747179728166064,35.129809951556624,5.353333333333333,-0.10666666666666735
Serbia,1999,0.2849642691783884,174.59515545923642,-13.466427148096688,35.129809951556624,4.97,-0.38333333333333286
Serbia,2000,0.228712132451303,219.06363988958182,44.46848443034542,35.129809951556624,6.235833333333333,1.2658333333333331
Serbia,2001,0.9586124232265228,136.56713618667638,-82.49650370290547,35.129809951556624,3.8874999999999997,-2.348333333333333
Serbia,2002,0.6554896282585965,58.54968325259438,-78.017452934082,35.129809951556624,1.6666666666666667,-2.220833333333333
Serbia,2003,0.4236981438858507,39.60886072038009,-18.940822532214284,35.129809951556624,1.1275,-0.5391666666666668
Serbia,2004,0.2458329328285593,47.39596859297515,7.78710787259506,35.129809951556624,1.3491666666666668,0.2216666666666669
Serbia,2005,0.2771240430033082,112.88378931100195,65.4878207180268,35.129809951556624,3.2133333333333334,1.8641666666666665
Serbia,2006,0.3518357750438952,174.39023156785234,61.50644225685038,35.129809951556624,4.964166666666666,1.750833333333333
Serbia,2007,0.3270611373698173,176.32237111518793,1.9321395473356042,35.129809951556624,5.019166666666666,0.054999999999999716
Serbia,2008,0.3514266612424528,67.71270868162539,-108.60966243356253,35.129809951556624,1.9275,-3.091666666666666
Serbia,2009,0.0922802226195678,5.62076959224906,-62.09193908937633,35.129809951556624,0.16,-1.7675
Serbia,2010,0.1948333452281829,6.14771674152241,0.5269471492733498,35.129809951556624,0.17500000000000002,0.015000000000000013
Serbia,2011,0.1211034967808402,3.5715306784082568,-2.576186063114153,35.129809951556624,0.10166666666666667,-0.07333333333333335
Serbia,2012,0.0977054981243377,4.918173393217928,1.346642714809671,35.129809951556624,0.14,0.038333333333333344
Serbia,2013,0.0900345120619867,3.776454569792337,-1.1417188234255908,35.129809951556624,0.1075,-0.032500000000000015
Serbia,2014,0.0447143369085125,3.132408054013799,-0.6440465157785379,35.129809951556624,0.08916666666666667,-0.018333333333333326
Serbia,2015,0.0736969729345027,4.6546998185812525,1.5222917645674536,35.129809951556624,0.1325,0.043333333333333335
Serbia,2016,0.0635770096408521,13.876274930864867,9.221575112283615,35.129809951556624,0.395,0.2625
Serbia,2017,0.109332383844606,35.18835963480922,21.312084703944354,35.129809951556624,1.0016666666666667,0.6066666666666667
Serbia,2018,0.0350506809494959,64.34610189460122,29.157742259792,35.129809951556624,1.8316666666666668,0.8300000000000001
Serbia,2019,0.1355930736366808,75.82183981210972,11.47573791750849,35.129809951556624,2.158333333333333,0.32666666666666644
Serbia,2020,0.0802333704872673,13.20295357346003,-62.61888623864968,35.129809951556624,0.3758333333333333,-1.7825
Serbia,2021,0.1664040621712885,2.81038479612453,-10.3925687773355,35.129809951556624,0.08,-0.2958333333333333
Serbia,2022,0.1248103385776069,59.13518008512032,56.32479528899579,35.129809951556624,1.6833333333333333,1.6033333333333333
Serbia,2023,0.0663373916144465,176.49802016494576,117.36284007982542,35.129809951556624,5.024166666666667,3.3408333333333333
Serbia,2024,0.1191922165604424,180.68432251750625,4.186302352560497,35.129809951556624,5.1433333333333335,0.11916666666666664
Seychelles,1991,,288.15041673868654,-122.1842206654592,50.66380953647236,5.6875,-2.411666666666667
Seychelles,1992,0.1107688576670895,178.42104925094347,-109.72936748774305,50.66380953647236,3.5216666666666665,-2.1658333333333335
Seychelles,1993,0.1359556362360301,153.13136432398767,-25.2896849269558,50.66380953647236,3.0224999999999995,-0.499166666666667
Seychelles,1994,0.2129219972426703,212.8724397357447,59.74107541175703,50.66380953647236,4.201666666666667,1.1791666666666676
Seychelles,1995,0.1721301278486251,295.707768327877,82.83532859213224,50.66380953647236,5.836666666666666,1.634999999999999
Seychelles,1996,0.1344832154624065,268.4337508607427,-27.274017467134275,50.66380953647236,5.298333333333333,-0.5383333333333331
Seychelles,1997,0.1336539523834865,276.6244000691391,8.190649208396385,50.66380953647236,5.46,0.16166666666666707
Seychelles,1998,0.1503706909314317,271.22026038524865,-5.40413968389042,50.66380953647236,5.353333333333333,-0.10666666666666735
Seychelles,1999,0.1466535626671188,251.7991333962676,-19.421126988981047,50.66380953647236,4.97,-0.38333333333333286
Seychelles,2000,0.1722670988821733,315.9310723011855,64.13193890491792,50.66380953647236,6.235833333333333,1.2658333333333331
Seychelles,2001,0.0454104500566927,196.95555957303628,-118.97551272814924,50.66380953647236,3.8874999999999997,-2.348333333333333
Seychelles,2002,0.1187277714840036,84.43968256078726,-112.51587701224902,50.66380953647236,1.6666666666666667,-2.220833333333333
Seychelles,2003,0.0984370519027599,57.123445252372576,-27.316237308414685,50.66380953647236,1.1275,-0.5391666666666668
Seychelles,2004,0.0521926542845321,68.3539230329573,11.230477780584717,50.66380953647236,1.3491666666666668,0.2216666666666669
Seychelles,2005,0.1309130337016952,162.79970797719784,94.44578494424054,50.66380953647236,3.2133333333333334,1.8641666666666665
Seychelles,2006,0.0163790044433262,251.50359450730485,88.703886530107,50.66380953647236,4.964166666666666,1.750833333333333
Seychelles,2007,0.0298537212263134,254.2901040318108,2.786509524505965,50.66380953647236,5.019166666666666,0.054999999999999716
Seychelles,2008,-0.0830862131410761,97.65449288155047,-156.63561115026033,50.66380953647236,1.9275,-3.091666666666666
Seychelles,2009,0.2467721128586966,8.106209525835578,-89.5482833557149,50.66380953647236,0.16,-1.7675
Seychelles,2010,0.0753675205509658,8.866166668882663,0.7599571430470861,50.66380953647236,0.17500000000000002,0.015000000000000013
Seychelles,2011,0.1280143707125951,5.150820636208023,-3.71534603267464,50.66380953647236,0.10166666666666667,-0.07333333333333335
Seychelles,2012,0.0431228360743531,7.092933335106131,1.9421126988981077,50.66380953647236,0.14,0.038333333333333344
Seychelles,2013,-0.0231563522161337,5.446359525170778,-1.6465738099353524,50.66380953647236,0.1075,-0.032500000000000015
Seychelles,2014,0.2299082731720183,4.517523017002119,-0.9288365081686595,50.66380953647236,0.08916666666666667,-0.018333333333333326
Seychelles,2015,0.2359226416784601,6.712954763582587,2.1954317465804687,50.66380953647236,0.1325,0.043333333333333335
Seychelles,2016,0.0289281181437353,20.01220476690658,13.299250003323994,50.66380953647236,0.395,0.2625
Seychelles,2017,0.1143954076656186,50.74824921903315,30.736044452126563,50.66380953647236,1.0016666666666667,0.6066666666666667
Seychelles,2018,0.1519707039041691,92.79921113430521,42.05096191527206,50.66380953647236,1.8316666666666668,0.8300000000000001
Seychelles,2019,0.0743792991654999,109.3493889162195,16.550177781914293,50.66380953647236,2.158333333333333,0.32666666666666644
Seychelles,2020,0.1283199756297115,19.041148417457524,-90.30824049876198,50.66380953647236,0.3758333333333333,-1.7825
Seychelles,2021,0.2407027446704184,4.053104762917789,-14.988043654539736,50.66380953647236,0.08,-0.2958333333333333
Seychelles,2022,-0.0522709664920562,85.28407938639513,81.23097462347734,50.66380953647236,1.6833333333333333,1.6033333333333333
Seychelles,2023,0.0060314188295009,254.5434230794932,169.25934369309806,50.66380953647236,5.024166666666667,3.3408333333333333
Seychelles,2024,0.0557006139732614,260.5808603825895,6.037437303096288,50.66380953647236,5.1433333333333335,0.11916666666666664
Sierra Leone,2007,,58.32891862459019,0.6391679610199125,11.62123565490756,5.019166666666666,0.054999999999999716
Sierra Leone,2008,0.1579377716383483,22.39993172483432,-35.92898689975586,11.62123565490756,1.9275,-3.091666666666666
Sierra Leone,2009,0.235380345929034,1.8593977047852095,-20.54053402004911,11.62123565490756,0.16,-1.7675
Sierra Leone,2010,0.2966142511704213,2.033716239608823,0.17431853482361356,11.62123565490756,0.17500000000000002,0.015000000000000013
Sierra Leone,2011,0.2163597401375447,1.1814922915822685,-0.8522239480265545,11.62123565490756,0.10166666666666667,-0.07333333333333335
Sierra Leone,2012,0.2594985638469644,1.6269729916870586,0.4454807001047899,11.62123565490756,0.14,0.038333333333333344
Sierra Leone,2013,0.1987253626418734,1.2492828329025627,-0.37769015878449586,11.62123565490756,0.1075,-0.032500000000000015
Sierra Leone,2014,0.1014396836410185,1.036226845895924,-0.21305598700663853,11.62123565490756,0.08916666666666667,-0.018333333333333326
Sierra Leone,2015,0.2144293156864769,1.5398137242752516,0.5035868783793276,11.62123565490756,0.1325,0.043333333333333335
Sierra Leone,2016,-6.796601759581712,4.590388083688486,3.0505743594132344,11.62123565490756,0.395,0.2625
Sierra Leone,2017,0.1643433946520929,11.640604380999072,7.050216297310587,11.62123565490756,1.0016666666666667,0.6066666666666667
Sierra Leone,2018,0.0675743003964193,21.286229974572347,9.645625593573275,11.62123565490756,1.8316666666666668,0.8300000000000001
Sierra Leone,2019,0.1349776816094667,25.082500288508815,3.796270313936467,11.62123565490756,2.158333333333333,0.32666666666666644
Sierra Leone,2020,0.1337373544152953,4.36764773363609,-20.714852554872724,11.62123565490756,0.3758333333333333,-1.7825
Sierra Leone,2021,0.3233865705262886,0.9296988523926047,-3.4379488812434857,11.62123565490756,0.08,-0.2958333333333333
Sierra Leone,2022,0.1992771546368246,19.562413352427725,18.63271450003512,11.62123565490756,1.6833333333333333,1.6033333333333333
Sierra Leone,2023,0.3488539001372892,58.38702480286474,38.824611450437004,11.62123565490756,5.024166666666667,3.3408333333333333
Sierra Leone,2024,0.2838678037281497,59.77188871840789,1.3848639155431506,11.62123565490756,5.1433333333333335,0.11916666666666664
Singapore,1991,,485.72444410079424,-205.96139798208043,85.40210006167811,5.6875,-2.411666666666667
Singapore,1992,0.1172996317648227,300.75772905054305,-184.9667150502512,85.40210006167811,3.5216666666666665,-2.1658333333333335
Singapore,1993,0.0852170865720971,258.12784743642203,-42.62988161412102,85.40210006167811,3.0224999999999995,-0.499166666666667
Singapore,1994,0.0811553845882073,358.83115709248426,100.70330965606219,85.40210006167811,4.201666666666667,1.1791666666666676
Singapore,1995,0.1347786359225686,498.46359069332783,139.63243360084363,85.40210006167811,5.836666666666666,1.634999999999999
Singapore,1996,0.0815770448972692,452.4887934934578,-45.97479719987003,85.40210006167811,5.298333333333333,-0.5383333333333331
Singapore,1997,0.0934022369921088,466.2954663367625,13.806672843304662,85.40210006167811,5.46,0.16166666666666707
Singapore,1998,0.0977263363728475,457.1859089968501,-9.10955733991239,85.40210006167811,5.353333333333333,-0.10666666666666735
Singapore,1999,0.2642742373697082,424.4484373065402,-32.7374716903099,85.40210006167811,4.97,-0.38333333333333286
Singapore,2000,0.0817138841000328,532.553262301281,108.10482499474087,85.40210006167811,6.235833333333333,1.2658333333333331
Singapore,2001,-0.0207088461037123,332.0006639897736,-200.5525983115074,85.40210006167811,3.8874999999999997,-2.348333333333333
Singapore,2002,0.0569272551045578,142.3368334361302,-189.66383055364346,85.40210006167811,1.6666666666666667,-2.220833333333333
Singapore,2003,-0.0033259788706274,96.29086781954207,-46.04596561658813,85.40210006167811,1.1275,-0.5391666666666668
Singapore,2004,0.0774510075995884,115.2216666665474,18.930798847005335,85.40210006167811,1.3491666666666668,0.2216666666666669
Singapore,2005,0.0604933362875499,274.425414864859,159.20374819831162,85.40210006167811,3.2133333333333334,1.8641666666666665
Singapore,2006,0.0600941605045051,423.95025838951375,149.52484352465473,85.40210006167811,4.964166666666666,1.750833333333333
Singapore,2007,0.1770479099129929,428.647373892906,4.697115503392272,85.40210006167811,5.019166666666666,0.054999999999999716
Singapore,2008,0.1258562664688121,164.61254786888455,-264.0348260240214,85.40210006167811,1.9275,-3.091666666666666
Singapore,2009,0.1137633192811264,13.664336009868498,-150.94821185901608,85.40210006167811,0.16,-1.7675
Singapore,2010,0.1073897357653415,14.945367510793671,1.281031500925173,85.40210006167811,0.17500000000000002,0.015000000000000013
Singapore,2011,0.0824120880196517,8.682546839603942,-6.262820671189729,85.40210006167811,0.10166666666666667,-0.07333333333333335
Singapore,2012,0.0952022593750676,11.956294008634936,3.273747169030995,85.40210006167811,0.14,0.038333333333333344
Singapore,2013,0.0697621111566029,9.180725756630396,-2.7755682520045397,85.40210006167811,0.1075,-0.032500000000000015
Singapore,2014,0.0422512776427126,7.615020588832966,-1.5657051677974314,85.40210006167811,0.08916666666666667,-0.018333333333333326
Singapore,2015,0.0327742371031831,11.315778258172351,3.700757669339385,85.40210006167811,0.1325,0.043333333333333335
Singapore,2016,0.0151249475636703,33.733829524362854,22.418051266190506,85.40210006167811,0.395,0.2625
Singapore,2017,0.0773676010479889,85.54443689511425,51.81060737075139,85.40210006167811,1.0016666666666667,0.6066666666666667
Singapore,2018,0.0314846756628242,156.4281799463071,70.88374305119284,85.40210006167811,1.8316666666666668,0.8300000000000001
Singapore,2019,0.0382767954005274,184.32619929978858,27.898019353481498,85.40210006167811,2.158333333333333,0.32666666666666644
Singapore,2020,0.0483267292301405,32.096955939847355,-152.22924335994122,85.40210006167811,0.3758333333333333,-1.7825
Solomon Islands,1991,,143.89725229606907,-61.01665174283136,25.30061578831984,5.6875,-2.411666666666667
Solomon Islands,1992,0.2141026698217842,89.10033526786636,-54.79691702820272,25.30061578831984,3.5216666666666665,-2.1658333333333335
Solomon Islands,1993,0.2189124417741759,76.4711112201967,-12.629224047669661,25.30061578831984,3.0224999999999995,-0.499166666666667
Solomon Islands,1994,0.1452568200948363,106.30475400392386,29.833642783727164,25.30061578831984,4.201666666666667,1.1791666666666676
Solomon Islands,1995,0.2241518175819017,147.67126081782678,41.36650681390291,25.30061578831984,5.836666666666666,1.634999999999999
Solomon Islands,1996,0.0881078456845898,134.05109598511459,-13.620164832712174,25.30061578831984,5.298333333333333,-0.5383333333333331
Solomon Islands,1997,0.1424794191677492,138.1413622042263,4.090266219111717,25.30061578831984,5.46,0.16166666666666707
Solomon Islands,1998,0.0646634695092096,135.44262985347217,-2.6987323507541334,25.30061578831984,5.353333333333333,-0.10666666666666735
Solomon Islands,1999,0.0250913771861398,125.7440604679496,-9.698569385522593,25.30061578831984,4.97,-0.38333333333333286
Solomon Islands,2000,0.0673846851498218,157.77042328666445,32.02636281871486,25.30061578831984,6.235833333333333,1.2658333333333331
Solomon Islands,2001,0.0056086129682135,98.35614387709336,-59.41427940957108,25.30061578831984,3.8874999999999997,-2.348333333333333
Solomon Islands,2002,-0.1068741813171278,42.16769298053307,-56.188450896560305,25.30061578831984,1.6666666666666667,-2.220833333333333
Solomon Islands,2003,0.0617523902782721,28.526444301330617,-13.64124867920245,25.30061578831984,1.1275,-0.5391666666666668
Solomon Islands,2004,0.2136247543789515,34.13474746774152,5.608303166410903,25.30061578831984,1.3491666666666668,0.2216666666666669
Solomon Islands,2005,0.1632228080297508,81.29931206646775,47.16456459872623,25.30061578831984,3.2133333333333334,1.8641666666666665
Solomon Islands,2006,0.3792456523027496,125.59647354251773,44.29716147604998,25.30061578831984,4.964166666666666,1.750833333333333
Solomon Islands,2007,0.2344681926842362,126.98800741087531,1.391533868357584,25.30061578831984,5.019166666666666,0.054999999999999716
Solomon Islands,2008,0.1963910739348762,48.766936931986486,-78.22107047888882,25.30061578831984,1.9275,-3.091666666666666
Solomon Islands,2009,0.077010210432789,4.048098526131175,-44.718838405855315,25.30061578831984,0.16,-1.7675
Solomon Islands,2010,0.1554600658780565,4.427607762955972,0.3795092368247979,25.30061578831984,0.17500000000000002,0.015000000000000013
Solomon Islands,2011,0.1250520786433817,2.572229271812517,-1.8553784911434552,25.30061578831984,0.10166666666666667,-0.07333333333333335
Solomon Islands,2012,0.2295351776914351,3.542086210364778,0.9698569385522607,25.30061578831984,0.14,0.038333333333333344
Solomon Islands,2013,0.16030299826539,2.7198161972443824,-0.8222700131203952,25.30061578831984,0.1075,-0.032500000000000015
Solomon Islands,2014,0.1167720712593016,2.255971574458519,-0.4638446227858635,25.30061578831984,0.08916666666666667,-0.018333333333333326
Solomon Islands,2015,0.0541079956540038,3.3523315919523786,1.0963600174938597,25.30061578831984,0.1325,0.043333333333333335
Solomon Islands,2016,0.1398545138775766,9.993743236386337,6.6414116444339575,25.30061578831984,0.395,0.2625
Solomon Islands,2017,0.1261002978379757,25.342783481300373,15.349040244914036,25.30061578831984,1.0016666666666667,0.6066666666666667
Solomon Islands,2018,0.0343801934827538,46.34229458560584,20.99951110430547,25.30061578831984,1.8316666666666668,0.8300000000000001
Solomon Islands,2019,0.0660422965311333,54.60716240979031,8.264867824184474,25.30061578831984,2.158333333333333,0.32666666666666644
Solomon Islands,2020,-0.0311194825076057,9.508814767110206,-45.09834764268011,25.30061578831984,0.3758333333333333,-1.7825
Solomon Islands,2021,0.0640436480203447,2.0240492630655873,-7.484765504044618,25.30061578831984,0.08,-0.2958333333333333
Solomon Islands,2022,0.0192318925482943,42.5893699103384,40.565320647272806,25.30061578831984,1.6833333333333333,1.6033333333333333
Solomon Islands,2023,0.0513032020722796,127.11451048981692,84.52514057947853,25.30061578831984,5.024166666666667,3.3408333333333333
Solomon Islands,2024,0.0594761962384495,130.12950053792505,3.0149900481081136,25.30061578831984,5.1433333333333335,0.11916666666666664
South Africa,1991,,253.21158596832416,-107.3691325703048,44.52071841201304,5.6875,-2.411666666666667
South Africa,1992,0.1579540043924758,156.78713000763923,-96.42445596068491,44.52071841201304,3.5216666666666665,-2.1658333333333335
South Africa,1993,0.0282104250838308,134.56387140030938,-22.223258607329857,44.52071841201304,3.0224999999999995,-0.499166666666667
South Africa,1994,0.0611871452019094,187.06121852780814,52.49734712749875,44.52071841201304,4.201666666666667,1.1791666666666676
South Africa,1995,0.1681890721060526,259.8525931314494,72.79137460364127,44.52071841201304,5.836666666666666,1.634999999999999
South Africa,1996,0.1486904095452743,235.88560638631574,-23.966986745133678,44.52071841201304,5.298333333333333,-0.5383333333333331
South Africa,1997,0.1334721156665992,243.08312252959118,7.197516143275459,44.52071841201304,5.46,0.16166666666666707
South Africa,1998,0.1639302029647282,238.33424589897643,-4.748876630614755,44.52071841201304,5.353333333333333,-0.10666666666666735
South Africa,1999,0.1279793235727737,221.2679705077048,-17.066275391271645,44.52071841201304,4.97,-0.38333333333333286
South Africa,2000,0.1035240962015109,277.62377989757795,56.355809389873166,44.52071841201304,6.235833333333333,1.2658333333333331
South Africa,2001,0.0696665096899131,173.07429282670068,-104.54948707087728,44.52071841201304,3.8874999999999997,-2.348333333333333
South Africa,2002,0.1839026089349964,74.20119735335507,-98.87309547334561,44.52071841201304,1.6666666666666667,-2.220833333333333
South Africa,2003,0.1679368471426059,50.1971100095447,-24.00408734381037,44.52071841201304,1.1275,-0.5391666666666668
South Africa,2004,0.1253154990697602,60.06586925754093,9.868759247996234,44.52071841201304,1.3491666666666668,0.2216666666666669
South Africa,2005,0.1235706799965967,143.05990849726857,82.99403923972764,44.52071841201304,3.2133333333333334,1.8641666666666665
South Africa,2006,0.1881168143398142,221.00826631696805,77.94835781969948,44.52071841201304,4.964166666666666,1.750833333333333
South Africa,2007,0.2039445025320923,223.45690582962877,2.4486395126607046,44.52071841201304,5.019166666666666,0.054999999999999716
South Africa,2008,0.2145558842596422,85.81368473915514,-137.64322109047362,44.52071841201304,1.9275,-3.091666666666666
South Africa,2009,0.1374829430501805,7.123314945922086,-78.69036979323305,44.52071841201304,0.16,-1.7675
South Africa,2010,0.017457585269728,7.791125722102283,0.6678107761801961,44.52071841201304,0.17500000000000002,0.015000000000000013
South Africa,2011,0.0670419151833954,4.526273038554659,-3.2648526835476237,44.52071841201304,0.10166666666666667,-0.07333333333333335
South Africa,2012,0.0801161006779906,6.232900577681826,1.706627539127167,44.52071841201304,0.14,0.038333333333333344
South Africa,2013,0.0504243544058091,4.785977229291402,-1.4469233483904245,44.52071841201304,0.1075,-0.032500000000000015
South Africa,2014,0.0574817184507772,3.9697640584044964,-0.8162131708869054,44.52071841201304,0.08916666666666667,-0.018333333333333326
South Africa,2015,0.0702672801618646,5.898995189591728,1.9292311311872317,44.52071841201304,0.1325,0.043333333333333335
South Africa,2016,0.0982480924140922,17.585683772745153,11.686688583153423,44.52071841201304,0.395,0.2625
South Africa,2017,0.0590181455509686,44.59491960936639,27.009235836621244,44.52071841201304,1.0016666666666667,0.6066666666666667
South Africa,2018,0.0622753656753758,81.54711589133723,36.95219628197083,44.52071841201304,1.8316666666666668,0.8300000000000001
South Africa,2019,0.0544845457198803,96.09055057259481,14.543434681257583,44.52071841201304,2.158333333333333,0.32666666666666644
South Africa,2020,0.0593084170083564,16.732370003181565,-79.35818056941324,44.52071841201304,0.3758333333333333,-1.7825
South Africa,2021,0.0900904576458678,3.561657472961043,-13.170712530220522,44.52071841201304,0.08,-0.2958333333333333
South Africa,2022,0.0555291697742532,74.94320932688862,71.38155185392758,44.52071841201304,1.6833333333333333,1.6033333333333333
South Africa,2023,0.0828485455611733,223.67950942168886,148.73630009480024,44.52071841201304,5.024166666666667,3.3408333333333333
South Africa,2024,0.073192307417198,228.98489503245375,5.305385610764886,44.52071841201304,5.1433333333333335,0.11916666666666664
Sri Lanka,1991,,186.53262869474082,-79.09530072418755,32.796945704569815,5.6875,-2.411666666666667
Sri Lanka,1992,0.1977987803261349,115.49991045626003,-71.0327182384808,32.796945704569815,3.5216666666666665,-2.1658333333333335
Sri Lanka,1993,0.1553220461923636,99.12876839206226,-16.371142064197777,32.796945704569815,3.0224999999999995,-0.499166666666667
Sri Lanka,1994,0.2095023498047687,137.8018335353675,38.67306514330527,32.796945704569815,4.201666666666667,1.1791666666666676
Sri Lanka,1995,0.1795451442037716,191.42483976233913,53.62300622697161,32.796945704569815,5.836666666666666,1.634999999999999
Sri Lanka,1996,0.3062502062818524,173.76915065804573,-17.65568910429341,32.796945704569815,5.298333333333333,-0.5383333333333331
Sri Lanka,1997,0.1067033067248885,179.0713235469512,5.302172888905466,32.796945704569815,5.46,0.16166666666666707
Sri Lanka,1998,0.1449114650649186,175.57298267179706,-3.498340875154136,32.796945704569815,5.353333333333333,-0.10666666666666735
Sri Lanka,1999,0.1240622539771933,163.00082015171196,-12.57216252008508,32.796945704569815,4.97,-0.38333333333333286
Sri Lanka,2000,0.1256592047469169,204.51628725607992,41.51546710436795,32.796945704569815,6.235833333333333,1.2658333333333331
Sri Lanka,2001,0.1210204919791131,127.49812642651514,-77.01816082956478,32.796945704569815,3.8874999999999997,-2.348333333333333
Sri Lanka,2002,0.1274441032200997,54.66157617428303,-72.83655025223213,32.796945704569815,1.6666666666666667,-2.220833333333333
Sri Lanka,2003,0.1253765706204781,36.97855628190246,-17.683019892380564,32.796945704569815,1.1275,-0.5391666666666668
Sri Lanka,2004,0.1425302375821147,44.24854591308211,7.26998963117965,32.796945704569815,1.3491666666666668,0.2216666666666669
Sri Lanka,2005,0.1791065054661835,105.38751886401768,61.13897295093556,32.796945704569815,3.2133333333333334,1.8641666666666665
Sri Lanka,2006,0.1744305246328288,162.80950463510197,57.42198577108431,32.796945704569815,4.964166666666666,1.750833333333333
Sri Lanka,2007,0.164078055798658,164.6133366488533,1.8038320137513304,32.796945704569815,5.019166666666666,0.054999999999999716
Sri Lanka,2008,0.1532371273014448,63.21611284555832,-101.39722380329499,32.796945704569815,1.9275,-3.091666666666666
Sri Lanka,2009,0.0811883094268068,5.24751131273117,-57.96860153282715,32.796945704569815,0.16,-1.7675
Sri Lanka,2010,0.1706711364494211,5.739465498299718,0.49195418556854764,32.796945704569815,0.17500000000000002,0.015000000000000013
Sri Lanka,2011,0.146638683640738,3.3343561466312646,-2.4051093516684534,32.796945704569815,0.10166666666666667,-0.07333333333333335
Sri Lanka,2012,0.405353225361825,4.591572398639775,1.25721625200851,32.796945704569815,0.14,0.038333333333333344
Sri Lanka,2013,0.1623546732362619,3.5256716632412552,-1.0659007353985195,32.796945704569815,0.1075,-0.032500000000000015
Sri Lanka,2014,0.1503881865940712,2.924394325324142,-0.601277337917113,32.796945704569815,0.08916666666666667,-0.018333333333333326
Sri Lanka,2015,0.1354631339044232,4.3455953058555,1.4212009805313588,32.796945704569815,0.1325,0.043333333333333335
Sri Lanka,2016,0.1573019339657619,12.954793553305077,8.609198247449577,32.796945704569815,0.395,0.2625
Sri Lanka,2017,0.1500233073525301,32.8516072807441,19.89681372743902,32.796945704569815,1.0016666666666667,0.6066666666666667
Sri Lanka,2018,0.1604550929492667,60.073072215537046,27.221464934792948,32.796945704569815,1.8316666666666668,0.8300000000000001
Sri Lanka,2019,0.1080509336610688,70.78674114569651,10.713668930159466,32.796945704569815,2.158333333333333,0.32666666666666644
St. Kitts and Nevis,1991,,402.2842033733614,-170.58029077838944,70.7312885052064,5.6875,-2.411666666666667
St. Kitts and Nevis,1992,0.0712754298512159,249.0920210191685,-153.19218235419285,70.7312885052064,3.5216666666666665,-2.1658333333333335
St. Kitts and Nevis,1993,0.159155262672737,213.7853195069863,-35.306701512182215,70.7312885052064,3.0224999999999995,-0.499166666666667
St. Kitts and Nevis,1994,0.0989128419423543,297.1892972027089,83.4039776957226,70.7312885052064,4.201666666666667,1.1791666666666676
St. Kitts and Nevis,1995,0.0628768524592722,412.8349539087213,115.64565670601237,70.7312885052064,5.836666666666666,1.634999999999999
St. Kitts and Nevis,1996,0.153787650372994,374.75794359675183,-38.077010311969424,70.7312885052064,5.298333333333333,-0.5383333333333331
St. Kitts and Nevis,1997,0.0505159365045599,386.1928352384269,11.434891641675062,70.7312885052064,5.46,0.16166666666666707
St. Kitts and Nevis,1998,0.1081306040266341,378.6481644645382,-7.544670773888731,70.7312885052064,5.353333333333333,-0.10666666666666735
St. Kitts and Nevis,1999,0.1128870161362769,351.53450387087577,-27.113660593662416,70.7312885052064,4.97,-0.38333333333333286
St. Kitts and Nevis,2000,0.0627623730929443,441.06852657038286,89.53402269950708,70.7312885052064,6.235833333333333,1.2658333333333331
St. Kitts and Nevis,2001,0.215911781182438,274.96788406398986,-166.100642506393,70.7312885052064,3.8874999999999997,-2.348333333333333
St. Kitts and Nevis,2002,0.0484688208652102,117.88548084201067,-157.08240322197918,70.7312885052064,1.6666666666666667,-2.220833333333333
St. Kitts and Nevis,2003,0.0534634935522433,79.7495277896202,-38.135953052390455,70.7312885052064,1.1275,-0.5391666666666668
St. Kitts and Nevis,2004,0.0911036964263409,95.42829674160764,15.678768951987434,70.7312885052064,1.3491666666666668,0.2216666666666669
St. Kitts and Nevis,2005,0.1519917658760619,227.28320706339656,131.8549103217889,70.7312885052064,3.2133333333333334,1.8641666666666665
St. Kitts and Nevis,2006,0.0659715959125506,351.1219046879287,123.83869762453217,70.7312885052064,4.964166666666666,1.750833333333333
St. Kitts and Nevis,2007,0.1355083458049932,355.01212555571504,3.8902208677863315,70.7312885052064,5.019166666666666,0.054999999999999716
St. Kitts and Nevis,2008,0.1060300944083678,136.33455859378532,-218.6775669619297,70.7312885052064,1.9275,-3.091666666666666
St. Kitts and Nevis,2009,0.0023243511048427,11.317006160833023,-125.0175524329523,70.7312885052064,0.16,-1.7675
St. Kitts and Nevis,2010,0.0475595700072517,12.37797548841112,1.060969327578097,70.7312885052064,0.17500000000000002,0.015000000000000013
St. Kitts and Nevis,2011,0.0621756332763361,7.19101433136265,-5.1869611570484695,70.7312885052064,0.10166666666666667,-0.07333333333333335
St. Kitts and Nevis,2012,0.0922409356363935,9.902380390728895,2.7113660593662456,70.7312885052064,0.14,0.038333333333333344
St. Kitts and Nevis,2013,0.113094373452661,7.6036135143096875,-2.298766876419209,70.7312885052064,0.1075,-0.032500000000000015
St. Kitts and Nevis,2014,0.1046829659338399,6.30687322504757,-1.2967402892621167,70.7312885052064,0.08916666666666667,-0.018333333333333326
St. Kitts and Nevis,2015,0.1015782829169182,9.371895726939847,3.065022501892277,70.7312885052064,0.1325,0.043333333333333335
St. Kitts and Nevis,2016,0.0474253395988242,27.938858959556526,18.56696323261668,70.7312885052064,0.395,0.2625
St. Kitts and Nevis,2017,-0.0044002331806396,70.84917398604841,42.91031502649188,70.7312885052064,1.0016666666666667,0.6066666666666667
St. Kitts and Nevis,2018,-0.0249697922616007,129.5561434453697,58.706969459321314,70.7312885052064,1.8316666666666668,0.8300000000000001
St. Kitts and Nevis,2019,-0.0260766772406135,152.6616976904038,23.10555424503407,70.7312885052064,2.158333333333333,0.32666666666666644
St. Kitts and Nevis,2020,-0.163903267230534,26.5831759298734,-126.07852176053039,70.7312885052064,0.3758333333333333,-1.7825
St. Kitts and Nevis,2021,-0.0847221763105743,5.658503080416511,-20.924672849456886,70.7312885052064,0.08,-0.2958333333333333
St. Kitts and Nevis,2022,0.0848933122093278,119.06433565043076,113.40583257001424,70.7312885052064,1.6833333333333333,1.6033333333333333
St. Kitts and Nevis,2023,0.0367144833319876,355.3657819982411,236.30144634781036,70.7312885052064,5.024166666666667,3.3408333333333333
St. Lucia,1991,,280.62910452469583,-118.99496388197362,49.34138101533114,5.6875,-2.411666666666667
St. Lucia,1992,0.076453492715931,173.76389680899115,-106.8652077157047,49.34138101533114,3.5216666666666665,-2.1658333333333335
St. Lucia,1993,0.0277709762421949,149.13432411883835,-24.62957269015281,49.34138101533114,3.0224999999999995,-0.499166666666667
St. Lucia,1994,0.0590887041049263,207.31603589941636,58.18171178057801,49.34138101533114,4.201666666666667,1.1791666666666676
St. Lucia,1995,0.0629758691381923,287.9891938594827,80.67315796006636,49.34138101533114,5.836666666666666,1.634999999999999
St. Lucia,1996,0.1022608398622288,261.42708374622947,-26.56211011325325,49.34138101533114,5.298333333333333,-0.5383333333333331
St. Lucia,1997,0.0479545775623471,269.40394034370803,7.9768565974785535,49.34138101533114,5.46,0.16166666666666707
St. Lucia,1998,0.0410889339544162,264.14085970207265,-5.263080641635355,49.34138101533114,5.353333333333333,-0.10666666666666735
St. Lucia,1999,0.109379003317013,245.22666364619573,-18.914196055876914,49.34138101533114,4.97,-0.38333333333333286
St. Lucia,2000,0.0784497006696511,307.6846284481024,62.457964801906655,49.34138101533114,6.235833333333333,1.2658333333333331
St. Lucia,2001,0.059655191709087,191.81461869709977,-115.87000975100261,49.34138101533114,3.8874999999999997,-2.348333333333333
St. Lucia,2002,0.0438292322387816,82.2356350255519,-109.57898367154789,49.34138101533114,1.6666666666666667,-2.220833333333333
St. Lucia,2003,0.0132777698821442,55.632407094785854,-26.603227930766046,49.34138101533114,1.1275,-0.5391666666666668
St. Lucia,2004,0.1017608678573473,66.56974655318427,10.937339458398414,49.34138101533114,1.3491666666666668,0.2216666666666669
St. Lucia,2005,0.0768739996082956,158.55030432926407,91.98055777607979,49.34138101533114,3.2133333333333334,1.8641666666666665
St. Lucia,2006,0.1173938321538656,244.9388389236063,86.38853459434225,49.34138101533114,4.964166666666666,1.750833333333333
St. Lucia,2007,0.160688323467685,247.65261487944952,2.7137759558431984,49.34138101533114,5.019166666666666,0.054999999999999716
St. Lucia,2008,0.0671456186573138,95.10551190705077,-152.54710297239873,49.34138101533114,1.9275,-3.091666666666666
St. Lucia,2009,0.074078498090131,7.894620962452982,-87.2108909445978,49.34138101533114,0.16,-1.7675
St. Lucia,2010,0.0298290062095745,8.63474167768295,0.7401207152299677,49.34138101533114,0.17500000000000002,0.015000000000000013
St. Lucia,2011,0.0180479259921604,5.016373736558665,-3.618367941124284,49.34138101533114,0.10166666666666667,-0.07333333333333335
St. Lucia,2012,0.0315247809960936,6.90779334214636,1.8914196055876942,49.34138101533114,0.14,0.038333333333333344
St. Lucia,2013,0.0322658548805172,5.304198459148097,-1.6035948829982627,49.34138101533114,0.1075,-0.032500000000000015
St. Lucia,2014,0.0294658314315796,4.399606473867027,-0.9045919852810705,49.34138101533114,0.08916666666666667,-0.018333333333333326
St. Lucia,2015,0.0279213119256489,6.537732984531376,2.1381265106643492,49.34138101533114,0.1325,0.043333333333333335
St. Lucia,2016,0.0527651183633182,19.4898455010558,12.952112516524425,49.34138101533114,0.395,0.2625
St. Lucia,2017,0.0099819056671073,49.42361665035669,29.933771149300892,49.34138101533114,1.0016666666666667,0.6066666666666667
St. Lucia,2018,0.0283432153631721,90.37696289308154,40.95334624272485,49.34138101533114,1.8316666666666668,0.8300000000000001
St. Lucia,2019,0.0484087700804209,106.4951473580897,16.11818446500816,49.34138101533114,2.158333333333333,0.32666666666666644
St. Lucia,2020,-0.0871022953196032,18.54413569826195,-87.95101165982776,49.34138101533114,0.3758333333333333,-1.7825
St. Lucia,2021,-0.1357013667113129,3.947310481226491,-14.596825217035459,49.34138101533114,0.08,-0.2958333333333333
St. Lucia,2022,0.1385820983738916,83.05799137580742,79.11068089458092,49.34138101533114,1.6833333333333333,1.6033333333333333
St. Lucia,2023,0.0397483429105065,247.8993217845262,164.84133040871876,49.34138101533114,5.024166666666667,3.3408333333333333
St. Lucia,2024,0.1041664888682198,253.77916968885316,5.87984790432696,49.34138101533114,5.1433333333333335,0.11916666666666664
St. Vincent and the Grenadines,1991,,343.9225008088763,-145.8332186580056,60.46989025211012,5.6875,-2.411666666666667
St. Vincent and the Grenadines,1992,0.0145554652933519,212.9547968378478,-130.9677039710285,60.46989025211012,3.5216666666666665,-2.1658333333333335
St. Vincent and the Grenadines,1993,0.0752595012849823,182.7702432870028,-30.184553550844985,60.46989025211012,3.0224999999999995,-0.499166666666667
St. Vincent and the Grenadines,1994,0.0911955394529044,254.0743222092827,71.3040789222799,60.46989025211012,4.201666666666667,1.1791666666666676
St. Vincent and the Grenadines,1995,0.0654700955356624,352.9425927714827,98.86827056219998,60.46989025211012,5.836666666666666,1.634999999999999
St. Vincent and the Grenadines,1996,0.0565739431467022,320.38963518576344,-32.55295758571927,60.46989025211012,5.298333333333333,-0.5383333333333331
St. Vincent and the Grenadines,1997,0.0657610250777231,330.1656007765213,9.775965590757828,60.46989025211012,5.46,0.16166666666666707
St. Vincent and the Grenadines,1998,0.1139087519870187,323.71547914962946,-6.450121626891788,60.46989025211012,5.353333333333333,-0.10666666666666735
St. Vincent and the Grenadines,1999,0.1234407129607007,300.53535455298726,-23.180124596642184,60.46989025211012,4.97,-0.38333333333333286
St. Vincent and the Grenadines,2000,0.1212156315551808,377.08015729711667,76.54480274412938,60.46989025211012,6.235833333333333,1.2658333333333331
St. Vincent and the Grenadines,2001,0.0464783283555405,235.07669835507807,-142.00345894203858,60.46989025211012,3.8874999999999997,-2.348333333333333
St. Vincent and the Grenadines,2002,0.0490083260413172,100.78315042018353,-134.29354793489455,60.46989025211012,1.6666666666666667,-2.220833333333333
St. Vincent and the Grenadines,2003,0.0445260579518631,68.17980125925416,-32.60334916092938,60.46989025211012,1.1275,-0.5391666666666668
St. Vincent and the Grenadines,2004,0.0223143222149104,81.58396026513859,13.404159005884424,60.46989025211012,1.3491666666666668,0.2216666666666669
St. Vincent and the Grenadines,2005,0.04618986409697,194.30991401011386,112.72595374497527,60.46989025211012,3.2133333333333334,1.8641666666666665
St. Vincent and the Grenadines,2006,0.039153012366448,300.1826135265166,105.87269951640278,60.46989025211012,4.964166666666666,1.750833333333333
St. Vincent and the Grenadines,2007,0.0465234812380188,303.5084574903827,3.3258439638660393,60.46989025211012,5.019166666666666,0.054999999999999716
St. Vincent and the Grenadines,2008,0.0767359575279869,116.55571346094226,-186.9527440294404,60.46989025211012,1.9275,-3.091666666666666
St. Vincent and the Grenadines,2009,0.039909353423809,9.67518244033762,-106.88053102060464,60.46989025211012,0.16,-1.7675
St. Vincent and the Grenadines,2010,-0.0203298927752157,10.582230794119273,0.9070483537816526,60.46989025211012,0.17500000000000002,0.015000000000000013
St. Vincent and the Grenadines,2011,0.0264095861994348,6.147772175631196,-4.434458618488076,60.46989025211012,0.10166666666666667,-0.07333333333333335
St. Vincent and the Grenadines,2012,0.0213832785905552,8.465784635295417,2.3180124596642218,60.46989025211012,0.14,0.038333333333333344
St. Vincent and the Grenadines,2013,0.0477543469664745,6.500513202101837,-1.9652714331935797,60.46989025211012,0.1075,-0.032500000000000015
St. Vincent and the Grenadines,2014,0.0652823385749492,5.391898547479819,-1.1086146546220184,60.46989025211012,0.08916666666666667,-0.018333333333333326
St. Vincent and the Grenadines,2015,0.0834153914449444,8.012260458404592,2.620361910924772,60.46989025211012,0.1325,0.043333333333333335
St. Vincent and the Grenadines,2016,0.0408089991231577,23.885606649583497,15.873346191178907,60.46989025211012,0.395,0.2625
St. Vincent and the Grenadines,2017,0.0186267419448213,60.5706734025303,36.68506675294681,60.46989025211012,1.0016666666666667,0.6066666666666667
St. Vincent and the Grenadines,2018,0.0138555108569349,110.76068231178171,50.190008909251404,60.46989025211012,1.8316666666666668,0.8300000000000001
St. Vincent and the Grenadines,2019,0.0123141560399346,130.51417979413768,19.753497482355957,60.46989025211012,2.158333333333333,0.32666666666666644
St. Vincent and the Grenadines,2020,0.0526050009390033,22.726600419751385,-107.78757937438628,60.46989025211012,0.3758333333333333,-1.7825
St. Vincent and the Grenadines,2021,-0.06783111731459,4.83759122016881,-17.889009199582574,60.46989025211012,0.08,-0.2958333333333333
St. Vincent and the Grenadines,2022,0.120283118992063,101.79098192438536,96.95339070421656,60.46989025211012,1.6833333333333333,1.6033333333333333
St. Vincent and the Grenadines,2023,0.0018180200714361,303.81080694164325,202.0198250172579,60.46989025211012,5.024166666666667,3.3408333333333333
St. Vincent and the Grenadines,2024,0.0369974529045116,311.0168021966864,7.205995255043121,60.46989025211012,5.1433333333333335,0.11916666666666664
Sudan,1991,,84.92538342529872,-36.01085122825121,14.931935547305269,5.6875,-2.411666666666667
Sudan,1992,0.5161109611875823,52.585299685760056,-32.34008373953866,14.931935547305269,3.5216666666666665,-2.1658333333333335
Sudan,1993,0.8745867032640042,45.13177519173017,-7.453524494029884,14.931935547305269,3.0224999999999995,-0.499166666666667
Sudan,1994,0.7125563014323113,62.73901585792765,17.607240666197477,14.931935547305269,4.201666666666667,1.1791666666666676
Sudan,1995,0.4132714726053343,87.15273047777174,24.413714619844097,14.931935547305269,5.836666666666666,1.634999999999999
Sudan,1996,0.5462720780434118,79.1143718414724,-8.038358636299334,14.931935547305269,5.298333333333333,-0.5383333333333331
Sudan,1997,0.5045106463231441,81.52836808828677,2.413996246814358,14.931935547305269,5.46,0.16166666666666707
Sudan,1998,0.3221117450606208,79.9356282965742,-1.5927397917125723,14.931935547305269,5.353333333333333,-0.10666666666666735
Sudan,1999,0.2618302440955133,74.21171967010719,-5.723908626467012,14.931935547305269,4.97,-0.38333333333333286
Sudan,2000,0.2108017934588275,93.1130614170711,18.901341746963915,14.931935547305269,6.235833333333333,1.2658333333333331
Sudan,2001,0.3137738096276692,58.04789944014923,-35.06516197692187,14.931935547305269,3.8874999999999997,-2.348333333333333
Sudan,2002,0.2192529732668973,24.88655924550878,-33.16134019464045,14.931935547305269,1.6666666666666667,-2.220833333333333
Sudan,2003,0.2656874740051584,16.83575732958669,-8.050801915922092,14.931935547305269,1.1275,-0.5391666666666668
Sudan,2004,0.2481079557307417,20.14566970923936,3.3099123796526713,14.931935547305269,1.3491666666666668,0.2216666666666669
Sudan,2005,0.2636350361493953,47.98128622534093,27.83561651610157,14.931935547305269,3.2133333333333334,1.8641666666666665
Sudan,2006,0.3605889143080816,74.12461671274791,26.14333048740697,14.931935547305269,4.964166666666666,1.750833333333333
Sudan,2007,0.2790610967790528,74.94587316784968,0.8212564551017856,14.931935547305269,5.019166666666666,0.054999999999999716
Sudan,2008,0.1022702636682773,28.781305767430904,-46.164567400418775,14.931935547305269,1.9275,-3.091666666666666
Sudan,2009,0.1513610464731449,2.389109687568843,-26.392196079862064,14.931935547305269,0.16,-1.7675
Sudan,2010,0.2133929585196305,2.613088720778422,0.22397903320957924,14.931935547305269,0.17500000000000002,0.015000000000000013
Sudan,2011,0.2332722132185658,1.5180801139760356,-1.0950086068023865,14.931935547305269,0.10166666666666667,-0.07333333333333335
Sudan,2012,0.1631395402312456,2.0904709766227376,0.5723908626467021,14.931935547305269,0.14,0.038333333333333344
Sudan,2013,0.3303147662947374,1.6051830713353163,-0.48528790528742144,14.931935547305269,0.1075,-0.032500000000000015
Sudan,2014,0.1228686193649899,1.3314309196347198,-0.27375215170059647,14.931935547305269,0.08916666666666667,-0.018333333333333326
Sudan,2015,0.156919439599136,1.9784814600179481,0.6470505403832283,14.931935547305269,0.1325,0.043333333333333335
Sudan,2016,0.1896028096773605,5.898114541185581,3.919633081167633,14.931935547305269,0.395,0.2625
Sudan,2017,0.2488805967895224,14.956822106550778,9.058707565365197,14.931935547305269,1.0016666666666667,0.6066666666666667
Sudan,2018,0.5234533410017264,27.350328610814152,12.393506504263375,14.931935547305269,1.8316666666666668,0.8300000000000001
Sudan,2019,0.750596539762082,32.22809422293387,4.877765612119718,14.931935547305269,2.158333333333333,0.32666666666666644
Sudan,2020,0.4704968177853565,5.61191910986223,-26.61617511307164,14.931935547305269,0.3758333333333333,-1.7825
Suriname,1991,,361.75812177012557,-153.3960446011346,63.60582360793417,5.6875,-2.411666666666667
Suriname,1992,0.2126527385595835,223.9985088059415,-137.7596129641841,63.60582360793417,3.5216666666666665,-2.1658333333333335
Suriname,1993,0.177889550222936,192.248601854981,-31.749906950960494,63.60582360793417,3.0224999999999995,-0.499166666666667
Suriname,1994,0.5066591660943018,267.25046885933676,75.00186700435577,63.60582360793417,4.201666666666667,1.1791666666666676
Suriname,1995,1.1169769460834864,371.24599045830905,103.9955215989723,63.60582360793417,5.836666666666666,1.634999999999999
Suriname,1996,1.035670000897177,337.00485541603786,-34.24113504227121,63.60582360793417,5.298333333333333,-0.5383333333333331
Suriname,1997,0.3260557974039599,347.28779689932054,10.282941483282716,63.60582360793417,5.46,0.16166666666666707
Suriname,1998,0.1743562718815248,340.5031757144742,-6.784621184846355,63.60582360793417,5.353333333333333,-0.10666666666666735
Suriname,1999,0.3222071059191513,316.1209433314328,-24.3822323830414,63.60582360793417,4.97,-0.38333333333333286
Suriname,2000,0.3209732270619838,396.6353150484761,80.51437171704332,63.60582360793417,6.235833333333333,1.2658333333333331
Suriname,2001,0.5908277281642107,247.26763927584406,-149.36767577263205,63.60582360793417,3.8874999999999997,-2.348333333333333
Suriname,2002,0.2481264174490149,106.00970601322362,-141.25793326262047,63.60582360793417,1.6666666666666667,-2.220833333333333
Suriname,2003,0.773581817214751,71.71556611794577,-34.29413989527785,63.60582360793417,1.1275,-0.5391666666666668
Suriname,2004,0.1812452777644715,85.81485701770453,14.099290899758756,63.60582360793417,1.3491666666666668,0.2216666666666669
Suriname,2005,0.2807594816522467,204.38671319349513,118.5718561757906,63.60582360793417,3.2133333333333334,1.8641666666666665
Suriname,2006,0.105622047728989,315.74990936038654,111.36319616689138,63.60582360793417,4.964166666666666,1.750833333333333
Suriname,2007,0.2401253329092121,319.2482296588229,3.498320298436361,63.60582360793417,5.019166666666666,0.054999999999999716
Suriname,2008,0.252978426263855,122.60022500429311,-196.64800465452976,63.60582360793417,1.9275,-3.091666666666666
Suriname,2009,0.1895329766468982,10.176931777269468,-112.42329322702365,63.60582360793417,0.16,-1.7675
Suriname,2010,0.1387868975056037,11.13101913138848,0.9540873541190134,63.60582360793417,0.17500000000000002,0.015000000000000013
Suriname,2011,0.1014679369068609,6.466592066806641,-4.66442706458184,63.60582360793417,0.10166666666666667,-0.07333333333333335
Suriname,2012,0.1943816420100255,8.904815305110784,2.438223238304144,63.60582360793417,0.14,0.038333333333333344
Suriname,2013,0.1917688198544525,6.837626037852923,-2.0671892672578616,63.60582360793417,0.1075,-0.032500000000000015
Suriname,2014,0.1049700284544918,5.671519271707464,-1.1661067661454594,63.60582360793417,0.08916666666666667,-0.018333333333333326
Suriname,2015,0.0530745373729821,8.427771628051278,2.756252356343814,63.60582360793417,0.1325,0.043333333333333335
Suriname,2016,0.1111342705362865,25.124300325133998,16.69652869708272,63.60582360793417,0.395,0.2625
Suriname,2017,0.4200748401148395,63.711833313947395,38.5875329888134,63.60582360793417,1.0016666666666667,0.6066666666666667
Suriname,2020,0.0833772800382774,23.905188705981924,-113.37738058114266,63.60582360793417,0.3758333333333333,-1.7825
Suriname,2021,0.4827612754770314,5.088465888634734,-18.816722817347188,63.60582360793417,0.08,-0.2958333333333333
Suriname,2022,0.3639958497994904,107.06980307335586,101.98133718472111,63.60582360793417,1.6833333333333333,1.6033333333333333
Suriname,2023,0.3842745373916898,319.5662587768626,212.49645570350674,63.60582360793417,5.024166666666667,3.3408333333333333
Suriname,2024,0.1791122571387688,327.1459527568081,7.579693979945487,63.60582360793417,5.1433333333333335,0.11916666666666664
Sweden,1991,,235.35594022616428,-99.79781553326293,41.381264215589326,5.6875,-2.411666666666667
Sweden,1992,0.0407011693917276,145.73101881256707,-89.62492141359722,41.381264215589326,3.5216666666666665,-2.1658333333333335
Sweden,1993,0.0322475888374285,125.07487109161872,-20.65614772094835,41.381264215589326,3.0224999999999995,-0.499166666666667
Sweden,1994,0.0408277573620274,173.87027847916784,48.79540738754912,41.381264215589326,4.201666666666667,1.1791666666666676
Sweden,1995,0.0069245539163667,241.52864547165635,67.6583669924885,41.381264215589326,5.836666666666666,1.634999999999999
Sweden,1996,0.0304459115879325,219.25173156893075,-22.27691390272558,41.381264215589326,5.298333333333333,-0.5383333333333331
Sweden,1997,0.0849215201998951,225.94170261711773,6.689971048186957,41.381264215589326,5.46,0.16166666666666707
Sweden,1998,0.0111700777303518,221.52770110078816,-4.414001516329557,41.381264215589326,5.353333333333333,-0.10666666666666735
Sweden,1999,-0.0043750263094537,205.66488315147893,-15.862817949309221,41.381264215589326,4.97,-0.38333333333333286
Sweden,2000,0.0817096595274442,258.04666677104575,52.38178361956681,41.381264215589326,6.235833333333333,1.2658333333333331
Sweden,2001,0.0190227680292558,160.8696646381035,-97.17700213294226,41.381264215589326,3.8874999999999997,-2.348333333333333
Sweden,2002,0.2023584877147257,68.96877369264888,-91.90089094545462,41.381264215589326,1.6666666666666667,-2.220833333333333
Sweden,2003,0.0793431177447843,46.65737540307696,-22.311398289571915,41.381264215589326,1.1275,-0.5391666666666668
Sweden,2004,0.0431732931309376,55.830222304199275,9.17284690112231,41.381264215589326,1.3491666666666668,0.2216666666666669
Sweden,2005,0.0331422448674771,132.97179567942703,77.14157337522776,41.381264215589326,3.2133333333333334,1.8641666666666665
Sweden,2006,0.1525659893642874,205.42349244355466,72.45169676412763,41.381264215589326,4.964166666666666,1.750833333333333
Sweden,2007,0.1399491422622851,207.69946197541208,2.275969531857401,41.381264215589326,5.019166666666666,0.054999999999999716
Sweden,2008,0.1705001092162383,79.76238677554842,-127.93707519986363,41.381264215589326,1.9275,-3.091666666666666
Sweden,2009,0.0268275864276219,6.621002274494292,-73.14138450105413,41.381264215589326,0.16,-1.7675
Sweden,2010,0.0050382671738873,7.241721237728132,0.6207189632338405,41.381264215589326,0.17500000000000002,0.015000000000000013
Sweden,2011,0.0344301714366928,4.207095195251582,-3.034626042476551,41.381264215589326,0.10166666666666667,-0.07333333333333335
Sweden,2012,0.0643695042279119,5.793376990182506,1.5862817949309247,41.381264215589326,0.14,0.038333333333333344
Sweden,2013,0.0331342093456328,4.448485903175852,-1.3448910870066537,41.381264215589326,0.1075,-0.032500000000000015
Sweden,2014,0.037449853254138,3.689829392556715,-0.7586565106191373,41.381264215589326,0.08916666666666667,-0.018333333333333326
Sweden,2015,0.0409250848433657,5.483017508565586,1.7931881160088707,41.381264215589326,0.1325,0.043333333333333335
Sweden,2016,0.0643665846642456,16.345599365157785,10.862581856592199,41.381264215589326,0.395,0.2625
Sweden,2017,0.0847716893090613,41.45023298928198,25.10463362412419,41.381264215589326,1.0016666666666667,0.6066666666666667
Sweden,2018,0.0958910859462527,75.79668228822112,34.34644929893914,41.381264215589326,1.8316666666666668,0.8300000000000001
Sweden,2019,0.0374713658674643,89.3145619319803,13.517879643759171,41.381264215589326,2.158333333333333,0.32666666666666644
Sweden,2020,0.068186633957243,15.55245846769232,-73.76210346428797,41.381264215589326,0.3758333333333333,-1.7825
Sweden,2021,0.1666465618305608,3.310501137247146,-12.241957330445173,41.381264215589326,0.08,-0.2958333333333333
Sweden,2022,0.0993703946203332,69.65846142957537,66.34796029232821,41.381264215589326,1.6833333333333333,1.6033333333333333
Sweden,2023,0.0283055475017661,207.90636829649006,138.24790686691466,41.381264215589326,5.024166666666667,3.3408333333333333
Sweden,2024,-0.0128979658799401,212.83763561551444,4.931267319024394,41.381264215589326,5.1433333333333335,0.11916666666666664
Switzerland,1991,,587.9467168797975,-249.30663716485483,103.37524692392044,5.6875,-2.411666666666667
Switzerland,1992,0.0230429705109855,364.0531612504065,-223.89355562939105,103.37524692392044,3.5216666666666665,-2.1658333333333335
Switzerland,1993,0.0256381640047962,312.4516838275495,-51.60147742285699,103.37524692392044,3.0224999999999995,-0.499166666666667
Switzerland,1994,0.0852412702649694,434.3483291586724,121.89664533112295,103.37524692392044,4.201666666666667,1.1791666666666676
Switzerland,1995,0.0407208890881101,603.3668578792823,169.01852872060982,103.37524692392044,5.836666666666666,1.634999999999999
Switzerland,1996,0.0450314844553894,547.7165166185717,-55.65034126071048,103.37524692392044,5.298333333333333,-0.5383333333333331
Switzerland,1997,0.0913634570572803,564.4288482046056,16.712331586033848,103.37524692392044,5.46,0.16166666666666707
Switzerland,1998,0.064140375530254,553.4021551993874,-11.026693005218252,103.37524692392044,5.353333333333333,-0.10666666666666735
Switzerland,1999,0.0497253148496596,513.7749772118846,-39.62717798750279,103.37524692392044,4.97,-0.38333333333333286
Switzerland,2000,0.1246917396918654,644.6308106097472,130.8558333978626,103.37524692392044,6.235833333333333,1.2658333333333331
Switzerland,2001,-0.1854929018366355,401.8712724167407,-242.75953819300648,103.37524692392044,3.8874999999999997,-2.348333333333333
Switzerland,2002,0.0383863169773874,172.2920782065341,-229.57919421020665,103.37524692392044,1.6666666666666667,-2.220833333333333
Switzerland,2003,0.0557384894919792,116.5555909067203,-55.73648729981379,103.37524692392044,1.1275,-0.5391666666666668
Switzerland,2004,0.0802808039622995,139.47043730818936,22.914846401469056,103.37524692392044,1.3491666666666668,0.2216666666666669
Switzerland,2005,0.0281036972964301,332.17912678219767,192.70868947400834,103.37524692392044,3.2133333333333334,1.8641666666666665
Switzerland,2006,0.0666085463491441,513.1719549381617,180.99282815596402,103.37524692392044,4.964166666666666,1.750833333333333
Switzerland,2007,0.0450313718080934,518.8575935189773,5.685638580815595,103.37524692392044,5.019166666666666,0.054999999999999716
Switzerland,2008,0.0327480517263438,199.25578844585667,-319.6018050731206,103.37524692392044,1.9275,-3.091666666666666
Switzerland,2009,0.0394031026548482,16.54003950782727,-182.71574893802938,103.37524692392044,0.16,-1.7675
Switzerland,2010,0.0733039645930979,18.09066821168608,1.550628703858808,103.37524692392044,0.17500000000000002,0.015000000000000013
Switzerland,2011,0.0535519989901445,10.50981677059858,-7.580851441087501,103.37524692392044,0.10166666666666667,-0.07333333333333335
Switzerland,2012,0.1064198875017865,14.472534569348863,3.9627177987502846,103.37524692392044,0.14,0.038333333333333344
Switzerland,2013,0.1222617128322447,11.112839044321447,-3.359695525027416,103.37524692392044,0.1075,-0.032500000000000015
Switzerland,2014,0.0399482122649281,9.217626184049573,-1.895212860271874,103.37524692392044,0.08916666666666667,-0.018333333333333326
Switzerland,2015,0.0446860853476778,13.69722021741946,4.479594033369886,103.37524692392044,0.1325,0.043333333333333335
Switzerland,2016,0.0007938299851204,40.833222534948575,27.13600231752912,103.37524692392044,0.395,0.2625
Syrian Arab Republic,1991,,320.81339286596335,-136.03427970023415,56.40675039401553,5.6875,-2.411666666666667
Syrian Arab Republic,1992,0.1237925280172334,198.64577263759136,-122.16762022837199,56.40675039401553,3.5216666666666665,-2.1658333333333335
Syrian Arab Republic,1993,0.1776746812258629,170.48940306591192,-28.156369571679438,56.40675039401553,3.0224999999999995,-0.499166666666667
Syrian Arab Republic,1994,0.2648903497991881,237.00236290552195,66.51295983961003,56.40675039401553,4.201666666666667,1.1791666666666676
Syrian Arab Republic,1995,0.1154019848442295,329.22739979973727,92.22503689421534,56.40675039401553,5.836666666666666,1.634999999999999
Syrian Arab Republic,1996,0.0876761418526541,298.8617658376256,-30.365633962111684,56.40675039401553,5.298333333333333,-0.5383333333333331
Syrian Arab Republic,1997,0.0971001969136935,307.9808571513248,9.119091313699201,56.40675039401553,5.46,0.16166666666666707
Syrian Arab Republic,1998,0.0791260031875289,301.9641371092964,-6.016720042028362,56.40675039401553,5.353333333333333,-0.10666666666666735
Syrian Arab Republic,1999,0.0998937158050488,280.3415494582572,-21.62258765103926,56.40675039401553,4.97,-0.38333333333333286
Syrian Arab Republic,2000,0.126064174444533,351.7430943320152,71.40154487375798,56.40675039401553,6.235833333333333,1.2658333333333331
Syrian Arab Republic,2001,0.1736173616427478,219.28124215673537,-132.4618521752798,56.40675039401553,3.8874999999999997,-2.348333333333333
Syrian Arab Republic,2002,0.2113663055383732,94.01125065669255,-125.26999150004282,56.40675039401553,1.6666666666666667,-2.220833333333333
Syrian Arab Republic,2003,0.1698338941245083,63.598611069252506,-30.412639587440047,56.40675039401553,1.1275,-0.5391666666666668
Syrian Arab Republic,2004,0.075186685481956,76.10210740659264,12.503496337340122,56.40675039401553,1.3491666666666668,0.2216666666666669
Syrian Arab Republic,2005,0.1018635237443739,181.25369126610323,105.15158385951061,56.40675039401553,3.2133333333333334,1.8641666666666665
Syrian Arab Republic,2006,0.1077426869718678,280.01251008095875,98.75881881485552,56.40675039401553,4.964166666666666,1.750833333333333
Syrian Arab Republic,2007,0.070319227158798,283.1148813526296,3.102371271670838,56.40675039401553,5.019166666666666,0.054999999999999716
Syrian Arab Republic,2008,0.1171896167382691,108.72401138446494,-174.39086996816465,56.40675039401553,1.9275,-3.091666666666666
Syrian Arab Republic,2009,0.2245969177789355,9.025080063042486,-99.69893132142246,56.40675039401553,0.16,-1.7675
Syrian Arab Republic,2010,0.0826256656137864,9.871181318952718,0.8461012559102338,56.40675039401553,0.17500000000000002,0.015000000000000013
Syrian Arab Republic,2011,0.1263760913869198,5.734686290058246,-4.1364950288944735,56.40675039401553,0.10166666666666667,-0.07333333333333335
Tajikistan,2001,,72.51078117393979,-43.801796644836514,18.65229097721924,3.8874999999999997,-2.348333333333333
Tajikistan,2002,0.3117753417764355,31.087151628698738,-41.42362954524106,18.65229097721924,1.6666666666666667,-2.220833333333333
Tajikistan,2003,0.3739031513496549,21.030458076814693,-10.056693551884043,18.65229097721924,1.1275,-0.5391666666666668
Tajikistan,2004,0.4510234394012329,25.16504924343163,4.134591166616937,18.65229097721924,1.3491666666666668,0.2216666666666669
Tajikistan,2005,0.348525331050368,59.936028340131166,34.770979096699534,18.65229097721924,3.2133333333333334,1.8641666666666665
Tajikistan,2006,0.4680665916804081,92.59308112607918,32.65705278594802,18.65229097721924,4.964166666666666,1.750833333333333
Tajikistan,2007,0.3740062571973617,93.61895712982623,1.025876003747053,18.65229097721924,5.019166666666666,0.054999999999999716
Tajikistan,2008,0.5890212404348993,35.95229085859009,-57.66666627123614,18.65229097721924,1.9275,-3.091666666666666
Tajikistan,2009,-0.0208160695100509,2.9843665563550785,-32.96792430223501,18.65229097721924,0.16,-1.7675
Tajikistan,2010,0.3417354715690415,3.2641509210133677,0.2797843646582889,18.65229097721924,0.17500000000000002,0.015000000000000013
Tajikistan,2011,0.1704961534564653,1.896316249350623,-1.3678346716627445,18.65229097721924,0.10166666666666667,-0.07333333333333335
Tajikistan,2012,0.28573756724019,2.611320736810694,0.7150044874600712,18.65229097721924,0.14,0.038333333333333344
Tajikistan,2013,0.1785659799332997,2.0051212800510685,-0.6061994567596256,18.65229097721924,0.1075,-0.032500000000000015
Tajikistan,2014,0.180043486108719,1.6631626121353824,-0.34195866791568597,18.65229097721924,0.08916666666666667,-0.018333333333333326
Tajikistan,2015,0.0682851522438738,2.4714285544815495,0.8082659423461671,18.65229097721924,0.1325,0.043333333333333335
Tajikistan,2016,0.1711971012993522,7.367654936001601,4.896226381520051,18.65229097721924,0.395,0.2625
Tanzania,1991,,90.97285802486438,-38.57515767383994,15.99522778459154,5.6875,-2.411666666666667
Tanzania,1992,0.2629665586757248,56.32986051473654,-34.64299751012785,15.99522778459154,3.5216666666666665,-2.1658333333333335
Tanzania,1993,0.3406819284305022,48.345575978927926,-7.984284535808616,15.99522778459154,3.0224999999999995,-0.499166666666667
Tanzania,1994,0.330899644312808,67.2066154082588,18.861039429330873,15.99522778459154,4.201666666666667,1.1791666666666676
Tanzania,1995,0.3026696705447023,93.35881283606595,26.15219742780715,15.99522778459154,5.836666666666666,1.634999999999999
Tanzania,1996,0.2852376606458868,84.74804854536083,-8.61076429070511,15.99522778459154,5.298333333333333,-0.5383333333333331
Tanzania,1997,0.0807009717139415,87.3339437038698,2.585895158508972,15.99522778459154,5.46,0.16166666666666707
Tanzania,1998,0.1209009281291102,85.62778607351336,-1.7061576303564419,15.99522778459154,5.353333333333333,-0.10666666666666735
Tanzania,1999,0.1023536339970832,79.49628208941995,-6.131503984093416,15.99522778459154,4.97,-0.38333333333333286
Tanzania,2000,0.1701978648604054,99.7435745934154,20.247292503995453,15.99522778459154,6.235833333333333,1.2658333333333331
Tanzania,2001,0.1379957653570755,62.18144801259961,-37.5621265808158,15.99522778459154,3.8874999999999997,-2.348333333333333
Tanzania,2002,0.2943791068842358,26.658712974319233,-35.52273503828037,15.99522778459154,1.6666666666666667,-2.220833333333333
Tanzania,2003,0.2275836824153003,18.03461932712696,-8.624093647192273,15.99522778459154,1.1275,-0.5391666666666668
Tanzania,2004,0.1652495063722554,21.580228152711424,3.5456088255844618,15.99522778459154,1.3491666666666668,0.2216666666666669
Tanzania,2005,0.1265698133714181,51.397998614487484,29.81777046177606,15.99522778459154,3.2133333333333334,1.8641666666666665
Tanzania,2006,0.2984874705056768,79.40297659400983,28.004977979522348,15.99522778459154,4.964166666666666,1.750833333333333
Tanzania,2007,0.1947101339236923,80.28271412216236,0.8797375281525301,15.99522778459154,5.019166666666666,0.054999999999999716
Tanzania,2008,0.1865469964842425,30.830801554800193,-49.451912567362164,15.99522778459154,1.9275,-3.091666666666666
Tanzania,2009,0.1810450480677019,2.5592364455346464,-28.27156510926555,15.99522778459154,0.16,-1.7675
Tanzania,2010,0.1631009947674009,2.79916486230352,0.2399284167688733,15.99522778459154,0.17500000000000002,0.015000000000000013
Tanzania,2011,0.2265531216455336,1.6261814914334733,-1.1729833708700466,15.99522778459154,0.10166666666666667,-0.07333333333333335
Tanzania,2012,0.1675423136915235,2.239331889842816,0.6131503984093425,15.99522778459154,0.14,0.038333333333333344
Tanzania,2013,0.1176545325164823,1.7194869868435905,-0.5198449029992253,15.99522778459154,0.1075,-0.032500000000000015
Tanzania,2014,0.094996878172811,1.4262411441260792,-0.2932458427175115,15.99522778459154,0.08916666666666667,-0.018333333333333326
Tanzania,2015,0.1446825370931002,2.119367681458379,0.6931265373323001,15.99522778459154,0.1325,0.043333333333333335
Tanzania,2016,0.1723482477476636,6.318114974913659,4.19874729345528,15.99522778459154,0.395,0.2625
Tanzania,2017,0.0338995347994028,16.02188649756586,9.703771522652202,15.99522778459154,1.0016666666666667,0.6066666666666667
Tanzania,2018,0.0772131185588911,29.29792555877684,13.27603906121098,15.99522778459154,1.8316666666666668,0.8300000000000001
Tanzania,2019,0.0439001007999166,34.5230333017434,5.225107742966566,15.99522778459154,2.158333333333333,0.32666666666666644
Tanzania,2020,0.0920431210888033,6.011539775708987,-28.51149352603442,15.99522778459154,0.3758333333333333,-1.7825
Tanzania,2021,0.0552198452284251,1.2796182227673232,-4.731921552941663,15.99522778459154,0.08,-0.2958333333333333
Tanzania,2022,0.1440942163637188,26.925300104062426,25.6456818812951,15.99522778459154,1.6833333333333333,1.6033333333333333
Tanzania,2023,0.1100940225384619,80.36269026108533,53.437390157022904,15.99522778459154,5.024166666666667,3.3408333333333333
Thailand,1991,,466.4851890198158,-197.80339004005086,82.01937389359398,5.6875,-2.411666666666667
Thailand,1992,0.1772713693148944,288.8448950619401,-177.64029395787563,82.01937389359398,3.5216666666666665,-2.1658333333333335
Thailand,1993,0.1442187409687818,247.90355759338777,-40.941337468552355,82.01937389359398,3.0224999999999995,-0.499166666666667
Thailand,1994,0.1738773081397333,344.6180693095841,96.71451171619631,82.01937389359398,4.201666666666667,1.1791666666666676
Thailand,1995,0.1015280478140496,478.71974562561013,134.10167631602607,82.01937389359398,5.836666666666666,1.634999999999999
Thailand,1996,0.1633318182179337,434.5659826795587,-44.15376294605141,82.01937389359398,5.298333333333333,-0.5383333333333331
Thailand,1997,0.1009323060294029,447.8257814590231,13.259798779464393,82.01937389359398,5.46,0.16166666666666707
Thailand,1998,0.1785690439335958,439.0770482437064,-8.748733215316747,82.01937389359398,5.353333333333333,-0.10666666666666735
Thailand,1999,0.0959428285883383,407.63628825116206,-31.44075999254432,82.01937389359398,4.97,-0.38333333333333286
Thailand,2000,0.0372873339961898,511.45914570480306,103.82285745364103,82.01937389359398,6.235833333333333,1.2658333333333331
Thailand,2001,0.0479131266456676,318.8503160113466,-192.6088296934565,82.01937389359398,3.8874999999999997,-2.348333333333333
Thailand,2002,0.1516664368841134,136.6989564893233,-182.15135952202328,82.01937389359398,1.6666666666666667,-2.220833333333333
Thailand,2003,0.0129744170476691,92.47684406502721,-44.2221124242961,82.01937389359398,1.1275,-0.5391666666666668
Thailand,2004,0.0605836039189391,110.65780527810722,18.180961213080018,82.01937389359398,1.3491666666666668,0.2216666666666669
Thailand,2005,0.05631226067187,263.5555881114153,152.8977828333081,82.01937389359398,3.2133333333333334,1.8641666666666665
Thailand,2006,0.0591786761756694,407.1578419034494,143.6022537920341,82.01937389359398,4.964166666666666,1.750833333333333
Thailand,2007,0.0783970161347724,411.6689074675971,4.511065564147645,82.01937389359398,5.019166666666666,0.054999999999999716
Thailand,2008,0.0606526082002076,158.0923431799024,-253.57656428769465,82.01937389359398,1.9275,-3.091666666666666
Thailand,2009,0.0876883278571476,13.123099822975037,-144.96924335692736,82.01937389359398,0.16,-1.7675
Thailand,2010,0.0654545092928877,14.353390431378948,1.2302906084039107,82.01937389359398,0.17500000000000002,0.015000000000000013
Thailand,2011,0.1038455144829981,8.338636345848721,-6.014754085530226,82.01937389359398,0.10166666666666667,-0.07333333333333335
Thailand,2012,0.140813285310017,11.482712345103158,3.144075999254437,82.01937389359398,0.14,0.038333333333333344
Thailand,2013,0.0987175301780602,8.817082693561353,-2.6656296515418054,82.01937389359398,0.1075,-0.032500000000000015
Thailand,2014,0.0706527627099902,7.313394172178797,-1.5036885213825557,82.01937389359398,0.08916666666666667,-0.018333333333333326
Thailand,2015,0.0454307138773231,10.867567040901204,3.554172868722406,82.01937389359398,0.1325,0.043333333333333335
Thailand,2016,0.0434007768723638,32.397652687969625,21.53008564706842,82.01937389359398,0.395,0.2625
Thailand,2017,0.0413510049987948,82.1560728500833,49.75842016211368,82.01937389359398,1.0016666666666667,0.6066666666666667
Thailand,2018,0.0489117853392535,150.2321531817663,68.076080331683,82.01937389359398,1.8316666666666668,0.8300000000000001
Thailand,2019,0.0456189281449965,177.02514865367365,26.792995471907346,82.01937389359398,2.158333333333333,0.32666666666666644
Thailand,2020,0.0357232289371864,30.8256146883424,-146.19953396533126,82.01937389359398,0.3758333333333333,-1.7825
Thailand,2021,0.0967629071622653,6.561549911487519,-24.26406477685488,82.01937389359398,0.08,-0.2958333333333333
Thailand,2022,0.0469323378212394,138.06594605421654,131.504396142729,82.01937389359398,1.6833333333333333,1.6033333333333333
Thailand,2023,0.0380254982455028,412.0790043370651,274.01305828284853,82.01937389359398,5.024166666666667,3.3408333333333333
Thailand,2024,0.0193170281687571,421.85297972605173,9.773975388986614,82.01937389359398,5.1433333333333335,0.11916666666666664
Timor-Leste,2003,,38.17621795439362,-18.255737632293187,33.859173352012085,1.1275,-0.5391666666666668
Timor-Leste,2004,0.3443546172701914,45.68166804742298,7.505450093029354,33.859173352012085,1.3491666666666668,0.2216666666666669
Timor-Leste,2005,0.066867501426266,108.80081037113217,63.11914232370919,33.859173352012085,3.2133333333333334,1.8641666666666665
Timor-Leste,2006,0.1680383589731704,168.08257971494666,59.28176934381448,33.859173352012085,4.964166666666666,1.750833333333333
Timor-Leste,2007,0.2481224473889263,169.94483424930732,1.8622545343606551,33.859173352012085,5.019166666666666,0.054999999999999716
Timor-Leste,2008,0.3637185107922143,65.2635566360033,-104.681277613304,33.859173352012085,1.9275,-3.091666666666666
Timor-Leste,2009,0.2930897105088839,5.4174677363219335,-59.84608889968136,33.859173352012085,0.16,-1.7675
Timor-Leste,2010,0.3313952130343729,5.925355336602116,0.5078876002801818,33.859173352012085,0.17500000000000002,0.015000000000000013
Timor-Leste,2011,0.0947481219166235,3.4423492907878956,-2.48300604581422,33.859173352012085,0.10166666666666667,-0.07333333333333335
Timor-Leste,2012,0.0888172459429199,4.740284269281692,1.297934978493797,33.859173352012085,0.14,0.038333333333333344
Timor-Leste,2013,0.2328050245082167,3.6398611353412993,-1.1004231339403934,33.859173352012085,0.1075,-0.032500000000000015
Timor-Leste,2014,0.2062337199559074,3.0191096238877444,-0.6207515114535547,33.859173352012085,0.08916666666666667,-0.018333333333333326
Timor-Leste,2015,0.1817163191347006,4.486340469141601,1.4672308452538572,33.859173352012085,0.1325,0.043333333333333335
Timor-Leste,2016,0.0683560266877698,13.374373474044774,8.888033004903173,33.859173352012085,0.395,0.2625
Timor-Leste,2017,0.1333537500852877,33.915605307598774,20.541231833554,33.859173352012085,1.0016666666666667,0.6066666666666667
Timor-Leste,2018,0.1144870234762898,62.01871918976881,28.10311388217003,33.859173352012085,1.8316666666666668,0.8300000000000001
Timor-Leste,2019,0.0307422956003442,73.0793824847594,11.060663294990606,33.859173352012085,2.158333333333333,0.32666666666666644
Timor-Leste,2020,-0.0737394557136426,12.725405984797874,-60.35397649996154,33.859173352012085,0.3758333333333333,-1.7825
Timor-Leste,2021,0.1008733695721666,2.7087338681609667,-10.016672116636906,33.859173352012085,0.08,-0.2958333333333333
Timor-Leste,2022,0.249105197160155,56.99627514255368,54.28754127439271,33.859173352012085,1.6833333333333333,1.6033333333333333
Timor-Leste,2023,0.0825481466142754,170.1141301160674,113.11785497351372,33.859173352012085,5.024166666666667,3.3408333333333333
Timor-Leste,2024,0.0267302756121274,174.1490149405155,4.034884824448106,33.859173352012085,5.1433333333333335,0.11916666666666664
Togo,1991,,128.57125578090702,-54.517980106951654,22.60593508235728,5.6875,-2.411666666666667
Togo,1992,0.0309368366920459,79.61056804836822,-48.960687732538815,22.60593508235728,3.5216666666666665,-2.1658333333333335
Togo,1993,-0.1984868468203302,68.32643878642487,-11.284129261943349,22.60593508235728,3.0224999999999995,-0.499166666666667
Togo,1994,-0.1765852445827889,94.98260390437119,26.656165117946315,22.60593508235728,4.201666666666667,1.1791666666666676
Togo,1995,0.3666530037201028,131.94330776402532,36.96070385965413,22.60593508235728,5.836666666666666,1.634999999999999
Togo,1996,0.2010963086886832,119.77377937802298,-12.16952838600233,22.60593508235728,5.298333333333333,-0.5383333333333331
Togo,1997,-0.0656025991189821,123.42840554967076,3.6546261716477693,22.60593508235728,5.46,0.16166666666666707
Togo,1998,0.0512854147799437,121.01710580755262,-2.4112997421181253,22.60593508235728,5.353333333333333,-0.10666666666666735
Togo,1999,0.0006524348836585,112.35149735931567,-8.665608448236947,22.60593508235728,4.97,-0.38333333333333286
Togo,2000,0.0804714094655132,140.96684351773294,28.615346158417253,22.60593508235728,6.235833333333333,1.2658333333333331
Togo,2001,0.1429600721697248,87.88057263266393,-53.08627088506901,22.60593508235728,3.8874999999999997,-2.348333333333333
Togo,2002,-0.0950131883041152,37.67655847059547,-50.20401416206846,22.60593508235728,1.6666666666666667,-2.220833333333333
Togo,2003,-0.0272137940073768,25.488191805357832,-12.188366665237636,22.60593508235728,1.1275,-0.5391666666666668
Togo,2004,0.1245662945010011,30.499174081947036,5.0109822765892025,22.60593508235728,1.3491666666666668,0.2216666666666669
Togo,2005,0.1712297506530262,72.64040473130807,42.14123064936103,22.60593508235728,3.2133333333333334,1.8641666666666665
Togo,2006,0.0256957160841153,112.2196294046686,39.579224673360535,22.60593508235728,4.964166666666666,1.750833333333333
Togo,2007,0.2141500240231586,113.46295583419824,1.243326429529644,22.60593508235728,5.019166666666666,0.054999999999999716
Togo,2008,0.1007900346788588,43.572939871243655,-69.89001596295458,22.60593508235728,1.9275,-3.091666666666666
Togo,2009,0.2221986652465233,3.616949613177165,-39.95599025806649,22.60593508235728,0.16,-1.7675
Togo,2010,0.134552583915628,3.9560386394125246,0.3390890262353595,22.60593508235728,0.17500000000000002,0.015000000000000013
Togo,2011,0.1374704746225461,2.2982700667063236,-1.6577685727062008,22.60593508235728,0.10166666666666667,-0.07333333333333335
Togo,2012,0.1593312331716347,3.1648309115300197,0.866560844823696,22.60593508235728,0.14,0.038333333333333344
Togo,2013,0.0964855985713555,2.430138021353408,-0.734692890176612,22.60593508235728,0.1075,-0.032500000000000015
Togo,2014,0.1565133818553725,2.0156958781768575,-0.41444214317655,22.60593508235728,0.08916666666666667,-0.018333333333333326
Togo,2015,0.0355823125609013,2.9952863984123397,0.9795905202354822,22.60593508235728,0.1325,0.043333333333333335
Togo,2016,0.1887884973539968,8.929344357531127,5.934057959118786,22.60593508235728,0.395,0.2625
Togo,2017,0.1167845666039149,22.643611640827878,13.714267283296751,22.60593508235728,1.0016666666666667,0.6066666666666667
Togo,2018,0.0949191552616426,41.406537759184424,18.762926118356546,22.60593508235728,1.8316666666666668,0.8300000000000001
Togo,2019,0.0892458973180225,48.79114321942113,7.384605460236706,22.60593508235728,2.158333333333333,0.32666666666666644
Togo,2020,0.0443199838041792,8.496063935119277,-40.29507928430185,22.60593508235728,0.3758333333333333,-1.7825
Togo,2021,0.1096172787504023,1.8084748065885825,-6.6875891285306945,22.60593508235728,0.08,-0.2958333333333333
Togo,2022,0.1158235711732658,38.053324055301424,36.24484924871284,22.60593508235728,1.6833333333333333,1.6033333333333333
Togo,2023,0.1429088602828656,113.57598550961005,75.52266145430862,22.60593508235728,5.024166666666667,3.3408333333333333
Togo,2024,0.0646299014631957,116.26985944025762,2.6938739306475754,22.60593508235728,5.1433333333333335,0.11916666666666664
Tonga,1991,,168.74719149020703,-71.55375416449219,29.669835866410025,5.6875,-2.411666666666667
Tonga,1992,0.1141704505404703,104.4872719762073,-64.25991951399972,29.669835866410025,3.5216666666666665,-2.1658333333333335
Tonga,1993,-0.0484052256755838,89.67707890622428,-14.810193069983013,29.669835866410025,3.0224999999999995,-0.499166666666667
Tonga,1994,0.2210380749673461,124.66276036536614,34.98568145914185,29.669835866410025,4.201666666666667,1.1791666666666676
Tonga,1995,0.0438901717224062,173.1729420069465,48.51018164158036,29.669835866410025,5.836666666666666,1.634999999999999
Tonga,1996,0.0433168370887635,157.2006803655291,-15.97226164141739,29.669835866410025,5.298333333333333,-0.5383333333333331
Tonga,1997,0.0481978279181056,161.99730383059872,4.796623465069633,29.669835866410025,5.46,0.16166666666666707
Tonga,1998,0.0677547100249533,158.83252133818164,-3.16478249241709,29.669835866410025,5.353333333333333,-0.10666666666666735
Tonga,1999,0.1382570076889742,147.45908425605782,-11.373437082123829,29.669835866410025,4.97,-0.38333333333333286
Tonga,2000,0.1137060590318697,185.0161514902885,37.557067234230686,29.669835866410025,6.235833333333333,1.2658333333333331
Tonga,2001,0.170530497782849,115.34148693066896,-69.67466455961954,29.669835866410025,3.8874999999999997,-2.348333333333333
Tonga,2002,0.1346404080256462,49.44972644401671,-65.89176048665226,29.669835866410025,1.6666666666666667,-2.220833333333333
Tonga,2003,0.080043529006982,33.4527399393773,-15.996986504639409,29.669835866410025,1.1275,-0.5391666666666668
Tonga,2004,0.135191042151618,40.02955355643153,6.5768136170542295,29.669835866410025,1.3491666666666668,0.2216666666666669
Tonga,2005,0.1299946592995624,95.33907258406421,55.30951902763268,29.669835866410025,3.2133333333333334,1.8641666666666665
Tonga,2006,0.2000219410047528,147.28601021350377,51.946937629439546,29.669835866410025,4.964166666666666,1.750833333333333
Tonga,2007,0.0653464842389368,148.9178511861563,1.631840972652543,29.669835866410025,5.019166666666666,0.054999999999999716
Tonga,2008,0.1136357930600553,57.18860863250532,-91.72924255365098,29.669835866410025,1.9275,-3.091666666666666
Tonga,2009,0.034083424220487,4.747173738625604,-52.44143489387972,29.669835866410025,0.16,-1.7675
Tonga,2010,-0.024316705302823,5.192221276621755,0.44504753799615077,29.669835866410025,0.17500000000000002,0.015000000000000013
Tonga,2011,0.0615081831980433,3.0164333130850194,-2.1757879635367354,29.669835866410025,0.10166666666666667,-0.07333333333333335
Tonga,2012,-0.0155404969921519,4.153777021297404,1.1373437082123847,29.669835866410025,0.14,0.038333333333333344
Tonga,2013,0.1199070459330826,3.1895073556390776,-0.9642696656583263,29.669835866410025,0.1075,-0.032500000000000015
Tonga,2014,0.0308172933888641,2.645560364754894,-0.5439469908841836,29.669835866410025,0.08916666666666667,-0.018333333333333326
Tonga,2015,0.0851969076348559,3.9312532522993284,1.2856928875444344,29.669835866410025,0.1325,0.043333333333333335
Tonga,2016,0.1500310082161213,11.71958516723196,7.788331914932632,29.669835866410025,0.395,0.2625
Tonga,2017,0.1289376859217981,29.719285592854042,17.999700425622084,29.669835866410025,1.0016666666666667,0.6066666666666667
Tonga,2018,0.0903336763702036,54.34524936197437,24.62596376912032,29.669835866410025,1.8316666666666668,0.8300000000000001
Tonga,2019,0.0766878191221778,64.03739574500163,9.692146383027268,29.669835866410025,2.158333333333333,0.32666666666666644
Tonga,2020,-0.0050116555658057,11.150913313125766,-52.88648243187587,29.669835866410025,0.3758333333333333,-1.7825
Tonga,2021,0.1611024222830011,2.373586869312802,-8.777326443812964,29.669835866410025,0.08,-0.2958333333333333
Tonga,2022,0.1494451085953834,49.944223708456875,47.57063683914407,29.669835866410025,1.6833333333333333,1.6033333333333333
Tonga,2023,0.0354552791678237,149.06620036548838,99.1219766570315,29.669835866410025,5.024166666666667,3.3408333333333333
Trinidad and Tobago,1991,,238.08754031251635,-100.95609401676519,41.861545549453425,5.6875,-2.411666666666667
Trinidad and Tobago,1992,0.0249813681870172,147.42240957665848,-90.66513073585789,41.861545549453425,3.5216666666666665,-2.1658333333333335
Trinidad and Tobago,1993,-0.0715595440751108,126.52652142322296,-20.895888153435514,41.861545549453425,3.0224999999999995,-0.499166666666667
Trinidad and Tobago,1994,0.1419673908612289,175.88826055028682,49.36173912706387,41.861545549453425,4.201666666666667,1.1791666666666676
Trinidad and Tobago,1995,0.154091538452473,244.33188752364313,68.4436269733563,41.861545549453425,5.836666666666666,1.634999999999999
Trinidad and Tobago,1996,0.0388273133298895,221.7964221695207,-22.53546535412242,41.861545549453425,5.298333333333333,-0.5383333333333331
Trinidad and Tobago,1997,0.2085913800728676,228.5640387000157,6.767616530494987,41.861545549453425,5.46,0.16166666666666707
Trinidad and Tobago,1998,0.1073211574136543,224.09880717474064,-4.465231525275061,41.861545549453425,5.353333333333333,-0.10666666666666735
Trinidad and Tobago,1999,0.1353227223386071,208.0518813807835,-16.046925793957126,41.861545549453425,4.97,-0.38333333333333286
Trinidad and Tobago,2000,0.0414638254611396,261.0416211221333,52.98973974134979,41.861545549453425,6.235833333333333,1.2658333333333331
Trinidad and Tobago,2001,0.110548784857567,162.73675832350017,-98.30486279863312,41.861545549453425,3.8874999999999997,-2.348333333333333
Trinidad and Tobago,2002,0.1294143320403478,69.76924258242238,-92.9675157410778,41.861545549453425,1.6666666666666667,-2.220833333333333
Trinidad and Tobago,2003,0.0144152277426741,47.19889260700874,-22.57034997541364,41.861545549453425,1.1275,-0.5391666666666668
Trinidad and Tobago,2004,0.0038885488660014,56.47820187047092,9.279309263462185,41.861545549453425,1.3491666666666668,0.2216666666666669
Trinidad and Tobago,2005,0.175617933106686,134.51509969891035,78.03689782843942,41.861545549453425,3.2133333333333334,1.8641666666666665
Trinidad and Tobago,2006,0.2365868842795393,207.80768903174504,73.2925893328347,41.861545549453425,4.964166666666666,1.750833333333333
Trinidad and Tobago,2007,0.1801050186975281,210.11007403696496,2.3023850052199264,41.861545549453425,5.019166666666666,0.054999999999999716
Trinidad and Tobago,2008,0.1098170535088449,80.68812904657148,-129.42194499039348,41.861545549453425,1.9275,-3.091666666666666
Trinidad and Tobago,2009,0.1521867709313902,6.697847287912548,-73.99028175865894,41.861545549453425,0.16,-1.7675
Trinidad and Tobago,2010,0.1591677371886675,7.32577047115435,0.627923183241802,41.861545549453425,0.17500000000000002,0.015000000000000013
Trinidad and Tobago,2011,0.0101206370361772,4.255923797527765,-3.0698466736265853,41.861545549453425,0.10166666666666667,-0.07333333333333335
Trinidad and Tobago,2012,0.007863326464534,5.86061637692348,1.604692579395715,41.861545549453425,0.14,0.038333333333333344
Trinidad and Tobago,2013,0.1892345097095571,4.500116146566243,-1.3605002303572369,41.861545549453425,0.1075,-0.032500000000000015
Trinidad and Tobago,2014,0.0315705484759973,3.7326544781595974,-0.7674616684066459,41.861545549453425,0.08916666666666667,-0.018333333333333326
Trinidad and Tobago,2015,0.069479558969828,5.546654785302579,1.8140003071429818,41.861545549453425,0.1325,0.043333333333333335
Trinidad and Tobago,2016,0.0112645911334539,16.535310492034103,10.988655706731524,41.861545549453425,0.395,0.2625
Trinidad and Tobago,2017,0.0275139946235043,41.93131479203585,25.396004300001746,41.861545549453425,1.0016666666666667,0.6066666666666667
Trinidad and Tobago,2018,-0.0036110799998496,76.67639759808219,34.74508280604635,41.861545549453425,1.8316666666666668,0.8300000000000001
Trinidad and Tobago,2019,0.0116663795799496,90.35116914423698,13.674771546154776,41.861545549453425,2.158333333333333,0.32666666666666644
Trinidad and Tobago,2020,0.0284237599442604,15.732964202336245,-74.61820494190073,41.861545549453425,0.3758333333333333,-1.7825
Trinidad and Tobago,2021,0.0688249699555783,3.348923643956274,-12.384040558379969,41.861545549453425,0.08,-0.2958333333333333
Trinidad and Tobago,2022,0.0166382064597385,70.4669350082466,67.11801136429033,41.861545549453425,1.6833333333333333,1.6033333333333333
Trinidad and Tobago,2023,0.0184977990277666,210.31938176471226,139.85244675646564,41.861545549453425,5.024166666666667,3.3408333333333333
Trinidad and Tobago,2024,0.0138569940246924,215.30788260935546,4.988500844643199,41.861545549453425,5.1433333333333335,0.11916666666666664
Tunisia,1991,,265.98629420824875,-112.78598321445743,46.76682095969208,5.6875,-2.411666666666667
Tunisia,1992,0.0564053226501499,164.6971544797156,-101.28913972853312,46.76682095969208,3.5216666666666665,-2.1658333333333335
Tunisia,1993,0.0799959746377716,141.3527163506693,-23.344438129046313,46.76682095969208,3.0224999999999995,-0.499166666666667
Tunisia,1994,0.0595473445892089,196.49859273230626,55.14587638163696,46.76682095969208,4.201666666666667,1.1791666666666676
Tunisia,1995,0.0775925969264683,272.96234500140275,76.4637522690965,46.76682095969208,5.836666666666666,1.634999999999999
Tunisia,1996,0.0636327425970861,247.78620638476855,-25.176138616634226,46.76682095969208,5.298333333333333,-0.5383333333333331
Tunisia,1997,0.1253051369151236,255.34684243991876,7.560636055150239,46.76682095969208,5.46,0.16166666666666707
Tunisia,1998,0.1527624398617533,250.3583815375516,-4.988460902367188,46.76682095969208,5.353333333333333,-0.10666666666666735
Tunisia,1999,0.0529879239198791,232.43110016966963,-17.927281367881942,46.76682095969208,4.97,-0.38333333333333286
Tunisia,2000,0.172877070458302,291.6301010344799,59.19900086481022,46.76682095969208,6.235833333333333,1.2658333333333331
Tunisia,2001,0.1322432326093654,181.80601648080295,-109.8240845536769,46.76682095969208,3.8874999999999997,-2.348333333333333
Tunisia,2002,0.1686218191229933,77.9447015994868,-103.86131488131616,46.76682095969208,1.6666666666666667,-2.220833333333333
Tunisia,2003,0.0306078396926814,52.72959063205282,-25.215110967433986,46.76682095969208,1.1275,-0.5391666666666668
Tunisia,2004,0.046307541862113,63.096235944784574,10.366645312731755,46.76682095969208,1.3491666666666668,0.2216666666666669
Tunisia,2005,0.07839922985222,150.27738468381057,87.18114873902599,46.76682095969208,3.2133333333333334,1.8641666666666665
Tunisia,2006,0.1058861354984941,232.15829371407145,81.88090903026088,46.76682095969208,4.964166666666666,1.750833333333333
Tunisia,2007,0.111249163593925,234.7304688668545,2.572175152783051,46.76682095969208,5.019166666666666,0.054999999999999716
Tunisia,2008,0.1255278999146085,90.14304739980649,-144.587421467048,46.76682095969208,1.9275,-3.091666666666666
Tunisia,2009,0.125146700051431,7.482691353550734,-82.66035604625576,46.76682095969208,0.16,-1.7675
Tunisia,2010,0.1209230726489387,8.184193667946115,0.7015023143953819,46.76682095969208,0.17500000000000002,0.015000000000000013
Tunisia,2011,0.1111341493110025,4.7546267975686956,-3.4295668703774203,46.76682095969208,0.10166666666666667,-0.07333333333333335
Tunisia,2012,0.0914916747397711,6.547354934356893,1.792728136788197,46.76682095969208,0.14,0.038333333333333344
Tunisia,2013,0.0775688486348542,5.027433253166899,-1.5199216811899934,46.76682095969208,0.1075,-0.032500000000000015
Tunisia,2014,0.0605534698914951,4.170041535572544,-0.8573917175943545,46.76682095969208,0.08916666666666667,-0.018333333333333326
Tunisia,2015,0.0764686041999809,6.1966037771592015,2.026562241586657,46.76682095969208,0.1325,0.043333333333333335
Tunisia,2016,0.0527114160330768,18.472894279078375,12.276290501919172,46.76682095969208,0.395,0.2625
Tunisia,2017,0.0773328378482389,46.844765661291575,28.371871382213197,46.76682095969208,1.0016666666666667,0.6066666666666667
Tunisia,2018,0.1130108528219224,85.661227057836,38.81646139654443,46.76682095969208,1.8316666666666668,0.8300000000000001
Tunisia,2019,0.0687228655513827,100.93838857133541,15.277161513499403,46.76682095969208,2.158333333333333,0.32666666666666644
Tunisia,2020,0.1038876650205828,17.576530210684272,-83.36185836065114,46.76682095969208,0.3758333333333333,-1.7825
Tunisia,2021,0.0981444586562361,3.741345676775367,-13.835184533908906,46.76682095969208,0.08,-0.2958333333333333
Tunisia,2022,0.0832678541191498,78.72414861548167,74.9828029387063,46.76682095969208,1.6833333333333333,1.6033333333333333
Tunisia,2023,0.0874051834501585,234.96430297165298,156.2401543561713,46.76682095969208,5.024166666666667,3.3408333333333333
Tunisia,2024,0.0857519531891419,240.5373491360163,5.573046164363306,46.76682095969208,5.1433333333333335,0.11916666666666664
Turkiye,1991,,153.44579622865993,-65.06551418106109,26.97948065558856,5.6875,-2.411666666666667
Turkiye,1992,0.6039333646663891,95.01273770876438,-58.43305851989556,26.97948065558856,3.5216666666666665,-2.1658333333333335
Turkiye,1993,0.577402947812395,81.5454802815164,-13.467257427247965,26.97948065558856,3.0224999999999995,-0.499166666666667
Turkiye,1994,0.4960488732303005,113.35878455456461,31.813304273048203,26.97948065558856,4.201666666666667,1.1791666666666676
Turkiye,1995,0.8952582611467825,157.47023542645186,44.111450871887264,26.97948065558856,5.836666666666666,1.634999999999999
Turkiye,1996,0.7138786672949173,142.9462816735267,-14.523953752925168,26.97948065558856,5.298333333333333,-0.5383333333333331
Turkiye,1997,0.7726039603637851,147.30796437951355,4.361682705986828,26.97948065558856,5.46,0.16166666666666707
Turkiye,1998,0.6820658233797658,144.43015310958407,-2.877811269929465,26.97948065558856,5.353333333333333,-0.10666666666666735
Turkiye,1999,0.638250228511474,134.08801885827515,-10.342134251308936,26.97948065558856,4.97,-0.38333333333333286
Turkiye,2000,0.7030524786990746,168.239544788141,34.15152592986585,26.97948065558856,6.235833333333333,1.2658333333333331
Turkiye,2001,0.3411609443632031,104.88273104860052,-63.35681373954046,26.97948065558856,3.8874999999999997,-2.348333333333333
Turkiye,2002,0.6437895619740637,44.9658010926476,-59.916929955952924,26.97948065558856,1.6666666666666667,-2.220833333333333
Turkiye,2003,0.2459647932106605,30.4193644391761,-14.546436653471503,26.97948065558856,1.1275,-0.5391666666666668
Turkiye,2004,0.1348527938468287,36.39981598449824,5.980451545322137,26.97948065558856,1.3491666666666668,0.2216666666666669
Turkiye,2005,0.188897324821081,86.69406450662457,50.29424852212634,26.97948065558856,3.2133333333333334,1.8641666666666665
Turkiye,2006,0.307245359318248,133.93063855445087,47.236574047826295,26.97948065558856,4.964166666666666,1.750833333333333
Turkiye,2007,0.2002783273002784,135.41450999050824,1.483871436057363,26.97948065558856,5.019166666666666,0.054999999999999716
Turkiye,2008,0.1417223393888385,52.00294896364695,-83.41156102686128,26.97948065558856,1.9275,-3.091666666666666
Turkiye,2009,0.221732069736646,4.31671690489417,-47.68623205875278,26.97948065558856,0.16,-1.7675
Turkiye,2010,0.1191993436825455,4.721409114727998,0.40469220983382875,26.97948065558856,0.17500000000000002,0.015000000000000013
Turkiye,2011,0.1701381317851051,2.7429138666515036,-1.9784952480764948,26.97948065558856,0.10166666666666667,-0.07333333333333335
Turkiye,2012,0.1415345149116795,3.777127291782399,1.0342134251308952,26.97948065558856,0.14,0.038333333333333344
Turkiye,2013,0.099141690944208,2.90029417047577,-0.8768331213066286,26.97948065558856,0.1075,-0.032500000000000015
Turkiye,2014,0.1918825524648006,2.405670358456647,-0.4946238120191234,26.97948065558856,0.08916666666666667,-0.018333333333333326
Turkiye,2015,0.1060111313184855,3.574781186865484,1.1691108284088376,26.97948065558856,0.1325,0.043333333333333335
Turkiye,2016,0.1528468800331381,10.656894858957482,7.082113672091998,26.97948065558856,0.395,0.2625
Turkiye,2017,0.1625336293674095,27.024446456681208,16.367551597723725,26.97948065558856,1.0016666666666667,0.6066666666666667
Turkiye,2018,0.1514492263484079,49.41741540081971,22.392968944138506,26.97948065558856,1.8316666666666668,0.8300000000000001
Turkiye,2019,0.1687298327063118,58.23071241497864,8.813297014158923,26.97948065558856,2.158333333333333,0.32666666666666644
Turkiye,2020,0.2391986673786874,10.139788146392032,-48.090924268586605,26.97948065558856,0.3758333333333333,-1.7825
Turkiye,2021,0.2944805502180081,2.158358452447085,-7.981429693944947,26.97948065558856,0.08,-0.2958333333333333
Turkiye,2022,0.4221120704187164,45.41545910357408,43.25710065112699,26.97948065558856,1.6833333333333333,1.6033333333333333
Turkiye,2023,0.4721221789279362,135.5494073937862,90.13394829021212,26.97948065558856,5.024166666666667,3.3408333333333333
Turkiye,2024,0.5302537802968992,138.7644621719105,3.2150547781243026,26.97948065558856,5.1433333333333335,0.11916666666666664
Uganda,1994,,45.17477682151443,12.677966918374247,10.751632722296174,4.201666666666667,1.1791666666666676
Uganda,1995,0.3060466084514281,62.75369632246866,17.578919500954232,10.751632722296174,5.836666666666666,1.634999999999999
Uganda,1996,0.1305423729408694,56.965734040299225,-5.787962282169437,10.751632722296174,5.298333333333333,-0.5383333333333331
Uganda,1997,0.1768616313493929,58.70391466373711,1.7381806234378858,10.751632722296174,5.46,0.16166666666666707
Uganda,1998,0.1774561841741935,57.55707384002551,-1.1468408237115992,10.751632722296174,5.353333333333333,-0.10666666666666735
Uganda,1999,0.2065006267220255,53.43561462981198,-4.121459210213528,10.751632722296174,4.97,-0.38333333333333286
Uganda,2000,0.1271465299514105,67.04538971745188,13.609775087639905,10.751632722296174,6.235833333333333,1.2658333333333331
Uganda,2001,0.1667183126752576,41.79697220792637,-25.248417509525513,10.751632722296174,3.8874999999999997,-2.348333333333333
Uganda,2002,0.0933883587305004,17.919387870493622,-23.87758433743275,10.751632722296174,1.6666666666666667,-2.220833333333333
Uganda,2003,0.2193523226832212,12.122465894388936,-5.796921976104689,10.751632722296174,1.1275,-0.5391666666666668
Uganda,2004,0.1649450038306845,14.505744481164589,2.3832785867756545,10.751632722296174,1.3491666666666668,0.2216666666666669
Uganda,2005,0.0840995333652614,34.54857981431171,20.042835333147117,10.751632722296174,3.2133333333333334,1.8641666666666665
Uganda,2006,0.1585653723370583,53.37289677226525,18.82431695795355,10.751632722296174,4.964166666666666,1.750833333333333
Uganda,2007,0.1563278028576391,53.96423657199154,0.5913397997262865,10.751632722296174,5.019166666666666,0.054999999999999716
Uganda,2008,0.1985725234906041,20.723772072225874,-33.240464499765665,10.751632722296174,1.9275,-3.091666666666666
Uganda,2009,0.2686231777505874,1.7202612355673879,-19.00351083665849,10.751632722296174,0.16,-1.7675
Uganda,2010,0.16119041614429,1.8815357264018306,0.16127449083444276,10.751632722296174,0.17500000000000002,0.015000000000000013
Uganda,2011,0.3226890969583351,1.0930826601001111,-0.7884530663017195,10.751632722296174,0.10166666666666667,-0.07333333333333335
Uganda,2012,0.1230849366803994,1.5052285811214645,0.41214592102135345,10.751632722296174,0.14,0.038333333333333344
Uganda,2013,0.1441493245160714,1.1558005176468387,-0.3494280634746258,10.751632722296174,0.1075,-0.032500000000000015
Uganda,2014,0.0944301523423511,0.9586872510714088,-0.19711326657542977,10.751632722296174,0.08916666666666667,-0.018333333333333326
Uganda,2015,0.136352749297913,1.424591335704243,0.4659040846328342,10.751632722296174,0.1325,0.043333333333333335
Uganda,2016,0.1109653443676492,4.2468949253069885,2.822303589602746,10.751632722296174,0.395,0.2625
Uganda,2017,0.1055845062619553,10.769552110166668,6.522657184859679,10.751632722296174,1.0016666666666667,0.6066666666666667
Uganda,2018,0.1195598922465457,19.693407269672495,8.923855159505825,10.751632722296174,1.8316666666666668,0.8300000000000001
Uganda,2019,0.0791082998896044,23.20560729228924,3.5122000226167476,10.751632722296174,2.158333333333333,0.32666666666666644
Uganda,2020,0.1473516756651101,4.0408219647963115,-19.16478532749293,10.751632722296174,0.3758333333333333,-1.7825
Uganda,2021,0.1581340859606967,0.8601306177836939,-3.1806913470126177,10.751632722296174,0.08,-0.2958333333333333
Uganda,2022,0.0491275298888922,18.09858174919856,17.238451131414866,10.751632722296174,1.6833333333333333,1.6033333333333333
Uganda,2023,0.0723458615281167,54.01799473560303,35.91941298640447,10.751632722296174,5.024166666666667,3.3408333333333333
Uganda,2024,0.1013361139914401,55.29923096834332,1.2812362327402937,10.751632722296174,5.1433333333333335,0.11916666666666664
Ukraine,1993,,92.18786166024081,-15.224849499444248,30.50053322092335,3.0224999999999995,-0.499166666666667
Ukraine,1994,2.949244358015207,128.15307374991295,35.96521208967215,30.50053322092335,4.201666666666667,1.1791666666666676
Ukraine,1995,1.8989830727512145,178.0214455661226,49.868371816209645,30.50053322092335,5.836666666666666,1.634999999999999
Ukraine,1996,0.7678103699668029,161.6019918488589,-16.419453717263732,30.50053322092335,5.298333333333333,-0.5383333333333331
Ukraine,1997,0.3010616134747614,166.5329113862415,4.9309195373826205,30.50053322092335,5.46,0.16166666666666707
Ukraine,1998,0.2920707018072939,163.27952117600967,-3.2533902102318453,30.50053322092335,5.353333333333333,-0.10666666666666735
Ukraine,1999,0.2154724500085763,151.58765010798905,-11.691871068020603,30.50053322092335,4.97,-0.38333333333333286
Ukraine,2000,0.340603691952424,190.19624174347453,38.60859163548547,30.50053322092335,6.235833333333333,1.2658333333333331
Ukraine,2001,0.3684203567989677,118.57082289633952,-71.625418847135,30.50053322092335,3.8874999999999997,-2.348333333333333
Ukraine,2002,0.3698231295506033,50.834222034872255,-67.73660086146727,30.50053322092335,1.6666666666666667,-2.220833333333333
Ukraine,2003,0.3530618354052208,34.38935120659108,-16.44487082828118,30.50053322092335,1.1275,-0.5391666666666668
Ukraine,2004,0.381020392635456,41.1503027372291,6.760951530638017,30.50053322092335,1.3491666666666668,0.2216666666666669
Ukraine,2005,0.2765493897287037,98.0083800832337,56.85807734600461,30.50053322092335,3.2133333333333334,1.8641666666666665
Ukraine,2006,0.4342844833299146,151.409730330867,53.40135024763329,30.50053322092335,4.964166666666666,1.750833333333333
Ukraine,2007,0.2965414455368531,153.08725965801779,1.6775293271507756,30.50053322092335,5.019166666666666,0.054999999999999716
Ukraine,2008,0.4170459331346627,58.78977778332976,-94.297481874688,30.50053322092335,1.9275,-3.091666666666666
Ukraine,2009,0.2637687302210736,4.880085315347737,-53.909692467982026,30.50053322092335,0.16,-1.7675
Ukraine,2010,-0.0567014590746097,5.337593313661587,0.4575079983138507,30.50053322092335,0.17500000000000002,0.015000000000000013
Ukraine,2011,0.2044996044983698,3.1008875441272075,-2.2367057695343795,30.50053322092335,0.10166666666666667,-0.07333333333333335
Ukraine,2012,0.1367938283272423,4.27007465092927,1.169187106802062,30.50053322092335,0.14,0.038333333333333344
Ukraine,2013,0.1203662164296304,3.27880732124926,-0.9912673296800094,30.50053322092335,0.1075,-0.032500000000000015
Ukraine,2014,0.1618028329517109,2.7196308788656656,-0.5591764423835945,30.50053322092335,0.08916666666666667,-0.018333333333333326
Ukraine,2015,0.0511800313607793,4.041320651772344,1.3216897729066786,30.50053322092335,0.1325,0.043333333333333335
Ukraine,2016,0.0382807287982025,12.047710622264724,8.00638997049238,30.50053322092335,0.395,0.2625
Ukraine,2017,0.1037176081102053,30.551367442958224,18.5036568206935,30.50053322092335,1.0016666666666667,0.6066666666666667
Ukraine,2018,0.0919152995777317,55.86681001632461,25.315442573366383,30.50053322092335,1.8316666666666668,0.8300000000000001
Ukraine,2019,0.0553338003861405,65.83031753515957,9.963507518834955,30.50053322092335,2.158333333333333,0.32666666666666644
Ukraine,2020,0.1184584290061891,11.463117068863692,-54.36720046629587,30.50053322092335,0.3758333333333333,-1.7825
Ukraine,2021,0.251720185340698,2.4400426576738683,-9.023074411189823,30.50053322092335,0.08,-0.2958333333333333
Ukraine,2022,0.1130148361590634,51.34256425522098,48.90252159754711,30.50053322092335,1.6833333333333333,1.6033333333333333
Ukraine,2023,0.1887346357269095,153.2397623241224,101.89719806890143,30.50053322092335,5.024166666666667,3.3408333333333333
Ukraine,2024,0.2070762123394374,156.87440919961577,3.6346468754933654,30.50053322092335,5.1433333333333335,0.11916666666666664
United Arab Emirates,2008,,65.97528991198793,-105.82288178706231,34.22842537586922,1.9275,-3.091666666666666
United Arab Emirates,2009,0.192858633162313,5.476548060139075,-60.49874185184885,34.22842537586922,0.16,-1.7675
United Arab Emirates,2010,0.0776962637463576,5.9899744407771145,0.5134263806380388,34.22842537586922,0.17500000000000002,0.015000000000000013
United Arab Emirates,2011,0.060879544383873,3.479889913213371,-2.5100845275637433,34.22842537586922,0.10166666666666667,-0.07333333333333335
United Arab Emirates,2012,0.0495441046851823,4.791979552621691,1.3120896394083206,34.22842537586922,0.14,0.038333333333333344
United Arab Emirates,2013,0.0438926016623568,3.6795557279059414,-1.1124238247157503,34.22842537586922,0.1075,-0.032500000000000015
United Arab Emirates,2014,0.2049328468921487,3.0520345960150057,-0.6275211318909355,34.22842537586922,0.08916666666666667,-0.018333333333333326
United Arab Emirates,2015,0.0761542781536981,4.535266362302672,1.4832317662876664,34.22842537586922,0.1325,0.043333333333333335
United Arab Emirates,2016,0.0531115258149803,13.520228023468343,8.984961661165672,34.22842537586922,0.395,0.2625
United Arab Emirates,2017,0.0320372700404334,34.285472751495675,20.76524472802733,34.22842537586922,1.0016666666666667,0.6066666666666667
United Arab Emirates,2018,0.0405269095533782,62.69506581346713,28.409593061971457,34.22842537586922,1.8316666666666668,0.8300000000000001
United Arab Emirates,2019,0.024990360576524,73.87635143625107,11.181285622783937,34.22842537586922,2.158333333333333,0.32666666666666644
United Arab Emirates,2020,0.0770031036044471,12.864183203764181,-61.012168232486886,34.22842537586922,0.3758333333333333,-1.7825
United Arab Emirates,2021,0.0452678509977353,2.7382740300695376,-10.125909173694643,34.22842537586922,0.08,-0.2958333333333333
United Arab Emirates,2022,0.0555226178553702,57.61784938271319,54.87957535264365,34.22842537586922,1.6833333333333333,1.6033333333333333
United Arab Emirates,2023,0.0861352875724819,171.96931382592962,114.35146444321643,34.22842537586922,5.024166666666667,3.3408333333333333
United Arab Emirates,2024,0.17176687087969,176.0482011832207,4.078887357291081,34.22842537586922,5.1433333333333335,0.11916666666666664
United Kingdom,1991,,355.1987496328883,-150.61467859891266,62.452527407980355,5.6875,-2.411666666666667
United Kingdom,1992,0.0164786232396103,219.9369840217708,-135.26176561111745,62.452527407980355,3.5216666666666665,-2.1658333333333335
United Kingdom,1993,-0.3372894680583158,188.7627640906206,-31.174219931150212,62.452527407980355,3.0224999999999995,-0.499166666666667
United Kingdom,1994,0.0458820515775322,262.4047026591975,73.64193856857689,62.452527407980355,4.201666666666667,1.1791666666666676
United Kingdom,1995,0.0737600653579484,364.5145849712453,102.10988231204782,62.452527407980355,5.836666666666666,1.634999999999999
United Kingdom,1996,0.1847463834314204,330.8943077166159,-33.62027725462941,62.452527407980355,5.298333333333333,-0.5383333333333331
United Kingdom,1997,0.1354610454939298,340.9907996475727,10.09649193095685,62.452527407980355,5.46,0.16166666666666707
United Kingdom,1998,0.22717715007375,334.3291967240548,-6.661602923517948,62.452527407980355,5.353333333333333,-0.10666666666666735
United Kingdom,1999,0.1893405731714104,310.38906121766234,-23.94013550639244,62.452527407980355,4.97,-0.38333333333333286
United Kingdom,2000,0.0430279157730701,389.4435521615975,79.05449094393512,62.452527407980355,6.235833333333333,1.2658333333333331
United Kingdom,2001,0.1049329464892139,242.78420029852361,-146.65935186307385,62.452527407980355,3.8874999999999997,-2.348333333333333
United Kingdom,2002,0.0845679783362776,104.08754567996726,-138.69665461855635,62.452527407980355,1.6666666666666667,-2.220833333333333
United Kingdom,2003,0.0487334452148147,70.41522465249784,-33.672321027469415,62.452527407980355,1.1275,-0.5391666666666668
United Kingdom,2004,0.0934698396613917,84.2588682279335,13.84364357543566,62.452527407980355,1.3491666666666668,0.2216666666666669
United Kingdom,2005,0.0936872290948578,200.6807880709769,116.42191984304337,62.452527407980355,3.2133333333333334,1.8641666666666665
United Kingdom,2006,0.1297075471344335,310.0247548077825,109.34396673680558,62.452527407980355,4.964166666666666,1.750833333333333
United Kingdom,2007,0.131882895280782,313.45964381522134,3.4348890074389016,62.452527407980355,5.019166666666666,0.054999999999999716
United Kingdom,2008,0.1467940878322196,120.37724657888214,-193.0823972363392,62.452527407980355,1.9275,-3.091666666666666
United Kingdom,2009,0.163847251199801,9.992404385276856,-110.38484219360528,62.452527407980355,0.16,-1.7675
United Kingdom,2010,-0.0006515630491428,10.929192296396563,0.9367879111197062,62.452527407980355,0.17500000000000002,0.015000000000000013
United Kingdom,2011,0.0391248993719806,6.349340286478003,-4.57985200991856,62.452527407980355,0.10166666666666667,-0.07333333333333335
United Kingdom,2012,-0.0451861869910708,8.743353837117251,2.3940135506392477,62.452527407980355,0.14,0.038333333333333344
United Kingdom,2013,0.0076699136644222,6.7136466963578885,-2.0297071407593625,62.452527407980355,0.1075,-0.032500000000000015
United Kingdom,2014,0.0208051227395067,5.568683693878248,-1.1449630024796393,62.452527407980355,0.08916666666666667,-0.018333333333333326
United Kingdom,2015,-0.0256707088628509,8.274959881557397,2.706276187679149,62.452527407980355,0.1325,0.043333333333333335
United Kingdom,2016,0.0195497988637569,24.66874832615224,16.393788444594843,62.452527407980355,0.395,0.2625
United Kingdom,2017,0.083576501193761,62.55661495366032,37.88786662750808,62.452527407980355,1.0016666666666667,0.6066666666666667
United Kingdom,2018,0.0797010949865431,114.39221270228403,51.8355977486237,62.452527407980355,1.8316666666666668,0.8300000000000001
United Kingdom,2019,0.0516415811976145,134.7933716555576,20.40115895327357,62.452527407980355,2.158333333333333,0.32666666666666644
United Kingdom,2020,-0.0137354825159263,23.471741550832615,-111.32163010472499,62.452527407980355,0.3758333333333333,-1.7825
United Kingdom,2021,0.0926378867480224,4.996202192638428,-18.475539358194187,62.452527407980355,0.08,-0.2958333333333333
United Kingdom,2022,0.0928774913199852,105.12842113676693,100.1322189441285,62.452527407980355,1.6833333333333333,1.6033333333333333
United Kingdom,2023,0.0825702759759821,313.7719064522613,208.64348531549436,62.452527407980355,5.024166666666667,3.3408333333333333
United Kingdom,2024,-0.0266569854402902,321.21416596837895,7.442259516117658,62.452527407980355,5.1433333333333335,0.11916666666666664
United States,1991,,363.57084671633,-154.1646930984702,63.92454447759648,5.6875,-2.411666666666667
United States,1992,0.0148936195929891,225.12093746860225,-138.4499092477277,63.92454447759648,3.5216666666666665,-2.1658333333333335
United States,1993,-0.0015328765254452,193.21193568353533,-31.909001785066927,63.92454447759648,3.0224999999999995,-0.499166666666667
United States,1994,0.0059465703549363,268.5896277133679,75.37769202983257,63.92454447759648,4.201666666666667,1.1791666666666676
United States,1995,0.0040385237615794,373.10625793423804,104.51663022087017,63.92454447759648,5.836666666666666,1.634999999999999
United States,1996,0.0664356505421288,338.6935448237986,-34.41271311043942,63.92454447759648,5.298333333333333,-0.5383333333333331
United States,1997,0.0757147968846574,349.02801284767673,10.334468023878124,63.92454447759648,5.46,0.16166666666666707
United States,1998,0.0769934250047832,342.2093947700664,-6.818618077610335,63.92454447759648,5.353333333333333,-0.10666666666666735
United States,1999,0.0916845065232472,317.70498605365447,-24.50440871641195,63.92454447759648,4.97,-0.38333333333333286
United States,2000,0.0908322833663568,398.62280527154536,80.91781921789087,63.92454447759648,6.235833333333333,1.2658333333333331
United States,2001,0.0779833377216157,248.50666665665628,-150.11613861488905,63.92454447759648,3.8874999999999997,-2.348333333333333
United States,2002,0.0763385897312645,106.5409074626608,-141.9657591939955,63.92454447759648,1.6666666666666667,-2.220833333333333
United States,2003,0.0435593004121734,72.07492389849003,-34.46598356417078,63.92454447759648,1.1275,-0.5391666666666668
United States,2004,0.0430948687615035,86.24486459102393,14.1699406925339,63.92454447759648,1.3491666666666668,0.2216666666666669
United States,2005,0.0558324113963628,205.41086958801,119.16600499698609,63.92454447759648,3.2133333333333334,1.8641666666666665
United States,2006,0.0776414218562422,317.33209287753516,111.92122328952514,63.92454447759648,4.964166666666666,1.750833333333333
United States,2007,0.0862036035427671,320.84794282380295,3.515849946267788,63.92454447759648,5.019166666666666,0.054999999999999716
United States,2008,0.1107672771784926,123.2145594805672,-197.63338334323572,63.92454447759648,1.9275,-3.091666666666666
United States,2009,0.0785810661572625,10.227927116415437,-112.98663236415177,63.92454447759648,0.16,-1.7675
United States,2010,0.0536602020159904,11.186795283579384,0.958868167163948,63.92454447759648,0.17500000000000002,0.015000000000000013
United States,2011,-0.0279092646084464,6.498995355222308,-4.687799928357076,63.92454447759648,0.10166666666666667,-0.07333333333333335
United States,2012,0.0646949640409566,8.949436226863508,2.450440871641199,63.92454447759648,0.14,0.038333333333333344
United States,2013,0.0478534721291907,6.871888531341622,-2.0775476955218863,63.92454447759648,0.1075,-0.032500000000000015
United States,2014,0.0440275409922144,5.699938549252352,-1.1719499820892683,63.92454447759648,0.08916666666666667,-0.018333333333333326
United States,2015,0.050487765801261,8.470002143281533,2.770063594029181,63.92454447759648,0.1325,0.043333333333333335
United States,2016,0.0309465744079204,25.25019506865061,16.780192925369075,63.92454447759648,0.395,0.2625
United States,2017,0.0377718925737369,64.03108538505914,38.78089031640853,63.92454447759648,1.0016666666666667,0.6066666666666667
United States,2018,0.0469022304171069,117.08845730146422,53.05737191640508,63.92454447759648,1.8316666666666668,0.8300000000000001
United States,2019,0.0395131706104656,137.9704751641457,20.8820178626815,63.92454447759648,2.158333333333333,0.32666666666666644
United States,2020,0.0805831679384212,24.024974632830006,-113.94550053131572,63.92454447759648,0.3758333333333333,-1.7825
United States,2021,0.1587074790994371,5.113963558207718,-18.911011074622287,63.92454447759648,0.08,-0.2958333333333333
United States,2022,0.1557780694678925,107.6063165372874,102.49235297907968,63.92454447759648,1.6833333333333333,1.6033333333333333
United States,2023,-0.0084637424301234,321.167565546191,213.56124900890356,63.92454447759648,5.024166666666667,3.3408333333333333
United States,2024,0.0176080149313087,328.78524042977125,7.6176748835802455,63.92454447759648,5.1433333333333335,0.11916666666666664
Uruguay,1991,,230.38502598088365,-97.69000222544724,40.5072573153202,5.6875,-2.411666666666667
Uruguay,1992,0.5980280045672579,142.65305784545265,-87.73196813543102,40.5072573153202,3.5216666666666665,-2.1658333333333335
Uruguay,1993,0.4088462726073452,122.4331852355553,-20.219872609897347,40.5072573153202,3.0224999999999995,-0.499166666666667
Uruguay,1994,0.3112333033705106,170.1979928198704,47.76480758431511,40.5072573153202,4.201666666666667,1.1791666666666676
Uruguay,1995,0.3519551571176862,236.4273585304189,66.22936571054849,40.5072573153202,5.836666666666666,1.634999999999999
Uruguay,1996,0.3139275727889163,214.62095167567153,-21.806406854747365,40.5072573153202,5.298333333333333,-0.5383333333333331
Uruguay,1997,0.2934494896926303,221.1696249416483,6.548673265976783,40.5072573153202,5.46,0.16166666666666707
Uruguay,1998,0.251913868933201,216.84885082801412,-4.320774113634183,40.5072573153202,5.353333333333333,-0.10666666666666735
Uruguay,1999,0.236247838872547,201.3210688571414,-15.527781970872725,40.5072573153202,4.97,-0.38333333333333286
Uruguay,2000,0.121967359071089,252.59650540878422,51.27543655164281,40.5072573153202,6.235833333333333,1.2658333333333331
Uruguay,2001,0.0911610849169157,157.47196281330727,-95.12454259547694,40.5072573153202,3.8874999999999997,-2.348333333333333
Uruguay,2002,0.1360620376541526,67.51209552553368,-89.95986728777362,40.5072573153202,1.6666666666666667,-2.220833333333333
Uruguay,2003,0.2305316622089854,45.67193262302353,-21.840162902510148,40.5072573153202,1.1275,-0.5391666666666668
Uruguay,2004,0.1414654896272722,54.651041327919515,8.979108704895987,40.5072573153202,1.3491666666666668,0.2216666666666669
Uruguay,2005,-0.0309606276208995,130.16332017322893,75.51227884530941,40.5072573153202,3.2133333333333334,1.8641666666666665
Uruguay,2006,0.0002748257277822,201.08477652280203,70.9214563495731,40.5072573153202,4.964166666666666,1.750833333333333
Uruguay,2007,0.1100351048755285,203.31267567514462,2.2278991523425997,40.5072573153202,5.019166666666666,0.054999999999999716
Uruguay,2008,0.0374432862536266,78.07773847527969,-125.23493719986493,40.5072573153202,1.9275,-3.091666666666666
Uruguay,2009,0.251266912693751,6.481161170451233,-71.59657730482846,40.5072573153202,0.16,-1.7675
Uruguay,2010,-0.0268542996941967,7.088770030181037,0.6076088597298036,40.5072573153202,0.17500000000000002,0.015000000000000013
Uruguay,2011,0.2000770800994509,4.118237827057554,-2.970532203123482,40.5072573153202,0.10166666666666667,-0.07333333333333335
Uruguay,2012,0.1654373300409766,5.671016024144829,1.552778197087275,40.5072573153202,0.14,0.038333333333333344
Uruguay,2013,0.0948928065654683,4.354530161396922,-1.3164858627479072,40.5072573153202,0.1075,-0.032500000000000015
Uruguay,2014,0.1755443298931958,3.611897110616052,-0.7426330507808702,40.5072573153202,0.08916666666666667,-0.018333333333333326
Uruguay,2015,0.1767759014459287,5.367211594279927,1.7553144836638754,40.5072573153202,0.1325,0.043333333333333335
Uruguay,2016,0.2136390772269472,16.00036663955148,10.633155045271554,40.5072573153202,0.395,0.2625
Uruguay,2017,0.0386925847471282,40.57476941084574,24.574402771294256,40.5072573153202,1.0016666666666667,0.6066666666666667
Uruguay,2018,0.0189259564181583,74.19579298256151,33.621023571715774,40.5072573153202,1.8316666666666668,0.8300000000000001
Uruguay,2019,0.1119007828374023,87.4281637055661,13.23237072300459,40.5072573153202,2.158333333333333,0.32666666666666644
Uruguay,2020,0.1478417803892355,15.22397754100784,-72.20418616455827,40.5072573153202,0.3758333333333333,-1.7825
Uruguay,2021,0.2177408613584681,3.2405805852256164,-11.983396955782224,40.5072573153202,0.08,-0.2958333333333333
Uruguay,2022,0.1554413119401729,68.187216480789,64.94663589556339,40.5072573153202,1.6833333333333333,1.6033333333333333
Uruguay,2023,-0.0173142973393005,203.51521196172126,135.32799548093223,40.5072573153202,5.024166666666667,3.3408333333333333
Uruguay,2024,0.0132920847872775,208.34232679179692,4.827114830075656,40.5072573153202,5.1433333333333335,0.11916666666666664
Uzbekistan,2014,,1.6439691243104633,-0.33801234331616986,18.437036908154727,0.08916666666666667,-0.018333333333333326
Uzbekistan,2015,0.146171926541033,2.4429073903305016,0.7989382660200383,18.437036908154727,0.1325,0.043333333333333335
Uzbekistan,2016,0.2174568971843768,7.282629578721117,4.839722188390616,18.437036908154727,0.395,0.2625
Uzbekistan,2017,0.2110444793485655,18.467765303001652,11.185135724280535,18.437036908154727,1.0016666666666667,0.6066666666666667
Uzbekistan,2018,0.3379422320087393,33.77050593677008,15.302740633768424,18.437036908154727,1.8316666666666668,0.8300000000000001
Uzbekistan,2019,0.1321187475659222,39.79327132676728,6.022765389997207,18.437036908154727,2.158333333333333,0.32666666666666644
Uzbekistan,2020,0.1300009620372151,6.929253037981485,-32.8640182887858,18.437036908154727,0.3758333333333333,-1.7825
Uzbekistan,2021,0.1629743286872766,1.4749629526523782,-5.454290085329106,18.437036908154727,0.08,-0.2958333333333333
Uzbekistan,2022,0.2598813134783668,31.035678795393792,29.560715842741413,18.437036908154727,1.6833333333333333,1.6033333333333333
Uzbekistan,2023,0.2637091634341075,92.63074626605405,61.595067470660254,18.437036908154727,5.024166666666667,3.3408333333333333
Uzbekistan,2024,0.11479540191349,94.82782649760915,2.1970802315551046,18.437036908154727,5.1433333333333335,0.11916666666666664
Vanuatu,1991,,569.9320385876268,-241.6678856663139,100.20783096046186,5.6875,-2.411666666666667
Vanuatu,1992,-0.0034370091345472,352.8985780324265,-217.03346055520032,100.20783096046186,3.5216666666666665,-2.1658333333333335
Vanuatu,1993,-0.0469057653812576,302.87816907799595,-50.02040895443058,100.20783096046186,3.0224999999999995,-0.499166666666667
Vanuatu,1994,0.0508353253088138,421.03990308554063,118.16173400754471,100.20783096046186,4.201666666666667,1.1791666666666676
Vanuatu,1995,0.0283113453879302,584.8797067058956,163.83980362035504,100.20783096046186,5.836666666666666,1.634999999999999
Vanuatu,1996,0.1248697810611219,530.9344910388471,-53.945215667048615,100.20783096046186,5.298333333333333,-0.5383333333333331
Vanuatu,1997,0.0959626855478248,547.1347570441218,16.20026600527471,100.20783096046186,5.46,0.16166666666666707
Vanuatu,1998,-0.0034374446051046,536.4459217416725,-10.688835302449334,100.20783096046186,5.353333333333333,-0.10666666666666735
Vanuatu,1999,0.1187479091895191,498.0329198734954,-38.413001868177,100.20783096046186,4.97,-0.38333333333333286
Vanuatu,2000,-0.0964548723222264,624.87933256428,126.84641269078462,100.20783096046186,6.235833333333333,1.2658333333333331
Vanuatu,2001,0.0538977775457105,389.55794285879546,-235.3213897054846,100.20783096046186,3.8874999999999997,-2.348333333333333
Vanuatu,2002,0.0532988902557391,167.01305160076978,-222.5448912580257,100.20783096046186,1.6666666666666667,-2.220833333333333
Vanuatu,2003,-0.0162871691238386,112.98432940792074,-54.02872219284903,100.20783096046186,1.1275,-0.5391666666666668
Vanuatu,2004,-0.0086232196097775,135.19706527082315,22.212735862902402,100.20783096046186,1.3491666666666668,0.2216666666666669
Vanuatu,2005,0.0944678294948069,322.0011634862841,186.80409821546098,100.20783096046186,3.2133333333333334,1.8641666666666665
Vanuatu,2006,0.1094940120746734,497.44837419289274,175.44721070660862,100.20783096046186,4.964166666666666,1.750833333333333
Vanuatu,2007,0.0679678194868778,502.9598048957181,5.511430702825374,100.20783096046186,5.019166666666666,0.054999999999999716
Vanuatu,2008,0.1480437584316654,193.15059417629024,-309.8092107194278,100.20783096046186,1.9275,-3.091666666666666
Vanuatu,2009,0.1253217566951434,16.033252953673898,-177.11734122261635,100.20783096046186,0.16,-1.7675
Vanuatu,2010,0.0045504003977185,17.53637041808083,1.5031174644069292,100.20783096046186,0.17500000000000002,0.015000000000000013
Vanuatu,2011,-0.0618339955573823,10.187796147646957,-7.348574270433871,100.20783096046186,0.10166666666666667,-0.07333333333333335
Vanuatu,2012,0.0131492422645891,14.029096334464661,3.8413001868177057,100.20783096046186,0.14,0.038333333333333344
Vanuatu,2013,-0.0062572876165916,10.77234182824965,-3.256754506215012,100.20783096046186,0.1075,-0.032500000000000015
Vanuatu,2014,-0.0570701800369057,8.935198260641183,-1.8371435676084669,100.20783096046186,0.08916666666666667,-0.018333333333333326
Vanuatu,2015,0.0824079357706253,13.277537602261198,4.342339341620014,100.20783096046186,0.1325,0.043333333333333335
Vanuatu,2016,0.1081524835276219,39.58209322938244,26.30455562712124,100.20783096046186,0.395,0.2625
Vanuatu,2017,0.1009191171862973,100.37484401206264,60.7927507826802,100.20783096046186,1.0016666666666667,0.6066666666666667
Vanuatu,2018,0.0889065712256069,183.54734370924598,83.17249969718335,100.20783096046186,1.8316666666666668,0.8300000000000001
Vanuatu,2019,0.1229929665853575,216.28190182299684,32.73455811375085,100.20783096046186,2.158333333333333,0.32666666666666644
Vanuatu,2020,0.0668182117250815,37.66144313597358,-178.62045868702327,100.20783096046186,0.3758333333333333,-1.7825
Vanuatu,2021,-0.0056062504679523,8.016626476836949,-29.64481665913663,100.20783096046186,0.08,-0.2958333333333333
Vanuatu,2022,0.085002153851736,168.68318211677746,160.66655563994053,100.20783096046186,1.6833333333333333,1.6033333333333333
Vanuatu,2023,0.070652506198062,503.4608440505205,334.777661933743,100.20783096046186,5.024166666666667,3.3408333333333333
Viet Nam,1996,,109.76128208647874,-11.152215826968426,20.71619039065343,5.298333333333333,-0.5383333333333331
Viet Nam,1997,0.2294854403463908,113.11039953296773,3.3491174464889797,20.71619039065343,5.46,0.16166666666666707
Viet Nam,1998,0.2254777002571231,110.90067255796468,-2.209726975003047,20.71619039065343,5.353333333333333,-0.10666666666666735
Viet Nam,1999,0.2135734971236509,102.95946624154755,-7.941206316417139,20.71619039065343,4.97,-0.38333333333333286
Viet Nam,2000,0.5095343741131231,129.18271057771634,26.223244336168797,20.71619039065343,6.235833333333333,1.2658333333333331
Viet Nam,2001,0.3032058414831766,80.5341901436652,-48.648520434051136,20.71619039065343,3.8874999999999997,-2.348333333333333
Viet Nam,2002,0.241662707127169,34.52698398442239,-46.00720615924283,20.71619039065343,1.6666666666666667,-2.220833333333333
Viet Nam,2003,0.124644198649193,23.357504665461743,-11.169479318960644,20.71619039065343,1.1275,-0.5391666666666668
Viet Nam,2004,0.2855701764509462,27.949593535389923,4.592088869928182,20.71619039065343,1.3491666666666668,0.2216666666666669
Viet Nam,2005,0.2704085643475125,66.56802512196636,38.618431586576435,20.71619039065343,3.2133333333333334,1.8641666666666665
Viet Nam,2006,0.2693147496283217,102.83862179760207,36.27059667563571,20.71619039065343,4.964166666666666,1.750833333333333
Viet Nam,2007,0.2598287132368142,103.978012269088,1.1393904714859329,20.71619039065343,5.019166666666666,0.054999999999999716
Viet Nam,2008,0.3994872587761051,39.930456977984484,-64.0475552911035,20.71619039065343,1.9275,-3.091666666666666
Viet Nam,2009,0.1881174535926462,3.314590462504549,-36.61586651547994,20.71619039065343,0.16,-1.7675
Viet Nam,2010,0.2329566087384265,3.625333318364351,0.3107428558598017,20.71619039065343,0.17500000000000002,0.015000000000000013
Viet Nam,2011,0.2601665192039704,2.1061460230497655,-1.5191872953145853,20.71619039065343,0.10166666666666667,-0.07333333333333335
Viet Nam,2012,0.1128146785866306,2.9002666546914804,0.7941206316417151,20.71619039065343,0.14,0.038333333333333344
Viet Nam,2013,0.2194948846133755,2.2269904669952436,-0.6732761876962368,20.71619039065343,0.1075,-0.032500000000000015
Viet Nam,2014,0.1939163281672762,1.8471936431665976,-0.3797968238286461,20.71619039065343,0.08916666666666667,-0.018333333333333326
Viet Nam,2015,0.1801526938884805,2.74489522676158,0.897701583594982,20.71619039065343,0.1325,0.043333333333333335
Viet Nam,2016,0.1389654506405193,8.182895204308105,5.437999977546526,20.71619039065343,0.395,0.2625
Viet Nam,2017,0.1644999991547138,20.750717374637855,12.567822170329748,20.71619039065343,1.0016666666666667,0.6066666666666667
Viet Nam,2018,0.1332745823774033,37.9451553988802,17.19443802424235,20.71619039065343,1.8316666666666668,0.8300000000000001
Viet Nam,2019,0.1195448951824005,44.71244425982699,6.767288860946783,20.71619039065343,2.158333333333333,0.32666666666666644
Viet Nam,2020,0.1277008229454637,7.785834888487247,-36.92660937133974,20.71619039065343,0.3758333333333333,-1.7825
Viet Nam,2021,0.1278080832225612,1.6572952312522744,-6.128539657234972,20.71619039065343,0.08,-0.2958333333333333
Viet Nam,2022,0.0923599358807578,34.87225382426661,33.21495859301433,20.71619039065343,1.6833333333333333,1.6033333333333333
West Bank and Gaza,1999,,366.66889642856603,-28.280967866723707,73.77643791319237,4.97,-0.38333333333333286
West Bank and Gaza,2000,0.1718621078717745,460.05757075368206,93.38867432511599,73.77643791319237,6.235833333333333,1.2658333333333331
West Bank and Gaza,2001,0.2227180929013634,286.8059023875353,-173.25166836614673,73.77643791319237,3.8874999999999997,-2.348333333333333
West Bank and Gaza,2002,-0.0351698714604893,122.96072985532062,-163.84517253221472,73.77643791319237,1.6666666666666667,-2.220833333333333
West Bank and Gaza,2003,-0.0457443858590949,83.1829337471244,-39.77779610819623,73.77643791319237,1.1275,-0.5391666666666668
West Bank and Gaza,2004,0.0850430988734025,99.53671081788205,16.35377707075766,73.77643791319237,1.3491666666666668,0.2216666666666669
West Bank and Gaza,2005,0.0424002094045121,237.06828716105815,137.53157634317608,73.77643791319237,3.2133333333333334,1.8641666666666665
West Bank and Gaza,2006,0.0380328595853889,366.2385338740724,129.17024671301428,73.77643791319237,4.964166666666666,1.750833333333333
West Bank and Gaza,2007,0.0592351057734248,370.29623795929797,4.057704085225559,73.77643791319237,5.019166666666666,0.054999999999999716
West Bank and Gaza,2008,0.1857434555355936,142.2040840776783,-228.09215388161968,73.77643791319237,1.9275,-3.091666666666666
West Bank and Gaza,2009,0.1236168809148097,11.80423006611078,-130.39985401156753,73.77643791319237,0.16,-1.7675
West Bank and Gaza,2010,0.0585274772217907,12.910876634808666,1.1066465686978866,73.77643791319237,0.17500000000000002,0.015000000000000013
West Bank and Gaza,2011,0.0913760865604977,7.500604521174558,-5.410272113634108,73.77643791319237,0.10166666666666667,-0.07333333333333335
West Bank and Gaza,2012,0.03887103278905,10.328701307846933,2.8280967866723747,73.77643791319237,0.14,0.038333333333333344
West Bank and Gaza,2013,0.0654455268292011,7.930967075668179,-2.397734232178753,73.77643791319237,0.1075,-0.032500000000000015
West Bank and Gaza,2014,0.1019431242300257,6.578399047259653,-1.3525680284085262,73.77643791319237,0.08916666666666667,-0.018333333333333326
West Bank and Gaza,2015,0.0693432066241221,9.77537802349799,3.196978976238336,73.77643791319237,0.1325,0.043333333333333335
West Bank and Gaza,2016,0.0985158333007802,29.141692975710985,19.366314952212996,73.77643791319237,0.395,0.2625
West Bank and Gaza,2017,0.0955992405047361,73.89939864304769,44.7577056673367,73.77643791319237,1.0016666666666667,0.6066666666666667
West Bank and Gaza,2018,0.1191497832133237,135.13384211099736,61.23444346794967,73.77643791319237,1.8316666666666668,0.8300000000000001
West Bank and Gaza,2019,0.0375148570418701,159.23414516264017,24.100303051642822,73.77643791319237,2.158333333333333,0.32666666666666644
West Bank and Gaza,2020,0.0951868013771601,27.727644582374797,-131.5065005802654,73.77643791319237,0.3758333333333333,-1.7825
West Bank and Gaza,2021,0.1300263745425418,5.90211503305539,-21.825529549319405,73.77643791319237,0.08,-0.2958333333333333
West Bank and Gaza,2022,0.0793415297955171,124.19033715387381,118.28822212081843,73.77643791319237,1.6833333333333333,1.6033333333333333
West Bank and Gaza,2023,-0.0012490318442495,370.665120148864,246.47478299499016,73.77643791319237,5.024166666666667,3.3408333333333333
West Bank and Gaza,2024,0.0657473933570962,379.45681233351945,8.791692184655423,73.77643791319237,5.1433333333333335,0.11916666666666664
"Yemen, Rep.",1991,,261.975598314908,-111.08533062613095,46.06164365976404,5.6875,-2.411666666666667
"Yemen, Rep.",1992,0.106745293036301,162.21375508846901,-99.76184322643896,46.06164365976404,3.5216666666666665,-2.1658333333333335
"Yemen, Rep.",1993,0.1893869805935253,139.22131796163677,-22.99243712683223,46.06164365976404,3.0224999999999995,-0.499166666666667
"Yemen, Rep.",1994,0.2710686120823702,193.53567277710857,54.3143548154718,46.06164365976404,4.201666666666667,1.1791666666666676
"Yemen, Rep.",1995,0.281255097940349,268.84646016082274,75.31078738371416,46.06164365976404,5.836666666666666,1.634999999999999
"Yemen, Rep.",1996,0.4102509055303649,244.04994199064978,-24.796518170172963,46.06164365976404,5.298333333333333,-0.5383333333333331
"Yemen, Rep.",1997,0.0774740541332086,251.49657438231165,7.446632391661871,46.06164365976404,5.46,0.16166666666666707
"Yemen, Rep.",1998,0.1060387199658059,246.58333239193678,-4.913241990374862,46.06164365976404,5.353333333333333,-0.10666666666666735
"Yemen, Rep.",1999,0.1115918216645717,228.92636898902725,-17.656963402909525,46.06164365976404,4.97,-0.38333333333333286
"Yemen, Rep.",2000,0.1291623401863226,287.2327329216786,58.3063639326513,46.06164365976404,6.235833333333333,1.2658333333333331
"Yemen, Rep.",2001,0.2251599159928368,179.0646397273327,-108.16809319434587,46.06164365976404,3.8874999999999997,-2.348333333333333
"Yemen, Rep.",2002,0.1719555183755226,76.76940609960673,-102.29523362772596,46.06164365976404,1.6666666666666667,-2.220833333333333
"Yemen, Rep.",2003,0.1612653602085032,51.93450322638395,-24.834902873222784,46.06164365976404,1.1275,-0.5391666666666668
"Yemen, Rep.",2004,0.1794010466781728,62.144834237631656,10.210331011247705,46.06164365976404,1.3491666666666668,0.2216666666666669
"Yemen, Rep.",2005,0.1360399865395329,148.01141496004178,85.86658072241012,46.06164365976404,3.2133333333333334,1.8641666666666665
"Yemen, Rep.",2006,0.1345260655042537,228.65767606767864,80.64626110763686,46.06164365976404,4.964166666666666,1.750833333333333
"Yemen, Rep.",2007,0.2318862029966233,231.19106646896563,2.5333904012870088,46.06164365976404,5.019166666666666,0.054999999999999716
"Yemen, Rep.",2008,0.1569994396385681,88.78381815419519,-142.40724831477044,46.06164365976404,1.9275,-3.091666666666666
"Yemen, Rep.",2009,0.1241985942439072,7.369862985562246,-81.41395516863294,46.06164365976404,0.16,-1.7675
"Yemen, Rep.",2010,0.1205252561150977,8.060787640458708,0.6909246548964612,46.06164365976404,0.17500000000000002,0.015000000000000013
"Yemen, Rep.",2011,0.1113039286757953,4.6829337720760105,-3.377853868382697,46.06164365976404,0.10166666666666667,-0.07333333333333335
"Yemen, Rep.",2012,0.0040267139822915,6.448630112366966,1.7656963402909553,46.06164365976404,0.14,0.038333333333333344
"Yemen, Rep.",2013,0.1989104717937699,4.951626693424634,-1.4970034189423318,46.06164365976404,0.1075,-0.032500000000000015
Zambia,1991,,93.39683245049787,-39.602993862526134,16.421421090197427,5.6875,-2.411666666666667
Zambia,1994,0.6795897065783123,68.99733761397952,19.363592368857816,16.421421090197427,4.201666666666667,1.1791666666666676
Zambia,1995,0.4649104737555234,95.8463610964523,26.849023482472774,16.421421090197427,5.836666666666666,1.634999999999999
Zambia,1996,0.4413008217824057,87.00616274289602,-8.840198353556278,16.421421090197427,5.298333333333333,-0.5383333333333331
Zambia,1997,0.3001705736239408,89.66095915247794,2.654796409581924,16.421421090197427,5.46,0.16166666666666707
Zambia,1998,0.2236210829064617,87.90934090285688,-1.7516182496210702,16.421421090197427,5.353333333333333,-0.10666666666666735
Zambia,1999,0.2280461065886143,81.61446281828121,-6.294878084575672,16.421421090197427,4.97,-0.38333333333333286
Zambia,2000,0.2444635534173542,102.40124501495612,20.786782196674906,16.421421090197427,6.235833333333333,1.2658333333333331
Zambia,2001,0.5525201324409217,63.838274488142495,-38.56297052681362,16.421421090197427,3.8874999999999997,-2.348333333333333
Zambia,2002,0.0835438023674441,27.369035150329047,-36.46923933781345,16.421421090197427,1.6666666666666667,-2.220833333333333
Zambia,2003,0.2481601073104435,18.515152279197597,-8.853882871131448,16.421421090197427,1.1275,-0.5391666666666668
Zambia,2004,0.222964348748949,22.155233954191363,3.640081674993767,16.421421090197427,1.3491666666666668,0.2216666666666669
Zambia,2005,0.2773032135947062,52.7674997698344,30.612265815643035,16.421421090197427,3.2133333333333334,1.8641666666666665
Zambia,2006,0.0320311513504627,81.51867119525505,28.751171425420658,16.421421090197427,4.964166666666666,1.750833333333333
Zambia,2007,0.3649770026176568,82.42184935521591,0.9031781599608538,16.421421090197427,5.019166666666666,0.054999999999999716
Zambia,2008,0.225272939134463,31.65228915135554,-50.769560203860365,16.421421090197427,1.9275,-3.091666666666666
Zambia,2009,0.2088711804258061,2.6274273744315884,-29.024861776923952,16.421421090197427,0.16,-1.7675
Zambia,2010,0.0738193631368169,2.87374869078455,0.24632131635296162,16.421421090197427,0.17500000000000002,0.015000000000000013
Zambia,2011,0.2612796389378609,1.6695111441700718,-1.2042375466144781,16.421421090197427,0.10166666666666667,-0.07333333333333335
Zambia,2012,0.1964050864040913,2.29899895262764,0.6294878084575682,16.421421090197427,0.14,0.038333333333333344
Zambia,2013,0.1643224332827024,1.7653027671962234,-0.5336961854314166,16.421421090197427,0.1075,-0.032500000000000015
Zambia,2014,0.1888963910546586,1.464243380542604,-0.30105938665361937,16.421421090197427,0.08916666666666667,-0.018333333333333326
Zambia,2015,0.118832132262753,2.175838294451159,0.7115949139085552,16.421421090197427,0.1325,0.043333333333333335
Zambia,2016,0.301529291813587,6.486461330627984,4.310623036176825,16.421421090197427,0.395,0.2625
Zambia,2017,-0.0587130951928536,16.448790125347756,9.962328794719772,16.421421090197427,1.0016666666666667,0.6066666666666667
Zambia,2018,0.1935593890358156,30.07856963021162,13.629779504863865,16.421421090197427,1.8316666666666668,0.8300000000000001
Zambia,2019,0.152532294990511,35.44290051967611,5.364330889464489,16.421421090197427,2.158333333333333,0.32666666666666644
Zambia,2020,0.1181849521083755,6.171717426399199,-29.271183093276914,16.421421090197427,0.3758333333333333,-1.7825
Zambia,2021,0.3814698394791911,1.3137136872157942,-4.858003739183404,16.421421090197427,0.08,-0.2958333333333333
Zambia,2022,0.035917427567913,27.642725501832334,26.32901181461654,16.421421090197427,1.6833333333333333,1.6033333333333333
Zambia,2023,0.2191668047437112,82.50395646066691,54.86123095883457,16.421421090197427,5.024166666666667,3.3408333333333333
Zambia,2024,0.2197775833280175,84.46084247391543,1.9568860132485264,16.421421090197427,5.1433333333333335,0.11916666666666664
Zimbabwe,2010,,3.7329475674172747,0.31996693435005236,21.33112895667014,0.17500000000000002,0.015000000000000013
Zimbabwe,2011,0.4766874248874231,2.1686647772614642,-1.5642827901558105,21.33112895667014,0.10166666666666667,-0.07333333333333335
Zimbabwe,2012,0.2714977962050469,2.9863580539338197,0.8176932766723556,21.33112895667014,0.14,0.038333333333333344
Zimbabwe,2013,0.2427866824885232,2.2930963628420398,-0.6932616910917798,21.33112895667014,0.1075,-0.032500000000000015
Zimbabwe,2014,0.0445078701438497,1.9020256653030874,-0.3910706975389524,21.33112895667014,0.08916666666666667,-0.018333333333333326
Zimbabwe,2015,0.1185042140655134,2.8263745867587935,0.924348921455706,21.33112895667014,0.1325,0.043333333333333335
Zimbabwe,2016,0.0788286930165842,8.425795937884706,5.599421351125912,21.33112895667014,0.395,0.2625
Zimbabwe,2017,0.174356992862755,21.36668083826459,12.940884900379885,21.33112895667014,1.0016666666666667,0.6066666666666667
Zimbabwe,2018,0.3267572596292414,39.0715178723008,17.704837034036217,21.33112895667014,1.8316666666666668,0.8300000000000001
Zimbabwe,2019,0.247238634960631,46.03968666481305,6.96816879251224,21.33112895667014,2.158333333333333,0.32666666666666644
Zimbabwe,2020,1.2522922239467285,8.016949299548527,-38.02273736526452,21.33112895667014,0.3758333333333333,-1.7825
Zimbabwe,2021,1.7673763448032034,1.7064903165336112,-6.3104589830149145,21.33112895667014,0.08,-0.2958333333333333
Zimbabwe,2022,0.8408319063676792,35.907400410394736,34.20091009386112,21.33112895667014,1.6833333333333333,1.6033333333333333
