Country Name,year,lending_rate_pct
Afghanistan,2006,17.97
Afghanistan,2007,18.135
Afghanistan,2008,14.9175
Afghanistan,2009,15.0
Afghanistan,2010,15.6122222222222
Afghanistan,2011,15.1458333333333
Afghanistan,2012,15.0
Afghanistan,2013,15.0791666666667
Afghanistan,2014,15.0
Afghanistan,2015,15.0
Afghanistan,2016,15.0
Afghanistan,2017,14.8366666666667
Albania,1991,1.0
Albania,1992,20.5833333333333
Albania,1993,29.5833333333333
Albania,1994,23.6666666666666
Albania,1995,19.65
Albania,1996,23.9583333333333
Albania,1997,32.7083333333333
Albania,1999,21.615
Albania,2000,22.1025
Albania,2001,19.6541666666666
Albania,2002,15.3041666666666
Albania,2003,14.2708333333333
Albania,2004,11.7615218344486
Albania,2005,13.075
Albania,2006,12.9399428618514
Albania,2007,14.0996227871662
Albania,2008,13.0196427128801
Albania,2009,12.6609351537224
Albania,2010,12.8223298853561
Albania,2011,12.4320985987679
Albania,2012,10.8803465425902
Albania,2013,9.8266043443155
Albania,2014,7.9725
Albania,2015,7.8775
Albania,2016,6.73416666666666
Albania,2017,6.22
Albania,2018,5.9325
Albania,2019,6.27583333333333
Albania,2020,6.12083333333333
Albania,2021,6.02166666666666
Albania,2022,6.50666666666666
Albania,2023,6.35166666666666
Albania,2024,6.44333333333333
Algeria,1995,18.4166666666666
Algeria,1996,19.0
Algeria,1997,15.7083333333333
Algeria,1998,11.5
Algeria,1999,10.75
Algeria,2000,10.0
Algeria,2001,9.5
Algeria,2002,8.58333333333333
Algeria,2003,8.125
Algeria,2004,8.0
Algeria,2005,8.0
Algeria,2006,8.0
Algeria,2007,8.0
Algeria,2008,8.0
Algeria,2009,8.0
Algeria,2010,8.0
Algeria,2011,8.0
Algeria,2012,8.0
Algeria,2013,8.0
Algeria,2014,8.0
Algeria,2015,8.0
Algeria,2016,8.0
Algeria,2017,8.0
Algeria,2018,8.0
Algeria,2019,8.0
Algeria,2020,8.0
Algeria,2021,8.0
Algeria,2022,8.0
Algeria,2023,8.0
Algeria,2024,8.0
Angola,1995,206.25
Angola,1996,217.875
Angola,1997,37.75
Angola,1998,45.0
Angola,1999,80.2966666666666
Angola,2000,103.160174166666
Angola,2001,95.9665608333333
Angola,2002,97.3358333333333
Angola,2003,96.1149999999999
Angola,2004,82.3341666666666
Angola,2005,67.7181307369683
Angola,2006,19.5108144527911
Angola,2007,17.6988356005954
Angola,2008,12.533605759663
Angola,2009,15.682074235437
Angola,2010,22.5435720221269
Angola,2011,18.7572405365757
Angola,2012,16.6564013212232
Angola,2013,15.8086382955865
Angola,2014,16.3822709411365
Angola,2015,16.8818623998822
Angola,2016,15.7805039391115
Angola,2017,15.8061003813255
Angola,2018,20.6770040277156
Angola,2019,19.2953672056549
Angola,2020,19.6558949254322
Angola,2021,19.4031546297082
Angola,2022,20.1172113762758
Angola,2023,16.920861522595
Angola,2024,19.3991553172159
Antigua and Barbuda,1991,12.6500000953674
Antigua and Barbuda,1992,12.7000000476837
Antigua and Barbuda,1993,12.6758596545235
Antigua and Barbuda,1994,13.1467623059324
Antigua and Barbuda,1995,12.6958469683619
Antigua and Barbuda,1996,12.2591910606265
Antigua and Barbuda,1997,11.9825861100038
Antigua and Barbuda,1998,12.1951114740288
Antigua and Barbuda,1999,12.0718776413829
Antigua and Barbuda,2000,12.1715539440032
Antigua and Barbuda,2001,11.6243803976042
Antigua and Barbuda,2002,11.387913378312
Antigua and Barbuda,2003,12.8219814495274
Antigua and Barbuda,2004,11.9643907528209
Antigua and Barbuda,2005,11.3939380792615
Antigua and Barbuda,2006,10.8905898841823
Antigua and Barbuda,2007,10.4385350357948
Antigua and Barbuda,2008,10.4291009360419
Antigua and Barbuda,2009,10.0653700920516
Antigua and Barbuda,2010,10.9993475073676
Antigua and Barbuda,2011,10.9144525231276
Antigua and Barbuda,2012,10.1571966422671
Antigua and Barbuda,2013,9.9523532941718
Antigua and Barbuda,2014,10.0718377079626
Antigua and Barbuda,2015,9.83508333333333
Antigua and Barbuda,2016,9.575
Antigua and Barbuda,2017,9.31
Antigua and Barbuda,2018,8.976532
Antigua and Barbuda,2019,8.61132908333333
Antigua and Barbuda,2020,7.68383775
Antigua and Barbuda,2021,7.39227225
Antigua and Barbuda,2022,7.31490375
Antigua and Barbuda,2023,6.71453383333333
Antigua and Barbuda,2024,6.525259
Argentina,2010,10.5575
Argentina,2011,14.0875
Argentina,2012,14.0608333333333
Argentina,2013,17.1491666666666
Argentina,2014,24.0091666666666
Argentina,2015,24.9158333333333
Argentina,2016,31.2325
Argentina,2017,26.5808333333333
Argentina,2018,48.5166666666666
Argentina,2019,67.2541666666666
Argentina,2020,29.3875
Argentina,2021,35.5583333333333
Argentina,2022,52.3991666666666
Argentina,2023,95.8941666666666
Argentina,2024,61.7066666666666
Armenia,1995,96.0999999999999
Armenia,1996,66.3583333333333
Armenia,1997,54.2275
Armenia,1998,48.485
Armenia,1999,38.8483333333333
Armenia,2000,31.5660003908333
Armenia,2001,26.6875
Armenia,2002,21.1369819305523
Armenia,2003,20.8290544327248
Armenia,2004,18.6332851199601
Armenia,2005,17.9842728930412
Armenia,2006,16.5251037109246
Armenia,2007,17.5156853679268
Armenia,2008,17.0494827336027
Armenia,2009,18.7644705946021
Armenia,2010,19.2004283143121
Armenia,2011,17.7544737854168
Armenia,2012,17.2300682381835
Armenia,2013,15.9949873679769
Armenia,2014,16.4086652627089
Armenia,2015,17.5903303177529
Armenia,2016,17.3567061146333
Armenia,2017,14.4060016758328
Armenia,2018,12.793041927804
Armenia,2019,12.1419889531682
Armenia,2020,11.6198425058429
Armenia,2021,11.7619087610201
Armenia,2022,11.7194139566372
Armenia,2023,12.3852390680976
Armenia,2024,13.149294481602
Aruba,1991,10.675
Aruba,1992,10.6
Aruba,1993,10.6
Aruba,1994,10.6
Aruba,1995,10.6
Aruba,1996,10.375
Aruba,1997,10.25
Aruba,1998,11.0416666666667
Aruba,1999,13.1416666666667
Aruba,2000,12.0666666666667
Aruba,2001,12.6
Aruba,2002,11.3
Aruba,2003,10.7
Aruba,2004,9.6
Aruba,2005,11.0
Aruba,2006,9.5
Aruba,2007,10.4
Aruba,2008,10.5
Aruba,2009,10.7
Aruba,2010,10.3
Aruba,2011,9.0
Aruba,2012,8.4
Aruba,2013,8.5
Aruba,2014,7.3
Aruba,2015,7.0
Aruba,2016,6.9
Aruba,2017,6.3
Aruba,2018,6.0
Aruba,2019,5.7
Aruba,2020,6.8
Aruba,2021,6.4
Aruba,2022,6.1
Aruba,2023,5.8
Australia,1991,13.4166666666667
Australia,1992,10.5833333333333
Australia,1993,9.41666666666667
Australia,1994,9.0875
Australia,1995,10.5
Australia,1996,9.72916666666667
Australia,1997,7.16666666666667
Australia,1998,6.68333333333333
Australia,1999,6.56666666666667
Australia,2000,7.71666666666667
Australia,2001,6.84166666666667
Australia,2002,6.3625
Australia,2003,6.6125
Australia,2004,7.05
Australia,2005,7.25833333333333
Australia,2006,7.6125
Australia,2007,8.19583333333333
Australia,2008,8.90833333333333
Australia,2009,6.02083333333333
Australia,2010,7.27916666666667
Australia,2011,7.7375
Australia,2012,6.975
Australia,2013,6.17916666666667
Australia,2014,5.95
Australia,2015,5.575
Australia,2016,5.42083333333333
Australia,2017,5.2455
Australia,2018,5.26083333333333
Australia,2019,5.101
Azerbaijan,1998,19.85
Azerbaijan,1999,19.4833333333333
Azerbaijan,2000,19.6558333333333
Azerbaijan,2001,19.7058333333333
Azerbaijan,2002,17.3708333333333
Azerbaijan,2003,15.4566666666666
Azerbaijan,2004,15.72
Azerbaijan,2005,17.0283333333333
Azerbaijan,2006,17.8633333333333
Azerbaijan,2007,19.1308333333333
Azerbaijan,2008,19.7625
Azerbaijan,2009,20.0291666666666
Azerbaijan,2010,20.7
Azerbaijan,2011,18.9883333333333
Azerbaijan,2012,18.3458333333333
Azerbaijan,2013,18.21
Azerbaijan,2014,17.8575
Azerbaijan,2015,17.5341666666666
Azerbaijan,2016,16.3752267159245
Azerbaijan,2017,16.5425
Azerbaijan,2018,17.4483333333333
Azerbaijan,2019,17.2812151745262
Azerbaijan,2020,17.1782012225111
Azerbaijan,2021,16.4259638117336
Azerbaijan,2022,14.5897924973181
Azerbaijan,2023,13.9648868370787
Azerbaijan,2024,14.6710589959745
"Bahamas, The",1991,9.0
"Bahamas, The",1992,8.08333333333333
"Bahamas, The",1993,7.45833333333333
"Bahamas, The",1994,6.875
"Bahamas, The",1995,6.75
"Bahamas, The",1996,6.75
"Bahamas, The",1997,6.75
"Bahamas, The",1998,6.75
"Bahamas, The",1999,6.375
"Bahamas, The",2000,6.0
"Bahamas, The",2001,6.0
"Bahamas, The",2002,6.0
"Bahamas, The",2003,6.0
"Bahamas, The",2004,6.0
"Bahamas, The",2005,5.54166666666666
"Bahamas, The",2006,5.5
"Bahamas, The",2007,5.5
"Bahamas, The",2008,5.5
"Bahamas, The",2009,5.5
"Bahamas, The",2010,5.5
"Bahamas, The",2011,5.0625
"Bahamas, The",2012,4.75
"Bahamas, The",2013,4.75
"Bahamas, The",2014,4.75
"Bahamas, The",2015,4.75
"Bahamas, The",2016,4.75
"Bahamas, The",2017,4.25
"Bahamas, The",2018,4.25
"Bahamas, The",2019,4.25
"Bahamas, The",2020,4.25
"Bahamas, The",2021,4.25
"Bahamas, The",2022,4.25
"Bahamas, The",2023,4.25
"Bahamas, The",2024,4.25
Bahrain,1991,9.37632843791722
Bahrain,1992,11.7265954606142
Bahrain,1993,10.8359679572764
Bahrain,1994,10.7122696929239
Bahrain,1995,11.7018558077437
Bahrain,1996,12.320347129506
Bahrain,1997,12.1966488651535
Bahrain,1998,11.7958664886515
Bahrain,1999,11.7340173564753
Bahrain,2000,11.6028971962617
Bahrain,2001,10.6924779706275
Bahrain,2002,8.40653404539386
Bahrain,2003,8.29520560747664
Bahrain,2004,7.90431909212283
Bahrain,2005,7.82185358255452
Bahrain,2006,7.97523943035158
Bahrain,2007,8.26634267912772
Bahrain,2008,8.2234606141522
Bahrain,2009,7.94142857142857
Bahrain,2010,7.2475
Bahrain,2011,6.79083333333333
Bahrain,2012,6.035
Bahrain,2013,5.935
Bahrain,2014,5.86833333333333
Bahrain,2015,5.16083333333333
Bangladesh,1991,14.7683928571428
Bangladesh,1992,13.9178571428571
Bangladesh,1993,13.9178571428571
Bangladesh,1994,13.4539285714285
Bangladesh,1995,12.99
Bangladesh,1996,12.99
Bangladesh,1997,12.99
Bangladesh,1998,12.9325
Bangladesh,1999,13.0991666666666
Bangladesh,2000,12.755
Bangladesh,2001,12.82
Bangladesh,2002,12.6091666666666
Bangladesh,2003,12.0425
Bangladesh,2004,10.3991666666666
Bangladesh,2005,10.615
Bangladesh,2006,11.6641666666666
Bangladesh,2007,12.635
Bangladesh,2008,12.8891666666666
Bangladesh,2009,13.3266666666666
Bangladesh,2010,12.2191666666666
Bangladesh,2011,13.3216666666666
Bangladesh,2012,13.9441666666666
Bangladesh,2013,13.5933333333333
Bangladesh,2014,12.945
Bangladesh,2015,11.7091666666666
Bangladesh,2016,10.4091666666666
Bangladesh,2017,9.54
Bangladesh,2018,9.65083333333333
Bangladesh,2019,9.55583333333333
Bangladesh,2020,8.295
Bangladesh,2021,7.32416666666666
Bangladesh,2022,7.12109342742786
Bangladesh,2023,7.57
Bangladesh,2024,9.8525
Barbados,1991,12.4166666666667
Barbados,1992,13.5416666666667
Barbados,1993,8.91666666666667
Barbados,1994,9.08333333333333
Barbados,1995,10.0
Barbados,1996,10.0
Barbados,1997,9.83333333333333
Barbados,1998,9.75
Barbados,1999,9.39583333333333
Barbados,2000,10.1875
Barbados,2001,9.58333333333333
Barbados,2002,8.5
Barbados,2003,8.5
Barbados,2004,8.33333333333333
Barbados,2005,9.16666666666667
Barbados,2006,10.2916666666667
Barbados,2007,10.7583333333333
Barbados,2008,10.0333333333333
Barbados,2009,9.20416666666667
Barbados,2010,8.7
Barbados,2011,8.7
Barbados,2012,8.7
Barbados,2013,8.7
Barbados,2014,8.38333333333333
Barbados,2015,8.05833333333333
Barbados,2016,8.05
Barbados,2017,8.05
Barbados,2018,8.05
Barbados,2019,8.05
Barbados,2020,8.05
Barbados,2021,8.05
Barbados,2022,8.05
Belarus,1992,21.0
Belarus,1993,71.625
Belarus,1994,148.5
Belarus,1995,175.0
Belarus,1996,62.3333333333333
Belarus,1997,31.8
Belarus,1998,26.9916666666666
Belarus,1999,51.0416666666666
Belarus,2000,67.6666666666666
Belarus,2001,46.9666666666666
Belarus,2002,36.8833333333333
Belarus,2003,23.975
Belarus,2004,16.9083333333333
Belarus,2005,11.3583333333333
Belarus,2006,8.84166666666666
Belarus,2007,8.575
Belarus,2008,8.55
Belarus,2009,11.675
Belarus,2010,9.21666666666666
Belarus,2011,13.575
Belarus,2012,19.4916666666666
Belarus,2013,19.1333333333333
Belarus,2014,18.7416666666666
Belarus,2015,18.0833333333333
Belarus,2016,14.4
Belarus,2017,9.65871241633364
Belarus,2018,8.69583333333333
Belarus,2019,9.02333333333333
Belarus,2020,9.03249999999999
Belarus,2021,10.1175
Belarus,2022,12.7158333333333
Belarus,2023,9.96230732225439
Belarus,2024,9.99166666666666
Belize,1991,14.2416666666666
Belize,1992,14.3166666666666
Belize,1993,14.3666666666666
Belize,1994,14.775
Belize,1995,15.6916666666666
Belize,1996,16.3
Belize,1997,16.2916666666666
Belize,1998,16.5
Belize,1999,16.2725
Belize,2000,16.005
Belize,2001,15.4541666666666
Belize,2002,14.8341666666666
Belize,2003,14.345
Belize,2004,13.9416666666666
Belize,2005,14.255
Belize,2006,14.2091666666666
Belize,2007,14.3333333333333
Belize,2008,14.1408333333333
Belize,2009,14.0816666666666
Belize,2010,13.8833333333333
Belize,2011,13.3633333333333
Belize,2012,12.4408333333333
Belize,2013,11.5691666666666
Belize,2014,10.8217831837387
Belize,2015,10.320279926803
Belize,2016,9.84091010965422
Belize,2017,9.46249999999999
Belize,2018,9.115
Belize,2019,9.06666666666666
Belize,2020,8.73416666666666
Belize,2021,8.43833333333333
Belize,2022,8.52349151589078
Belize,2023,8.4375
Belize,2024,8.41743522598784
Benin,2005,8.04416666666667
Benin,2006,4.73666666666667
Benin,2007,4.75166666666667
Benin,2008,4.98416666666667
Benin,2009,4.9775
Benin,2010,5.11333333333333
Benin,2011,5.25591666666667
Benin,2012,5.03916666666667
Benin,2013,5.2875
Benin,2014,5.33833333333333
Benin,2015,5.15416666666667
Benin,2016,5.295
Benin,2017,6.93416666666667
Benin,2018,6.76333333333333
Benin,2019,6.68833333333333
Benin,2020,6.5375
Benin,2021,6.25
Bhutan,1991,15.0
Bhutan,1992,17.0
Bhutan,1993,17.0
Bhutan,1994,16.5833333333333
Bhutan,1995,16.0
Bhutan,1996,16.0
Bhutan,1997,16.0
Bhutan,1998,16.0
Bhutan,1999,16.0
Bhutan,2000,16.0
Bhutan,2001,15.8541666666666
Bhutan,2002,15.4583333333333
Bhutan,2003,15.1875
Bhutan,2004,15.0
Bhutan,2005,14.5
Bhutan,2006,14.0
Bhutan,2007,14.0
Bhutan,2008,13.8541666666666
Bhutan,2009,13.75
Bhutan,2010,13.9166666666666
Bhutan,2011,14.0
Bhutan,2012,14.0
Bhutan,2013,14.0375
Bhutan,2014,14.025
Bhutan,2015,14.8958333333333
Bhutan,2016,14.15
Bhutan,2017,14.25
Bhutan,2018,14.0
Bhutan,2019,14.0
Bhutan,2020,14.0
Bhutan,2021,14.0
Bhutan,2022,14.0
Bhutan,2023,12.27
Bhutan,2024,10.54
Bolivia,1991,41.1475
Bolivia,1992,45.5116666666666
Bolivia,1993,53.8766666666666
Bolivia,1994,55.5733333333333
Bolivia,1995,51.0175
Bolivia,1996,55.9666666666666
Bolivia,1997,50.05
Bolivia,1998,39.4116666666666
Bolivia,1999,35.3691666666666
Bolivia,2000,34.5958333333333
Bolivia,2001,20.0570612222166
Bolivia,2002,20.6324567427483
Bolivia,2003,17.6632890518186
Bolivia,2004,14.4698833333333
Bolivia,2005,16.6150416666666
Bolivia,2006,11.8912833333333
Bolivia,2007,12.8608083333333
Bolivia,2008,13.8733333333333
Bolivia,2009,12.359625
Bolivia,2010,9.90992714868377
Bolivia,2011,10.9153923412969
Bolivia,2012,11.1349478606742
Bolivia,2013,11.0513992821175
Bolivia,2014,9.69422821628935
Bolivia,2015,8.07325379670779
Bolivia,2016,7.95202606117997
Bolivia,2017,8.10989203240817
Bolivia,2018,8.03724252665112
Bolivia,2019,8.39953170954601
Bolivia,2020,7.59222372184479
Bolivia,2021,8.01711817014333
Bolivia,2022,7.76498872156728
Bolivia,2023,8.68601452432374
Bolivia,2024,8.80431027070166
Bosnia and Herzegovina,2002,12.6958333333333
Bosnia and Herzegovina,2003,10.87
Bosnia and Herzegovina,2004,10.2816666666666
Bosnia and Herzegovina,2005,9.61249999999999
Bosnia and Herzegovina,2006,8.01416666666666
Bosnia and Herzegovina,2007,7.1725
Bosnia and Herzegovina,2008,6.97833333333333
Bosnia and Herzegovina,2009,7.9325
Bosnia and Herzegovina,2010,7.88833333333333
Bosnia and Herzegovina,2011,7.43166666666666
Bosnia and Herzegovina,2012,7.32891666666666
Bosnia and Herzegovina,2013,7.03604811133436
Bosnia and Herzegovina,2014,6.64150863945301
Bosnia and Herzegovina,2015,5.78888799043184
Bosnia and Herzegovina,2016,5.23816683778765
Bosnia and Herzegovina,2017,4.37958143265646
Bosnia and Herzegovina,2018,3.79028136918822
Bosnia and Herzegovina,2019,3.28722715810128
Bosnia and Herzegovina,2020,3.07187413211573
Bosnia and Herzegovina,2021,3.20129279505403
Bosnia and Herzegovina,2022,3.36081655916726
Bosnia and Herzegovina,2023,4.11153155413121
Bosnia and Herzegovina,2024,4.4501687610148
Botswana,1991,11.8333333333333
Botswana,1992,14.0
Botswana,1993,14.9166666666666
Botswana,1994,13.9166666666666
Botswana,1995,14.4166666666666
Botswana,1996,14.5
Botswana,1997,13.9466666666666
Botswana,1998,13.6508333333333
Botswana,1999,14.7758333333333
Botswana,2000,15.4791666666666
Botswana,2001,15.75
Botswana,2002,16.2083333333333
Botswana,2003,16.4
Botswana,2004,15.75
Botswana,2005,15.7375
Botswana,2006,16.4583333333333
Botswana,2007,16.215
Botswana,2008,16.5416666666666
Botswana,2009,13.755625
Botswana,2010,11.4583333333333
Botswana,2011,11.0
Botswana,2012,11.0
Botswana,2013,10.1892333333333
Botswana,2014,9.0
Botswana,2015,7.95
Botswana,2016,7.3
Botswana,2017,6.875
Botswana,2018,6.5
Botswana,2019,6.39583333333333
Botswana,2020,5.75
Botswana,2021,5.25
Botswana,2022,6.1323
Botswana,2023,6.73859953703703
Botswana,2024,6.26
Brazil,1997,78.1933333333333
Brazil,1998,86.3633333333333
Brazil,1999,80.4433333333333
Brazil,2000,56.83
Brazil,2001,57.6166666666666
Brazil,2002,62.875
Brazil,2003,67.0833333333333
Brazil,2004,54.925
Brazil,2005,55.3833333333333
Brazil,2006,50.8083333333333
Brazil,2007,43.7166666666666
Brazil,2008,47.25
Brazil,2009,44.65
Brazil,2010,39.9916666666666
Brazil,2011,43.8833333333333
Brazil,2012,36.6366666666666
Brazil,2013,27.3916666666666
Brazil,2014,32.0083333333333
Brazil,2015,43.9583333333333
Brazil,2016,52.1
Brazil,2017,46.9166666666666
Brazil,2018,39.0833333333333
Brazil,2019,37.475
Brazil,2020,29.0416666666666
Brazil,2021,30.0166666666666
Brazil,2022,39.4
Brazil,2023,43.6
Brazil,2024,40.225
Brunei Darussalam,1998,6.5
Brunei Darussalam,1999,5.5
Brunei Darussalam,2000,5.5
Brunei Darussalam,2001,5.5
Brunei Darussalam,2002,5.5
Brunei Darussalam,2003,5.5
Brunei Darussalam,2004,5.5
Brunei Darussalam,2005,5.5
Brunei Darussalam,2006,5.5
Brunei Darussalam,2007,5.5
Brunei Darussalam,2008,5.5
Brunei Darussalam,2009,5.5
Brunei Darussalam,2010,5.5
Brunei Darussalam,2011,5.5
Brunei Darussalam,2012,5.5
Brunei Darussalam,2013,5.5
Brunei Darussalam,2014,5.5
Brunei Darussalam,2015,5.5
Brunei Darussalam,2016,5.5
Brunei Darussalam,2017,5.5
Brunei Darussalam,2018,5.5
Brunei Darussalam,2019,5.5
Brunei Darussalam,2020,5.5
Brunei Darussalam,2021,5.5
Brunei Darussalam,2022,5.5
Brunei Darussalam,2023,5.5
Brunei Darussalam,2024,5.5
Bulgaria,1992,74.05
Bulgaria,1993,76.8558333333333
Bulgaria,1994,102.515875
Bulgaria,1995,79.3615
Bulgaria,1996,291.05985
Bulgaria,1997,213.018416666666
Bulgaria,1998,14.08335
Bulgaria,1999,13.498425
Bulgaria,2000,11.3433833333333
Bulgaria,2001,11.1107666666666
Bulgaria,2002,9.20784166666666
Bulgaria,2003,8.54336666666666
Bulgaria,2004,8.871325
Bulgaria,2005,8.66098333333333
Bulgaria,2006,8.89252499999999
Bulgaria,2007,9.99776666666666
Bulgaria,2008,10.861425
Bulgaria,2009,11.335
Bulgaria,2010,11.1443666666666
Bulgaria,2011,10.6294583333333
Bulgaria,2012,9.71420833333333
Bulgaria,2013,9.04340833333333
Bulgaria,2014,8.26264166666666
Bulgaria,2015,7.44886666666666
Bulgaria,2016,6.39301666666666
Bulgaria,2017,5.43955833333333
Bulgaria,2018,4.963225
Bulgaria,2019,4.54920833333333
Bulgaria,2020,4.33663333333333
Bulgaria,2021,4.11618333333333
Bulgaria,2022,3.74595833333333
Bulgaria,2023,4.42983333333333
Bulgaria,2024,4.53578333333333
Burkina Faso,2005,8.86833333333333
Burkina Faso,2006,4.73666666666667
Burkina Faso,2007,4.75166666666667
Burkina Faso,2008,4.98416666666667
Burkina Faso,2009,4.9775
Burkina Faso,2010,5.11333333333333
Burkina Faso,2011,5.25591666666667
Burkina Faso,2012,5.03916666666667
Burkina Faso,2013,5.2875
Burkina Faso,2014,5.33833333333333
Burkina Faso,2015,5.15416666666667
Burkina Faso,2016,5.295
Burkina Faso,2017,6.51166666666667
Burkina Faso,2018,6.76333333333333
Burkina Faso,2019,6.68833333333333
Burkina Faso,2020,6.5375
Burkina Faso,2021,6.25
Burundi,1991,12.7833333333333
Burundi,1992,13.6583333333333
Burundi,1993,13.7666666666667
Burundi,1994,14.2
Burundi,1995,15.2583333333333
Burundi,1998,15.4
Burundi,1999,15.2358333333333
Burundi,2000,15.77
Burundi,2001,16.8241666666667
Burundi,2002,19.4675
Burundi,2003,18.2308333333333
Burundi,2004,18.2541666666667
Burundi,2005,18.445
Burundi,2006,17.0725
Burundi,2007,16.8433333333333
Burundi,2008,16.5208333333333
Burundi,2009,14.0758333333333
Burundi,2010,12.42
Burundi,2011,13.2325
Burundi,2012,14.32
Burundi,2013,15.1475
Burundi,2014,15.6683333333333
Burundi,2015,15.3291666666667
Burundi,2016,14.2383333333333
Burundi,2017,14.7966666666667
Burundi,2018,14.7891666666667
Burundi,2019,14.5333333333333
Burundi,2020,12.195
Burundi,2021,12.8583333333333
Burundi,2022,11.7725
Burundi,2023,11.23
Cabo Verde,2006,10.8041599222222
Cabo Verde,2007,10.5510481523037
Cabo Verde,2008,9.98901352284578
Cabo Verde,2009,10.9766450308145
Cabo Verde,2010,11.0398987608935
Cabo Verde,2011,9.81080381518199
Cabo Verde,2012,9.90035884746327
Cabo Verde,2013,10.520099018866
Cabo Verde,2014,10.8937565287826
Cabo Verde,2015,10.4058225644922
Cabo Verde,2016,9.60664701973665
Cabo Verde,2017,9.48812259528097
Cabo Verde,2018,8.97292567041423
Cabo Verde,2019,9.14083475915223
Cabo Verde,2020,8.19451484269312
Cabo Verde,2021,7.61928566776367
Cabo Verde,2022,7.83172030290501
Cabo Verde,2023,7.52851505968319
Cabo Verde,2024,7.79052487582662
Canada,1991,9.9375
Canada,1992,7.47916666666666
Canada,1993,5.9375
Canada,1994,6.875
Canada,1995,8.64583333333333
Canada,1996,6.0625
Canada,1997,4.95833333333333
Canada,1998,6.60416666666666
Canada,1999,6.4375
Canada,2000,7.27083333333333
Canada,2001,5.8125
Canada,2002,4.20833333333333
Canada,2003,4.6875
Canada,2004,4.0
Canada,2005,4.41666666666666
Canada,2006,5.8125
Canada,2007,6.10416666666666
Canada,2008,4.72916666666666
Canada,2009,2.39583333333333
Canada,2010,2.60416666666666
Canada,2011,3.0
Canada,2012,3.0
Canada,2013,3.0
Canada,2014,3.0
Canada,2015,2.775
Canada,2016,2.7
Canada,2017,2.7
Chile,1991,28.5754178909029
Chile,1992,23.9705261388323
Chile,1993,24.3458278419053
Chile,1994,20.3396521773456
Chile,1995,18.1595558966591
Chile,1996,17.3678567329935
Chile,1997,15.670265400513
Chile,1998,20.1695011436128
Chile,1999,12.6231518368614
Chile,2000,14.8433912347788
Chile,2001,11.8910098561076
Chile,2002,7.75807289652374
Chile,2003,6.17877873086097
Chile,2004,5.12700362788107
Chile,2005,6.67787900981345
Chile,2006,7.99948207856605
Chile,2007,8.67125848644778
Chile,2008,13.2617713664149
Chile,2009,7.25063476884462
Chile,2010,4.75482680518702
Chile,2011,9.03015252269429
Chile,2012,10.0572624433615
Chile,2013,9.261876781921
Chile,2014,8.09805824839011
Chile,2015,5.51492732291402
Chile,2016,5.58839657725206
Chile,2017,4.55285507889072
Chile,2018,4.1780192502556
China,1991,8.64
China,1992,8.64
China,1993,10.98
China,1994,10.98
China,1995,12.06
China,1996,10.08
China,1997,8.64
China,1998,6.39
China,1999,5.85
China,2000,5.85
China,2001,5.85
China,2002,5.31
China,2003,5.31
China,2004,5.58
China,2005,5.58
China,2006,6.12
China,2007,7.47
China,2008,5.31
China,2009,5.31
China,2010,5.81
China,2011,6.56
China,2012,6.0
China,2013,6.0
China,2014,5.6
China,2015,4.35
China,2016,4.35
China,2017,4.35
China,2018,4.35
China,2019,4.35
China,2020,4.35
China,2021,4.35
China,2022,4.35
China,2023,4.35
China,2024,4.35
Colombia,1991,46.4206040955633
Colombia,1992,36.719343003413
Colombia,1993,35.276343003413
Colombia,1994,39.8573344709898
Colombia,1995,42.0760085324233
Colombia,1996,41.361895904437
Colombia,1997,33.7102201365188
Colombia,1998,41.6048583617748
Colombia,1999,29.4258003412969
Colombia,2000,18.7866666666666
Colombia,2001,20.72
Colombia,2002,16.3267983308287
Colombia,2003,15.1871011450879
Colombia,2004,15.0830567168883
Colombia,2005,14.5608333333333
Colombia,2006,12.893913084832
Colombia,2007,15.3818501011015
Colombia,2008,17.1756231436696
Colombia,2009,13.0080746033841
Colombia,2010,9.38148993683401
Colombia,2011,11.2199184470583
Colombia,2012,12.5850402049247
Colombia,2013,10.9855861710036
Colombia,2014,10.8673350376127
Colombia,2015,11.4499872575296
Colombia,2016,14.6454318106769
Colombia,2017,13.6858303184817
Colombia,2018,12.1148777449182
Colombia,2019,11.7690653821826
Colombia,2020,9.85052425129014
Colombia,2021,9.33784840910009
Colombia,2022,15.8075088706303
Colombia,2023,21.0306368304862
Colombia,2024,16.3744226380091
Comoros,1999,13.6666666666667
Comoros,2000,12.0
Comoros,2001,12.0
Comoros,2002,12.0
Comoros,2003,11.8333333333333
Comoros,2004,11.0
Comoros,2005,11.0
Comoros,2006,10.5
Comoros,2007,10.5
Comoros,2008,10.5
Comoros,2009,10.5
Comoros,2010,10.5
Comoros,2011,10.5
Comoros,2012,10.5
Comoros,2013,10.5
Comoros,2014,10.5
Comoros,2015,10.5
Comoros,2016,10.5
Comoros,2017,10.5
Comoros,2018,10.5
Comoros,2019,10.5
Comoros,2020,8.09375
Comoros,2021,7.875
Comoros,2022,8.03375
"Congo, Dem. Rep.",2006,46.4358333333333
"Congo, Dem. Rep.",2007,47.0010183333333
"Congo, Dem. Rep.",2008,43.1541666666667
"Congo, Dem. Rep.",2009,65.4175
"Congo, Dem. Rep.",2010,56.5183333333333
"Congo, Dem. Rep.",2011,43.75340275
"Congo, Dem. Rep.",2012,28.4466666666667
"Congo, Dem. Rep.",2013,19.3660119047619
"Congo, Dem. Rep.",2014,18.6925
"Congo, Dem. Rep.",2015,19.3708333333333
"Congo, Dem. Rep.",2016,19.0458333333333
"Congo, Dem. Rep.",2017,20.6208333333333
"Congo, Dem. Rep.",2018,24.7483333333333
"Congo, Dem. Rep.",2019,26.7358333333333
"Congo, Dem. Rep.",2020,25.9584937147496
"Congo, Dem. Rep.",2021,23.2857241932595
Costa Rica,1991,38.8758333333333
Costa Rica,1992,28.4608333333333
Costa Rica,1993,30.0208333333333
Costa Rica,1994,33.0258333333333
Costa Rica,1995,36.695
Costa Rica,1996,26.2741666666666
Costa Rica,1997,22.4766666666666
Costa Rica,1998,22.4733333333333
Costa Rica,1999,25.737
Costa Rica,2000,24.8891666666666
Costa Rica,2001,23.8327694441666
Costa Rica,2002,26.4166666666666
Costa Rica,2003,25.5833333333333
Costa Rica,2004,23.4255555555555
Costa Rica,2005,24.6558333333333
Costa Rica,2006,22.1883333333333
Costa Rica,2007,12.7983333333333
Costa Rica,2008,15.8275
Costa Rica,2009,19.7233333333333
Costa Rica,2010,17.0908333333333
Costa Rica,2011,16.1458333333333
Costa Rica,2012,18.2125
Costa Rica,2013,15.1883333333333
Costa Rica,2014,14.9030555555555
Costa Rica,2015,14.2333333333333
Costa Rica,2016,11.6386111111111
Costa Rica,2017,11.3651388888888
Costa Rica,2018,11.1232908801993
Costa Rica,2019,8.74614960993387
Costa Rica,2020,6.63808237583333
Costa Rica,2021,5.51221232
Costa Rica,2022,7.36085073166666
Costa Rica,2023,9.09653675666666
Costa Rica,2024,7.33487695166666
Cote d'Ivoire,2005,7.04916666666667
Cote d'Ivoire,2006,4.73666666666667
Cote d'Ivoire,2007,4.75166666666667
Cote d'Ivoire,2008,4.98416666666667
Cote d'Ivoire,2009,4.9775
Cote d'Ivoire,2010,5.11333333333333
Cote d'Ivoire,2011,5.25591666666667
Cote d'Ivoire,2012,5.03916666666667
Cote d'Ivoire,2013,5.2875
Cote d'Ivoire,2014,5.33833333333333
Cote d'Ivoire,2015,5.15416666666667
Cote d'Ivoire,2016,5.295
Croatia,1993,1443.60835833333
Croatia,1994,22.9108583333333
Croatia,1995,20.2433333333333
Croatia,1996,22.515
Croatia,1997,15.4675
Croatia,1998,15.7525
Croatia,1999,14.9441666666667
Croatia,2000,12.0733333333333
Croatia,2001,9.54916666666667
Croatia,2002,12.84
Croatia,2003,11.5766666666667
Croatia,2004,11.7452333333333
Croatia,2005,11.1911166666667
Croatia,2006,9.93333333333333
Croatia,2007,9.33083333333333
Croatia,2008,10.0691666666667
Croatia,2009,11.5541666666667
Croatia,2010,10.3766666666667
Croatia,2011,9.68416666666667
Croatia,2012,9.48083333333333
Croatia,2013,9.24666666666667
Croatia,2014,8.58
Czechia,1993,14.0708333333333
Czechia,1994,13.1183333333333
Czechia,1995,12.7991666666666
Czechia,1996,12.5441666666666
Czechia,1997,13.2041666666666
Czechia,1998,12.8071666666666
Czechia,1999,8.68416666666666
Czechia,2000,7.16225
Czechia,2001,7.19641666666666
Czechia,2002,6.72416666666666
Czechia,2003,5.94916666666666
Czechia,2004,6.0275
Czechia,2005,5.77666666666666
Czechia,2006,5.59366602166666
Czechia,2007,5.78837958370078
Czechia,2008,6.25170833333333
Czechia,2009,5.98995833333333
Czechia,2010,5.88783333333333
Czechia,2011,5.71783333333333
Czechia,2012,5.40672323724727
Czechia,2013,4.96989301373891
Czechia,2014,4.64490546444
Czechia,2015,4.28253332923937
Czechia,2016,3.9072462757748
Czechia,2017,3.58974364323778
Czechia,2018,3.5416158774108
Czechia,2019,3.68603218349691
Czechia,2020,3.34430704292427
Czechia,2021,3.20212533339961
Czechia,2022,4.22500917823384
Czechia,2023,4.68277500627328
Czechia,2024,4.71398151729159
Dominica,1991,11.2163014829247
Dominica,1992,11.5231698453901
Dominica,1993,11.9238245391238
Dominica,1994,11.6104913178286
Dominica,1995,11.5007436413857
Dominica,1996,11.4303325301194
Dominica,1997,11.1730597100208
Dominica,1998,11.2725600466202
Dominica,1999,11.3956730721677
Dominica,2000,11.6808005322677
Dominica,2001,11.1397494990693
Dominica,2002,10.9728957217648
Dominica,2003,11.5007049422952
Dominica,2004,8.94144093203256
Dominica,2005,9.91817590459821
Dominica,2006,9.50240122157026
Dominica,2007,9.16801247233373
Dominica,2008,9.06404638816547
Dominica,2009,10.0192940627615
Dominica,2010,9.45501398850831
Dominica,2011,8.84037965492993
Dominica,2012,9.04298186920945
Dominica,2013,9.07396001934441
Dominica,2014,8.93663314196024
Dominica,2015,8.66866666666666
Dominica,2016,8.2775
Dominica,2017,8.075
Dominica,2018,7.81221991666666
Dominica,2019,7.53996066666666
Dominica,2020,6.89907858333333
Dominica,2021,6.29791625
Dominica,2022,6.53699175
Dominica,2023,5.935577
Dominica,2024,5.83305675
Dominican Republic,1991,35.26
Dominican Republic,1992,28.34
Dominican Republic,1993,29.89
Dominican Republic,1994,28.68
Dominican Republic,1995,30.6825
Dominican Republic,1996,23.7341666666666
Dominican Republic,1997,21.0066666666666
Dominican Republic,1998,25.6425
Dominican Republic,1999,25.045
Dominican Republic,2000,26.7991666666666
Dominican Republic,2001,24.2633333333333
Dominican Republic,2002,26.055
Dominican Republic,2003,31.3916666666666
Dominican Republic,2004,32.6308333333333
Dominican Republic,2005,24.1091666666666
Dominican Republic,2006,19.475
Dominican Republic,2007,15.8275
Dominican Republic,2008,19.945
Dominican Republic,2009,18.1358333333333
Dominican Republic,2010,12.1366666666666
Dominican Republic,2011,15.55
Dominican Republic,2012,15.4825
Dominican Republic,2013,13.5914005366666
Dominican Republic,2014,13.9025
Dominican Republic,2015,14.8766666666666
Dominican Republic,2016,15.0841666666666
Dominican Republic,2017,13.91
Dominican Republic,2018,12.5337
Dominican Republic,2019,12.4867666666666
Dominican Republic,2020,10.9796416666666
Dominican Republic,2021,9.60830833333333
Dominican Republic,2022,11.85005
Dominican Republic,2023,14.4345416666666
Dominican Republic,2024,15.2531
"Egypt, Arab Rep.",1991,19.8466666666666
"Egypt, Arab Rep.",1992,20.3283333333333
"Egypt, Arab Rep.",1993,18.2975
"Egypt, Arab Rep.",1994,16.5125
"Egypt, Arab Rep.",1995,16.4708333333333
"Egypt, Arab Rep.",1996,15.5833333333333
"Egypt, Arab Rep.",1997,13.7916666666666
"Egypt, Arab Rep.",1998,13.0166666666666
"Egypt, Arab Rep.",1999,12.965
"Egypt, Arab Rep.",2000,13.2158333333333
"Egypt, Arab Rep.",2001,13.2916666666666
"Egypt, Arab Rep.",2002,13.7916666666666
"Egypt, Arab Rep.",2003,13.5333333333333
"Egypt, Arab Rep.",2004,13.375
"Egypt, Arab Rep.",2005,13.1416666666666
"Egypt, Arab Rep.",2006,12.6
"Egypt, Arab Rep.",2007,12.5083333333333
"Egypt, Arab Rep.",2008,12.325
"Egypt, Arab Rep.",2009,11.975
"Egypt, Arab Rep.",2010,11.0083333333333
"Egypt, Arab Rep.",2011,11.0333333333333
"Egypt, Arab Rep.",2012,12.0
"Egypt, Arab Rep.",2013,12.2916666666666
"Egypt, Arab Rep.",2014,11.7083333333333
"Egypt, Arab Rep.",2015,11.625
"Egypt, Arab Rep.",2016,13.6
"Egypt, Arab Rep.",2017,18.175
"Egypt, Arab Rep.",2018,18.3166666666666
"Egypt, Arab Rep.",2019,16.1166666666666
"Egypt, Arab Rep.",2020,11.3666666666666
"Egypt, Arab Rep.",2021,9.425
"Egypt, Arab Rep.",2022,10.5833333333333
"Egypt, Arab Rep.",2023,17.7583333333333
"Egypt, Arab Rep.",2024,24.2916666666666
Eswatini,1991,16.0166666666667
Eswatini,1992,15.9208333333333
Eswatini,1993,14.3458333333333
Eswatini,1994,14.25
Eswatini,1995,17.0541666666667
Eswatini,1996,18.6666666666667
Eswatini,1997,19.5
Eswatini,1998,19.5
Eswatini,1999,17.4166666666667
Eswatini,2000,14.0
Eswatini,2001,13.25
Eswatini,2002,15.25
Eswatini,2003,14.625
Eswatini,2004,11.2916666666667
Eswatini,2005,10.625
Eswatini,2006,11.1666666666667
Eswatini,2007,13.1666666666667
Eswatini,2008,14.8333333333333
Eswatini,2009,11.375
Eswatini,2010,9.75
Eswatini,2011,9.0
Eswatini,2012,8.75
Eswatini,2013,8.5
Eswatini,2014,8.625
Eswatini,2015,9.04166666666667
Eswatini,2016,10.25
Eswatini,2017,10.75
Eswatini,2018,10.3125
Eswatini,2019,10.125
Eswatini,2020,7.95833333333333
Eswatini,2021,7.25
Eswatini,2022,8.5
Eswatini,2023,10.8333333333333
Eswatini,2024,10.875
Ethiopia,1991,6.0
Ethiopia,1992,8.0
Ethiopia,1993,14.0
Ethiopia,1994,14.3333333333333
Ethiopia,1995,15.0833333333333
Ethiopia,1996,13.9166666666667
Ethiopia,1997,10.5
Ethiopia,1998,10.5
Ethiopia,1999,10.5816666666667
Ethiopia,2000,10.8916666666667
Ethiopia,2001,10.8651666666667
Ethiopia,2002,8.661
Ethiopia,2003,7.0
Ethiopia,2004,7.0
Ethiopia,2005,7.0
Ethiopia,2006,7.0
Ethiopia,2007,7.5
Ethiopia,2008,8.0
Fiji,1992,12.45
Fiji,1993,11.8891666666666
Fiji,1994,11.4416666666666
Fiji,1995,11.2375
Fiji,1996,11.1383333333333
Fiji,1997,11.0266666666666
Fiji,1998,9.63666666666666
Fiji,1999,8.76583333333333
Fiji,2000,8.3975
Fiji,2001,8.34457575862199
Fiji,2002,8.0525
Fiji,2003,7.60249694765339
Fiji,2004,7.16924874091492
Fiji,2005,6.77996099984963
Fiji,2006,7.34996258823935
Fiji,2007,9.00558733013559
Fiji,2008,7.99726954431673
Fiji,2009,7.85341601530874
Fiji,2010,7.48964734611671
Fiji,2011,7.46605819217571
Fiji,2012,7.00306444698517
Fiji,2013,6.10472546158863
Fiji,2014,5.76111099677945
Fiji,2015,5.78930050894162
Fiji,2016,5.8513236372606
Fiji,2017,5.7405109617929
Fiji,2018,5.67732659254776
Fiji,2019,6.02745671637929
Fiji,2020,6.18490255198124
Fiji,2021,5.94242130030892
Fiji,2022,5.43188908929797
Fiji,2023,4.97070088792201
Fiji,2024,4.56427488660837
"Gambia, The",1991,26.5
"Gambia, The",1992,26.75
"Gambia, The",1993,26.0833333333333
"Gambia, The",1994,25.0
"Gambia, The",1995,25.0416666666667
"Gambia, The",1996,25.5
"Gambia, The",1997,25.5
"Gambia, The",1998,25.375
"Gambia, The",1999,24.0
"Gambia, The",2000,24.0
"Gambia, The",2001,24.0
"Gambia, The",2002,24.0
"Gambia, The",2003,29.3333333333333
"Gambia, The",2004,36.5
"Gambia, The",2005,34.9166666666667
"Gambia, The",2006,29.75
"Gambia, The",2007,27.9166666666667
"Gambia, The",2008,27.0
"Gambia, The",2009,27.0
"Gambia, The",2010,27.0
"Gambia, The",2011,28.0
"Gambia, The",2012,28.0
"Gambia, The",2013,28.0
"Gambia, The",2014,28.5
"Gambia, The",2017,29.0
"Gambia, The",2018,28.0
"Gambia, The",2019,28.0
"Gambia, The",2020,28.0
"Gambia, The",2021,19.5
"Gambia, The",2022,19.0
"Gambia, The",2023,20.75
"Gambia, The",2024,22.0
Georgia,2003,23.755375
Georgia,2004,22.087125
Georgia,2005,17.5508916666667
Georgia,2006,17.0602583333333
Georgia,2007,17.0861166666667
Georgia,2008,18.0441333333333
Georgia,2009,17.8663166666667
Georgia,2010,15.845075
Georgia,2011,14.9951666666667
Georgia,2012,14.80845
Georgia,2013,13.5948916043986
Georgia,2014,11.9097117693843
Georgia,2015,12.4884754630803
Georgia,2016,12.6209166666667
Georgia,2017,11.4853833333333
Georgia,2018,11.1193916666667
Georgia,2019,10.8164
Georgia,2020,11.8008
Georgia,2021,12.5104916666667
Georgia,2022,13.655325
Georgia,2023,16.0082436245448
Georgia,2024,14.9367295752734
Grenada,1991,12.3019964706182
Grenada,1992,12.0231759977324
Grenada,1993,11.8323783953494
Grenada,1994,11.0280532690074
Grenada,1995,11.0753458564035
Grenada,1996,9.99198375522363
Grenada,1997,11.2359789946248
Grenada,1998,11.7324774335856
Grenada,1999,11.6211732253369
Grenada,2000,11.5991975555663
Grenada,2001,10.1867211949273
Grenada,2002,11.3092285846433
Grenada,2003,12.0482151558632
Grenada,2004,10.184842378691
Grenada,2005,10.0650792583996
Grenada,2006,9.85230165386714
Grenada,2007,9.75594317205468
Grenada,2008,9.52898492988282
Grenada,2009,10.9930534805853
Grenada,2010,10.5750130912526
Grenada,2011,10.6859790060702
Grenada,2012,9.72590000699411
Grenada,2013,9.27020682532407
Grenada,2014,9.18598040160867
Grenada,2015,8.96258333333333
Grenada,2016,8.635
Grenada,2017,8.3125
Grenada,2018,7.835705
Grenada,2019,7.57102791666667
Grenada,2020,6.83319808333333
Grenada,2021,6.5453035
Grenada,2022,6.438381
Grenada,2023,6.9300195
Grenada,2024,6.8868315
Guatemala,1997,18.6375
Guatemala,1998,16.5641666666667
Guatemala,1999,19.5116666666667
Guatemala,2000,20.8816666666667
Guatemala,2001,18.9575
Guatemala,2002,16.8641666666667
Guatemala,2003,14.9783333333333
Guatemala,2004,13.8108333333333
Guatemala,2005,13.0333333333333
Guatemala,2006,12.7625
Guatemala,2007,12.8366666666667
Guatemala,2008,13.3916666666667
Guatemala,2009,13.8491666666667
Guatemala,2010,13.3416666666667
Guatemala,2011,13.43
Guatemala,2012,13.4866666666667
Guatemala,2013,13.5975
Guatemala,2014,13.7733333333333
Guatemala,2015,13.2275
Guatemala,2016,13.1016666666667
Guatemala,2017,13.0541666666667
Guatemala,2018,12.9233333333333
Guatemala,2019,12.7408333333333
Guatemala,2020,12.5258333333333
Guatemala,2021,12.1875
Guatemala,2022,11.9233333333333
Guatemala,2023,11.9616666666667
Guatemala,2024,12.395
Guinea,1991,24.5
Guinea,1992,27.0
Guinea,1993,24.5
Guinea,1994,22.0
Guinea,1995,21.5
Guinea,1996,21.0
Guinea,1997,20.5
Guinea,1998,19.5625
Guinea,1999,19.875
Guinea,2000,19.375
Guinea,2001,12.875
Guinea-Bissau,2006,4.73666666666667
Guinea-Bissau,2007,4.75166666666667
Guinea-Bissau,2008,4.98416666666667
Guinea-Bissau,2009,4.9775
Guinea-Bissau,2010,5.11333333333333
Guinea-Bissau,2011,5.25591666666667
Guinea-Bissau,2012,5.03916666666667
Guinea-Bissau,2013,5.2875
Guinea-Bissau,2014,5.33833333333333
Guinea-Bissau,2015,5.15416666666667
Guinea-Bissau,2016,5.295
Guyana,1991,33.55
Guyana,1992,28.6875
Guyana,1993,19.3625
Guyana,1994,18.3608333333333
Guyana,1995,19.22
Guyana,1996,17.7933333333333
Guyana,1997,17.0441666666667
Guyana,1998,16.7675
Guyana,1999,17.1083333333333
Guyana,2000,17.3016666666667
Guyana,2001,17.0075
Guyana,2002,16.325
Guyana,2003,14.9919047619048
Guyana,2004,14.5416666666667
Guyana,2005,14.5408333333333
Guyana,2006,14.5409722222222
Guyana,2007,14.6108333333333
Guyana,2008,14.5825
Guyana,2009,14.5414083333333
Guyana,2010,14.5417
Guyana,2011,14.4514027777778
Guyana,2012,13.8611111111111
Guyana,2013,13.5
Guyana,2014,12.8333333333333
Guyana,2015,12.8333305555555
Guyana,2016,13.0
Guyana,2017,13.0
Guyana,2018,13.0
Guyana,2019,10.4791666666667
Guyana,2020,9.46527777777779
Guyana,2021,8.875
Guyana,2022,8.41666666666667
Guyana,2023,8.375
Guyana,2024,8.375
Haiti,1994,10.5
Haiti,1995,12.99375
Haiti,1996,20.08125
Haiti,1997,14.2625
Haiti,1998,15.75
Haiti,1999,15.09375
Haiti,2000,16.49375
Haiti,2001,17.85
Haiti,2002,17.9375
Haiti,2003,23.209375
Haiti,2004,25.2
Haiti,2005,23.2
Haiti,2006,26.3666666666667
Haiti,2007,23.0833333333333
Haiti,2008,17.8108333333333
Haiti,2009,17.3291666666667
Haiti,2010,17.4816666666667
Haiti,2011,11.61
Haiti,2012,8.93416666666667
Haiti,2013,8.7225
Haiti,2014,10.7733333333333
Haiti,2015,12.9233333333333
Haiti,2016,13.2325
Haiti,2017,12.7491666666667
Haiti,2018,13.1025
Haiti,2019,14.1216666666667
Haiti,2020,14.6341666666667
Haiti,2021,13.3475
Haiti,2022,13.12
Haiti,2023,14.2141666666667
Honduras,1991,21.875
Honduras,1992,21.6833333333333
Honduras,1993,22.0583333333333
Honduras,1994,24.675
Honduras,1995,26.95
Honduras,1996,29.7416666666667
Honduras,1997,32.0666666666667
Honduras,1998,30.6925
Honduras,1999,30.1525
Honduras,2000,26.8241666666667
Honduras,2001,23.7641666666667
Honduras,2002,22.6914278141648
Honduras,2003,20.804133607232
Honduras,2004,19.8764001803099
Honduras,2005,18.8310833333333
Honduras,2006,17.4366666666667
Honduras,2007,16.605
Honduras,2008,17.9366666666667
Honduras,2009,19.445
Honduras,2010,18.8646641666667
Honduras,2011,18.5575316666667
Honduras,2012,18.4506991666667
Honduras,2013,20.0808666666667
Honduras,2014,20.6122183333333
Honduras,2015,20.6575666666667
Honduras,2016,19.3319391666667
Honduras,2017,19.2586933333333
Honduras,2018,17.8041666666667
Honduras,2019,17.3391666666667
Honduras,2020,17.0091666666667
Honduras,2021,15.9658333333333
Honduras,2022,14.6070354831009
Honduras,2023,14.3986403668225
Honduras,2024,15.9990681802525
"Hong Kong SAR, China",1991,9.41666666666667
"Hong Kong SAR, China",1992,7.33333333333333
"Hong Kong SAR, China",1993,6.5
"Hong Kong SAR, China",1994,7.375
"Hong Kong SAR, China",1995,8.89583333333334
"Hong Kong SAR, China",1996,8.52083333333333
"Hong Kong SAR, China",1997,8.89583333333333
"Hong Kong SAR, China",1998,9.89583333333334
"Hong Kong SAR, China",1999,8.5
"Hong Kong SAR, China",2000,9.27083333333333
"Hong Kong SAR, China",2001,6.84375
"Hong Kong SAR, China",2002,5.10416666666667
"Hong Kong SAR, China",2003,5.0
"Hong Kong SAR, China",2004,5.02083333333333
"Hong Kong SAR, China",2005,6.20833333333333
"Hong Kong SAR, China",2006,7.91666666666667
"Hong Kong SAR, China",2007,7.5625
"Hong Kong SAR, China",2008,5.3125
"Hong Kong SAR, China",2009,5.0
"Hong Kong SAR, China",2010,5.0
"Hong Kong SAR, China",2011,5.0
"Hong Kong SAR, China",2012,5.0
"Hong Kong SAR, China",2013,5.0
"Hong Kong SAR, China",2014,5.0
"Hong Kong SAR, China",2015,5.0
"Hong Kong SAR, China",2016,5.0
"Hong Kong SAR, China",2017,5.0
"Hong Kong SAR, China",2018,5.04166666666667
"Hong Kong SAR, China",2019,5.10416666666667
"Hong Kong SAR, China",2020,5.0
"Hong Kong SAR, China",2021,5.0
"Hong Kong SAR, China",2022,5.10416666666667
"Hong Kong SAR, China",2023,5.77083333333333
"Hong Kong SAR, China",2024,5.73958333333333
Hungary,1991,35.1526166383178
Hungary,1992,33.05
Hungary,1993,25.425
Hungary,1994,27.4
Hungary,1995,32.6083333333333
Hungary,1996,27.3083333333333
Hungary,1997,21.7666666666667
Hungary,1998,19.275
Hungary,1999,16.3416666666667
Hungary,2000,12.6
Hungary,2001,12.1166666666667
Hungary,2002,10.1688765035317
Hungary,2003,9.60342391546246
Hungary,2004,12.8245260157791
Hungary,2005,8.54094532697993
Hungary,2006,8.07941498799324
Hungary,2007,9.08594749573091
Hungary,2008,10.1816677384355
Hungary,2009,11.036862215741
Hungary,2010,7.58692511347841
Hungary,2011,8.32038166635833
Hungary,2012,9.00154451059167
Hungary,2013,6.30391235390834
Hungary,2014,4.44753432715834
Hungary,2015,2.90249069046667
Hungary,2016,2.08907111213333
Hungary,2017,1.48114342166667
Hungary,2018,1.47096759300833
Hungary,2019,1.79243378790833
Hungary,2020,1.95768913324167
Hungary,2021,2.9645376181
Hungary,2022,10.6554314535917
Hungary,2023,15.3020823180167
Hungary,2024,9.12671515640833
Iceland,1991,17.5166666666667
Iceland,1992,13.05
Iceland,1993,14.1083333333333
Iceland,1994,10.5666666666667
Iceland,1995,11.5833333333333
Iceland,1996,12.4333333333333
Iceland,1997,12.8916666666667
Iceland,1998,12.7833333333333
Iceland,1999,13.3
Iceland,2000,16.8
Iceland,2001,17.95
Iceland,2002,15.3666666666667
Iceland,2003,11.95
Iceland,2004,12.0166666666667
Iceland,2005,14.7775286625066
Iceland,2006,17.9089798240678
Iceland,2007,19.2908142790323
Iceland,2008,20.1461747797644
Iceland,2009,18.9876587233745
Iceland,2010,10.2570286966844
Iceland,2011,7.69807247344557
Iceland,2012,8.3243387717752
Iceland,2013,8.15166666666667
Iceland,2014,7.7425
Iceland,2015,7.61
Iceland,2016,8.23666666666667
Iceland,2017,7.25583333333333
Iceland,2018,6.955
Iceland,2019,6.95
Iceland,2020,5.75871241217229
Iceland,2021,5.40415749831761
Iceland,2022,7.59730075370325
Iceland,2023,11.5309721139305
Iceland,2024,12.4573766403134
India,1991,17.875
India,1992,18.9166666666667
India,1993,16.25
India,1994,14.75
India,1995,15.4583333333333
India,1996,15.9583333333333
India,1997,13.8333333333333
India,1998,13.5416666666667
India,1999,12.5416666666667
India,2000,12.2916666666667
India,2001,12.0833333333333
India,2002,11.9166666666667
India,2003,11.4583333333333
India,2004,10.9166666666667
India,2005,10.75
India,2006,11.1875
India,2007,13.0208333333333
India,2008,13.3125
India,2009,12.1875
India,2010,8.33335
India,2011,10.1666666666667
India,2012,10.6041666666667
India,2013,10.2916666666667
India,2014,10.25
India,2015,10.0083333333333
India,2016,9.6725
India,2017,9.50833333333333
India,2018,9.45416666666667
India,2019,9.46625
India,2020,9.15
India,2021,8.69833333333333
India,2022,8.56714285714286
Indonesia,1991,25.5333333333333
Indonesia,1992,24.0333333333333
Indonesia,1993,20.5866666666667
Indonesia,1994,17.76
Indonesia,1995,18.8516666666667
Indonesia,1996,19.2175
Indonesia,1997,21.8175
Indonesia,1998,32.1541666666667
Indonesia,1999,27.6625
Indonesia,2000,18.455
Indonesia,2001,18.5475
Indonesia,2002,18.945
Indonesia,2003,16.935
Indonesia,2004,14.1241666666667
Indonesia,2005,14.0508333333333
Indonesia,2006,15.9791666666667
Indonesia,2007,13.8616666666667
Indonesia,2008,13.5983333333333
Indonesia,2009,14.4983333333333
Indonesia,2010,13.2516666666667
Indonesia,2011,12.4033333333333
Indonesia,2012,11.795
Indonesia,2013,11.6575
Indonesia,2014,12.605
Indonesia,2015,12.6625
Indonesia,2016,11.8883333333333
Indonesia,2017,11.0733333333333
Indonesia,2018,10.5366666666667
Indonesia,2019,10.3658333333333
Indonesia,2020,9.54416666666667
Indonesia,2021,8.9225
Indonesia,2022,8.52
Indonesia,2023,8.92666666666667
Indonesia,2024,8.79568784927158
"Iran, Islamic Rep.",2004,16.65
"Iran, Islamic Rep.",2005,16.0
"Iran, Islamic Rep.",2006,14.0
"Iran, Islamic Rep.",2007,12.0
"Iran, Islamic Rep.",2008,12.0
"Iran, Islamic Rep.",2009,12.0
"Iran, Islamic Rep.",2010,12.0
"Iran, Islamic Rep.",2011,11.0
"Iran, Islamic Rep.",2012,11.0
"Iran, Islamic Rep.",2013,11.0
"Iran, Islamic Rep.",2014,14.0
"Iran, Islamic Rep.",2015,14.21
"Iran, Islamic Rep.",2016,18.0
Iraq,2004,13.2675
Iraq,2005,13.4166666666667
Iraq,2006,14.375
Iraq,2007,18.7833333333333
Iraq,2008,19.215
Iraq,2009,16.1558333333333
Iraq,2010,14.3458333333333
Iraq,2011,14.1308333333333
Iraq,2012,13.8675
Iraq,2013,13.575
Iraq,2014,12.6033333333333
Iraq,2015,12.2925
Israel,2013,4.4176971883925
Israel,2014,3.90743164221445
Israel,2015,3.45940579970678
Israel,2016,3.42015574375788
Israel,2017,3.49731030066808
Israel,2018,3.47760649522146
Israel,2019,3.53355862696966
Israel,2020,3.30802353223165
Israel,2021,3.1007500688235
Israel,2022,2.95817645390829
Italy,1991,14.6664166666667
Italy,1992,16.5239166666667
Italy,1993,14.6278333333333
Italy,1994,11.9838333333333
Italy,1995,13.236
Italy,1996,12.8183333333333
Italy,1997,10.5094833333333
Italy,1998,8.64310833333333
Italy,1999,6.345525
Italy,2000,7.02274166666667
Italy,2001,7.28775
Italy,2002,6.53650833333333
Italy,2003,5.83035
Italy,2004,5.50616666666667
Italy,2005,5.313935
Italy,2006,5.62177916666667
Italy,2007,6.3347
Italy,2008,6.83731
Italy,2009,4.75666666666667
Italy,2010,4.03166666666667
Italy,2011,4.59916666666667
Italy,2012,5.2225
Italy,2013,5.14416666666667
Italy,2014,4.86666666666667
Italy,2015,4.12925
Italy,2016,3.49616666666667
Italy,2017,3.00083333333333
Italy,2018,2.68
Italy,2019,2.6025
Italy,2020,2.32833333333333
Italy,2021,2.02591666666667
Italy,2022,2.264455
Italy,2023,4.89248125
Italy,2024,5.25244583333333
Jamaica,1991,31.5091666666667
Jamaica,1992,44.8125
Jamaica,1993,43.7116666666667
Jamaica,1994,49.4575
Jamaica,1995,43.5766666666666
Jamaica,1996,39.8341666666666
Jamaica,1997,32.8641666666667
Jamaica,1998,31.5875
Jamaica,1999,27.005
Jamaica,2000,23.3483333333333
Jamaica,2001,20.6075
Jamaica,2002,18.5016666666667
Jamaica,2003,18.8866666666667
Jamaica,2004,18.1375
Jamaica,2005,17.3608333333333
Jamaica,2006,17.6425
Jamaica,2007,17.1975
Jamaica,2008,16.8258333333333
Jamaica,2009,16.4320115952232
Jamaica,2010,20.4544535988841
Jamaica,2011,19.5092792933096
Jamaica,2012,17.6282722449123
Jamaica,2013,17.7164575640672
Jamaica,2014,17.2170086447286
Jamaica,2015,16.9765058224301
Jamaica,2016,16.4885271204668
Jamaica,2017,14.9051219370492
Jamaica,2018,14.0940737331496
Jamaica,2019,12.9984552678412
Jamaica,2020,12.0613787623239
Jamaica,2021,11.4933333333333
Jamaica,2022,11.405
Jamaica,2023,11.6516666666667
Jamaica,2024,11.9964329707509
Japan,1993,4.86355555555555
Japan,1994,4.13341666666667
Japan,1995,3.50583333333333
Japan,1996,2.65758333333333
Japan,1997,2.44883333333333
Japan,1998,2.32091666666667
Japan,1999,2.16083333333333
Japan,2000,2.06716666666667
Japan,2001,1.96941666666667
Japan,2002,1.86491666666667
Japan,2003,1.82208333333333
Japan,2004,1.76658333333333
Japan,2005,1.67691666666667
Japan,2006,1.66483333333333
Japan,2007,1.88325
Japan,2008,1.9095
Japan,2009,1.72333333333333
Japan,2010,1.59833333333333
Japan,2011,1.50091666666667
Japan,2012,1.4075
Japan,2013,1.30375
Japan,2014,1.21916666666667
Japan,2015,1.14283333333333
Japan,2016,1.04475
Japan,2017,0.994
Jordan,1997,12.34
Jordan,1998,12.6091666666667
Jordan,1999,12.3258333333333
Jordan,2000,11.7991666666667
Jordan,2001,10.9358333333333
Jordan,2002,10.1791666666667
Jordan,2003,9.29666666666667
Jordan,2004,8.25666666666667
Jordan,2005,7.60666666666667
Jordan,2006,8.17833333333333
Jordan,2007,8.67666666666667
Jordan,2008,9.0275
Jordan,2009,9.24666666666667
Jordan,2010,9.02416666666667
Jordan,2011,8.71333333333333
Jordan,2012,8.78083333333333
Jordan,2013,9.01
Jordan,2014,8.99
Jordan,2015,8.47666666666667
Jordan,2016,8.115
Jordan,2017,8.39333333333333
Jordan,2018,8.66166666666667
Jordan,2019,8.665
Jordan,2020,7.48083333333333
Jordan,2021,7.01583333333333
Jordan,2022,7.36833333333333
Jordan,2023,8.97833333333333
Jordan,2024,8.48
Kenya,1991,18.9975
Kenya,1992,21.0675
Kenya,1993,29.9891666666667
Kenya,1994,36.24
Kenya,1995,28.7958333333333
Kenya,1996,33.7866666666667
Kenya,1997,30.245
Kenya,1998,29.49
Kenya,1999,22.38
Kenya,2000,22.3391666666667
Kenya,2001,19.6658333333333
Kenya,2002,18.4533333333333
Kenya,2003,16.5733333333333
Kenya,2004,12.5316666666667
Kenya,2005,12.8825
Kenya,2006,13.6355339080567
Kenya,2007,13.340343675809
Kenya,2008,14.0169393773033
Kenya,2009,14.8045412422178
Kenya,2010,14.3715
Kenya,2011,15.0467599904394
Kenya,2012,19.7234066533954
Kenya,2013,17.3134576914047
Kenya,2014,16.5139307062948
Kenya,2015,16.086613785739
Kenya,2016,16.5596306460545
Kenya,2017,13.6675725164372
Kenya,2018,13.0607588353757
Kenya,2019,12.4411328875146
Kenya,2020,11.9957846171539
Kenya,2021,12.0799983467507
Kenya,2022,12.3358409030593
Kenya,2023,13.588501716128
Kenya,2024,16.5931072517574
"Korea, Rep.",1996,11.065
"Korea, Rep.",1997,11.8766666666667
"Korea, Rep.",1998,15.2791666666667
"Korea, Rep.",1999,9.39583333333333
"Korea, Rep.",2000,8.545
"Korea, Rep.",2001,7.70833333333333
"Korea, Rep.",2002,6.76916666666667
"Korea, Rep.",2003,6.23666666666667
"Korea, Rep.",2004,5.90416666666667
"Korea, Rep.",2005,5.59333333333333
"Korea, Rep.",2006,5.9875
"Korea, Rep.",2007,6.55166666666667
"Korea, Rep.",2008,7.16833333333333
"Korea, Rep.",2009,5.64916666666667
"Korea, Rep.",2010,5.51166666666667
"Korea, Rep.",2011,5.7575
"Korea, Rep.",2012,5.39583333333333
"Korea, Rep.",2013,4.64333333333333
"Korea, Rep.",2014,4.26333333333333
"Korea, Rep.",2015,3.53333333333333
"Korea, Rep.",2016,3.3675
"Korea, Rep.",2017,3.47666666666666
"Korea, Rep.",2018,3.6625
"Korea, Rep.",2019,3.44583333333333
"Korea, Rep.",2020,2.80166666666667
"Korea, Rep.",2021,2.88416666666667
"Korea, Rep.",2022,4.2925
"Korea, Rep.",2023,5.18916666666667
"Korea, Rep.",2024,4.72666666666667
Kosovo,2004,14.7883458536289
Kosovo,2005,14.4213906366274
Kosovo,2006,14.4943726228665
Kosovo,2007,14.5738707277441
Kosovo,2008,14.8333562686325
Kosovo,2009,14.3897652181858
Kosovo,2010,14.3658333333333
Kosovo,2011,13.775
Kosovo,2012,12.6658333333333
Kosovo,2013,11.82
Kosovo,2014,10.615
Kosovo,2015,8.32
Kosovo,2016,7.4468
Kosovo,2017,6.8327
Kosovo,2018,6.65405833333333
Kuwait,1991,8.6125
Kuwait,1992,7.995
Kuwait,1993,7.95333333333333
Kuwait,1994,7.60833333333333
Kuwait,1995,8.36916666666667
Kuwait,1996,8.77083333333334
Kuwait,1997,8.79666666666667
Kuwait,1998,8.93333333333333
Kuwait,1999,8.56166666666667
Kuwait,2000,8.86666666666667
Kuwait,2001,7.884275
Kuwait,2002,6.48220833333333
Kuwait,2003,5.41685833333333
Kuwait,2004,5.63663333333333
Kuwait,2005,7.49825833333333
Kuwait,2006,8.57895
Kuwait,2007,8.53628333333334
Kuwait,2008,7.61299166666667
Kuwait,2009,6.157775
Kuwait,2010,5.42165833333334
Kuwait,2011,5.19309166666667
Kuwait,2012,4.98379166666667
Kuwait,2013,4.56130833333333
Kuwait,2014,4.26845
Kuwait,2015,4.2949
Kuwait,2016,4.47658333333333
Kuwait,2017,4.69493333333333
Kuwait,2018,4.827
Kuwait,2019,4.8111
Kuwait,2020,4.13990833333333
Kuwait,2021,3.70596666666667
Kuwait,2022,3.912775
Kuwait,2023,4.92779166666667
Kuwait,2024,5.17131666666667
Kyrgyz Republic,1996,62.5759247648902
Kyrgyz Republic,1997,63.231368861024
Kyrgyz Republic,1998,56.9336572622779
Kyrgyz Republic,1999,59.0114315569488
Kyrgyz Republic,2000,56.4730303030303
Kyrgyz Republic,2001,40.0918808777429
Kyrgyz Republic,2002,35.8884535005225
Kyrgyz Republic,2003,24.0508359456635
Kyrgyz Republic,2004,23.3423898004309
Kyrgyz Republic,2005,21.4988225662995
Kyrgyz Republic,2006,23.0722114342722
Kyrgyz Republic,2007,23.2185739270376
Kyrgyz Republic,2008,25.9058333333333
Kyrgyz Republic,2009,26.6529960866008
Kyrgyz Republic,2010,23.7199692393219
Kyrgyz Republic,2011,23.7789112384906
Kyrgyz Republic,2012,22.9963340905902
Kyrgyz Republic,2013,21.3243111079534
Kyrgyz Republic,2014,20.1335217758898
Kyrgyz Republic,2015,23.6301125786122
Kyrgyz Republic,2016,24.5318680766991
Kyrgyz Republic,2017,19.8191860496034
Kyrgyz Republic,2018,19.5131820149386
Kyrgyz Republic,2019,18.9967536717482
Kyrgyz Republic,2020,17.0357659286485
Kyrgyz Republic,2021,16.6226604984585
Kyrgyz Republic,2022,18.6649646194159
Kyrgyz Republic,2023,19.1058652071561
Kyrgyz Republic,2024,19.783640031297
Lao PDR,1991,26.0
Lao PDR,1992,26.0
Lao PDR,1993,25.33
Lao PDR,1994,24.0
Lao PDR,1995,25.67
Lao PDR,1996,27.0
Lao PDR,1998,29.2783333333333
Lao PDR,1999,32.0
Lao PDR,2000,32.0
Lao PDR,2001,26.1666666666667
Lao PDR,2002,29.3333333333333
Lao PDR,2003,30.5
Lao PDR,2004,29.25
Lao PDR,2005,26.8333333333333
Lao PDR,2006,30.0
Lao PDR,2007,28.5
Lao PDR,2008,24.0
Lao PDR,2009,24.775
Lao PDR,2010,22.6125
Lebanon,1991,38.0108333333333
Lebanon,1992,40.2058333333333
Lebanon,1993,28.5283333333333
Lebanon,1994,23.8841666666667
Lebanon,1995,24.6908333333333
Lebanon,1996,25.2083333333333
Lebanon,1997,20.29
Lebanon,1999,19.4783333333333
Lebanon,2000,18.1508333333333
Lebanon,2001,17.1891666666667
Lebanon,2002,16.5825
Lebanon,2003,13.4316666666667
Lebanon,2004,10.8083333333333
Lebanon,2005,10.64
Lebanon,2006,10.26
Lebanon,2007,10.2558333333333
Lebanon,2008,9.96416666666667
Lebanon,2009,9.56833333333334
Lebanon,2010,8.33666666666667
Lebanon,2011,7.5275
Lebanon,2012,7.24916666666667
Lebanon,2013,7.34833333333334
Lebanon,2014,7.27416666666667
Lebanon,2015,7.09083333333333
Lebanon,2016,8.35083333333333
Lebanon,2017,8.29333333333333
Lebanon,2018,9.095
Lebanon,2019,10.5133333333333
Lesotho,1991,20.0
Lesotho,1992,18.25
Lesotho,1993,15.8333333333333
Lesotho,1994,14.25
Lesotho,1995,16.375
Lesotho,1996,17.7083333333333
Lesotho,1997,18.0333333333333
Lesotho,1998,20.0625
Lesotho,1999,19.0625
Lesotho,2000,17.1116666666667
Lesotho,2001,16.5541666666667
Lesotho,2002,17.11
Lesotho,2003,16.015
Lesotho,2004,12.375
Lesotho,2005,11.7166666666667
Lesotho,2006,12.1608333333333
Lesotho,2007,14.1316666666667
Lesotho,2008,16.1869444444444
Lesotho,2009,13.0
Lesotho,2010,11.2225
Lesotho,2011,10.4291666666667
Lesotho,2012,10.1191666666667
Lesotho,2013,9.92
Lesotho,2014,10.3394444444444
Lesotho,2015,10.57
Lesotho,2016,11.5758333333333
Lesotho,2017,11.5808333333333
Lesotho,2018,11.3541666666667
Lesotho,2019,11.3335833333333
Lesotho,2020,8.97555555555556
Lesotho,2021,8.20875
Lesotho,2022,8.984375
Lesotho,2023,11.0833333333333
Lesotho,2024,11.2083333333333
Liberia,1991,14.0333333333333
Liberia,1992,15.05
Liberia,1994,14.525
Liberia,1995,15.5666666666667
Liberia,1996,15.3
Liberia,1997,16.825
Liberia,1998,21.7383333333333
Liberia,1999,16.7191666666667
Liberia,2000,20.5266666666667
Liberia,2001,22.14
Liberia,2002,20.205
Liberia,2003,17.0566666666667
Liberia,2004,18.0952325038288
Liberia,2005,17.0333333333333
Liberia,2006,15.5025
Liberia,2007,15.0461512347723
Liberia,2008,14.3980288602552
Liberia,2009,14.1866666666667
Liberia,2010,14.2425
Liberia,2011,13.7508333333333
Liberia,2012,13.5183333333333
Liberia,2013,13.4893929815199
Liberia,2014,13.5016666666667
Liberia,2015,13.6066666666667
Liberia,2016,13.59
Liberia,2017,13.2501851851852
Libya,1991,7.0
Libya,1992,7.0
Libya,1993,7.0
Libya,1999,7.0
Libya,2000,7.0
Libya,2001,7.0
Libya,2002,7.0
Libya,2003,7.0
Libya,2004,6.08333333333333
Libya,2005,6.125
Libya,2006,6.33333333333333
Libya,2007,6.0
Libya,2008,6.0
Libya,2009,6.0
Libya,2010,6.0
Libya,2011,6.0
Libya,2012,6.0
Libya,2013,6.0
Libya,2014,6.0
"Macao SAR, China",1991,9.41666666666667
"Macao SAR, China",1992,7.25
"Macao SAR, China",1993,6.5
"Macao SAR, China",1994,7.95335833333333
"Macao SAR, China",1995,9.90186666666667
"Macao SAR, China",1996,9.55708333333333
"Macao SAR, China",1997,9.7267
"Macao SAR, China",1998,10.973125
"Macao SAR, China",1999,9.45675
"Macao SAR, China",2000,9.890125
"Macao SAR, China",2001,7.98856666666666
"Macao SAR, China",2002,6.10786290322581
"Macao SAR, China",2003,6.0
"Macao SAR, China",2004,6.01209677419355
"Macao SAR, China",2005,7.04771505376344
"Macao SAR, China",2006,8.75943635818504
"Macao SAR, China",2007,7.80848392995919
"Macao SAR, China",2008,5.42666666666667
"Macao SAR, China",2009,5.25
"Macao SAR, China",2010,5.25
"Macao SAR, China",2011,5.25
"Macao SAR, China",2012,5.25
"Macao SAR, China",2013,5.25
"Macao SAR, China",2014,5.25
"Macao SAR, China",2015,5.25
"Macao SAR, China",2016,5.25
"Macao SAR, China",2017,5.25
"Macao SAR, China",2018,5.29146661101172
"Macao SAR, China",2019,5.35664740505193
"Macao SAR, China",2020,5.26109735335453
"Macao SAR, China",2021,5.26037313818147
"Macao SAR, China",2022,5.34309825057094
"Macao SAR, China",2023,6.00960180074487
"Macao SAR, China",2024,6.01747975323522
Madagascar,1991,25.475
Madagascar,1992,25.0
Madagascar,1993,25.65
Madagascar,1994,28.2777777777778
Madagascar,1995,34.7541666666667
Madagascar,1996,35.5
Madagascar,1997,30.3333333333333
Madagascar,1998,27.0
Madagascar,1999,27.25
Madagascar,2000,26.875
Madagascar,2001,25.5
Madagascar,2002,25.25
Madagascar,2003,24.25
Madagascar,2004,24.5625
Madagascar,2005,25.875
Madagascar,2006,28.15
Madagascar,2007,40.275
Madagascar,2008,44.0
Madagascar,2009,44.6191666666667
Madagascar,2010,46.0
Madagascar,2011,52.5
Madagascar,2012,56.125
Madagascar,2013,58.98
Madagascar,2014,60.0
Madagascar,2015,56.7166666666667
Madagascar,2016,60.0
Madagascar,2017,60.0
Madagascar,2018,55.3895833333333
Madagascar,2019,49.0
Madagascar,2020,48.8666666666667
Madagascar,2021,48.2833333333333
Madagascar,2022,48.8333333333333
Madagascar,2023,53.5833333333333
Madagascar,2024,60.0
Malawi,1991,20.0
Malawi,1992,22.0
Malawi,1993,29.5
Malawi,1994,31.0
Malawi,1995,47.3333333333333
Malawi,1996,45.3333333333333
Malawi,1997,28.25
Malawi,1998,37.6666666666667
Malawi,1999,53.5833333333333
Malawi,2000,53.125
Malawi,2001,56.1666666666667
Malawi,2002,50.5416666666667
Malawi,2003,48.9166666666667
Malawi,2004,36.8333333333333
Malawi,2005,33.0833333333333
Malawi,2006,32.25
Malawi,2007,27.7152777777778
Malawi,2008,25.2777777777778
Malawi,2009,25.25
Malawi,2010,24.625
Malawi,2011,23.75
Malawi,2012,32.3298611111111
Malawi,2013,46.0111742424242
Malawi,2014,44.2895833333333
Malawi,2015,44.3872159083333
Malawi,2016,44.1120833333334
Malawi,2017,38.5929166666667
Malawi,2018,32.29
Malawi,2019,25.6743055555555
Malawi,2020,24.2162962962963
Malawi,2021,23.88125
Malawi,2022,25.3516666666667
Malawi,2023,33.5477083333333
Malawi,2024,37.0641666666667
Malaysia,1991,9.3475
Malaysia,1992,10.1616666666667
Malaysia,1993,10.0308333333333
Malaysia,1994,8.76416666666666
Malaysia,1995,8.73
Malaysia,1996,9.94333333333333
Malaysia,1997,10.6283333333333
Malaysia,1998,12.1341666666667
Malaysia,1999,8.56333333333333
Malaysia,2000,7.67333333333333
Malaysia,2001,7.12666666666667
Malaysia,2002,6.52833333333334
Malaysia,2003,6.30083333333333
Malaysia,2004,6.04583333333333
Malaysia,2005,5.9525
Malaysia,2006,6.48583333333333
Malaysia,2007,6.40916666666667
Malaysia,2008,6.08
Malaysia,2009,5.08416666666666
Malaysia,2010,5.0
Malaysia,2011,4.915
Malaysia,2012,4.78583333333333
Malaysia,2013,4.6498
Malaysia,2014,4.587025
Malaysia,2015,4.565375
Malaysia,2016,4.53106666666667
Malaysia,2017,4.60807808641975
Malaysia,2018,4.92844038461538
Malaysia,2019,4.87689294871795
Malaysia,2020,3.94420769234615
Malaysia,2021,3.44410640384615
Malaysia,2022,3.90802666666667
Malaysia,2023,5.31737500641025
Malaysia,2024,5.282681
Maldives,1995,10.9881428571429
Maldives,1996,10.9881428571429
Maldives,1997,10.9881428571429
Maldives,1998,10.9881428571429
Maldives,1999,9.15678571428571
Maldives,2000,9.52305714285714
Maldives,2001,9.52305714285714
Maldives,2002,9.91985119047619
Maldives,2003,10.2556
Maldives,2004,10.2556
Maldives,2005,10.2556
Maldives,2006,10.2556
Maldives,2007,10.2556
Maldives,2008,10.2556
Maldives,2009,10.2556
Maldives,2010,10.37605
Maldives,2011,10.1972219467061
Maldives,2012,10.4838045042368
Maldives,2013,11.141907371532
Maldives,2014,11.4174465598427
Maldives,2015,11.1012463363068
Maldives,2016,10.7647511442635
Maldives,2017,10.1536636807209
Maldives,2018,10.6767228850732
Maldives,2019,11.5226357918998
Maldives,2020,11.6002303232237
Maldives,2021,11.5654610099458
Maldives,2022,10.9287065068347
Maldives,2023,11.6818372301607
Maldives,2024,11.550446525913
Mali,2005,8.67916666666667
Mali,2006,4.73666666666667
Mali,2007,4.75166666666667
Mali,2008,4.98416666666667
Mali,2009,4.9775
Mali,2010,5.11333333333333
Mali,2011,5.25591666666667
Mali,2012,5.03916666666667
Mali,2013,5.2875
Mali,2014,5.33833333333333
Mali,2015,5.15416666666667
Mali,2016,5.295
Malta,1995,7.3775
Malta,1996,7.76666666666667
Malta,1997,7.99166666666667
Malta,1998,8.085
Malta,1999,7.69916666666667
Malta,2000,7.27583333333333
Malta,2001,6.89833333333333
Malta,2002,6.03833333333333
Malta,2003,5.85
Malta,2004,5.32416666666667
Malta,2005,5.50833333333333
Malta,2006,5.65416666666667
Malta,2007,6.23833333333333
Malta,2008,5.88833333333333
Malta,2009,4.47083333333333
Malta,2010,4.6
Malta,2011,4.74583333333333
Malta,2012,4.7025
Malta,2013,4.705
Mauritania,1991,10.0
Mauritania,1992,15.8333333333333
Mauritania,1993,17.5833333333333
Mauritania,1994,18.1666666666667
Mauritania,1995,20.3333333333333
Mauritania,1996,22.0
Mauritania,1997,22.0
Mauritania,1998,25.5
Mauritania,1999,28.0
Mauritania,2000,25.5833333333333
Mauritania,2001,22.5
Mauritania,2002,21.0
Mauritania,2003,21.0
Mauritania,2004,21.0
Mauritania,2005,23.0833333333333
Mauritania,2006,24.0
Mauritania,2007,23.5
Mauritania,2008,20.3333333333333
Mauritania,2009,19.5
Mauritania,2010,17.0
Mauritania,2011,17.0
Mauritania,2012,17.0
Mauritania,2013,17.0
Mauritania,2014,17.0
Mauritania,2015,17.0
Mauritania,2016,17.0
Mauritania,2017,17.0
Mauritius,1991,17.75
Mauritius,1992,17.125
Mauritius,1993,16.5833333333333
Mauritius,1994,18.9166666666667
Mauritius,1995,20.8125
Mauritius,1996,20.8125
Mauritius,1997,18.9166666666667
Mauritius,1998,19.9166666666667
Mauritius,1999,21.625
Mauritius,2000,20.7708333333333
Mauritius,2001,21.1041666666667
Mauritius,2002,21.0
Mauritius,2003,21.0
Mauritius,2004,21.0
Mauritius,2005,21.0416666666667
Mauritius,2006,21.0833333333333
Mauritius,2007,21.8741666666667
Mauritius,2008,11.5416666666667
Mauritius,2009,9.25
Mauritius,2010,8.875
Mauritius,2011,8.91666666666667
Mauritius,2012,8.66666666666667
Mauritius,2013,8.5
Mauritius,2014,8.5
Mauritius,2015,8.5
Mauritius,2016,8.5
Mauritius,2017,8.5
Mauritius,2018,8.5
Mauritius,2019,8.45
Mauritius,2020,7.225
Mauritius,2021,6.87083333333333
Mauritius,2022,7.50416666666666
Mauritius,2023,9.5
Mauritius,2024,9.375
Mexico,1993,18.225
Mexico,1994,19.3
Mexico,1995,59.4316666666667
Mexico,1996,36.3858333333334
Mexico,1997,22.14
Mexico,1998,26.3583333333333
Mexico,1999,23.7425
Mexico,2000,16.9283333333333
Mexico,2001,12.795
Mexico,2002,8.21083333333333
Mexico,2003,7.0225
Mexico,2004,7.43833333333333
Mexico,2005,9.695
Mexico,2006,7.51183478062322
Mexico,2007,7.56083333333333
Mexico,2008,8.70576785663225
Mexico,2009,7.065
Mexico,2010,5.28083333333333
Mexico,2011,4.91083333333333
Mexico,2012,4.68083333333333
Mexico,2013,4.27083333333333
Mexico,2014,3.55166666666667
Mexico,2015,3.43916666666667
Mexico,2016,4.75416666666667
Mexico,2017,7.3325
Mexico,2018,8.04
Mexico,2019,8.42916666666667
Mexico,2020,6.34166666666667
Mexico,2021,4.89166666666667
Mexico,2022,8.17916666666667
Mexico,2023,11.5916666666667
Mexico,2024,11.2233333333333
"Micronesia, Fed. Sts.",1995,15.0
"Micronesia, Fed. Sts.",1996,15.0
"Micronesia, Fed. Sts.",1997,15.0
"Micronesia, Fed. Sts.",1998,15.0
"Micronesia, Fed. Sts.",1999,15.165
"Micronesia, Fed. Sts.",2000,15.33
"Micronesia, Fed. Sts.",2001,15.33
"Micronesia, Fed. Sts.",2002,15.275
"Micronesia, Fed. Sts.",2003,15.0
"Micronesia, Fed. Sts.",2004,15.375
"Micronesia, Fed. Sts.",2005,16.375
"Micronesia, Fed. Sts.",2006,15.615
"Micronesia, Fed. Sts.",2007,14.0295833333333
"Micronesia, Fed. Sts.",2008,14.3783333333333
"Micronesia, Fed. Sts.",2009,15.38
"Micronesia, Fed. Sts.",2010,15.13
"Micronesia, Fed. Sts.",2011,14.35
"Micronesia, Fed. Sts.",2012,14.32
"Micronesia, Fed. Sts.",2013,15.7
"Micronesia, Fed. Sts.",2014,15.7
"Micronesia, Fed. Sts.",2015,15.7
"Micronesia, Fed. Sts.",2016,15.7
"Micronesia, Fed. Sts.",2017,16.1
"Micronesia, Fed. Sts.",2018,15.7
"Micronesia, Fed. Sts.",2019,14.7
"Micronesia, Fed. Sts.",2020,14.47
"Micronesia, Fed. Sts.",2021,12.62
Moldova,1995,40.775
Moldova,1996,36.6666666666667
Moldova,1997,33.325
Moldova,1998,30.825
Moldova,1999,35.535
Moldova,2000,33.7766666666667
Moldova,2001,28.6941666666667
Moldova,2002,23.5216666666667
Moldova,2003,19.2891666666667
Moldova,2004,20.9383333333333
Moldova,2005,19.2608333333333
Moldova,2006,18.1283333333333
Moldova,2007,18.825
Moldova,2008,21.0641666666667
Moldova,2009,20.5441666666667
Moldova,2010,16.36
Moldova,2011,14.4380437873132
Moldova,2012,13.4181543444526
Moldova,2013,12.2941666666667
Moldova,2014,11.0125
Moldova,2015,14.1492441706685
Moldova,2016,14.2760252993571
Moldova,2017,10.3627060330686
Moldova,2018,8.8475
Moldova,2019,8.25
Moldova,2020,8.18
Moldova,2021,7.39666666666666
Moldova,2022,11.7966666666667
Moldova,2023,12.3323346360739
Moldova,2024,8.90641056126628
Mongolia,1998,48.0625
Mongolia,1999,44.0083333333333
Mongolia,2000,36.9526929489206
Mongolia,2001,37.35
Mongolia,2002,35.5166666666667
Mongolia,2003,31.9066666666667
Mongolia,2004,31.4733333333333
Mongolia,2005,30.5708333333333
Mongolia,2006,26.9345496107012
Mongolia,2007,21.8283333333333
Mongolia,2008,20.5833333333333
Mongolia,2009,21.6669633454756
Mongolia,2010,20.0687801614724
Mongolia,2011,16.6094364473738
Mongolia,2012,18.1138144349254
Mongolia,2013,18.4820227869524
Mongolia,2014,19.0254306203402
Mongolia,2015,19.5627170198657
Mongolia,2016,19.7415351110051
Mongolia,2017,20.0069222277202
Mongolia,2018,17.7142698930509
Mongolia,2019,16.996623348027
Mongolia,2020,16.9306267030976
Mongolia,2021,16.0067624800933
Montenegro,2005,12.4133333333333
Montenegro,2006,11.1541666666667
Montenegro,2007,9.2025
Montenegro,2008,9.23833333333333
Montenegro,2009,9.35916666666667
Montenegro,2010,9.53
Montenegro,2011,9.68666666666667
Montenegro,2012,9.5625
Montenegro,2013,9.39
Montenegro,2014,9.4125
Montenegro,2015,8.93333333333333
Montenegro,2016,7.97166666666667
Montenegro,2017,7.19666666666667
Montenegro,2018,6.52916666666667
Montenegro,2019,6.175
Montenegro,2020,5.90666666666667
Montenegro,2021,5.76083333333334
Montenegro,2022,5.63833333333333
Montenegro,2023,6.345
Montenegro,2024,6.59666666666667
Mozambique,1997,29.9666666666667
Mozambique,1998,24.3525
Mozambique,1999,19.63
Mozambique,2000,19.0391666666667
Mozambique,2001,22.7291666666667
Mozambique,2002,26.7083333333333
Mozambique,2003,24.69
Mozambique,2004,22.075
Mozambique,2005,19.4671666666667
Mozambique,2006,18.5613333333333
Mozambique,2007,19.5173333333333
Mozambique,2008,18.31
Mozambique,2009,15.6756666666667
Mozambique,2010,16.2626666666667
Mozambique,2011,19.099605952381
Mozambique,2012,16.8135416666667
Mozambique,2013,15.3206018518518
Mozambique,2014,14.7979166666667
Mozambique,2015,14.8665
Mozambique,2016,21.1760032765458
Mozambique,2017,27.8561208892752
Mozambique,2018,22.9833333333333
Mozambique,2019,18.9583333333333
Mozambique,2020,17.075
Mozambique,2021,18.1666666666667
Mozambique,2022,20.1333333333333
Mozambique,2023,23.7
Mozambique,2024,21.725
Myanmar,1994,20.3076923076923
Myanmar,1995,20.3076923076923
Myanmar,1996,20.3076923076923
Myanmar,1997,20.3076923076923
Myanmar,1998,20.3076923076923
Myanmar,1999,19.8461538461538
Myanmar,2000,18.7692307692308
Myanmar,2001,18.4615384615385
Myanmar,2002,18.4615384615385
Myanmar,2003,18.4615384615385
Myanmar,2004,18.4615384615385
Myanmar,2005,18.4615384615385
Myanmar,2006,19.7948717948718
Myanmar,2007,20.9230769230769
Myanmar,2008,20.9230769230769
Myanmar,2009,20.9230769230769
Myanmar,2010,20.9230769230769
Myanmar,2011,20.1025641025641
Myanmar,2012,16.0
Myanmar,2013,16.0
Myanmar,2014,16.0
Myanmar,2015,16.0
Myanmar,2016,16.0
Myanmar,2017,16.0
Myanmar,2018,16.0
Myanmar,2019,16.0
Myanmar,2020,14.8333333333333
Namibia,1991,23.3633333333333
Namibia,1992,20.2125
Namibia,1993,18.0208333333333
Namibia,1994,17.0533333333333
Namibia,1995,18.5083333333333
Namibia,1996,19.16
Namibia,1997,20.1791666666667
Namibia,1998,20.7191666666667
Namibia,1999,18.4841666666667
Namibia,2000,15.2783333333333
Namibia,2001,14.5316666666667
Namibia,2002,13.8375
Namibia,2003,14.7008333333333
Namibia,2004,11.3891666666667
Namibia,2005,10.61
Namibia,2006,11.1808333333333
Namibia,2007,12.8841666666667
Namibia,2008,13.7366666666667
Namibia,2009,11.1183333333333
Namibia,2010,9.72
Namibia,2011,8.73
Namibia,2012,8.651875
Namibia,2013,8.28916666666667
Namibia,2014,8.69916666666667
Namibia,2015,9.32416666666667
Namibia,2016,9.84443259260222
Namibia,2017,10.0267531057121
Namibia,2018,10.1421759973261
Namibia,2019,9.87583333333333
Namibia,2020,7.86862833803428
Namibia,2021,6.86006032150676
Namibia,2022,8.6125332139457
Namibia,2023,10.9267372727146
Namibia,2024,10.9566133964356
Netherlands,1999,3.45833333333333
Netherlands,2000,4.79166666666667
Netherlands,2001,5.0
Netherlands,2002,3.95833333333333
Netherlands,2003,3.0
Netherlands,2004,2.75
Netherlands,2005,2.77083333333333
Netherlands,2006,3.54166666666667
Netherlands,2007,4.60416666666667
Netherlands,2008,4.60416666666667
Netherlands,2009,1.98333333333333
Netherlands,2010,1.75
Netherlands,2011,2.0
Netherlands,2012,1.625
Netherlands,2013,1.5
New Zealand,1998,8.99250060028173
New Zealand,1999,7.05200566313283
New Zealand,2000,7.81455131994762
New Zealand,2001,7.5950946589777
New Zealand,2002,7.17585350727611
New Zealand,2003,6.9967756012681
New Zealand,2004,7.10214801730848
New Zealand,2005,7.76256016240711
New Zealand,2006,8.19215614560302
New Zealand,2007,8.61220661400669
New Zealand,2008,8.93853268110941
New Zealand,2009,6.65675979597309
New Zealand,2010,6.25545424755873
New Zealand,2011,6.10883251498722
New Zealand,2012,5.82383752043118
New Zealand,2013,5.53306960008471
New Zealand,2014,5.80416666666667
New Zealand,2015,5.7625
New Zealand,2016,5.02083333333333
New Zealand,2017,4.76
Nicaragua,1991,14.662511896674
Nicaragua,1992,15.8095977111021
Nicaragua,1993,16.5515890108036
Nicaragua,1994,16.4813453491591
Nicaragua,1995,16.2774341372007
Nicaragua,1996,16.9532736390427
Nicaragua,1997,17.2001494207448
Nicaragua,1998,17.6998546459565
Nicaragua,1999,17.5741666666667
Nicaragua,2000,18.1432530013328
Nicaragua,2001,18.5530521527496
Nicaragua,2002,18.2951853974161
Nicaragua,2003,15.5492190170989
Nicaragua,2004,13.4914364545654
Nicaragua,2005,12.1013604539054
Nicaragua,2006,11.5757937339595
Nicaragua,2007,13.0414649627968
Nicaragua,2008,13.1693503603881
Nicaragua,2009,14.0446746261656
Nicaragua,2010,13.3199668556874
Nicaragua,2011,10.5378350892065
Nicaragua,2012,11.9943081563015
Nicaragua,2013,14.9846018898851
Nicaragua,2014,13.5379413593366
Nicaragua,2015,12.0523546187589
Nicaragua,2016,11.4382974497807
Nicaragua,2017,10.7806044298079
Nicaragua,2018,10.8957854531661
Nicaragua,2019,12.4572600828874
Nicaragua,2020,11.1753990283182
Nicaragua,2021,9.61987339717133
Nicaragua,2022,9.22854363785739
Nicaragua,2023,9.48156215456585
Nicaragua,2024,11.2379969586441
Niger,2005,10.7941666666667
Niger,2006,4.73666666666667
Niger,2007,4.75166666666667
Niger,2008,4.98416666666667
Niger,2009,4.9775
Niger,2010,5.11333333333333
Niger,2011,5.25591666666667
Niger,2012,5.03916666666667
Niger,2013,5.2875
Niger,2014,5.33833333333333
Niger,2015,5.15416666666667
Niger,2016,5.295
Nigeria,1991,20.0416666666667
Nigeria,1992,24.7583333333333
Nigeria,1993,31.65
Nigeria,1994,20.4833333333333
Nigeria,1995,20.2333333333333
Nigeria,1996,19.8366666666667
Nigeria,1997,17.795
Nigeria,1998,18.1841666666667
Nigeria,1999,20.29
Nigeria,2000,21.2741666666667
Nigeria,2001,23.4383333333333
Nigeria,2002,24.7708333333333
Nigeria,2003,20.7141666666667
Nigeria,2004,19.1808333333333
Nigeria,2005,17.9483333333333
Nigeria,2006,16.8933333333333
Nigeria,2007,16.9391666666667
Nigeria,2008,15.1358333333333
Nigeria,2009,18.9908333333333
Nigeria,2010,17.585
Nigeria,2011,16.02
Nigeria,2012,16.7916666666667
Nigeria,2013,16.7225
Nigeria,2014,16.5483333333333
Nigeria,2015,16.8491666666667
Nigeria,2016,16.8680157641191
Nigeria,2017,17.5533333333333
Nigeria,2018,16.9038969646886
Nigeria,2019,15.3765869808333
Nigeria,2020,13.6420216718796
Nigeria,2021,11.4831327947137
Nigeria,2022,12.3345442352326
Nigeria,2023,14.010553734975
North Macedonia,2005,12.5167631727899
North Macedonia,2006,11.5566191061502
North Macedonia,2007,10.5022074700388
North Macedonia,2008,10.2320820975202
North Macedonia,2009,11.1698082045543
North Macedonia,2010,10.6958384111031
North Macedonia,2011,9.60034455188953
North Macedonia,2012,9.06831165790461
North Macedonia,2013,8.48632692614998
North Macedonia,2014,7.76515306540233
North Macedonia,2015,7.45627705916539
North Macedonia,2016,7.0175977722394
North Macedonia,2017,6.60665710643843
North Macedonia,2018,6.10691833969552
North Macedonia,2019,5.60936382915275
North Macedonia,2020,5.193220791087
North Macedonia,2021,4.85796763215591
North Macedonia,2022,4.63306721882146
North Macedonia,2023,5.44084059566623
North Macedonia,2024,5.85131870695966
Norway,2013,4.35
Norway,2014,4.21166666666667
Norway,2015,3.5
Norway,2016,3.07
Norway,2017,3.00583333333333
Norway,2018,2.92583333333333
Norway,2019,3.23583333333333
Norway,2020,2.6975
Norway,2021,2.27416666666667
Norway,2022,3.24333333333333
Norway,2023,5.30833333333334
Norway,2024,6.14916666666667
Oman,1991,9.56875
Oman,1992,9.362
Oman,1993,8.89
Oman,1994,8.383
Oman,1995,9.28175
Oman,1996,9.30075
Oman,1997,9.18025
Oman,1998,9.7375
Oman,1999,10.5302083333333
Oman,2000,10.1415833333333
Oman,2001,9.59258333333333
Oman,2002,8.82466666666667
Oman,2003,8.39308333333333
Oman,2004,7.93975
Oman,2005,7.28358333333333
Oman,2006,7.29266666666667
Oman,2007,7.36883333333333
Oman,2008,6.82833333333333
Oman,2009,7.32325
Oman,2010,7.14125
Oman,2011,6.52133333333333
Oman,2012,5.901
Oman,2013,5.5155
Oman,2014,5.22508333333333
Oman,2015,4.8785
Oman,2016,4.91108333333333
Oman,2017,5.15266271716578
Oman,2018,5.24638450213673
Oman,2019,5.41334351278467
Oman,2020,5.46649920548604
Oman,2021,5.49783609712142
Pakistan,2004,7.2575
Pakistan,2005,9.07166666666667
Pakistan,2006,10.9875
Pakistan,2007,11.7683333333333
Pakistan,2008,12.9358333333333
Pakistan,2009,14.5375
Pakistan,2010,14.0425
Pakistan,2011,14.4191666666667
Pakistan,2012,13.5191666666667
Pakistan,2013,11.9858333333333
Pakistan,2014,11.73
Pakistan,2015,10.1558333333333
Pakistan,2016,8.755
Pakistan,2017,8.21
Pakistan,2018,8.53083333333334
Pakistan,2019,12.233054804153
Pakistan,2020,10.7577494267999
Pakistan,2021,8.66597421472524
Panama,1996,10.9903389830508
Panama,1997,10.9912005649717
Panama,1998,11.1850564971751
Panama,1999,10.3906779661017
Panama,2000,10.4791666666667
Panama,2001,10.9716666666667
Panama,2002,10.5825
Panama,2003,9.92583333333333
Panama,2004,8.82333333333333
Panama,2005,8.665
Panama,2006,8.6825
Panama,2007,8.79333333333333
Panama,2008,7.90583333333333
Panama,2009,7.62666666666667
Panama,2010,7.31083333333333
Panama,2011,7.51833333333333
Panama,2012,7.72416666666667
Panama,2013,7.40333333333333
Panama,2014,6.935
Panama,2015,6.495
Panama,2016,6.59879787257444
Panama,2017,6.76606056632958
Panama,2018,6.88279966340463
Panama,2019,7.09
Panama,2020,7.00833333333333
Panama,2021,6.93666666666667
Panama,2022,6.9075
Papua New Guinea,1991,14.1683333333333
Papua New Guinea,1992,14.5341666666667
Papua New Guinea,1993,11.2875
Papua New Guinea,1994,9.16
Papua New Guinea,1995,13.1408333333333
Papua New Guinea,1996,13.3033333333333
Papua New Guinea,1997,10.4491666666667
Papua New Guinea,1998,17.7041666666667
Papua New Guinea,1999,18.8958333333333
Papua New Guinea,2000,17.5425
Papua New Guinea,2001,16.2075
Papua New Guinea,2002,13.8891666666667
Papua New Guinea,2003,13.3558333333333
Papua New Guinea,2004,13.2508333333333
Papua New Guinea,2005,11.4691666666667
Papua New Guinea,2006,10.5666666666667
Papua New Guinea,2007,9.7775
Papua New Guinea,2008,9.19666666666667
Papua New Guinea,2009,10.0941666666667
Papua New Guinea,2010,10.4458333333333
Papua New Guinea,2011,10.8083333333333
Papua New Guinea,2012,10.815
Papua New Guinea,2013,10.13
Papua New Guinea,2014,9.37583333333333
Papua New Guinea,2015,8.7325
Papua New Guinea,2016,8.37466666666667
Papua New Guinea,2017,8.38833333333333
Papua New Guinea,2018,9.075
Papua New Guinea,2019,8.65083333333333
Papua New Guinea,2020,7.70083333333333
Papua New Guinea,2021,7.6425
Papua New Guinea,2022,7.99083333333333
Papua New Guinea,2023,8.37916666666667
Papua New Guinea,2024,8.29
Paraguay,1994,40.9889297513909
Paraguay,1995,39.2284503550999
Paraguay,1996,36.8467952418462
Paraguay,1997,32.1123769091511
Paraguay,1998,35.2336645039975
Paraguay,1999,34.9110383564278
Paraguay,2000,30.9509227779
Paraguay,2001,32.6516922603125
Paraguay,2002,44.673181710321
Paraguay,2003,57.7716539539778
Paraguay,2004,38.7663435403788
Paraguay,2005,34.5661785164844
Paraguay,2006,34.8353701433139
Paraguay,2007,28.9207415504089
Paraguay,2008,29.8251032768361
Paraguay,2009,32.6561648356508
Paraguay,2010,30.0888812718225
Paraguay,2011,17.3980540247749
Paraguay,2012,17.1584673198116
Paraguay,2013,19.2705731491781
Paraguay,2014,21.1860677808059
Paraguay,2015,19.7358561814464
Paraguay,2016,18.0748565194157
Paraguay,2017,16.981885972602
Paraguay,2018,15.7177063917515
Paraguay,2019,15.4842638363204
Paraguay,2020,13.5373144065709
Paraguay,2021,12.5097388657844
Peru,1991,670.534208256702
Peru,1992,148.142730887809
Peru,1993,94.2383333333333
Peru,1994,55.3475
Peru,1995,36.155
Peru,1996,31.5333333333333
Peru,1997,30.9116666666667
Peru,1998,32.6266666666667
Peru,1999,35.0566666666667
Peru,2000,29.9958333333333
Peru,2001,24.9783333333333
Peru,2002,20.7653572885806
Peru,2003,21.0156649712755
Peru,2004,24.6745640588226
Peru,2005,25.5338357716344
Peru,2006,23.9333333333333
Peru,2007,22.8556480555556
Peru,2008,23.6734449024808
Peru,2009,21.0419233333333
Peru,2010,18.9768683333333
Peru,2011,18.677925
Peru,2012,19.2369083333333
Peru,2013,18.13925
Peru,2014,15.7433166666667
Peru,2015,16.1058277777778
Peru,2016,16.4662
Peru,2017,16.7874916666667
Peru,2018,14.539125
Peru,2019,14.38545
Peru,2020,12.9383333333333
Peru,2021,10.9795083333333
Peru,2022,12.5972583333333
Philippines,1991,23.0735833333333
Philippines,1992,19.4790833333333
Philippines,1993,14.68275
Philippines,1994,15.0568333333333
Philippines,1995,14.6821666666667
Philippines,1996,14.83975
Philippines,1997,16.27575
Philippines,1998,16.7774166666667
Philippines,1999,11.77625
Philippines,2000,10.90725
Philippines,2001,12.4015833333333
Philippines,2002,9.1385
Philippines,2003,9.47166666666667
Philippines,2004,10.079
Philippines,2005,10.1849166666667
Philippines,2006,9.77866666666667
Philippines,2007,8.69141666666667
Philippines,2008,8.75108333333334
Philippines,2009,8.56616666666667
Philippines,2010,7.67266666666667
Philippines,2011,6.66325
Philippines,2012,5.6795
Philippines,2013,5.76683333333333
Philippines,2014,5.52591666666666
Philippines,2015,5.57825
Philippines,2016,5.642
Philippines,2017,5.62725
Philippines,2018,6.1185
Philippines,2019,7.09583333333333
Qatar,1991,9.5
Qatar,1992,8.125
Qatar,1993,7.2
Qatar,1994,8.8625
Qatar,1995,10.1944444444444
Qatar,2004,6.185
Qatar,2005,6.65166666666666
Qatar,2006,7.18
Qatar,2007,7.42833333333333
Qatar,2008,6.84416666666667
Qatar,2009,7.04416666666667
Qatar,2010,7.27144798099308
Qatar,2011,5.48705867283659
Qatar,2012,5.38110455030475
Qatar,2013,5.112674134
Qatar,2014,4.96392361111111
Qatar,2015,4.43596212623861
Qatar,2016,4.04068494236452
Qatar,2017,4.69653289329285
Qatar,2018,4.98064264061083
Qatar,2019,5.03907055609657
Qatar,2020,4.08648019909165
Qatar,2021,3.85107422420221
Qatar,2022,4.56216060132599
Qatar,2023,6.44900833333333
Qatar,2024,6.18
Romania,1993,86.4
Romania,1994,90.3916666666667
Romania,1995,50.7166666666666
Romania,1996,55.1333333333333
Romania,1997,72.525
Romania,1998,55.3166666666667
Romania,1999,65.6416666666667
Romania,2000,53.85
Romania,2001,45.4
Romania,2002,35.425
Romania,2003,25.435
Romania,2004,25.6125
Romania,2005,19.6008333333333
Romania,2006,13.9816666666667
Romania,2007,13.3483333333333
Romania,2008,14.9883333333333
Romania,2009,17.275
Romania,2010,14.0725
Romania,2011,12.1275
Romania,2012,11.3291666666667
Romania,2013,10.5225
Romania,2014,8.46583333333333
Romania,2015,6.7675
Romania,2016,5.70916666666667
Romania,2017,5.56451674276812
Romania,2018,6.80820228932061
Romania,2019,7.16166666666667
Romania,2020,6.48640122828969
Romania,2021,5.61349905718721
Romania,2022,7.75709430926468
Romania,2023,9.32096121452692
Romania,2024,8.76207529347297
Russian Federation,1997,32.0416666666667
Russian Federation,1998,41.7916666666667
Russian Federation,1999,39.7166666666666
Russian Federation,2000,24.4333333333333
Russian Federation,2001,17.9083333333333
Russian Federation,2002,15.7
Russian Federation,2003,12.975
Russian Federation,2004,11.4416666666667
Russian Federation,2005,10.6833333333333
Russian Federation,2006,10.425
Russian Federation,2007,10.0333333333333
Russian Federation,2008,12.225
Russian Federation,2009,15.3083333333333
Russian Federation,2010,10.8166666666667
Russian Federation,2011,8.45833333333333
Russian Federation,2012,9.1
Russian Federation,2013,9.46666666666667
Russian Federation,2014,11.1416666666667
Russian Federation,2015,15.7166666666667
Russian Federation,2016,12.5983333333333
Russian Federation,2017,10.56
Russian Federation,2018,8.86666666666667
Russian Federation,2019,8.75333333333333
Russian Federation,2020,6.77583333333333
Russian Federation,2021,7.18108333333333
Russian Federation,2022,11.4591666666667
Russian Federation,2023,11.6225
Russian Federation,2024,17.0925
Rwanda,1996,18.2558333333333
Rwanda,1997,16.715
Rwanda,1998,15.7166666666667
Rwanda,1999,16.3225
Rwanda,2000,16.4841666666667
Rwanda,2001,16.3541666666667
Rwanda,2002,16.215
Rwanda,2003,15.9925
Rwanda,2004,15.9875
Rwanda,2005,15.7791666666667
Rwanda,2006,15.8658333333333
Rwanda,2007,15.9991666666667
Rwanda,2008,16.2516666666667
Rwanda,2009,16.7233333333333
Rwanda,2010,17.0008333333333
Rwanda,2011,16.6675
Rwanda,2012,16.7016666666667
Rwanda,2013,17.3191666666667
Rwanda,2014,17.2591666666667
Rwanda,2015,17.3333333333333
Rwanda,2016,17.2916666666667
Rwanda,2017,17.1708333333333
Rwanda,2018,16.9466666666667
Rwanda,2019,16.5275
Rwanda,2020,16.345
Rwanda,2021,16.1758333333333
Rwanda,2022,16.385
Rwanda,2023,16.0575
Rwanda,2024,16.0166666666667
Samoa,2001,11.57
Samoa,2002,11.4458333333333
Samoa,2003,11.2816666666667
Samoa,2004,11.2308333333333
Samoa,2005,11.4275
Samoa,2006,11.7216666666667
Samoa,2007,12.6508333333333
Samoa,2008,12.6608333333333
Samoa,2009,12.0825
Samoa,2010,10.72
Samoa,2011,9.9625
Samoa,2012,9.86
Samoa,2013,10.2008333333333
Samoa,2014,10.015
Samoa,2015,9.50833333333333
Samoa,2016,9.09166666666667
Samoa,2017,8.76166666666667
Samoa,2018,8.95010076787388
Samoa,2019,8.92916666666667
Samoa,2020,8.705
Samoa,2021,8.51541666666667
Samoa,2022,8.29105904309602
Samoa,2023,8.31979190761793
Samoa,2024,8.43059676778872
San Marino,2001,8.1
San Marino,2002,7.95
San Marino,2003,7.4875
San Marino,2004,7.1375
San Marino,2005,7.175
San Marino,2006,6.70933333333333
San Marino,2007,7.5825
San Marino,2008,7.8925
San Marino,2009,5.7425
San Marino,2010,5.3825
San Marino,2011,5.92
San Marino,2012,6.4775
San Marino,2013,6.62269160453955
San Marino,2014,6.10986523672487
San Marino,2015,2.48961433088329
San Marino,2016,3.02186666666667
San Marino,2017,4.06655
San Marino,2018,4.163075
San Marino,2019,3.98499166666667
San Marino,2020,3.73390833333333
San Marino,2021,3.5323
San Marino,2022,3.80209166666666
San Marino,2023,5.634625
San Marino,2024,5.49301666666666
Sao Tome and Principe,2001,37.0
Sao Tome and Principe,2002,37.4166666666667
Sao Tome and Principe,2003,29.59
Sao Tome and Principe,2004,29.77
Sao Tome and Principe,2005,31.1977777766667
Sao Tome and Principe,2006,29.3
Sao Tome and Principe,2007,32.4
Sao Tome and Principe,2008,32.4
Sao Tome and Principe,2009,31.1083333333333
Sao Tome and Principe,2010,28.8749722225
Sao Tome and Principe,2011,26.9500000025
Sao Tome and Principe,2012,26.1680555575
Sao Tome and Principe,2013,25.9261111141667
Sao Tome and Principe,2014,23.175
Sao Tome and Principe,2015,23.3058333333333
Sao Tome and Principe,2016,19.585
Sao Tome and Principe,2017,19.6133333325
Sao Tome and Principe,2018,19.8736240791667
Sao Tome and Principe,2019,19.0620185185185
Sao Tome and Principe,2020,18.8275679012346
Sao Tome and Principe,2021,18.4864861111111
Sao Tome and Principe,2022,17.9042287248361
Sao Tome and Principe,2023,17.8140694444444
Sao Tome and Principe,2024,17.8374768518519
Senegal,2005,7.04916666666667
Senegal,2006,4.73666666666667
Senegal,2007,4.75166666666667
Senegal,2008,4.98416666666667
Senegal,2009,4.9775
Senegal,2010,5.11333333333333
Senegal,2011,5.25591666666667
Senegal,2012,5.03916666666667
Senegal,2013,5.2875
Senegal,2014,5.33833333333333
Senegal,2015,5.15416666666667
Senegal,2016,5.295
Serbia,1997,19.05
Serbia,1998,16.1547639665645
Serbia,1999,3.34695875729709
Serbia,2000,78.7
Serbia,2001,38.85
Serbia,2002,3.27925887579115
Serbia,2003,2.58766658547053
Serbia,2004,3.4539486544924
Serbia,2005,3.50044313584287
Serbia,2006,5.11561220809172
Serbia,2007,4.39333333333333
Serbia,2008,6.03196632437249
Serbia,2009,6.87059315987914
Serbia,2010,4.75888888888889
Seychelles,1991,15.5758333333333
Seychelles,1992,15.5633333333333
Seychelles,1993,15.7133333333333
Seychelles,1994,15.7166666666667
Seychelles,1995,15.7608333333333
Seychelles,1996,16.2158333333333
Seychelles,1997,14.8808333333333
Seychelles,1998,14.3025583333333
Seychelles,1999,11.1707025
Seychelles,2000,10.737
Seychelles,2001,10.6253416666667
Seychelles,2002,10.5875333333333
Seychelles,2003,10.615875
Seychelles,2004,9.99165
Seychelles,2005,9.76903333333333
Seychelles,2006,10.0499666666667
Seychelles,2007,10.8936721967483
Seychelles,2008,11.8077707180483
Seychelles,2009,15.3472516088461
Seychelles,2010,12.7026498136256
Seychelles,2011,11.1899344887627
Seychelles,2012,12.1911857642228
Seychelles,2013,12.2868344650413
Seychelles,2014,11.648168423911
Seychelles,2015,12.3582003020898
Seychelles,2016,12.3575638172901
Seychelles,2017,12.2412522799554
Seychelles,2018,12.3088115646778
Seychelles,2019,12.6043960402411
Seychelles,2020,11.607397279879
Seychelles,2021,9.15718223504157
Seychelles,2022,9.10152007717062
Seychelles,2023,9.52952358287585
Seychelles,2024,9.80788658940314
Sierra Leone,1991,56.25
Sierra Leone,1992,62.8333333333333
Sierra Leone,1993,50.4583333333333
Sierra Leone,1994,27.3333333333333
Sierra Leone,1995,28.8333333333333
Sierra Leone,1996,32.1225
Sierra Leone,1997,23.8675
Sierra Leone,1998,23.8333333333333
Sierra Leone,1999,26.8333333333333
Sierra Leone,2000,26.25
Sierra Leone,2001,24.265
Sierra Leone,2002,22.1666666666667
Sierra Leone,2003,20.0
Sierra Leone,2004,22.0833333333333
Sierra Leone,2005,24.5833333333333
Sierra Leone,2006,24.0
Sierra Leone,2007,25.0
Sierra Leone,2008,24.5
Sierra Leone,2009,22.1666666666667
Sierra Leone,2010,21.25
Sierra Leone,2011,21.0
Sierra Leone,2012,21.0
Sierra Leone,2013,20.56
Sierra Leone,2014,19.4116666666667
Sierra Leone,2015,18.73
Sierra Leone,2016,16.2166666666667
Sierra Leone,2017,15.6583333333333
Sierra Leone,2018,15.9616666666667
Sierra Leone,2019,17.9666666666667
Sierra Leone,2020,17.9383333333333
Sierra Leone,2021,18.8591666666667
Sierra Leone,2022,19.3133333333333
Sierra Leone,2023,19.6391666666667
Sierra Leone,2024,20.579813034188
Singapore,1991,7.58333333333333
Singapore,1992,5.9525
Singapore,1993,5.38833333333333
Singapore,1994,5.87833333333333
Singapore,1995,6.36916666666666
Singapore,1996,6.26
Singapore,1997,6.3225
Singapore,1998,7.44166666666666
Singapore,1999,5.8
Singapore,2000,5.83333333333333
Singapore,2001,5.64833333333333
Singapore,2002,5.34583333333333
Singapore,2003,5.30666666666667
Singapore,2004,5.3
Singapore,2005,5.3
Singapore,2006,5.3125
Singapore,2007,5.33
Singapore,2008,5.38
Singapore,2009,5.38
Singapore,2010,5.38
Singapore,2011,5.38
Singapore,2012,5.38
Singapore,2013,5.38
Singapore,2014,5.35
Singapore,2015,5.35
Singapore,2016,5.35
Singapore,2017,5.28
Singapore,2018,5.33
Singapore,2019,5.25
Singapore,2020,5.25
Singapore,2021,5.25
Solomon Islands,1991,19.4583333333333
Solomon Islands,1992,16.5625
Solomon Islands,1993,15.7916666666667
Solomon Islands,1994,14.5
Solomon Islands,1995,14.5
Solomon Islands,1996,15.4375
Solomon Islands,1997,14.6666666666667
Solomon Islands,1998,14.0
Solomon Islands,1999,14.0416666666667
Solomon Islands,2000,10.3333333333333
Solomon Islands,2001,10.0
Solomon Islands,2002,10.0
Solomon Islands,2003,10.0
Solomon Islands,2004,10.0
Solomon Islands,2005,9.25
Solomon Islands,2006,8.16666666666667
Solomon Islands,2007,8.0
Solomon Islands,2008,8.0
Solomon Islands,2009,10.1666666666667
Solomon Islands,2010,14.4333333333333
Solomon Islands,2011,13.1733333333333
Solomon Islands,2012,11.2783333333333
Solomon Islands,2013,10.7741666666667
Solomon Islands,2014,10.91
Solomon Islands,2015,10.4783333333333
Solomon Islands,2016,10.0998401187231
Solomon Islands,2017,10.6947306507587
Solomon Islands,2018,10.7486518056707
Solomon Islands,2019,10.5951570347602
Solomon Islands,2020,10.6825707369086
Solomon Islands,2021,5.17570858864648
South Africa,1991,20.3125
South Africa,1992,18.9058333333333
South Africa,1993,16.1583333333333
South Africa,1994,15.5833333333333
South Africa,1995,17.8958333333333
South Africa,1996,19.5208333333333
South Africa,1997,20.0
South Africa,1998,21.7916666666667
South Africa,1999,18.0
South Africa,2000,14.5
South Africa,2001,13.7708333333333
South Africa,2002,15.75
South Africa,2003,14.9583333333333
South Africa,2004,11.2916666666667
South Africa,2005,10.625
South Africa,2006,11.1666666666667
South Africa,2007,13.1666666666667
South Africa,2008,15.125
South Africa,2009,11.7083333333333
South Africa,2010,9.83333333333333
South Africa,2011,9.0
South Africa,2012,8.75
South Africa,2013,8.5
South Africa,2014,9.125
South Africa,2015,9.41666666666667
South Africa,2016,10.4583333333333
South Africa,2017,10.375
South Africa,2018,10.0833333333333
South Africa,2019,10.125
South Africa,2020,7.70833333333333
South Africa,2021,7.04166666666667
South Africa,2022,8.79166666666667
South Africa,2023,11.5
South Africa,2024,11.625
South Sudan,2012,12.0253120760801
South Sudan,2013,13.5641229127859
South Sudan,2014,18.6594879669541
South Sudan,2015,13.7803938893243
South Sudan,2016,10.3660058174986
South Sudan,2017,10.1313764663331
South Sudan,2018,16.1826855901098
South Sudan,2019,15.6547053123274
South Sudan,2020,16.0896174795028
South Sudan,2021,16.0884827108197
South Sudan,2022,16.2934964614722
South Sudan,2023,16.3616880968054
South Sudan,2024,14.683516249225
Sri Lanka,2001,14.25
Sri Lanka,2002,13.1675
Sri Lanka,2003,10.3458333333333
Sri Lanka,2004,9.46666666666667
Sri Lanka,2005,10.7641666666667
Sri Lanka,2006,12.85
Sri Lanka,2007,17.0766666666667
Sri Lanka,2008,18.8916666666667
Sri Lanka,2009,15.6716666666667
Sri Lanka,2010,10.2175
Sri Lanka,2011,9.41175
Sri Lanka,2012,13.2823333333333
Sri Lanka,2013,12.4533333333333
Sri Lanka,2014,7.8375
Sri Lanka,2015,6.9575
Sri Lanka,2016,10.4933333333333
Sri Lanka,2017,11.57
Sri Lanka,2018,11.5541666666667
Sri Lanka,2019,11.2441666666667
St. Kitts and Nevis,1991,11.2983717947221
St. Kitts and Nevis,1992,10.7639278486122
St. Kitts and Nevis,1993,10.2793002918515
St. Kitts and Nevis,1994,10.9438238701199
St. Kitts and Nevis,1995,10.8911751062698
St. Kitts and Nevis,1996,10.9249120870646
St. Kitts and Nevis,1997,11.1648525543434
St. Kitts and Nevis,1998,11.4219900262067
St. Kitts and Nevis,1999,11.2084935977054
St. Kitts and Nevis,2000,11.1037230434773
St. Kitts and Nevis,2001,11.0763667509906
St. Kitts and Nevis,2002,10.8931185762886
St. Kitts and Nevis,2003,12.2164064390535
St. Kitts and Nevis,2004,10.2524673963376
St. Kitts and Nevis,2005,10.0349577016759
St. Kitts and Nevis,2006,9.30075281664404
St. Kitts and Nevis,2007,9.27814952398717
St. Kitts and Nevis,2008,8.70234605404264
St. Kitts and Nevis,2009,8.75231161283475
St. Kitts and Nevis,2010,8.61681004027483
St. Kitts and Nevis,2011,9.44508791429837
St. Kitts and Nevis,2012,8.73398885413872
St. Kitts and Nevis,2013,8.77635361152344
St. Kitts and Nevis,2014,9.281492190571
St. Kitts and Nevis,2015,9.29691666666667
St. Kitts and Nevis,2016,9.23
St. Kitts and Nevis,2017,9.0925
St. Kitts and Nevis,2018,8.85792016666666
St. Kitts and Nevis,2019,8.52342308333333
St. Kitts and Nevis,2020,7.650572
St. Kitts and Nevis,2021,7.14461925
St. Kitts and Nevis,2022,7.05012091666667
St. Kitts and Nevis,2023,6.6677805
St. Kitts and Nevis,2024,6.450589
St. Lucia,1991,11.9059743876173
St. Lucia,1992,12.810449932971
St. Lucia,1993,11.8140626868538
St. Lucia,1994,11.0596618309
St. Lucia,1995,12.6827484777444
St. Lucia,1996,12.8214561836334
St. Lucia,1997,12.6817721325456
St. Lucia,1998,11.4038205442493
St. Lucia,1999,12.7914768846466
St. Lucia,2000,13.0629574857111
St. Lucia,2001,12.9728682897903
St. Lucia,2002,12.5874972528272
St. Lucia,2003,14.9972422139427
St. Lucia,2004,11.0707816198869
St. Lucia,2005,10.6053045549906
St. Lucia,2006,10.7839950834178
St. Lucia,2007,10.1219067962335
St. Lucia,2008,10.0849310391438
St. Lucia,2009,10.5820111235866
St. Lucia,2010,10.616538864255
St. Lucia,2011,10.0020504342406
St. Lucia,2012,9.50031901972522
St. Lucia,2013,9.07521429780519
St. Lucia,2014,8.99774238858608
St. Lucia,2015,8.85541666666667
St. Lucia,2016,8.4725
St. Lucia,2017,8.34
St. Lucia,2018,8.11011591666666
St. Lucia,2019,7.72247983333333
St. Lucia,2020,7.13469175
St. Lucia,2021,6.75742416666667
St. Lucia,2022,6.5128745
St. Lucia,2023,6.40448225
St. Lucia,2024,6.28812308333333
St. Vincent and the Grenadines,1991,11.1853680321861
St. Vincent and the Grenadines,1992,11.2968130358593
St. Vincent and the Grenadines,1993,11.9218397449356
St. Vincent and the Grenadines,1994,11.7331882751291
St. Vincent and the Grenadines,1995,11.0656845250305
St. Vincent and the Grenadines,1996,11.2251135234881
St. Vincent and the Grenadines,1997,11.2905743211062
St. Vincent and the Grenadines,1998,11.3070990509593
St. Vincent and the Grenadines,1999,11.5463818610657
St. Vincent and the Grenadines,2000,11.4644838851929
St. Vincent and the Grenadines,2001,11.6261472887473
St. Vincent and the Grenadines,2002,11.5626385220607
St. Vincent and the Grenadines,2003,11.8323845219297
St. Vincent and the Grenadines,2004,9.69262522955306
St. Vincent and the Grenadines,2005,9.58412535234747
St. Vincent and the Grenadines,2006,9.73167779068317
St. Vincent and the Grenadines,2007,9.61258286342562
St. Vincent and the Grenadines,2008,9.52441609219704
St. Vincent and the Grenadines,2009,9.18656075402981
St. Vincent and the Grenadines,2010,9.17183767616861
St. Vincent and the Grenadines,2011,9.13637805336276
St. Vincent and the Grenadines,2012,9.41440897330206
St. Vincent and the Grenadines,2013,9.43978132892116
St. Vincent and the Grenadines,2014,9.14600845222648
St. Vincent and the Grenadines,2015,9.30275
St. Vincent and the Grenadines,2016,9.1175
St. Vincent and the Grenadines,2017,8.7525
St. Vincent and the Grenadines,2018,8.48572125
St. Vincent and the Grenadines,2019,8.35136941666667
St. Vincent and the Grenadines,2020,7.99094591666667
St. Vincent and the Grenadines,2021,7.650287
St. Vincent and the Grenadines,2022,7.3919885
St. Vincent and the Grenadines,2023,7.162626
St. Vincent and the Grenadines,2024,7.09571483333333
Suriname,1991,8.9
Suriname,1992,8.925
Suriname,1993,9.35
Suriname,1994,15.375
Suriname,1995,40.325
Suriname,1996,35.925
Suriname,1997,33.15
Suriname,1998,27.075
Suriname,1999,27.375
Suriname,2000,29.0
Suriname,2001,25.725
Suriname,2002,22.1833333333333
Suriname,2003,21.0416666666667
Suriname,2004,20.4416666666667
Suriname,2005,17.4
Suriname,2006,15.6416666666667
Suriname,2007,13.7666666666667
Suriname,2008,12.2
Suriname,2009,11.65
Suriname,2010,11.5905430605278
Suriname,2011,11.7611090271062
Suriname,2012,11.7416666666667
Suriname,2013,11.9833333333333
Suriname,2014,12.2833333333333
Suriname,2015,12.6166666666667
Suriname,2016,13.4833333333333
Suriname,2017,14.425
Suriname,2018,14.2991149744656
Suriname,2019,14.9642193921404
Suriname,2020,14.7961590368644
Suriname,2021,14.8885076393893
Suriname,2022,14.7484928489449
Suriname,2023,14.1728026115993
Suriname,2024,14.7954845130132
Sweden,1992,15.2
Sweden,1993,12.1
Sweden,1994,10.65
Sweden,1995,11.14
Sweden,1996,8.7275
Sweden,1997,7.06
Sweden,1998,6.455
Sweden,1999,5.375
Sweden,2000,5.7725
Sweden,2001,5.73
Sweden,2002,5.7925
Sweden,2003,5.0175
Sweden,2004,4.1825
Sweden,2005,3.532
Sweden,2006,3.67803333333333
Switzerland,2008,3.3425
Switzerland,2009,2.75083333333333
Switzerland,2010,2.73333333333333
Switzerland,2011,2.71833333333333
Switzerland,2012,2.68833333333333
Switzerland,2013,2.68916666666667
Switzerland,2014,2.69
Switzerland,2015,2.68083333333333
Switzerland,2016,2.64666666666667
Switzerland,2017,2.62743867833333
Switzerland,2018,2.62742559333333
Switzerland,2019,2.63292318
Switzerland,2020,2.63484670416667
Switzerland,2021,2.63985731416667
Switzerland,2022,2.64672373583333
Switzerland,2023,2.86414745583333
Switzerland,2024,2.97616142777778
Tajikistan,2002,14.2108333333333
Tajikistan,2003,16.7283333333333
Tajikistan,2004,20.3146154041655
Tajikistan,2005,23.2848680154185
Tajikistan,2006,24.155
Tajikistan,2007,22.96
Tajikistan,2008,23.5944101034641
Tajikistan,2009,22.6158333333333
Tajikistan,2010,23.3996236146712
Tajikistan,2011,22.4616666666667
Tajikistan,2012,21.0933333333333
Tajikistan,2013,24.3341666666667
Tajikistan,2014,24.5312363359939
Tajikistan,2015,25.8362601612347
Tajikistan,2016,24.9431399980747
Tajikistan,2017,29.6467008842335
Tajikistan,2018,27.1887964575151
Tajikistan,2019,23.5497072150821
Tanzania,1992,27.3608695652174
Tanzania,1993,27.3608695652174
Tanzania,1994,34.4217391304348
Tanzania,1995,37.8050724637681
Tanzania,1996,33.965
Tanzania,1997,26.27
Tanzania,1998,22.8925
Tanzania,1999,21.8941666666667
Tanzania,2000,21.5775
Tanzania,2001,20.0572614143728
Tanzania,2002,16.3982407569744
Tanzania,2003,14.5169608907399
Tanzania,2004,14.14031946585
Tanzania,2005,15.2489487237996
Tanzania,2006,15.652097785396
Tanzania,2007,16.0703661501379
Tanzania,2008,14.9821346779129
Tanzania,2009,15.0304818249447
Tanzania,2010,14.5441666666667
Tanzania,2011,14.9633333333333
Tanzania,2012,15.5566666666667
Tanzania,2013,15.8608333333333
Tanzania,2014,16.2908333333333
Tanzania,2015,16.105
Tanzania,2016,15.9583333333333
Tanzania,2017,17.7741666666667
Tanzania,2018,17.4141666666667
Tanzania,2019,16.9708333333333
Tanzania,2020,16.6795341089585
Thailand,1991,15.3958333333333
Thailand,1992,12.1666666666667
Thailand,1993,11.1666666666667
Thailand,1994,10.8958333333333
Thailand,1995,13.25
Thailand,1996,13.3958333333333
Thailand,1997,13.6458333333333
Thailand,1998,14.4166666666667
Thailand,1999,8.97916666666667
Thailand,2000,7.83333333333333
Thailand,2001,7.27083333333333
Thailand,2004,4.55308715722008
Thailand,2005,4.71935005845093
Thailand,2006,6.27380728455047
Thailand,2007,6.04656836196979
Thailand,2008,5.82188819286142
Thailand,2009,4.77599754065056
Thailand,2010,4.33403991889774
Thailand,2011,5.06756761337228
Thailand,2012,5.18731410654716
Thailand,2013,5.06043360051236
Thailand,2014,4.94915214812624
Thailand,2015,4.73187498877014
Thailand,2016,4.46834552349908
Thailand,2017,4.41658283333333
Thailand,2018,4.14666666666666
Thailand,2019,4.08416666666666
Thailand,2020,3.2925
Thailand,2021,3.06
Thailand,2022,3.13833333333333
Thailand,2023,4.28583333333333
Thailand,2024,4.51416666666667
Timor-Leste,2011,11.0441666666667
Timor-Leste,2012,12.2108333333333
Timor-Leste,2013,12.4141666666667
Timor-Leste,2014,12.8666666666667
Timor-Leste,2015,13.4966666666667
Timor-Leste,2016,14.0483333333333
Timor-Leste,2017,13.2866666666667
Timor-Leste,2018,13.456301443692
Timor-Leste,2019,15.3621803257428
Timor-Leste,2020,14.1277354995604
Timor-Leste,2021,11.1598355669949
Timor-Leste,2022,11.0044920794713
Timor-Leste,2023,10.7247153336773
Timor-Leste,2024,10.6074346146692
Togo,2005,8.75583333333333
Togo,2006,4.73666666666667
Togo,2007,4.75166666666667
Togo,2008,4.98416666666667
Togo,2009,4.9775
Togo,2010,5.11333333333333
Togo,2011,5.25591666666667
Togo,2012,5.03916666666667
Togo,2013,5.2875
Togo,2014,5.33833333333333
Togo,2015,5.15416666666667
Togo,2016,5.295
Tonga,2012,9.92742756260372
Tonga,2013,9.35397224610026
Tonga,2014,8.64435559021165
Tonga,2015,8.23684100594144
Tonga,2016,7.92752471631559
Tonga,2017,7.87198632346278
Tonga,2018,8.03811869008348
Tonga,2019,8.06577613962305
Tonga,2020,7.82858252049211
Tonga,2021,7.75674121847486
Tonga,2022,7.85920663005895
Tonga,2023,7.73563920961447
Tonga,2024,7.76129756597384
Trinidad and Tobago,1991,13.17
Trinidad and Tobago,1992,15.3333333333333
Trinidad and Tobago,1993,15.5
Trinidad and Tobago,1994,15.9791666666667
Trinidad and Tobago,1995,15.1666666666667
Trinidad and Tobago,1996,15.7916666666667
Trinidad and Tobago,1997,15.3333333333333
Trinidad and Tobago,1998,17.3333333333333
Trinidad and Tobago,1999,17.0416666666667
Trinidad and Tobago,2000,16.5
Trinidad and Tobago,2001,15.6666666666667
Trinidad and Tobago,2002,12.4791666666667
Trinidad and Tobago,2003,11.1666666666667
Trinidad and Tobago,2004,9.3125
Trinidad and Tobago,2005,9.10416666666667
Trinidad and Tobago,2006,10.9175
Trinidad and Tobago,2007,11.75
Trinidad and Tobago,2008,12.4375
Trinidad and Tobago,2009,11.9375
Trinidad and Tobago,2010,9.2825
Trinidad and Tobago,2011,7.96916666666667
Trinidad and Tobago,2012,7.70833333333333
Trinidad and Tobago,2013,7.5
Trinidad and Tobago,2014,7.5
Trinidad and Tobago,2015,8.1825
Trinidad and Tobago,2016,9.0
Trinidad and Tobago,2017,9.0
Trinidad and Tobago,2018,9.09375
Trinidad and Tobago,2019,9.25
Trinidad and Tobago,2020,6.555
Trinidad and Tobago,2021,7.4375
Trinidad and Tobago,2022,7.48958333333333
Trinidad and Tobago,2023,7.52083333333333
Trinidad and Tobago,2024,7.5
Uganda,1991,34.4166666666667
Uganda,1992,39.1111111111111
Uganda,1994,20.7622222222222
Uganda,1995,20.1625
Uganda,1996,20.2941666666667
Uganda,1997,21.3708333333333
Uganda,1998,20.8616666666667
Uganda,1999,21.5491666666667
Uganda,2000,22.9197575
Uganda,2001,22.655
Uganda,2002,19.0971782285593
Uganda,2003,18.9421408936285
Uganda,2004,20.6031757398424
Uganda,2005,19.645388401657
Uganda,2006,18.6973347967076
Uganda,2007,19.1057894680034
Uganda,2008,20.450066096838
Uganda,2009,20.9551657814281
Uganda,2010,20.1746301259357
Uganda,2011,21.8333142597665
Uganda,2012,26.1501302489385
Uganda,2013,23.2835727165863
Uganda,2014,21.5842268570126
Uganda,2015,22.60135726942
Uganda,2016,23.8861326246628
Uganda,2017,21.2786714889596
Uganda,2018,19.8465587059191
Ukraine,1992,75.7
Ukraine,1993,184.25
Ukraine,1994,250.283333333333
Ukraine,1995,122.7
Ukraine,1996,79.8833333333333
Ukraine,1997,49.1166666666667
Ukraine,1998,54.4966666666667
Ukraine,1999,54.9525
Ukraine,2000,41.528425
Ukraine,2001,32.277975
Ukraine,2002,25.3494583333333
Ukraine,2003,17.8948916666667
Ukraine,2004,17.401225
Ukraine,2005,16.1741666666667
Ukraine,2006,15.1691666666667
Ukraine,2007,13.8991666666667
Ukraine,2008,17.4925
Ukraine,2009,20.8633333333333
Ukraine,2010,15.8683916666667
Ukraine,2011,15.947225
Ukraine,2012,18.3922166666667
Ukraine,2013,16.6492
Ukraine,2014,17.7180416666667
Ukraine,2015,21.8229416666667
Ukraine,2016,19.2371666666667
Ukraine,2017,16.383525
Ukraine,2018,19.004875
Ukraine,2019,19.8217083333333
Ukraine,2020,14.2924
Ukraine,2021,13.2921083333333
Ukraine,2022,18.6094166666667
Ukraine,2023,22.1117666666667
Ukraine,2024,19.58905
United Kingdom,1991,11.6949833333333
United Kingdom,1992,9.56348333333333
United Kingdom,1993,6.01363333333333
United Kingdom,1994,5.46278333333333
United Kingdom,1995,6.693675
United Kingdom,1996,5.95853333333333
United Kingdom,1997,6.5634
United Kingdom,1998,7.23205
United Kingdom,1999,5.34440833333333
United Kingdom,2000,5.96389166666667
United Kingdom,2001,5.122375
United Kingdom,2002,4.0
United Kingdom,2003,3.69579166666667
United Kingdom,2004,4.37981666666667
United Kingdom,2005,4.648675
United Kingdom,2006,4.63825833333333
United Kingdom,2007,5.50870833333333
United Kingdom,2008,4.67530833333333
United Kingdom,2009,0.644866666666667
United Kingdom,2010,0.5
United Kingdom,2011,0.5
United Kingdom,2012,0.5
United Kingdom,2013,0.5
United Kingdom,2014,0.5
United States,1991,8.46333333333333
United States,1992,6.25166666666667
United States,1993,6.0
United States,1994,7.13833333333333
United States,1995,8.82916666666667
United States,1996,8.27083333333333
United States,1997,8.44166666666667
United States,1998,8.35416666666667
United States,1999,7.99416666666666
United States,2000,9.23333333333333
United States,2001,6.92166666666667
United States,2002,4.675
United States,2003,4.1225
United States,2004,4.34
United States,2005,6.18916666666667
United States,2006,7.9575
United States,2007,8.05
United States,2008,5.0875
United States,2009,3.25
United States,2010,3.25
United States,2011,3.25
United States,2012,3.25
United States,2013,3.25
United States,2014,3.25
United States,2015,3.26
United States,2016,3.51166666666667
United States,2017,4.09666666666667
United States,2018,4.90416666666667
United States,2019,5.2825
United States,2020,3.54416666666667
United States,2021,3.25
Uruguay,1991,148.177231407888
Uruguay,1992,114.14153680673
Uruguay,1993,94.3371886429814
Uruguay,1994,92.1564488370221
Uruguay,1995,96.0494732313643
Uruguay,1996,88.6995724038718
Uruguay,1997,69.3475258295067
Uruguay,1998,56.1419347823086
Uruguay,1999,51.6371724883242
Uruguay,2000,47.5403296902658
Uruguay,2001,50.1184487497555
Uruguay,2002,118.379940833333
Uruguay,2003,58.9409958333333
Uruguay,2004,23.6791141666667
Uruguay,2005,13.6095233333333
Uruguay,2006,9.25001575
Uruguay,2007,8.93970391666667
Uruguay,2008,12.4476125
Uruguay,2009,15.284842385802
Uruguay,2010,10.3262221820083
Uruguay,2011,9.78182074182773
Uruguay,2012,11.1991921565682
Uruguay,2013,12.4340649587398
Uruguay,2014,15.5341402019916
Uruguay,2015,15.8410813948786
Uruguay,2016,16.1703130380291
Uruguay,2017,13.8334581432191
Uruguay,2018,12.201184744586
Uruguay,2019,11.5571850608681
Uruguay,2020,11.2312594501517
Uruguay,2021,7.45064820808614
Uruguay,2022,10.8653622268844
Uruguay,2023,11.8954328669923
Uruguay,2024,9.90709477725299
Uzbekistan,2013,16.2015669481166
Uzbekistan,2014,15.9901521817941
Uzbekistan,2015,13.773762892753
Uzbekistan,2016,13.5239667915277
Uzbekistan,2017,15.3767768819838
Uzbekistan,2018,19.9656221631193
Uzbekistan,2019,23.6060674782463
Uzbekistan,2020,22.3410510306587
Uzbekistan,2021,21.4230858508675
Uzbekistan,2022,21.7461154561416
Uzbekistan,2023,22.150086026479
Uzbekistan,2024,23.1339383845928
Vanuatu,2013,10.5483333333333
Vanuatu,2014,10.4058333333333
Vanuatu,2015,10.2007999185791
Vanuatu,2016,10.1
Vanuatu,2017,9.965
Vanuatu,2018,10.1816666666667
Vanuatu,2019,10.0458333333333
Vanuatu,2020,9.76083333333333
Vanuatu,2021,9.33333333333333
Vanuatu,2022,8.80583333333334
Vanuatu,2023,8.93583333333333
Vanuatu,2024,8.63833333333333
"Venezuela, RB",1991,37.1633333333333
"Venezuela, RB",1992,41.3275
"Venezuela, RB",1993,59.9016666666667
"Venezuela, RB",1994,54.655
"Venezuela, RB",1995,39.7441666666667
"Venezuela, RB",1996,39.4133333333333
"Venezuela, RB",1997,23.685
"Venezuela, RB",1998,46.3525
"Venezuela, RB",1999,32.1258333333333
"Venezuela, RB",2000,25.1991666666667
"Venezuela, RB",2001,22.4516666666667
"Venezuela, RB",2002,36.5775
"Venezuela, RB",2003,25.1933333333333
"Venezuela, RB",2004,18.4966666666667
"Venezuela, RB",2005,16.8091666666667
"Venezuela, RB",2006,15.4766666666667
"Venezuela, RB",2007,17.105
"Venezuela, RB",2008,22.3708333333333
"Venezuela, RB",2009,19.8933333333333
"Venezuela, RB",2010,18.3475
"Venezuela, RB",2011,17.15
"Venezuela, RB",2012,16.38
"Venezuela, RB",2013,15.895
"Venezuela, RB",2014,17.2116666666667
"Venezuela, RB",2015,19.395
"Venezuela, RB",2016,20.775
"Venezuela, RB",2017,21.0591666666667
Viet Nam,1993,32.1825
Viet Nam,1996,20.1
Viet Nam,1997,14.4166666666667
Viet Nam,1998,14.4
Viet Nam,1999,12.7
Viet Nam,2000,10.55
Viet Nam,2001,9.42
Viet Nam,2002,9.06166666666667
Viet Nam,2003,9.48
Viet Nam,2004,9.7225
Viet Nam,2005,11.025
Viet Nam,2006,11.17625
Viet Nam,2007,11.18
Viet Nam,2008,15.7835714285714
Viet Nam,2009,10.069
Viet Nam,2010,13.13525
Viet Nam,2011,16.9538333333333
Viet Nam,2012,13.4716666666667
Viet Nam,2013,10.3741666666667
Viet Nam,2014,8.665
Viet Nam,2015,7.1175
Viet Nam,2016,6.96
Viet Nam,2017,7.0675
Viet Nam,2018,7.371875
Viet Nam,2019,7.7075
Viet Nam,2020,7.6475
Viet Nam,2021,7.811
Viet Nam,2022,8.01333333333333
Viet Nam,2023,9.323
West Bank and Gaza,2004,7.2825
West Bank and Gaza,2005,7.335
West Bank and Gaza,2006,7.7275
West Bank and Gaza,2007,7.9775
West Bank and Gaza,2008,7.1875
West Bank and Gaza,2009,6.18769425921147
West Bank and Gaza,2010,6.33375
West Bank and Gaza,2011,6.78660760685902
West Bank and Gaza,2012,6.96807981690715
West Bank and Gaza,2013,7.51586793615925
West Bank and Gaza,2014,6.4085572520006
West Bank and Gaza,2015,6.78210778307195
West Bank and Gaza,2016,6.14971653355566
West Bank and Gaza,2017,5.79209839789852
West Bank and Gaza,2018,5.87296103777134
West Bank and Gaza,2019,5.93196071275098
West Bank and Gaza,2020,5.51730657376974
West Bank and Gaza,2021,5.55524249655977
"Yemen, Rep.",1996,31.45
"Yemen, Rep.",1997,22.5166666666667
"Yemen, Rep.",1998,18.125
"Yemen, Rep.",1999,24.0833333333333
"Yemen, Rep.",2000,19.5416666666667
"Yemen, Rep.",2001,17.5
"Yemen, Rep.",2002,17.7083333333333
"Yemen, Rep.",2003,18.0
"Yemen, Rep.",2004,18.5
"Yemen, Rep.",2005,18.0
"Yemen, Rep.",2006,18.0
"Yemen, Rep.",2007,18.0
"Yemen, Rep.",2008,18.0
"Yemen, Rep.",2009,18.0
"Yemen, Rep.",2010,23.8333333333333
"Yemen, Rep.",2011,25.0
"Yemen, Rep.",2012,24.5
"Yemen, Rep.",2013,22.0833333333333
Zambia,1991,43.0
Zambia,1992,54.5666666666667
Zambia,1993,113.308333333333
Zambia,1994,70.5583333333333
Zambia,1995,45.5333333333333
Zambia,1996,53.7833333333333
Zambia,1997,46.6916666666667
Zambia,1998,31.8
Zambia,1999,40.5166666666667
Zambia,2000,38.8
Zambia,2001,46.2333333333333
Zambia,2002,45.1980166666667
Zambia,2003,40.5710333333333
Zambia,2004,30.7271
Zambia,2005,28.2091666666667
Zambia,2006,23.1533333333333
Zambia,2007,18.8908333333333
Zambia,2008,19.0641666666667
Zambia,2009,22.0625
Zambia,2010,20.9166666666667
Zambia,2011,18.8366666666667
Zambia,2012,12.1508333333333
Zambia,2013,9.52083333333333
Zambia,2014,11.5733333333333
Zambia,2015,13.25
Zambia,2016,15.5
Zambia,2017,12.375
Zambia,2018,9.79166666666667
Zambia,2019,10.2916666666667
Zambia,2020,9.47916666666667
Zimbabwe,2012,11.5966666666667
Zimbabwe,2013,9.74
Zimbabwe,2014,9.4675
Zimbabwe,2015,8.54177133537791
Zimbabwe,2016,7.11333333333333
Zimbabwe,2017,6.91416666666666
Zimbabwe,2018,7.13166666666667
Zimbabwe,2019,16.1816666666667
Zimbabwe,2020,33.0083333333333
Zimbabwe,2021,45.4766666666667
Zimbabwe,2022,131.813333333333
Zimbabwe,2023,170.293833333333
Zimbabwe,2024,68.8858333333334
