Country Name,year,trade_open,gdp_pc_growth,pop_growth,investment_share
Afghanistan,1991,,,1.59132588364829,
Afghanistan,1992,,,8.15641941048095,
Afghanistan,1993,,,11.8072591071712,
Afghanistan,1994,,,8.38872960212999,
Afghanistan,1995,,,4.89368011973163,
Afghanistan,1996,,,4.00540467357125,
Afghanistan,1997,,,3.80450803445817,
Afghanistan,1998,,,3.7646866376293,
Afghanistan,1999,,,3.72811603964771,
Afghanistan,2000,,,1.21217597601851,
Afghanistan,2001,,-10.1194841059326,0.762004896898895,
Afghanistan,2002,,22.0201902696299,5.25202958527833,
Afghanistan,2003,,2.34567163632688,6.14519400188515,
Afghanistan,2004,,-2.14821228495553,3.57583485398158,
Afghanistan,2005,,7.38337728197978,3.51921696042587,
Afghanistan,2006,,1.13248505528998,4.09270201656348,
Afghanistan,2007,,11.6923032922081,1.8925975396006,
Afghanistan,2008,,1.6772791560615,2.18654618162979,
Afghanistan,2009,,17.0438963216074,3.64638090813246,
Afghanistan,2010,,11.0550305527288,2.93468670173474,
Afghanistan,2011,,-3.21329500579925,3.69150308391849,
Afghanistan,2012,,8.27936899310519,4.04786256315645,
Afghanistan,2013,,2.0520682606117,3.41822667584596,
Afghanistan,2014,,-0.939984755736006,3.63251884652008,
Afghanistan,2015,,-1.66505744749013,3.11995924146907,
Afghanistan,2016,,-0.300121027406746,2.53571991833963,
Afghanistan,2017,,-0.195569548342789,2.80833730805469,
Afghanistan,2018,,-1.71374269254262,2.91080959861384,
Afghanistan,2019,,0.856294729087764,2.98438913621969,
Afghanistan,2020,46.7098945514103,-5.38251464221077,3.15360920291972,11.5
Afghanistan,2021,51.4117163747271,-22.5844818732987,2.35609779179185,13.0
Afghanistan,2022,72.8854696086536,-7.57666891152213,1.43570437048699,16.7
Afghanistan,2023,67.5846651516385,0.10609280092082,2.13559384981397,15.2924823859473
Afghanistan,2024,,,2.83657317243522,
Africa Eastern and Southern,1991,39.740226296266,-2.81636392081812,2.75069381267418,
Africa Eastern and Southern,1992,40.4184909845949,-4.95780030561728,2.66048165065413,
Africa Eastern and Southern,1993,42.8530549917629,-3.54768989234036,2.76949139016801,
Africa Eastern and Southern,1994,45.3680283314824,-0.754991305784586,2.65931727355301,19.5667435850594
Africa Eastern and Southern,1995,47.4363094092782,1.68018121614035,2.59624753960851,19.6742320871656
Africa Eastern and Southern,1996,47.1984709343813,2.74502731909163,2.64520724063808,19.0404994645871
Africa Eastern and Southern,1997,45.061201269365,1.22809594714299,2.56360934676329,17.8233875080302
Africa Eastern and Southern,1998,46.6589395668028,-0.827783979274102,2.59082906065185,19.2559161234017
Africa Eastern and Southern,1999,44.905776087831,-0.0228032207341045,2.62289295632848,18.8478015425903
Africa Eastern and Southern,2000,46.5571690776463,0.537869667932483,2.59538933998788,18.9834572520083
Africa Eastern and Southern,2001,47.9559637004703,0.858579280901367,2.5886417713116,18.2349584218774
Africa Eastern and Southern,2002,57.2943038862584,1.24219117699475,2.60780157535376,17.647979436778
Africa Eastern and Southern,2003,54.865818834396,0.346510186837492,2.61906809457548,18.3103492486494
Africa Eastern and Southern,2004,55.9014690795976,2.88102072463532,2.64137149821667,19.7485737033903
Africa Eastern and Southern,2005,58.6583006346614,3.38824422723647,2.65847839652985,19.4453679886469
Africa Eastern and Southern,2006,59.2211968534177,3.82819363993087,2.66976588552462,20.3858372455771
Africa Eastern and Southern,2007,64.926552245923,3.86656229741081,2.69144498343854,21.4848491085396
Africa Eastern and Southern,2008,72.1139529810406,1.63141455651532,2.72364001522085,23.870753415099
Africa Eastern and Southern,2009,60.8267897293719,-1.80546868048668,2.73723757208867,23.6154890041129
Africa Eastern and Southern,2010,61.1440016011495,2.46724942908996,2.73452519643287,21.5855677899219
Africa Eastern and Southern,2011,63.0683921534385,1.32056264735158,2.68462143269084,22.5842692038802
Africa Eastern and Southern,2012,61.0262151920067,-0.810806958448879,2.69351289263264,23.2846027406485
Africa Eastern and Southern,2013,61.4749476479476,1.52775556150408,2.7482455829431,23.7485256245812
Africa Eastern and Southern,2014,59.8998848247145,1.14792763944376,2.70410469635343,24.3021098070702
Africa Eastern and Southern,2015,54.919335043677,0.195170651571047,2.69683038788555,23.4757442708219
Africa Eastern and Southern,2016,52.9532018565789,-0.531578202025244,2.64074325542301,22.044763764198
Africa Eastern and Southern,2017,51.8332071754235,0.000238209279459056,2.64206728810391,22.0297596320011
Africa Eastern and Southern,2018,55.0220378948386,-0.0649911495143698,2.73426282366823,21.8468381138064
Africa Eastern and Southern,2019,53.528129184284,-0.709406765771149,2.72168052257397,22.0030443460919
Africa Eastern and Southern,2020,49.5217047765169,-5.40593357050348,2.69951609745311,19.6988732723162
Africa Eastern and Southern,2021,54.5012645153596,1.8444037839531,2.6494391643563,19.656775067568
Africa Eastern and Southern,2022,57.1527762711517,1.06800535315368,2.59275445199729,20.4555471479547
Africa Eastern and Southern,2023,56.1705277452305,-0.604581556777575,2.51916664518144,19.6138401928151
Africa Eastern and Southern,2024,54.422178323254,0.253854331195157,2.47280147854539,18.4479364351501
Africa Western and Central,1991,,-1.5194256399805,2.64300140464419,
Africa Western and Central,1992,,-0.491367257222322,2.75593895058625,
Africa Western and Central,1993,,-3.95491413466083,2.70082777138451,
Africa Western and Central,1994,,-2.8424953128755,2.65462164834649,
Africa Western and Central,1995,,-0.884392260122439,2.72302903559725,
Africa Western and Central,1996,,1.81386557247889,2.7205854804256,
Africa Western and Central,1997,,1.58768178140116,2.71907260451378,
Africa Western and Central,1998,,0.793213441634833,2.76168483699296,
Africa Western and Central,1999,,-1.21760005199664,2.73166191861256,
Africa Western and Central,2000,,0.994886215857235,2.75132392809025,
Africa Western and Central,2001,,2.34101950539571,2.80153964354323,
Africa Western and Central,2002,,6.89607804633479,2.81077138406323,
Africa Western and Central,2003,,2.69528702947304,2.8141742241892,
Africa Western and Central,2004,,5.05742960628557,2.82856501787792,
Africa Western and Central,2005,,2.83547361677508,2.83958955807186,
Africa Western and Central,2006,,2.35331877042468,2.82608419767989,
Africa Western and Central,2007,,2.51342667891161,2.8219705369228,
Africa Western and Central,2008,,3.25123495143048,2.82607178878814,
Africa Western and Central,2009,,3.21833088001522,2.79237396747975,
Africa Western and Central,2010,,4.05981283645302,2.78698893627561,
Africa Western and Central,2011,,2.00165680033342,2.82286088448152,
Africa Western and Central,2012,,2.24605754290037,2.78126173094488,
Africa Western and Central,2013,,3.18957889504057,2.73116206800931,
Africa Western and Central,2014,,2.84487672753886,2.73031560628191,
Africa Western and Central,2015,,0.191502169894335,2.69935903335602,
Africa Western and Central,2016,,-2.448315415498,2.67291294656133,
Africa Western and Central,2017,,-0.35528342283655,2.62629564056769,
Africa Western and Central,2018,,0.330201879420301,2.53362052736347,
Africa Western and Central,2019,,0.792057670409577,2.44004800908883,
Africa Western and Central,2020,,-6.00341571014458,2.38917570433681,
Africa Western and Central,2021,,0.154017883433298,2.3638289749527,
Africa Western and Central,2022,,2.06440092156687,2.33227039388145,
Africa Western and Central,2023,,1.21811016774997,2.38620356038992,
Africa Western and Central,2024,,2.10705761976354,2.39847314152298,
Albania,1991,36.0705200632829,-27.566820834883,-0.602809679480026,7.60311109567282
Albania,1992,108.785472241159,-6.62255120696442,-0.606434726201759,5.65668410228241
Albania,1993,80.518332770413,10.2299493392305,-0.610165792730247,13.6761374504386
Albania,1994,53.1025847356112,8.96976165854495,-0.613880506929603,18.8965848987739
Albania,1995,40.1386989518314,14.0244959350984,-0.617703658436963,16.4271239839877
Albania,1996,44.4117820054663,8.00551384353483,-0.62151139901728,21.1475152669262
Albania,1997,44.7293780649181,-11.1576605254893,-0.625430096900055,19.7587807672594
Albania,1998,47.1306266993222,8.99380682261059,-0.629334392525913,22.7895725962923
Albania,1999,49.8954184095195,12.9639268824224,-0.63335227398725,24.2715109633495
Albania,2000,61.6092610436407,8.14996793452505,-0.637356833943492,34.0401392244169
Albania,2001,64.2474462587009,9.89019357107392,-0.93847042771206,38.2280453184166
Albania,2002,65.9914650336802,4.94262296313663,-0.299876697084691,38.5753358181086
Albania,2003,64.8232150960777,5.72810598121802,-0.374149169291299,36.7221284326025
Albania,2004,65.0379383187697,5.70712308403314,-0.417931377925999,36.3319472329288
Albania,2005,69.1162926602322,5.67025027957055,-0.511790116421897,38.3843892451909
Albania,2006,72.2019089483674,6.68998139667232,-0.630911244851673,37.3389564722485
Albania,2007,79.9119008919954,7.30798262922809,-0.75571875541991,35.6688758642439
Albania,2008,75.2485472798728,7.73056161381389,-0.767342959142321,33.3056707670518
Albania,2009,73.3213575646169,3.38511539501225,-0.673894046451936,32.4404588015772
Albania,2010,75.5325329687378,3.48564808644622,-0.49646196338738,32.4926226328977
Albania,2011,80.6989985298954,2.73953255678821,-0.269017331764615,33.8376091539876
Albania,2012,76.9683583166821,2.5545386692104,-1.54313670532257,29.7150278852687
Albania,2013,75.7506185619748,3.28889031489732,-1.54314471365633,29.0566378899977
Albania,2014,75.0212023084129,3.83017022939833,-1.54313753739282,28.3047822758213
Albania,2015,71.2794476606014,3.81743447071763,-1.54312006878448,27.8134648405134
Albania,2016,74.0144504546815,5.52482598081943,-1.54313470861992,26.814346013014
Albania,2017,76.7873817898989,4.88935288088643,-1.54315156766944,27.657593194662
Albania,2018,75.6940783717425,5.28357949627288,-1.54309991591532,27.1252994132038
Albania,2019,75.382128932689,3.64975808463876,-1.54313709096794,25.2875256073276
Albania,2020,59.5206994391875,-1.81016536329729,-1.54315589345436,26.2183472454095
Albania,2021,75.5904040905009,10.6641494274411,-1.54312080996395,28.6722669213413
Albania,2022,84.6980435944865,6.45698822084806,-1.54315667695786,26.8023654741294
Albania,2023,82.3524933990723,5.63293544264612,-1.54310811387613,23.4392861436214
Albania,2024,79.4546360752224,5.66395904797913,-1.54314393524594,24.9514965978049
Algeria,1991,52.7175867077307,-3.52712947648031,2.38357644702334,31.8413271022186
Algeria,1992,49.1890842360411,-0.649140042449275,2.43525019358237,30.7574894245852
Algeria,1993,44.9228133698634,-4.42745904751482,2.40609915355137,29.0909081133635
Algeria,1994,48.5844377877809,-3.0685083752782,2.21250190534871,30.0801428611511
Algeria,1995,55.1910052081435,1.67474517206692,2.06869750539347,30.9085562401555
Algeria,1996,53.7051478767794,2.08184989450046,1.95770195001196,25.6784142626908
Algeria,1997,52.2439115059386,-0.767068614422456,1.86401965879386,22.4469725267253
Algeria,1998,45.0944505585079,3.43950503955708,1.59253627896162,27.1484816562939
Algeria,1999,50.9291093379713,1.77694241787516,1.3885288478211,26.2476846690659
Algeria,2000,62.8583436360347,2.35726435010288,1.3996685583388,23.5639069007647
Algeria,2001,54.5296491177208,1.59517814379704,1.37329134127777,29.4025185679593
Algeria,2002,56.5896052814114,4.00705031536965,1.33039477696898,32.422149775997
Algeria,2003,57.7691353044878,5.09333212662064,1.32961524189621,32.0808213874135
Algeria,2004,61.3579975707176,3.05086148235007,1.39644042529783,32.8514476424712
Algeria,2005,66.8404602203906,3.86890214242119,1.46330884553002,31.175075513314
Algeria,2006,65.9152919677621,1.32618894855368,1.54127363754195,30.3621197641824
Algeria,2007,67.5454733939763,1.39346833661227,1.6690716779345,33.5715459915764
Algeria,2008,71.0284922505261,0.652527943948144,1.81885306168943,35.5369334164485
Algeria,2009,64.2847547238993,-0.72042057547074,1.91588522187232,46.0669131037696
Algeria,2010,63.4912159928425,2.77921908194712,1.9470588317966,43.2868274827225
Algeria,2011,62.2200899610479,1.00399237129356,1.9568943735315,39.7538222142123
Algeria,2012,60.7576393340605,0.379563284418055,1.99280790148967,40.2823786992933
Algeria,2013,59.151008157244,0.548743629610698,2.01953115835273,44.5820108403061
Algeria,2014,56.9235419669867,2.00005200987388,2.03786524232338,46.8984793363791
Algeria,2015,53.2046225904145,1.09962061859601,2.05624795728459,51.779612559441
Algeria,2016,49.7609327925216,1.78594064734014,2.05569111181654,51.6415142855742
Algeria,2017,49.8208161712587,-0.541667024495979,2.03200060784518,48.2675922575805
Algeria,2018,52.4361676779223,-0.546019580108478,1.93780623340147,46.4568594962626
Algeria,2019,46.5068426081672,-0.939992962004737,1.84041291439333,44.6295617875004
Algeria,2020,40.3897565625388,-6.61247509707083,1.71191216459393,42.9493576825015
Algeria,2021,46.8370592599607,2.13263632683078,1.61936460233826,39.146266285101
Algeria,2022,51.1900893683897,1.96825188100587,1.58758210690673,35.0979536992694
Algeria,2023,43.7397984507007,2.55120301943617,1.49897601193923,37.6168765143841
Algeria,2024,40.1345741170703,2.25996527082104,1.39838651912702,41.098075603421
American Samoa,1991,,,2.62811088695503,
American Samoa,1992,,,2.38558568502606,
American Samoa,1993,,,2.26024521597422,
American Samoa,1994,,,2.15371701014893,
American Samoa,1995,,,2.05671216036268,
American Samoa,1996,,,1.96279569672393,
American Samoa,1997,,,1.87351717706436,
American Samoa,1998,,,1.77221674438368,
American Samoa,1999,,,1.63829370882346,
American Samoa,2000,,,1.07336821798259,
American Samoa,2001,,,0.347649330019057,
American Samoa,2002,210.9375,,0.015773561790571,
American Samoa,2003,207.442748091603,1.12678985497159,-0.159602955841036,
American Samoa,2004,202.357563850688,0.68022053736145,-0.268918950346124,
American Samoa,2005,223.2,-0.0545952701160815,-0.354388346392294,
American Samoa,2006,229.817444219067,-3.68497685539259,-0.43012341626739,
American Samoa,2007,218.146718146718,2.32559828018989,-0.464054456743541,
American Samoa,2008,249.821428571429,-2.16041177422564,-0.509197909248079,
American Samoa,2009,161.333333333333,-3.6489098592902,-0.538813760911533,
American Samoa,2010,157.940663176265,0.84468159199173,-0.541732698337665,
American Samoa,2011,157.543859649123,0.606612624100549,-0.604780136721016,
American Samoa,2012,176.40625,-3.62202258510453,-0.742342325127959,
American Samoa,2013,173.824451410658,-1.62801355404956,-0.890369493241287,
American Samoa,2014,174.805598755832,2.79061243809868,-1.00492136443654,
American Samoa,2015,162.407132243685,4.29662336687659,-1.10585645130594,
American Samoa,2016,159.165424739195,-0.488137584297121,-1.20431808595042,
American Samoa,2017,161.437908496732,-5.79936404816848,-1.26938746413556,
American Samoa,2018,171.830985915493,4.03850712136055,-1.32302357149178,
American Samoa,2019,156.568778979907,0.897584681397618,-1.38257886328442,
American Samoa,2020,154.368932038835,5.3517874262504,-0.896274880494128,
American Samoa,2021,136.8,0.297884820349225,-1.0829920166826,
American Samoa,2022,124.684270952928,3.59327606262792,-1.81008765020754,
American Samoa,2023,,,-1.71290294190977,
American Samoa,2024,,,-1.60366587175019,
Andorra,1991,,-4.81916904530696,7.45329468211735,
Andorra,1992,,-4.99409016591666,6.0480321596983,
Andorra,1993,,-5.83663168981438,4.97705409023407,
Andorra,1994,,0.259838841219207,2.09572588343954,
Andorra,1995,,3.8829592914651,-1.08930148717707,
Andorra,1996,,4.53197827144704,0.112591492472177,
Andorra,1997,,7.86067895733267,1.11281494023923,
Andorra,1998,,2.11836793796665,1.04857897159494,
Andorra,1999,,3.57945484802578,0.500412968697236,
Andorra,2000,,3.56776571144128,-0.038053198830509,
Andorra,2001,,7.84516813384302,0.253921086430399,
Andorra,2002,,3.51828473360374,0.988236936986141,
Andorra,2003,,4.03270748560267,4.38331242746588,
Andorra,2004,,1.09540001410325,6.73220754538658,
Andorra,2005,,1.18302768739022,4.08106927409514,
Andorra,2006,,1.95883002800001,2.7567571256705,
Andorra,2007,,-1.2896115123411,2.83924882561682,
Andorra,2008,,-7.38929878788132,1.95686286864098,
Andorra,2009,,-5.74648545856505,0.469582600578118,
Andorra,2010,,1.88988084312282,-3.86696538756774,
Andorra,2011,,3.7495175357235,-3.68900236441521,
Andorra,2012,,-3.80075429834201,-1.22756477898092,
Andorra,2013,,-1.44394540350855,-2.15758099819573,
Andorra,2014,,4.52989381717444,-1.95667320426838,
Andorra,2015,,3.63079793724701,-2.14248382559065,
Andorra,2016,,3.69962046811506,0.00969831319383994,
Andorra,2017,,-1.80605703312767,2.16803975005007,
Andorra,2018,,-0.30211930399588,1.87885332176802,
Andorra,2019,,0.265352820614368,1.73050296926809,
Andorra,2020,,-12.2238384935431,1.17775354895761,
Andorra,2021,,6.92704485233561,1.26362889534188,
Andorra,2022,,7.72123800096536,1.69676808598242,
Andorra,2023,,1.1232590791063,1.43374756867515,
Andorra,2024,,2.00678445056737,1.32930689449906,
Angola,1991,,-2.34465271095358,3.35905461487339,
Angola,1992,,-8.87134519095005,3.27414246108306,
Angola,1993,,-26.3741958805222,3.19559442992564,
Angola,1994,,-1.89306801134015,3.24168920160086,
Angola,1995,,11.2224490340232,3.33998873703717,
Angola,1996,,9.76893815229334,3.3816089218138,
Angola,1997,,3.69291015107154,3.39551504166387,
Angola,1998,,1.24533172646349,3.34679546644871,
Angola,1999,,-1.1307987789491,3.29527663572252,
Angola,2000,,-0.302928309232016,3.31228746945312,
Angola,2001,,0.769184668379836,3.35370941359163,
Angola,2002,90.5708209731095,9.85780236264037,3.40747615681454,29.7741669107851
Angola,2003,90.6807161820483,-0.0654379872422197,3.49334277776736,29.8069552741519
Angola,2004,90.3860384733605,7.48604694407922,3.59445752400652,32.7033343298252
Angola,2005,95.3414592884703,10.0673593264113,3.64626893356444,28.0139948974484
Angola,2006,84.6246041171541,7.79557532887203,3.68489201610335,24.1285215642067
Angola,2007,97.2256306999958,8.85163544291412,3.74258021023639,26.8723206787845
Angola,2008,108.680408741993,6.67888592419779,3.77828976645524,31.0476642804707
Angola,2009,102.263183257986,-1.80906009330889,3.80156187494836,42.1126629946906
Angola,2010,90.9940631355109,1.31579076620976,3.85109824897149,29.7638327935383
Angola,2011,89.0369443425845,-0.356512141669299,3.8879459971363,27.3662454536118
Angola,2012,81.9394785486361,4.37008778613288,3.88358355528674,27.9685614009235
Angola,2013,77.3498013716078,0.921826358320473,3.84998068971631,26.9937630528609
Angola,2014,69.5801424481147,0.821220988941135,3.73272806660513,28.8734781928265
Angola,2015,54.9793808779835,-2.80470818378251,3.60507162233632,29.1086095935763
Angola,2016,47.0155661405313,-5.15402904669538,3.57644143982026,30.134293482854
Angola,2017,45.6643423539921,-3.62286501702881,3.54061221486272,29.1829432051553
Angola,2018,58.916480075976,-3.96852454312942,3.45323300897802,24.2002490160737
Angola,2019,60.7148243336685,-3.52900012504749,3.38788422184303,24.6757736004733
Angola,2020,54.3442286847189,-7.1276148271679,3.26795864914978,19.6439562319095
Angola,2021,61.5262136695806,-1.0943408561201,3.18132259995095,15.9851660648707
Angola,2022,55.2547732713835,0.991406795873331,3.14302612044601,14.1769859541901
Angola,2023,53.033483632308,-1.80870334166293,3.08065530722915,12.3076318613212
Angola,2024,50.8422305562091,1.29293270746824,3.04419972245653,10.4110011927256
Antigua and Barbuda,1991,,1.6594153249851,0.507699603022036,
Antigua and Barbuda,1992,,-0.43883830028318,1.59169498831994,
Antigua and Barbuda,1993,,3.38094182895334,1.820176259723,
Antigua and Barbuda,1994,,4.67192490428931,1.89690804434566,
Antigua and Barbuda,1995,,-6.24765118209551,1.99366754947741,
Antigua and Barbuda,1996,,4.42573962263424,2.06537047537748,
Antigua and Barbuda,1997,,3.33223171042644,2.04891111658493,
Antigua and Barbuda,1998,,2.76572360104406,1.89459540759207,
Antigua and Barbuda,1999,,1.94235195854947,1.71693315212405,
Antigua and Barbuda,2000,,4.43708445751554,1.67727282735622,
Antigua and Barbuda,2001,,-5.99992111346744,1.53267318275276,
Antigua and Barbuda,2002,,-0.235736724833515,1.25800968019549,
Antigua and Barbuda,2003,,4.91622766558386,1.09996203153919,
Antigua and Barbuda,2004,,4.64519467801469,1.06640091579038,
Antigua and Barbuda,2005,,5.28070690333209,1.12677248463423,
Antigua and Barbuda,2006,,11.3196408319242,1.23960018151071,
Antigua and Barbuda,2007,,7.84344693304287,1.35546842030699,
Antigua and Barbuda,2008,,-1.47076894898352,1.46768441039016,
Antigua and Barbuda,2009,,-13.2817680568047,1.50944003614049,
Antigua and Barbuda,2010,,-9.0794536101368,1.35346888620455,
Antigua and Barbuda,2011,,-3.10800074739414,1.17914352935743,
Antigua and Barbuda,2012,,2.27378133147778,1.06918387987395,
Antigua and Barbuda,2013,,-1.50846791062001,0.917165517536032,
Antigua and Barbuda,2014,141.546161057996,1.39120573166151,0.792860528793727,
Antigua and Barbuda,2015,130.071549851721,0.691094824520249,0.722892009464778,
Antigua and Barbuda,2016,132.025917905085,3.47228425039911,0.624381829779871,
Antigua and Barbuda,2017,127.664323582144,2.1461875762954,0.553103046635761,
Antigua and Barbuda,2018,130.655152659419,6.17448976886325,0.504979187034594,
Antigua and Barbuda,2019,137.537783631991,2.67761319425004,0.480553889847623,
Antigua and Barbuda,2020,94.289529886499,-19.2945462845167,0.526173366134419,
Antigua and Barbuda,2021,101.074960584779,7.58367481372255,0.546161676855974,
Antigua and Barbuda,2022,117.703527768353,8.53077119658229,0.530270318994476,
Antigua and Barbuda,2023,,1.90488641843235,0.511400156215609,
Antigua and Barbuda,2024,,3.15232127757128,0.487472101887911,
Arab World,1991,68.0462110972672,-2.9641943408981,2.31107571877806,21.3054186789294
Arab World,1992,63.2233282408948,3.87094781459834,2.55857635622995,22.3210495447703
Arab World,1993,59.0764854604436,0.428035648729534,2.77963018835214,22.7108323322241
Arab World,1994,57.6328654262067,0.558756323805824,2.74309358024757,21.0458660189639
Arab World,1995,61.2393921038314,0.236469737658069,2.52257722068187,21.7216684679015
Arab World,1996,60.7101284349335,2.29074024385234,2.44150862810139,20.7818589120047
Arab World,1997,68.7857996487428,2.94008978973895,2.40563252454035,18.5889124703499
Arab World,1998,67.2894006664192,2.26061230664941,2.41979841334517,22.1245024125509
Arab World,1999,67.313218547876,0.345157190102242,2.3935256711417,21.7744485405531
Arab World,2000,72.0132013903706,3.79900626540966,2.41543527490979,19.8200202599509
Arab World,2001,73.2257874878177,-0.348141563002997,2.42446364867946,21.4434561128699
Arab World,2002,73.5196699691684,-1.17308953412686,2.39338192520223,20.9566528388048
Arab World,2003,80.1785790851044,1.88187744741177,2.34144421249202,21.1951808258634
Arab World,2004,84.5068077172092,6.5662966917061,2.32646818002896,21.4646866049704
Arab World,2005,88.6457164514402,3.09643937759488,2.37373785357332,21.3844839664435
Arab World,2006,88.9408719600594,3.73684681606134,2.41849081690974,22.5763756417823
Arab World,2007,92.9395640965946,2.00219337177079,2.5160369697056,25.3917495299491
Arab World,2008,96.7573478237637,2.9183607216038,2.54491691477219,26.3703354728968
Arab World,2009,88.7840499830423,-1.80932645480696,2.47204998946198,28.2378996817184
Arab World,2010,85.4722234406328,2.76964109833888,1.99515168852155,26.835298569653
Arab World,2011,88.2778925699692,1.48436031635045,2.30736970092213,24.2511733250075
Arab World,2012,89.7697484348065,3.0088274797577,2.38370613008674,23.6632157180556
Arab World,2013,88.7552573164628,0.0416893763210453,2.57120480453802,24.4728483701068
Arab World,2014,86.5625376235488,0.280260277702212,2.34512756475237,25.3864708312404
Arab World,2015,81.6833904367822,0.841385353272713,2.4580221910701,27.1020992913825
Arab World,2016,76.0430297374186,1.20005015705689,2.31761538561915,26.6537123894546
Arab World,2017,79.4530344876072,-0.683666016944343,2.00626985832883,25.963007389019
Arab World,2018,79.8820396126159,0.863489188054572,1.77768190401844,24.9831193025342
Arab World,2019,79.0696226380511,-0.149221493431284,1.88201603418311,25.9850644941023
Arab World,2020,74.5045919856139,-7.2717016651565,2.10294522896747,24.2500330678182
Arab World,2021,79.4584284528696,2.86203676758473,1.51437547360799,24.8399026020341
Arab World,2022,86.7932393179498,4.57737303356167,2.29741398218854,24.8741040525192
Arab World,2023,86.7466586209333,-0.632130794121252,2.25586602644063,26.1509389803015
Arab World,2024,62.2097108772467,-0.465645606406866,2.15591676300777,26.811978102776
Argentina,1991,13.7530541588891,7.57513507305919,1.43788006980649,14.6369773950796
Argentina,1992,14.730980586353,6.45332357113911,1.38438120034139,16.7024057741857
Argentina,1993,16.223151447784,6.75211494763417,1.35364018555542,19.6881104233422
Argentina,1994,18.1343458669981,4.42731162216963,1.3401375748685,19.9656232520199
Argentina,1995,19.7714230903755,-4.10993598659498,1.3103115077878,18.5004105114971
Argentina,1996,21.5064684057215,4.20805017284493,1.25745217924583,19.6238724452255
Argentina,1997,23.3361788437439,6.80582114293425,1.21464795933597,20.8260515469902
Argentina,1998,23.3500279730689,2.63654066984506,1.17552563201514,20.9707691548621
Argentina,1999,21.3827449624898,-4.49306655170841,1.15304317167294,17.8629278753399
Argentina,2000,22.6224447777343,-1.90684139222867,1.13312807570195,17.5334874363903
Argentina,2001,21.8522554515453,-5.45263903304014,1.09794672757946,15.6259653308051
Argentina,2002,41.7527243585642,-11.8423138177008,1.06941318335345,10.8539052402585
Argentina,2003,40.6447480311085,7.71839038006088,1.0331399769648,14.1469621012504
Argentina,2004,40.692646108947,7.92951713016532,1.01407652046238,17.5512703642799
Argentina,2005,40.5512709706238,7.73898107569444,1.02745772191722,18.8882641376513
Argentina,2006,40.4334798719151,6.94185160089025,1.02824760534561,18.6804872364334
Argentina,2007,40.945170618571,7.93261011269163,0.991101935066697,20.099113202908
Argentina,2008,40.4026733790382,3.00856892610517,1.01288878477428,19.5727758777106
Argentina,2009,34.0571269054879,-6.9103121153056,1.05977470732485,16.0531123592112
Argentina,2010,34.9710132635696,8.96819672899282,1.05636332156278,17.7055338062046
Argentina,2011,35.2061549999644,4.88127252804149,1.06474009749784,18.39845891735
Argentina,2012,30.5265423717108,-2.0383253093713,1.0276613644946,16.5019865298875
Argentina,2013,29.3339290021037,1.39351266056681,0.992958989681133,17.3057789012596
Argentina,2014,28.4067936452275,-3.51326421042003,1.0317435786984,17.2628810064651
Argentina,2015,22.4862260889792,1.66091253843923,1.04725888735726,17.0707048841583
Argentina,2016,26.0938878488799,-3.02450095578762,0.968911125580978,17.6632278606203
Argentina,2017,25.2896011376779,1.91639608148853,0.881249595012674,18.2125671747754
Argentina,2018,30.7625359549926,-3.41553683867816,0.822969480473088,16.6138850156371
Argentina,2019,32.6306150458499,-2.69506723533574,0.710900853077743,14.2100303992191
Argentina,2020,30.203698807416,-10.3361096878518,0.484665636741261,14.4151557410245
Argentina,2021,33.078689567466,10.1485599877349,0.265879395046274,18.0762892471421
Argentina,2022,31.5801792606256,5.79747980169367,0.210808731072658,17.3855861358427
Argentina,2023,26.6769512482215,-2.13703473540124,0.286976121920089,19.3822632919135
Argentina,2024,27.929760849367,-1.68352700528746,0.345829819817895,15.8378002382311
Armenia,1991,100.865855188857,-13.2111499901537,1.72619674936504,39.7791441837119
Armenia,1992,101.076759405526,-41.1137635319795,-1.17220795270319,1.6312582610658
Armenia,1993,107.973146280234,-5.66973360505507,-3.37471864205292,9.8722030338445
Armenia,1994,112.429364602262,8.17931421395623,-2.60275046427601,27.9421579326358
Armenia,1995,86.1148570667578,8.74315812160908,-1.70949509169847,20.8085693442274
Armenia,1996,79.2295601199241,6.79679451868454,-0.87594292287609,21.0954471662552
Armenia,1997,78.5477450545048,4.35375293195368,-0.994517948945717,23.2656792922768
Armenia,1998,71.8424518815414,8.56710543978232,-1.1739815592385,22.6863518699904
Armenia,1999,70.5604791440404,4.64095231749397,-1.28976124297341,20.7688804703858
Armenia,2000,72.2333302273367,4.13075887426186,1.68478463633775,21.92233140183
Armenia,2001,69.8642663925336,9.91735475361723,-0.289138848080883,22.9043552862001
Armenia,2002,73.9845018432309,13.6245265308361,-0.374321979277905,25.4182967616869
Armenia,2003,80.0513676022426,14.6197014940959,-0.542125640304999,28.3479499830947
Armenia,2004,73.0706339919371,11.1144901880771,-0.554559192905497,29.1225577000264
Armenia,2005,70.1397385835334,14.5697018806234,-0.586251738490671,35.765438994108
Armenia,2006,61.0301379818566,13.8986537041733,-0.615288463799411,42.2254576837845
Armenia,2007,56.9750470853147,14.4208244850475,-0.631969382170487,44.3516229755633
Armenia,2008,54.5423279613666,7.60294775074826,-0.655422477046795,47.9428358213473
Armenia,2009,57.2742357441995,-13.5088421403002,-0.685835845567342,41.1450508029059
Armenia,2010,64.642975973633,2.91158696816194,-0.693856288987436,38.8147549853077
Armenia,2011,69.4355736620453,5.28437530828725,-0.556590762896162,31.9217989798477
Armenia,2012,75.9616759606704,7.33470454115984,-0.125578337719131,24.6809527475996
Armenia,2013,77.5550481598824,3.37178358702843,-0.0694662703047376,22.1524900726313
Armenia,2014,75.778866962639,3.88187670110254,-0.271712284863074,21.2830406859193
Armenia,2015,71.6820743427575,3.51599547257022,-0.305729335573084,20.7305301265762
Armenia,2016,76.0779674593548,0.611877151180408,-0.410212518071397,18.0155086734171
Armenia,2017,87.202376539837,7.96544606461424,-0.432038450211669,18.4217402148728
Armenia,2018,92.473107021212,5.56850117850011,-0.349674218173286,22.3997393267701
Armenia,2019,97.847004865327,7.83608438672164,-0.219168932037313,17.4085294108567
Armenia,2020,70.1213571368789,-7.16866452731679,-0.0337609726366775,19.663832943599
Armenia,2021,79.2489057647112,5.77142760758333,0.0270096898904032,22.9638762261581
Armenia,2022,103.878629213508,12.3383335576379,0.2326562627468,22.2551321660516
Armenia,2023,123.418750077627,8.47902034166535,-0.165163937436499,22.9413054452812
Armenia,2024,150.064726588742,3.48421625230606,2.30761515133256,23.8327452429021
Aruba,1991,,2.81343465185566,4.88713560049167,
Aruba,1992,,1.11185560632529,4.61012241010557,
Aruba,1993,,0.49219478038809,6.5620284925223,
Aruba,1994,,2.75152351032429,5.17037414583618,
Aruba,1995,171.362098138748,-0.292643137693034,2.80831670109337,31.1336717428088
Aruba,1996,175.344129554656,-2.73386429761131,3.95074287081186,28.4615384615385
Aruba,1997,168.781911013858,2.97839664366641,3.87475976651232,30.2334062727936
Aruba,1998,163.267359946327,-0.487159557964318,2.4607540856619,31.7007715531701
Aruba,1999,164.559014267185,-0.12596572599432,1.35648590551186,30.8690012970169
Aruba,2000,145.072879516204,6.51922376579444,1.03081685259869,25.4941135775374
Aruba,2001,140.391108618306,3.21240568796392,0.93503293482838,23.9991775312859
Aruba,2002,133.230771421249,-1.62809915245946,0.692051826700269,26.629979781872
Aruba,2003,132.794291274023,-0.0338394415310148,1.13822893851655,28.8817040907799
Aruba,2004,132.430929795173,5.02691151582482,2.13535781849357,28.4513918843887
Aruba,2005,145.050280144237,-2.93082349408309,2.59075665615847,33.160442199198
Aruba,2006,141.042626734626,-0.673257700327071,1.79663785158395,34.5191296544988
Aruba,2007,139.972309491093,2.32267757939195,0.746664790352749,31.746651038248
Aruba,2008,139.110149824701,1.06177235220186,0.762933470313563,32.1030557196345
Aruba,2009,137.556575933708,-12.2749362798142,0.678450763317743,29.6421797785745
Aruba,2010,135.464654677581,-2.95695264975568,0.230041095930877,28.2831797071863
Aruba,2011,154.437786862887,2.61052505937265,0.736689418341162,27.4166371579459
Aruba,2012,156.645197205944,-2.4846479774957,1.46978228958006,23.5225068320821
Aruba,2013,155.731904417046,4.85525795729174,1.49203139661921,23.825859897396
Aruba,2014,156.491052766236,0.35112842842166,1.06551209965487,23.1114410000278
Aruba,2015,140.493001133496,2.55621874043514,1.02370103122312,21.538867068293
Aruba,2016,136.887263320827,0.469912651203259,0.75796755862231,20.5749571545811
Aruba,2017,138.716620095236,3.48581549286742,0.007357607309414,20.5511714864529
Aruba,2018,138.824972245657,3.0485184481057,0.158975971141518,22.4017184437014
Aruba,2019,137.9619293134,0.951663645650427,0.270504632854835,22.6154511785237
Aruba,2020,122.723738046404,-23.4662729790643,-0.565684046703506,23.9492805852762
Aruba,2021,139.917797708768,15.6755189518506,-0.82021108315363,20.2449106732973
Aruba,2022,160.634546418015,11.0385203097525,-0.362774222330685,19.8080671623567
Aruba,2023,159.018596924652,7.65763965694018,0.0456516784920034,22.335385480803
Aruba,2024,160.365278789947,6.1817507755927,0.590657103226071,25.1538409611884
Australia,1991,32.1456909693335,-1.64629276060377,1.2746217855676,24.1869322471591
Australia,1992,32.9981716307874,-0.685109221290034,1.11959770147047,22.3143615452669
Australia,1993,35.3502769485307,3.12440890934566,0.889539825558206,23.5691741898356
Australia,1994,36.4066117966299,2.98223871616621,0.963092494678111,24.2365489229294
Australia,1995,37.646874037201,2.73953092805972,1.11373422085118,25.9545428001265
Australia,1996,38.1740208800895,2.61251726692284,1.21385498322201,24.7503241868902
Australia,1997,37.9217014956962,2.79958588575271,1.0820399195962,24.8171857091867
Australia,1998,39.9240664596368,3.63864607453812,0.996734717801419,25.6000393051793
Australia,1999,38.9602467102359,3.88549898573662,1.09397580294231,26.0993037595699
Australia,2000,40.8631257691954,2.73354609011429,1.14447285147721,26.2042380502619
Australia,2001,44.1337313971929,0.729781869182801,1.28396809127349,23.3481102313323
Australia,2002,41.3813128146921,2.7740361493122,1.1375387361946,24.3675142044517
Australia,2003,40.1348011794482,1.91232481392237,1.15019273319182,25.8939093336516
Australia,2004,36.9505159618289,3.11057041061613,1.06919812205752,27.0204316493562
Australia,2005,39.0978822564811,1.90739095765275,1.21729073052406,27.4127496143182
Australia,2006,41.4878923489153,1.39339848998918,1.34945083098893,27.4574581872329
Australia,2007,41.9297451276561,1.91249613831002,1.82499679529254,27.4507449663445
Australia,2008,42.7522207880308,1.56811983624921,2.00391140524272,28.5401924147253
Australia,2009,45.5936120867789,-0.124768741461196,2.06083316277243,27.2762472195114
Australia,2010,40.3905070860606,0.632264496011231,1.55570626204128,26.697693257066
Australia,2011,41.7219860149689,0.981771621515961,1.38952731561803,26.3824449207632
Australia,2012,43.0198495527558,2.15339832775771,1.74582000067359,27.6233466177263
Australia,2013,41.100511881056,0.902732553895234,1.721151439989,27.7570773936691
Australia,2014,42.2993095385282,1.08218148890933,1.49156648912847,26.6111234581966
Australia,2015,41.4947506939901,0.704511799724457,1.43921665259925,26.1669365772477
Australia,2016,40.813402217321,1.16312811538609,1.56194049810399,25.3483902403269
Australia,2017,42.0354135251854,0.62251098729871,1.64682779735017,24.0798824498086
Australia,2018,43.5732253645218,1.3466306507712,1.49599671041328,24.5546475824653
Australia,2019,46.0016827052171,0.695209563773375,1.47749071058438,23.2971815966264
Australia,2020,44.499564103879,-1.35774770320791,1.23342825131378,22.3449300806534
Australia,2021,40.2022359390595,1.86332687000336,0.14089508329287,22.8801883097412
Australia,2022,45.6946418805752,2.91752727950202,1.28931130985537,23.6997957124432
Australia,2023,49.044339318428,1.09251403364293,2.43450716351535,23.873104248989
Australia,2024,47.1453811065195,-0.62779626326919,1.99383715356028,24.323541758006
Austria,1991,70.3238566862819,2.41398616813638,0.998418103144403,27.2400245299165
Austria,1992,67.8961088248008,0.976092051303695,1.10055228652823,26.5363693813937
Austria,1993,63.5138270434354,-0.298753799856229,0.824627940995206,25.5676488572243
Austria,1994,66.246573910845,2.00876130503556,0.384869546678302,26.4142187207699
Austria,1995,68.5250057529972,2.51091305108029,0.153106260702748,27.1040016269491
Austria,1996,70.4693162982812,2.07784870159793,0.135019833748789,26.4922454602716
Austria,1997,75.2444760305554,2.03015241563726,0.113316608322994,26.3834218161954
Austria,1998,77.3495216604118,3.3793812628262,0.109728368100981,26.2499845729946
Austria,1999,78.5629329772961,3.56023814714031,0.194563153264961,26.2733169274141
Austria,2000,85.8426077336549,2.94168464206538,0.240466652446524,25.9400787116929
Austria,2001,87.9962567186047,0.929888060915275,0.382799394483217,25.4261245518381
Austria,2002,87.5844937054619,0.986311683800295,0.49198046425522,23.7779667439374
Austria,2003,86.8822263228608,0.650068295894712,0.487133894826838,24.4562050749722
Austria,2004,91.4742201880009,1.93089688878541,0.620413127334181,24.2036725711211
Austria,2005,94.6747547827805,1.62565909591297,0.681267248299787,23.9653234755669
Austria,2006,98.7857253161241,2.75962370061296,0.494797775098466,23.8292704822076
Austria,2007,101.36495843546,3.43938549159965,0.324146535285463,24.7335259294195
Austria,2008,102.7437043613,1.13621131218787,0.313041437661508,24.7047623915806
Austria,2009,87.6004931021953,-3.83849307623562,0.261953189906348,23.0148012049122
Austria,2010,99.6448825546716,1.56453337880819,0.240394299500766,22.8592812354211
Austria,2011,105.775098372378,2.5811033185299,0.337080841831645,24.3521600435893
Austria,2012,105.840791389706,0.170488694211613,0.45593747231891,24.2558827220405
Austria,2013,104.985374015367,-0.836906795346636,0.589387254692989,23.9413047862951
Austria,2014,104.49673998926,-0.0285805465757676,0.781541632525841,23.848669034824
Austria,2015,103.11758174626,0.174259722821304,1.12099250236958,24.012126686949
Austria,2016,101.573494597172,1.01887723192984,1.08139629872802,24.4571707244108
Austria,2017,105.556066755438,1.56430689663536,0.694621103604983,24.9780618382281
Austria,2018,108.377969971828,1.98626296400239,0.487071924768999,25.8982762235252
Austria,2019,108.207284904426,1.30350317565873,0.444673639004876,25.5090080970816
Austria,2020,99.9482141095975,-6.70639361073974,0.415176731565556,25.6530737541266
Austria,2021,111.032932124165,4.4669658436443,0.435671684056384,27.6569430631097
Austria,2022,123.579578652902,4.32849751156559,0.956287797076634,29.2367940014427
Austria,2023,115.152914822732,-1.76308859891033,0.989464653969154,26.0041363951547
Austria,2024,108.825777834405,-1.15937778694629,0.504879813795986,23.5771489456415
Azerbaijan,1991,86.8637724550898,-2.01238310352751,1.33044567943037,3.1062874251497
Azerbaijan,1992,140.799983402834,-23.7612021557258,1.51162852010951,-0.692931681915313
Azerbaijan,1993,133.490445859873,-24.2568641648081,1.51580689251655,21.7974522292994
Azerbaijan,1994,55.3493194555644,-20.7755585486808,1.34847501163452,15.3130504403523
Azerbaijan,1995,85.8937107507733,-12.8134294386306,1.15566613988888,23.7791733058393
Azerbaijan,1996,80.8497401741931,0.280213889570334,1.01179991660887,29.0016833784674
Azerbaijan,1997,82.0789665326283,4.78428235238688,0.964673773704232,34.2367729474717
Azerbaijan,1998,77.2278091030634,8.96088676293809,0.949138146647058,33.3662733244202
Azerbaijan,1999,69.8259648751026,6.46158407611676,0.877598699856844,26.4946623930492
Azerbaijan,2000,78.5485682796041,10.1910292674816,0.821519963674211,20.6735762277188
Azerbaijan,2001,78.8151854917601,9.05182203818752,0.774765939386613,20.6768756114079
Azerbaijan,2002,92.8181443298969,8.62535106573642,0.746173582716985,34.5764948453608
Azerbaijan,2003,107.551948506262,9.37646036430615,0.757650955616913,53.1714825439026
Azerbaijan,2004,121.507115894117,8.30153847939059,0.875427280482454,57.9904339874798
Azerbaijan,2005,115.841884607706,26.6600947700296,1.02226559239828,41.5348372928728
Azerbaijan,2006,105.262399846369,32.9970665765516,1.09858657441812,29.8593848353266
Azerbaijan,2007,96.6418081486575,24.0486787589595,1.13385546615645,21.5250083743234
Azerbaijan,2008,89.2428968637573,8.29339095519384,2.09985403259251,18.6936308461975
Azerbaijan,2009,74.7440416836369,7.12223856098808,2.07614826384645,18.9486398045026
Azerbaijan,2010,74.9859884610856,3.54945543779385,1.18978770786007,18.0595784763923
Azerbaijan,2011,80.5080450059522,-2.84718268648209,1.30300085487651,20.2678468568795
Azerbaijan,2012,78.263069540422,0.85388594737168,1.32876382733755,22.3167232028526
Azerbaijan,2013,74.6758447629851,4.48320316777964,1.29344702700591,25.6579354439517
Azerbaijan,2014,69.4832251953347,1.52243135535144,1.24820899735588,27.5100357372221
Azerbaijan,2015,72.6015079073189,-0.147024760133903,1.19120985807018,27.9135711658698
Azerbaijan,2016,90.0773187345677,-4.14117487259738,1.11785721013911,25.6813382496045
Azerbaijan,2017,90.4023156823216,-0.824348468311783,0.98126180450475,24.3789256985575
Azerbaijan,2018,91.6725765369825,0.62488437469257,0.866316916370841,20.1294761024821
Azerbaijan,2019,85.8181454084561,1.61582943287135,0.846646726414021,20.3077798481492
Azerbaijan,2020,72.0178676487811,-4.85235140794201,0.684365325388407,23.6659543305763
Azerbaijan,2021,76.286865687015,5.15148935903709,0.441197735816311,17.0785981597198
Azerbaijan,2022,86.9822732541779,4.673317967871,0.039507866238038,12.0037141895326
Azerbaijan,2023,83.5358861156321,1.23267992863603,0.120242150339289,17.7431851628057
Azerbaijan,2024,82.6898691594703,3.5728955022992,0.480155257252915,21.0824224099037
"Bahamas, The",1991,106.118618136001,-5.81532737138369,1.71953449633695,29.3568958202085
"Bahamas, The",1992,101.461563203602,-5.57330907482256,1.83396180238937,27.8613702155034
"Bahamas, The",1993,103.359961190168,-1.55554108245764,1.87510041150555,23.3395860284605
"Bahamas, The",1994,104.401963792574,1.3503874431031,1.75900345094607,25.8606934642528
"Bahamas, The",1995,104.465441819773,2.66415684647076,1.65630824579208,27.6550014581511
"Bahamas, The",1996,105.856747021336,2.5876999442699,1.58198810753699,30.4937655860349
"Bahamas, The",1997,79.7348855718879,-0.222584467419338,1.50236472132864,29.0792058569001
"Bahamas, The",1998,77.7261671656993,3.23454357427582,1.42560280610243,32.1122399103205
"Bahamas, The",1999,75.7027383336782,5.72071861955573,1.33738067724252,28.7524385498453
"Bahamas, The",2000,79.6449438925669,2.79090551843051,1.31201091278679,30.1852170564615
"Bahamas, The",2001,72.5008806383396,1.37353399953901,1.22793565259293,26.8735956373237
"Bahamas, The",2002,70.2779817050926,1.5348629318823,1.14581585690751,24.2085493336456
"Bahamas, The",2003,71.063540505226,-2.44284894921039,1.20019665232897,24.2737108642641
"Bahamas, The",2004,76.0019833710461,-0.353931310699963,1.23306270632529,23.1908641247271
"Bahamas, The",2005,81.3962709176308,2.1597593545269,1.20292348556941,27.3367763973892
"Bahamas, The",2006,87.5507143032777,1.197964733166,1.2946015448339,33.5164375814502
"Bahamas, The",2007,88.0128155625079,0.0223161568588637,1.41342994265638,30.5104187660218
"Bahamas, The",2008,87.4292228766863,-3.62901783567871,1.34543405372794,29.4556336690101
"Bahamas, The",2009,76.5210439633098,-5.41414044702256,1.30111554909733,28.053608710113
"Bahamas, The",2010,78.6756024311196,0.248837037553542,1.27841716584672,27.9860060064819
"Bahamas, The",2011,88.3336891598687,-0.537416355238307,1.15016412529445,30.1833582411908
"Bahamas, The",2012,84.2515204656543,3.47892776270808,1.00108170366546,31.3421141002201
"Bahamas, The",2013,84.5484138879077,-3.756252482479,0.923627563339724,29.1972544939047
"Bahamas, The",2014,80.5370272284116,0.955837779605616,0.878822235669929,31.3993051503263
"Bahamas, The",2015,69.6779752652565,0.198544914739557,0.794122280116855,24.6114077177806
"Bahamas, The",2016,67.212921580015,-1.84653148444181,0.700545015838571,25.7808751862233
"Bahamas, The",2017,68.334284038596,2.728115494957,0.624247409539043,27.5562589881818
"Bahamas, The",2018,72.1542685971043,1.8159781736959,0.569969444023085,25.6388854218672
"Bahamas, The",2019,68.7866234842208,-1.33052999956263,0.497339072752345,25.3844995104316
"Bahamas, The",2020,53.4207580670063,-20.3291813559269,0.300555038290333,23.0710591323143
"Bahamas, The",2021,65.9325413308964,17.434844816468,0.128749531818761,24.4404752014622
"Bahamas, The",2022,75.9829601059237,10.5529690990486,0.293483989063331,23.8155546600656
"Bahamas, The",2023,76.5494751592857,2.55756046187126,0.477303918283875,22.8631485204272
"Bahamas, The",2024,79.2424586933455,2.90387123462988,0.460334786075668,26.8063766358446
Bahrain,1991,158.867796593681,13.8269392087557,-2.30791037210701,25.1521262819148
Bahrain,1992,159.291898335568,3.92058393511722,2.63004242215019,25.870904237088
Bahrain,1993,144.763045585989,9.93939920516908,2.6307476061814,16.0977766087387
Bahrain,1994,136.473470897416,-2.84120790487738,2.63203699876798,17.2666142954711
Bahrain,1995,134.086732319169,1.2311327478419,2.63111770149598,12.8476626290964
Bahrain,1996,144.333450490306,1.40416077716732,2.63339695459039,12.6688993317759
Bahrain,1997,130.672449001883,0.411529525314464,2.63544494635445,15.3435407727243
Bahrain,1998,113.001418957352,2.06527153677192,2.63458561251159,18.8405037317512
Bahrain,1999,124.735737154328,1.58798229607446,2.6346101512442,6.95233313658607
Bahrain,2000,135.809135327865,2.55964691370853,2.63695278007044,16.5750590582953
Bahrain,2001,127.026266277537,-1.18735356761402,3.65488929440491,15.7093968978237
Bahrain,2002,131.133634216392,-3.81287513307996,7.18117509546341,23.3477306246465
Bahrain,2003,128.091582155216,-1.20657192911173,7.32007217674901,23.735810361348
Bahrain,2004,140.737310039923,-0.710582645687865,7.46118982341814,20.5199354428997
Bahrain,2005,148.313525108923,-1.04880316974081,7.60408303822153,26.7352737398905
Bahrain,2006,147.104181068989,-1.47038032480991,7.74778631282051,30.3879536462009
Bahrain,2007,137.785050572304,0.0756469326690166,7.89230240298341,34.7132604204404
Bahrain,2008,145.882511145821,0.0637144631576234,5.99407232077657,34.9481240884218
Bahrain,2009,117.963725409489,-3.97919772562874,6.56869933315068,26.1446971919251
Bahrain,2010,115.561486449616,0.0771669589062469,4.16585991920366,28.5983559958528
Bahrain,2011,167.529641035854,4.78747209697194,-2.76659927564461,22.497932951159
Bahrain,2012,178.824020821684,2.60578123430011,1.1600872869288,28.3178818196342
Bahrain,2013,184.58950884485,1.5766868455926,3.59293039406627,26.202347618295
Bahrain,2014,168.57585814186,-0.560855463138182,4.78104318433597,26.9460773553345
Bahrain,2015,147.916060172904,-1.66329278716239,4.15422184212278,25.6249300828539
Bahrain,2016,132.822997902774,-0.0791098754103388,3.82316300255316,27.8856988345954
Bahrain,2017,136.429239810394,-0.457057166110175,5.29314527321994,33.5452337227581
Bahrain,2018,144.075372574535,1.91849572888873,0.131482303617889,35.5603270966476
Bahrain,2019,135.417543398211,3.38274086937953,-1.29469437720599,35.6238571804314
Bahrain,2020,135.460985012931,-5.17307400932464,-0.781611308056263,37.2956671453326
Bahrain,2021,153.799316485108,2.11919822497499,2.16102845934147,28.0921527332781
Bahrain,2022,167.141241152535,4.76451212539493,1.34221960637543,24.5901868987674
Bahrain,2023,157.447854682297,0.42885937985659,3.37686417721007,29.168098874443
Bahrain,2024,157.818492147586,1.85390359869062,0.733546811160036,28.4193873492548
Bangladesh,1991,18.8898268850747,1.52679628840617,1.91061096227259,16.8959474633294
Bangladesh,1992,19.9340055024511,3.47383819956345,1.8848730627462,17.3050292766937
Bangladesh,1993,23.1215830698982,2.7790785666494,1.86277225280699,17.9468320109013
Bangladesh,1994,22.8658645545703,1.98156571211732,1.85417955110796,18.402556188374
Bangladesh,1995,28.2094960764218,3.18589383291992,1.85825551797916,19.1197958221399
Bangladesh,1996,26.0760877233809,2.62954460746047,1.82805195849607,20.7299506037379
Bangladesh,1997,26.3255133900833,2.57102378007102,1.85349089461291,21.8162145054057
Bangladesh,1998,27.8800634028394,3.20995244419584,1.88796139153147,22.1214128239602
Bangladesh,1999,28.3879405571158,2.70069249240193,1.89951780093278,22.7213703034657
Bangladesh,2000,29.3217143619038,3.38671358983686,1.82732806740512,23.8085625731369
Bangladesh,2001,32.0980170730117,3.34027882244948,1.66689324749509,24.1743067306933
Bangladesh,2002,28.9673807211649,2.24286058481829,1.54340635736975,24.3414161366729
Bangladesh,2003,27.657884900158,3.22632477639362,1.45530530506763,24.6791888612834
Bangladesh,2004,26.8582341492431,3.81635685042457,1.36154790691024,24.9918339447004
Bangladesh,2005,34.396934864465,5.20131368672413,1.2606651625389,25.8304355145863
Bangladesh,2006,38.1119244325921,5.44042881455881,1.16116775095831,26.1441457474299
Bangladesh,2007,39.9423826531735,5.91320275589507,1.07564253185597,26.1784970672047
Bangladesh,2008,42.6209140325589,4.96057170242533,0.9984405660693,26.2022714003991
Bangladesh,2009,40.092796223023,4.07076421640669,0.931892491457971,26.2060570157536
Bangladesh,2010,37.8028426708321,4.65046297355514,0.876530534249878,26.2466561760577
Bangladesh,2011,47.4208498356898,5.501503282369,0.908525895582217,27.4209733686034
Bangladesh,2012,48.1109227490467,5.50548020192592,0.958355912717609,28.2623350097187
Bangladesh,2013,46.2964027228174,5.02341839695075,0.938408350120779,28.3896207536466
Bangladesh,2014,44.5140801968096,5.09905460197942,0.911167733810249,28.5778757115563
Bangladesh,2015,42.0859963070382,5.60449539732434,0.89381937776758,28.886689247008
Bangladesh,2016,31.3341501346142,6.16181560014782,0.892432416039535,30.2397639179985
Bangladesh,2017,29.9997306724343,5.68710307010265,0.850917315689336,30.9468731155675
Bangladesh,2018,32.5146317240884,6.44197494702485,0.820955197842845,31.8225747704431
Bangladesh,2019,31.5780544912404,6.97264399779152,0.84641125179804,32.2137331126266
Bangladesh,2020,26.271447376215,2.58647816564581,0.836310836229073,31.3079413414304
Bangladesh,2021,27.7240047036631,6.07069417020969,0.814977993693211,31.0187387357172
Bangladesh,2022,33.7799672705735,6.00847462887278,1.02423384746683,32.047275580905
Bangladesh,2023,30.9829714104596,4.4907040939439,1.22171475464107,30.9512000834944
Bangladesh,2024,26.7780758040478,2.96499837954917,1.21462115417186,30.7004900245244
Barbados,1991,,-4.19297972140566,0.30543217651289,
Barbados,1992,,-6.01646094594443,0.34408470557972,
Barbados,1993,,0.499601553883736,0.291582308049379,
Barbados,1994,,1.77956018959944,0.226921901192945,
Barbados,1995,,1.850877928286,0.160027838504736,
Barbados,1996,,3.87935174789595,0.0934538510922293,
Barbados,1997,,4.69699251955964,0.0411682644242812,
Barbados,1998,,3.71107319952932,0.0167673981201888,
Barbados,1999,,0.303697654101057,0.0308599057983595,
Barbados,2000,,4.62813476022488,-0.173090896850965,
Barbados,2001,,-2.50014582126109,0.138039405089234,
Barbados,2002,,0.129980080741561,0.65442252041875,
Barbados,2003,,1.5496090723601,0.614429662267209,
Barbados,2004,,0.83415869757664,0.57102921384559,
Barbados,2005,,3.41073813264497,0.525370422072861,
Barbados,2006,,5.56141136626469,0.481152127044188,
Barbados,2007,,1.59529283000614,0.475162083022934,
Barbados,2008,,0.107256161300668,0.524263979237198,
Barbados,2009,,-5.50548928278727,0.515328376885536,
Barbados,2010,,-2.61559986287286,0.407743308362451,
Barbados,2011,,-0.633787547060066,0.325001827653213,
Barbados,2012,,-3.69257089899511,0.288929228963865,
Barbados,2013,,-2.02836384026963,0.26216966601587,
Barbados,2014,,0.505392415183394,0.245677832545378,
Barbados,2015,,-1.39790250487843,0.230380947989644,
Barbados,2016,,1.27579693620899,0.217691837314076,
Barbados,2017,,0.50241999615892,0.204727378663704,
Barbados,2018,,-1.46593817049695,0.192553930005438,
Barbados,2019,,0.050927970591033,0.176538259610281,
Barbados,2020,,-14.5139743585979,0.174452216457154,
Barbados,2021,,-0.255760855683505,0.159263661079578,
Barbados,2022,,17.1554586161249,0.0605883465692588,
Barbados,2023,,2.90779617567229,0.00637558575909917,
Barbados,2024,,2.43473383953297,0.0463878564204179,
Belarus,1991,66.6666666666667,-1.24556719322608,0.0461355862589733,33.3333333333333
Belarus,1992,117.391304347826,-9.79838350074243,0.219690718485616,31.5217391304348
Belarus,1993,150.964467005076,-7.80377013813873,0.220771793347495,41.0152284263959
Belarus,1994,155.375709548699,-11.5955750793052,-0.118196017328142,32.9343000056202
Belarus,1995,103.718194772782,-10.1088526843034,-0.324414829587043,24.7498002520531
Belarus,1996,96.7748997857579,3.14668598096435,-0.336671341030207,23.5192009966691
Belarus,1997,125.516179156558,11.8639521970984,-0.415604443400529,26.8369544475643
Belarus,1998,122.957697735989,8.88936445502398,-0.450435237181926,26.7119649197264
Belarus,1999,120.835117829629,3.86637869492188,-0.450029843493719,23.7067689249137
Belarus,2000,141.609165955024,6.29963628199231,-0.471131334643547,25.3986730605006
Belarus,2001,137.044930473063,5.26389218814623,-0.512966688341309,23.7608599445648
Belarus,2002,131.002058282291,5.71608251433059,-0.636565666436346,22.1768515932559
Belarus,2003,134.141852273225,7.79491781867831,-0.699809190918934,24.9543276593883
Belarus,2004,142.136510387704,12.2126184264071,-0.682169472243919,28.6673014374357
Belarus,2005,118.88435169233,10.1497671646981,-0.683005560010688,28.4604661956657
Belarus,2006,124.295103889386,10.6755867171242,-0.612296198031047,32.1841371566982
Belarus,2007,128.153877979073,9.09946004068696,-0.458847535622636,34.0919031794272
Belarus,2008,129.599478545475,10.581305038428,-0.345415054298517,37.6416510261128
Belarus,2009,108.63564482836,0.446705717445226,-0.245915441295321,36.8640444559238
Belarus,2010,115.917972989303,7.98573283435519,-0.218522755959381,40.6563662623236
Belarus,2011,157.974255073313,5.7975501732946,-0.234282914157686,37.2175950788459
Belarus,2012,153.085269313372,1.86726973670382,-0.156617600248906,35.0942730563184
Belarus,2013,119.815965235724,1.03749004802856,-0.0383800002667846,38.7980262073973
Belarus,2014,110.651424367582,1.59406202466224,0.056151567510169,34.8410329356421
Belarus,2015,115.914826201946,-3.9572512636508,0.132853236725342,29.0346959914608
Belarus,2016,125.209322899662,-2.61191381567238,0.0877210878706449,26.4775827022928
Belarus,2017,133.367754723012,2.64480751685403,-0.109782322950581,28.0303589091824
Belarus,2018,139.393736250171,3.36999150781449,-0.213824206997671,28.0788785453202
Belarus,2019,130.850406102184,1.6513675093432,-0.201786600970723,29.1499946931726
Belarus,2020,118.934176146534,-0.251224685296094,-0.42347525027949,27.4548359346196
Belarus,2021,136.014167877476,3.29081749370279,-0.82823272086807,24.3807348526394
Belarus,2022,120.024207576094,-3.88854008026519,-0.804228426880244,21.5979064833979
Belarus,2023,131.584674884961,4.69120797390816,-0.540824986374776,24.7116791837371
Belarus,2024,131.91792910245,4.52996444880654,-0.49881794290787,25.8358517163125
Belgium,1991,118.59013771799,1.45537186156888,0.371593165668169,22.8402761359904
Belgium,1992,115.069287501636,1.11956566849732,0.405713495856337,22.5925252624135
Belgium,1993,109.012736996759,-1.34799947777529,0.390638517826929,21.9318894363435
Belgium,1994,113.232300033612,2.90931869867012,0.308197073686726,22.0127684782659
Belgium,1995,116.378567821327,2.17055024299408,0.209436838020324,21.7907720637316
Belgium,1996,119.212775757383,1.12365026891848,0.1953931762382,21.6307467878374
Belgium,1997,125.68894005618,3.54280305613241,0.241991884983082,22.3003415862901
Belgium,1998,124.709122626318,1.74434797656973,0.213527650670943,22.3486590795955
Belgium,1999,125.169990540949,3.30568109675036,0.229189103029716,22.6890118180362
Belgium,2000,142.230135067034,3.46547823151502,0.242517956221334,23.7829613022103
Belgium,2001,139.576839834619,0.752467698420773,0.343951157623668,22.6338254993949
Belgium,2002,136.085149488081,1.25199428184297,0.448268894821562,20.7474019774138
Belgium,2003,132.715552833888,0.615852527269695,0.418641508069053,20.9647077064668
Belgium,2004,136.918405348432,3.1239312841995,0.432788248129175,22.6670601715452
Belgium,2005,144.529050669983,1.76045646457337,0.550055708089009,23.6810632000764
Belgium,2006,149.567509299511,1.87817418916214,0.659558214980699,23.9705491132595
Belgium,2007,152.468446875303,2.91838151983706,0.734330830765919,24.6032741505197
Belgium,2008,161.088447790447,-0.343476136908251,0.789976845480149,25.9367703303917
Belgium,2009,135.13840572229,-2.69253471722568,0.804599572619861,22.0264057475968
Belgium,2010,150.162563621427,1.77618341639121,0.913639391631709,22.3942744569467
Belgium,2011,160.765516888126,0.613616927857308,1.3010029017038,24.4795580355563
Belgium,2012,160.383301425059,-0.403775116080638,0.620163579337378,23.5882360674433
Belgium,2013,157.573622782434,-0.166173060728624,0.471340143966627,22.7089453730117
Belgium,2014,158.571610953523,1.31477462306464,0.44392928847521,23.2582959776352
Belgium,2015,155.068682045926,0.887876358046185,0.579446241677791,23.3223676294346
Belgium,2016,159.057696611945,0.682454832714654,0.506300002451376,24.1815766017974
Belgium,2017,166.904078237791,1.08431151262542,0.385228018372369,24.3318331321638
Belgium,2018,168.277692877218,1.41528937457539,0.455184695275022,25.5515767637203
Belgium,2019,165.46547893199,1.89071932044187,0.540461327098122,24.6756822316808
Belgium,2020,156.950121282783,-5.20244011003201,0.430996815099722,24.068567845367
Belgium,2021,177.381892440073,5.8180102265206,0.411601996532257,24.4470278661753
Belgium,2022,191.179031303786,3.11948540770641,0.808165350001861,27.2864808356038
Belgium,2023,165.846946501713,0.852949954251983,0.850263748167955,25.3195552348258
Belgium,2024,158.931826338067,0.400004034972383,0.66555918543206,24.4957130083941
Belize,1991,79.1779659554057,9.40974058942497,2.14211305492924,24.205544292346
Belize,1992,80.3474754942984,10.4086919637307,2.08619211260685,22.9947445253166
Belize,1993,75.74810886971,4.00371351909538,2.03124492836904,24.9782337814503
Belize,1994,80.8829702605987,-2.12657838875785,2.12952750179899,18.3051430481526
Belize,1995,77.3367628065445,-1.75976504320663,2.50432809859251,19.4626188132585
Belize,1996,79.5739076328491,-1.85800125948006,2.97472085581548,18.1535871983306
Belize,1997,85.4507314878676,0.813912719992345,3.33679111455288,17.8004116203385
Belize,1998,85.2837692818555,0.327844039583852,3.4918451808564,16.6226358838681
Belize,1999,93.3222988336503,5.72065023666906,3.44226447456504,21.3316711230288
Belize,2000,96.6018447146265,8.63286312471467,3.26709202067925,26.2033579229094
Belize,2001,93.1624050489864,1.78938135201594,3.09932448206021,21.9693029743777
Belize,2002,93.0794584713606,2.25779720240918,3.02567946888712,20.6306064805787
Belize,2003,94.3631228859413,6.43447208603128,2.99028222861427,17.7005500159465
Belize,2004,86.3853536846826,1.73082295725253,2.95389266992451,16.6841070074175
Belize,2005,92.9971266332515,-0.719879317857163,2.91740780047982,17.7739187670556
Belize,2006,98.8810743235728,1.55376134075311,2.87083521745194,17.2466623086068
Belize,2007,95.9555511519831,0.469905572241231,2.81604558312441,17.2933361571682
Belize,2008,105.461874277231,-4.29751566746636,2.75172617782414,21.0239807378235
Belize,2009,89.5808843860925,-3.07491344525414,2.67547057673273,16.2264058728229
Belize,2010,94.8581591507411,-0.999227091889964,2.41171251993503,15.4511716601437
Belize,2011,106.914960208874,-2.28218512422295,2.17847430341063,11.8723938779086
Belize,2012,111.166652365429,1.73206971753382,2.15086754763262,13.0724770204323
Belize,2013,108.672614067831,1.86924052413502,2.13397522406827,14.1295773427114
Belize,2014,107.112517468788,1.71986752597024,2.11317688838933,17.0966974648616
Belize,2015,104.070958799941,0.623344723744751,2.10144194153298,16.7264083366378
Belize,2016,96.4998358304218,-2.31386521552362,2.32231207163985,17.9729353607653
Belize,2017,97.7072571800462,-4.06828153670182,2.30310203964335,15.0577226916743
Belize,2018,100.989214362975,-1.04044004654376,1.86459847610366,16.5318151258508
Belize,2019,102.441856907677,2.74257530356437,1.46284533510266,16.8394904249154
Belize,2020,81.6431433128545,-14.6255152617956,1.28323598131052,18.4434323395975
Belize,2021,98.9824369429997,16.6367646067625,1.1534704907648,21.675393036644
Belize,2022,107.840250086037,7.24662103489808,1.85124805102003,20.191917433134
Belize,2023,106.400505850771,-1.54675916595728,2.05772774277288,18.9112096493515
Belize,2024,108.972446521476,2.02408347328358,1.44077799785791,19.7878841757033
Benin,1991,51.3447168355486,1.05989406490245,3.0846342257467,14.4780446923295
Benin,1992,56.7407458048553,-0.174577693605642,3.08954460200877,13.6211087439991
Benin,1993,55.3817991336605,1.24312443544126,4.43675552850148,16.0581365080412
Benin,1994,64.4004792535565,-1.72472268031545,3.74003044963406,17.8022147065571
Benin,1995,63.800140010475,3.82668355558341,2.11424008856257,21.4197671425652
Benin,1996,56.5177914456367,1.62986021443862,2.6166771873555,17.5511679710447
Benin,1997,58.7116296113966,2.65891588399134,2.95210198459104,18.5448564263514
Benin,1998,59.5936252981433,0.80483062510794,3.0829668212606,18.1551570848512
Benin,1999,54.3917891538957,2.1324003787548,3.09369584671073,18.227093726169
Benin,2000,47.3481515012844,2.65043149973154,3.07665265205002,16.0084024487125
Benin,2001,48.2571706392197,2.16452439056758,3.05435506649292,17.7527202451424
Benin,2002,43.7684225364311,1.50964025698303,3.04010801597376,14.8337225342659
Benin,2003,41.6162305574334,0.336976510869505,3.04920259714654,15.1637900420403
Benin,2004,39.9029743365096,1.28077994352564,3.06173106096489,15.218605125346
Benin,2005,39.0959311879142,-1.51043339492205,3.22061199704122,12.0860448919113
Benin,2006,39.7746987128551,0.750089697773319,3.12066888297415,12.8734651191902
Benin,2007,49.1137841529705,2.9001757042866,2.95509554727715,16.3768679983693
Benin,2008,47.7753592695169,1.77647069609412,3.01959398464251,13.7404206600646
Benin,2009,44.7026290629806,-0.703743155603306,2.99903642214246,14.8657187295579
Benin,2010,51.4308599492924,-0.888244805144353,2.98424162798508,15.608089212583
Benin,2011,47.2170288118403,-0.0571230167535077,2.97782202797765,16.4625572802737
Benin,2012,50.7367367791134,1.74647753021327,2.96766540040992,15.276312739626
Benin,2013,59.2001918331875,4.076668026964,2.94885160135819,18.86187234768
Benin,2014,65.2682749404551,3.26077217060734,2.9550187594558,19.2575856279899
Benin,2015,56.7563131849476,-1.18432043750336,2.95391627666724,20.731792085746
Benin,2016,58.9869283378276,0.361166139903119,2.92460216679542,20.2720396046954
Benin,2017,61.4765969588474,2.67041720047298,2.88117869411855,23.9604222292501
Benin,2018,61.7951944903448,3.73701554279164,2.8136418840483,26.3865130249513
Benin,2019,63.68133231423,3.98211326561793,2.73538842831436,25.6298005790604
Benin,2020,44.8332333768726,1.12020264806804,2.66259875153288,25.6338435081567
Benin,2021,48.0548608324409,4.41335435119757,2.59230167510348,28.8506183177663
Benin,2022,44.3815928877424,3.58043408047179,2.54740926342667,31.1483716430973
Benin,2023,44.6631308180211,3.70332512754182,2.52274772277722,34.5306621756362
Benin,2024,40.6398022401523,4.84017869082697,2.46175361912328,35.0616847972117
Bermuda,1991,,-4.24143727520426,0.735660172807902,
Bermuda,1992,,-0.783533833664436,0.726863524436884,
Bermuda,1993,,2.2922568686562,0.69781810683388,
Bermuda,1994,,-0.042793868031282,0.640625866899154,
Bermuda,1995,,3.81687306796867,0.559300649360705,
Bermuda,1996,,2.10816879918625,0.480983673904791,
Bermuda,1997,,3.96729398940536,0.606719087580199,
Bermuda,1998,,3.10840062782201,0.764803092230042,
Bermuda,1999,,2.56233774996586,0.796633731004024,
Bermuda,2000,,8.56055025926008,0.694526488745174,
Bermuda,2001,,6.67303905692422,0.513706697004768,
Bermuda,2002,,-1.91378569899915,0.443516923428655,
Bermuda,2003,,3.00625355551543,0.391880239398635,
Bermuda,2004,,2.04483377809146,0.270527854058021,
Bermuda,2005,,1.4212811702547,0.249070107845201,
Bermuda,2006,,5.33726015507226,0.19594573954294,
Bermuda,2007,,3.05647529695661,0.279711571071929,
Bermuda,2008,,-2.31554307454078,0.459188519616631,
Bermuda,2009,,-6.02013631834608,0.417767525195533,
Bermuda,2010,74.595080341836,-2.74767294578886,0.251394586009326,13.0430267361979
Bermuda,2011,76.2704368073774,-3.75482688131365,0.0125531547811924,12.5825420569453
Bermuda,2012,73.7823030616219,-5.17585752397146,-0.136600245767712,11.0144291764369
Bermuda,2013,76.2701066974999,-0.166771480196203,-0.113189762124124,10.8931113391845
Bermuda,2014,76.5167474588353,-3.63285540773872,-0.0708087171509757,12.0945969964397
Bermuda,2015,73.2954985174785,0.878744268938576,-0.102367855986115,11.8925858297364
Bermuda,2016,72.7499093828891,-0.633720640096868,-0.0236382404794606,12.8032086210967
Bermuda,2017,72.3924284503794,3.40119187834931,0.203106496014494,13.763644733725
Bermuda,2018,77.5552703807388,-0.827444988688441,0.397146720463835,13.4097576009445
Bermuda,2019,77.5601016506443,-0.124745932153232,0.431459657274573,14.7485170334877
Bermuda,2020,69.1937002313222,-7.22554789447419,0.428052860400885,12.2379040805742
Bermuda,2021,71.4081698076429,4.17701251227291,0.412307799470137,12.902924909709
Bermuda,2022,75.1972250263227,6.31013667887972,0.156108751379667,12.536566366296
Bermuda,2023,73.5909186382666,4.99991948921101,-0.0787967316952785,11.1992411450802
Bermuda,2024,75.2902443250736,6.07418333747786,-0.0958758017988935,10.9469762606134
Bhutan,1991,75.9729858132023,-2.15086741379645,1.76562588713205,32.4271872410223
Bhutan,1992,91.7608375674865,8.5856077926902,-3.73868016502051,39.9853761229255
Bhutan,1993,78.7559933474217,6.23389087430508,-4.0804037833298,41.0868079846613
Bhutan,1994,72.1007793556435,4.98481583399588,-0.0317354420831988,48.9149717328521
Bhutan,1995,83.8829086495551,8.34574582313611,-1.18061827424054,44.7169159640622
Bhutan,1996,84.629491433895,5.41224511341356,0.144970771387412,37.4597045608218
Bhutan,1997,85.2114372285036,3.5041831485531,1.79023653749442,27.2132660409736
Bhutan,1998,85.5831350923996,3.91677951253379,1.9037354324329,31.3105533972852
Bhutan,1999,85.866205982457,5.54766474341531,2.28201573945798,35.2474105213207
Bhutan,2000,74.0264971104432,0.881596585426465,2.42228077592733,54.0420474077414
Bhutan,2001,71.0945747295588,4.8804269584859,2.30721437926679,61.3891806428222
Bhutan,2002,70.2833172005966,8.03559524029754,2.2045852261164,68.5694487644125
Bhutan,2003,72.8499006593611,5.5461872466835,2.10043282502438,66.860297997122
Bhutan,2004,89.0605518004294,3.07510668161098,1.99990053168434,67.7331934324244
Bhutan,2005,97.7434135429344,5.10597951676202,1.72526717067528,61.2151499544783
Bhutan,2006,108.157794891125,4.23383383576189,1.34079315421153,47.8076929499924
Bhutan,2007,106.929022415,14.7631409986349,1.16227298430616,42.9183614516456
Bhutan,2008,101.954235669521,3.35523609267926,1.12968896454968,44.1634785286925
Bhutan,2009,101.559411565244,6.48266406090858,1.10655106118336,50.189271152596
Bhutan,2010,105.010666693593,10.7124208428696,1.0954380761045,62.9334525245912
Bhutan,2011,102.795600221106,7.30476940871061,1.0978069996978,68.2199911028334
Bhutan,2012,94.0450271469571,4.006257825918,1.10777662014052,69.4487268866834
Bhutan,2013,95.0525382780424,0.614996700864396,1.10832494505463,64.0143242143309
Bhutan,2014,87.9342562013295,4.74506543590765,1.07871798585886,56.5119544142318
Bhutan,2015,89.6391604595496,5.58370603464722,1.01496572424441,56.4311104866744
Bhutan,2016,76.3847528498375,7.42464056841786,0.973884473914115,56.3993877727553
Bhutan,2017,76.7884016850221,1.21137239128886,0.86127488782821,54.1677690387849
Bhutan,2018,79.7397203296083,2.76296102776938,0.716471130925301,54.0155173557361
Bhutan,2019,76.1235167041505,5.05479153201512,0.66444642692507,46.0853579354704
Bhutan,2020,71.8303510394637,-10.8226112381065,0.675256502719854,39.0705723574357
Bhutan,2021,77.5824482709826,3.68935319221934,0.703488233671584,44.3885960181084
Bhutan,2022,85.5712165226139,4.47661599603487,0.703183917780367,55.7788292940378
Bhutan,2023,81.7366278688545,3.90421522133049,0.698146584889649,45.2657365019991
Bhutan,2024,,,0.651370664586926,
Bolivia,1991,48.444968874686,3.09553411801879,2.08394091464415,15.5777692542444
Bolivia,1992,49.1108578783889,-0.406134714304287,2.04005205570035,16.7043358669022
Bolivia,1993,47.4671256895523,2.22139747426289,1.98359137070415,16.5637752364324
Bolivia,1994,48.8608505020702,2.66087168747602,1.93553666553041,14.371195053134
Bolivia,1995,49.737987097898,2.7194959730227,1.88896808659587,15.244003062267
Bolivia,1996,49.8562913723023,2.44811781398879,1.85028162992902,16.2372212746505
Bolivia,1997,50.4696628058748,3.07606050823537,1.80569805808475,19.6319690404537
Bolivia,1998,52.2811629581228,3.19121970002631,1.76561111828867,23.6065117115701
Bolivia,1999,44.1682564870165,-1.31118057425465,1.74582928419343,18.771852078251
Bolivia,2000,45.5977750218555,0.762647490787714,1.71712723342906,18.1434786934628
Bolivia,2001,45.2278224315522,-0.0171004578048155,1.68688229604066,14.2684344660588
Bolivia,2002,49.3502603725957,0.785766490656115,1.67248263752338,16.294673391902
Bolivia,2003,51.967836443987,1.00515839382646,1.67509392038728,13.2320723069973
Bolivia,2004,57.4642660901316,2.43501168410201,1.68272509947837,11.0217031489009
Bolivia,2005,67.6419413613743,2.67600659638214,1.68564890189224,14.2536216336637
Bolivia,2006,74.537848431547,3.02573624628771,1.70464062326774,13.8653311051279
Bolivia,2007,76.0619114476148,2.79100341987355,1.71051652675101,15.1866548549559
Bolivia,2008,82.8670208961798,4.37162980865963,1.68811436886035,17.5527400611141
Bolivia,2009,68.6270739127592,1.65007711075671,1.66527120616965,16.971260971496
Bolivia,2010,75.5116262512877,2.42845713052691,1.64440681785103,17.0070184588469
Bolivia,2011,82.4803954243518,3.51064971722133,1.62276978666345,19.8155524290026
Bolivia,2012,84.9487611684942,3.45406361160401,1.59965176170266,17.6729919914841
Bolivia,2013,81.2309075267174,5.12847092655504,1.57374447646261,19.0177268858945
Bolivia,2014,85.2644695625131,3.84418416828554,1.54455877769864,21.0337970312715
Bolivia,2015,67.9328451905248,3.27865155787241,1.51686119793977,20.2812768788265
Bolivia,2016,56.4010345026573,2.7222071569043,1.48970583998181,21.0573618533858
Bolivia,2017,45.5761123650708,2.68372843487559,1.46124572329841,24.3763407852814
Bolivia,2018,46.9261953417368,1.40411994190022,1.43337090655267,24.0294938980641
Bolivia,2019,45.8209732749024,0.0889440250061426,1.40657823805422,22.7024136915554
Bolivia,2020,37.5164342446486,-13.7898619967426,1.23396442673807,17.268345922029
Bolivia,2021,47.6670843158984,8.91320528866063,1.01931284088344,17.7866439972031
Bolivia,2022,57.5249335789631,2.54653335522636,1.16425907336882,18.0408015748368
Bolivia,2023,49.6083255594597,1.11808728662825,1.37334382280772,18.9835359683279
Bolivia,2024,46.9778716148403,-2.47074604396363,1.37206798819615,17.9470160851028
Bosnia and Herzegovina,1991,,-9.5450731603266,0.217604339601392,
Bosnia and Herzegovina,1992,,-1.49369917656698,-5.14845213063333,
Bosnia and Herzegovina,1993,,6.08947019876022,-8.11675269849187,
Bosnia and Herzegovina,1994,101.847227683838,16.4737642076186,-4.6947674302463,
Bosnia and Herzegovina,1995,91.8796126648453,16.2756717446735,-0.264696613722251,19.9831460781267
Bosnia and Herzegovina,1996,107.500043530726,47.8454189814323,4.20786610562907,41.2139014001628
Bosnia and Herzegovina,1997,100.630964756317,31.7790126161015,3.62316159046938,41.9999993717899
Bosnia and Herzegovina,1998,125.666609057011,14.5879851619457,1.7546739878352,38.0000002760846
Bosnia and Herzegovina,1999,121.820541564193,8.43574267970043,0.99637536807999,27.9999793095576
Bosnia and Herzegovina,2000,85.3577431341788,4.66760700032494,0.710877055593974,30.3063848486067
Bosnia and Herzegovina,2001,86.0357340130948,1.94134423240946,0.471676305567227,31.5798435626332
Bosnia and Herzegovina,2002,78.7274783626,4.81267516142945,0.204698282637517,31.4743870270505
Bosnia and Herzegovina,2003,80.5694572639365,4.10275862847334,-0.226593575129443,30.2984402640792
Bosnia and Herzegovina,2004,81.8126861817184,7.28905393914994,-0.902366959162245,30.5199983473086
Bosnia and Herzegovina,2005,84.3554628217984,5.02566097156414,-1.08029233976901,29.4542245809708
Bosnia and Herzegovina,2006,79.8299477752016,6.27585979363216,-0.814268145096121,25.812454778118
Bosnia and Herzegovina,2007,83.551858889163,7.1739207271968,-1.23438180520165,30.4691927596175
Bosnia and Herzegovina,2008,86.1628798430504,7.20155128475226,-1.65511289388464,32.3119832270202
Bosnia and Herzegovina,2009,73.7474942255023,-1.31069341204288,-1.73115539384589,23.713209921992
Bosnia and Herzegovina,2010,80.9682159626823,2.67372042856877,-1.77665932121615,21.9146685888149
Bosnia and Herzegovina,2011,87.8363477136556,2.83942425948602,-1.84492216631166,22.6759067100927
Bosnia and Herzegovina,2012,88.1451088628529,1.11532015786369,-1.93437927837206,22.8835705606596
Bosnia and Herzegovina,2013,87.9312380280562,4.02941435250273,-1.62767576055568,21.6685850406414
Bosnia and Herzegovina,2014,90.5522780395662,2.45997274934615,-1.2829607801223,23.0340139751835
Bosnia and Herzegovina,2015,88.291992587588,5.65603511201289,-1.30696713269434,22.1698345771577
Bosnia and Herzegovina,2016,88.2440340022738,4.59597025623206,-1.30267774814121,23.3303836437325
Bosnia and Herzegovina,2017,96.6458803566861,4.57868807789549,-1.28437067954589,25.1642904731319
Bosnia and Herzegovina,2018,98.4320694182631,5.10677209046635,-1.22313569369776,24.8120206694305
Bosnia and Herzegovina,2019,94.516125154246,4.16109545157208,-1.23185506471358,25.1910361335464
Bosnia and Herzegovina,2020,82.5216467994007,-1.65750707667169,-1.39008469041609,23.4676997821764
Bosnia and Herzegovina,2021,96.7391144408744,9.19342480517756,-1.66384860150923,26.2530245363466
Bosnia and Herzegovina,2022,110.205284377387,5.53111118093285,-1.24363802761194,27.9026680250212
Bosnia and Herzegovina,2023,99.6330317954442,2.62616849156352,-0.617510129445164,27.0433997525874
Bosnia and Herzegovina,2024,95.1562957108171,3.64904450955625,-0.655819991673837,27.479854363065
Botswana,1991,99.5583853464229,4.57073178203704,2.72429719004269,33.2101747012514
Botswana,1992,89.7512545868151,0.0625321470667757,2.81282080899369,30.4193006321517
Botswana,1993,86.2082050096699,-0.960421541128198,2.86304423228008,28.7795309764933
Botswana,1994,88.1806097283683,0.795369761855596,2.77143347713386,25.9825442079303
Botswana,1995,94.595171646002,4.25881194607905,2.62366178434921,27.1301337481509
Botswana,1996,90.955575275056,3.27499725471586,2.44368367103611,23.4435212132871
Botswana,1997,108.604415150755,5.86002742979099,2.30264662254376,24.0519865995919
Botswana,1998,101.841039320292,-1.75710977151495,2.21541249490062,37.9366725943489
Botswana,1999,98.9290812021418,7.32308245266344,2.16069492392568,25.6259512487481
Botswana,2000,91.924729689918,-0.163772714868571,2.13210606291764,29.551080393757
Botswana,2001,87.5250655680957,-1.79114300046759,2.05763865830609,29.888136618651
Botswana,2002,91.8357740585774,4.09320837350506,1.88080986109573,30.1938052068805
Botswana,2003,85.8340425151264,2.80097379395592,1.75962550604573,30.1430074223364
Botswana,2004,90.9978228872631,0.920692081948033,1.75338203751141,31.3514430014324
Botswana,2005,88.5053520573505,2.69660633056192,1.79499163132533,25.374133887578
Botswana,2006,86.612433913524,6.36142559180612,1.86517712065057,21.692781593681
Botswana,2007,98.4965249407252,3.7618955229655,1.9381347493906,23.0747568630383
Botswana,2008,99.008222007989,1.1992313160418,2.0082147581123,35.4683348008758
Botswana,2009,88.4807886337378,-15.8997149078875,2.06587846755776,32.6299076727603
Botswana,2010,94.6390020873926,7.82114699392078,2.10943597528371,34.7021091252242
Botswana,2011,98.9614677801469,4.75557328946104,1.96877479635498,39.1181150467037
Botswana,2012,111.875280620952,-1.83175900387364,1.67774021157009,35.9998617809678
Botswana,2013,125.78303991122,9.43871073960261,1.50921875015756,24.8793287159182
Botswana,2014,119.497541791464,4.17099012944411,1.45441898422222,25.2530625662887
Botswana,2015,112.900891016005,-6.19995412245493,1.42753223737773,28.4432892203156
Botswana,2016,100.464689766026,5.69319455388396,1.41970172619868,22.0676982064961
Botswana,2017,81.9239513763494,2.6459126098983,1.42047647332447,25.0058963191325
Botswana,2018,87.4551039946493,2.72071433079989,1.41898108514606,25.902879643882
Botswana,2019,83.0929813601175,1.57639094067899,1.42262847077389,30.8204405592326
Botswana,2020,77.6634178592071,-10.0332383222742,1.4394103578493,32.7272598389392
Botswana,2021,88.7587495865805,10.2596472128547,1.49130106425067,27.3637239028603
Botswana,2022,85.6117077543432,3.82363084321453,1.58848021878269,26.791517866856
Botswana,2023,68.8033578360816,1.52893817984001,1.64031664035479,30.2958784873742
Botswana,2024,71.1052579052124,-4.56345490621125,1.63538411022867,35.9882137116598
Brazil,1991,16.5920777626646,-0.686503405731187,1.71576956519978,19.768768868394
Brazil,1992,19.2533747878959,-2.18850140503228,1.66724681782032,18.9345399423489
Brazil,1993,19.5993205474635,3.23867795195491,1.61992855794359,20.8463552065145
Brazil,1994,18.6747597961023,4.21094030549472,1.56329973533197,22.1455629464805
Brazil,1995,16.9844599991956,2.63205630361686,1.53901255207011,17.2923463458623
Brazil,1996,15.6355914783829,0.672968776246492,1.51410759163045,17.2669463783506
Brazil,1997,16.5762092633371,1.8692443488235,1.48650426533337,17.7639856150889
Brazil,1998,16.438584928207,-1.14360390931397,1.48772098102752,18.1647519173076
Brazil,1999,20.982166473881,-0.984800297786677,1.45652767159292,17.3895597433765
Brazil,2000,22.6397613589755,2.96222044712435,1.37521128317928,18.90311926897
Brazil,2001,26.936285024943,0.0770005208743356,1.30335503159977,18.7418602932515
Brazil,2002,27.6183574077173,1.7820430814383,1.24142062598122,17.4490794845036
Brazil,2003,28.1403847215489,-0.0458328306526994,1.18021395482771,16.8566883977988
Brazil,2004,29.6782524803495,4.57169367314847,1.12991417032023,17.9125683419391
Brazil,2005,27.0867952052479,2.07730833921147,1.09590612526605,17.2048834481574
Brazil,2006,26.0416998879446,2.8675208375461,1.05833842529955,17.8164738802739
Brazil,2007,25.2926113757805,5.00147015892721,1.01236820635667,19.8193259823578
Brazil,2008,27.2575694165953,4.09221626871856,0.957984635895359,21.6193828522601
Brazil,2009,22.1059756060711,-1.01632362228523,0.895632239477021,18.7961350295102
Brazil,2010,22.7721781132208,6.62782994929138,0.84088322514573,21.801321557926
Brazil,2011,23.9344051765103,3.13169854409105,0.81381388423754,21.826271117187
Brazil,2012,25.1142736103322,1.09733293754664,0.811598483382088,21.4172253693275
Brazil,2013,25.7859573281452,2.17333080616082,0.810511647523289,21.6937669560679
Brazil,2014,24.685405813292,-0.303163572469245,0.806314177734439,20.5484107558184
Brazil,2015,26.9536259372369,-4.30639755989316,0.791721773592796,17.4116258667237
Brazil,2016,24.5336820770756,-4.01012719205779,0.761972670496742,14.9695469727335
Brazil,2017,24.3197343741684,0.587668928601474,0.72824666001736,14.6255875977741
Brazil,2018,28.876203376153,1.09040860420944,0.683439571425594,15.0950416297894
Brazil,2019,28.8902578697354,0.562970836695342,0.651994346081362,15.5167908016709
Brazil,2020,32.3020785443492,-3.83550546624957,0.579350709708032,16.1158206044059
Brazil,2021,37.6563307592575,4.3179316178023,0.425360907216456,19.521885020934
Brazil,2022,38.8160659764321,2.64631532426549,0.360180890872169,18.0882204442791
Brazil,2023,33.6662298301284,2.83370012768067,0.395928695574996,15.7606472061782
Brazil,2024,35.5845239385389,3.00083291987643,0.405467027627251,16.9814356039822
British Virgin Islands,1991,,,3.02929939776637,
British Virgin Islands,1992,,,2.47724687288271,
British Virgin Islands,1993,,,2.3585156119127,
British Virgin Islands,1994,,,2.42488985675443,
British Virgin Islands,1995,,,2.46281527845414,
British Virgin Islands,1996,,,2.47472977406325,
British Virgin Islands,1997,,,2.53232763348439,
British Virgin Islands,1998,,,2.5373788503084,
British Virgin Islands,1999,,,2.52528303041001,
British Virgin Islands,2000,,,2.55699302788739,
British Virgin Islands,2001,,,2.70504102080714,
British Virgin Islands,2002,,,3.00311489640163,
British Virgin Islands,2003,,,3.23230783571079,
British Virgin Islands,2004,,,3.31919840076176,
British Virgin Islands,2005,,,3.36902915080001,
British Virgin Islands,2006,,,3.4390199082653,
British Virgin Islands,2007,,,3.50223322043735,
British Virgin Islands,2008,,,3.57028666496744,
British Virgin Islands,2009,,,3.47659578432137,
British Virgin Islands,2010,,,1.66509594565746,
British Virgin Islands,2011,,,3.6716015538272,
British Virgin Islands,2012,,,5.53862651548459,
British Virgin Islands,2013,,,4.37795543415716,
British Virgin Islands,2014,,,3.89440691825982,
British Virgin Islands,2015,,,4.55459685304489,
British Virgin Islands,2016,,,-1.8135515178247,
British Virgin Islands,2017,,,-3.54213397683474,
British Virgin Islands,2018,,,5.81552290387566,
British Virgin Islands,2019,,,4.8931677135622,
British Virgin Islands,2020,,,2.01285185510385,
British Virgin Islands,2021,,,1.79872484022046,
British Virgin Islands,2022,,,1.33986872052852,
British Virgin Islands,2023,,,1.72311000328138,
British Virgin Islands,2024,,,1.23892682902476,
Brunei Darussalam,1991,62.9376106272656,0.0482383620452822,2.82087413872675,12.1490865531045
Brunei Darussalam,1992,69.9356430075004,-5.72104855607357,2.72087553865121,15.3763343274918
Brunei Darussalam,1993,70.5057160411668,-3.19233201409052,2.60873227190994,19.6242738719365
Brunei Darussalam,1994,62.8696183920448,-1.53838455173792,2.53818018062453,18.1087984709979
Brunei Darussalam,1995,71.0372539498999,-1.12517717451318,2.46985364733686,22.5398742056951
Brunei Darussalam,1996,80.4854766978859,-2.40064278413038,2.40260865216409,27.5780982591353
Brunei Darussalam,1997,77.1488095360526,3.88335184862585,2.34099524940066,23.6709520913239
Brunei Darussalam,1998,78.7306051610635,-8.76195618128142,2.28072165867432,24.6719369741807
Brunei Darussalam,1999,75.9893555053428,1.96732640011037,2.22422733142457,15.5887589991886
Brunei Darussalam,2000,87.0553329877697,1.2515924816352,2.17184750364769,18.7374704379378
Brunei Darussalam,2001,91.0997876196857,-0.64060526761881,2.09808399029796,20.8703202916699
Brunei Darussalam,2002,93.2161814722477,1.8968766451203,2.00587619956124,33.8596055630689
Brunei Darussalam,2003,89.085616098756,1.62971827418733,1.90413711851639,21.987880654086
Brunei Darussalam,2004,84.8821666638192,-1.67510542923259,1.79377776163247,19.5879660530209
Brunei Darussalam,2005,81.6201140155232,-1.67695306815315,1.68724773243682,16.1152698630712
Brunei Darussalam,2006,81.5709547429689,2.45784696303623,1.58852615956489,15.1721720330137
Brunei Darussalam,2007,81.0114146368958,-5.37503174884661,1.68860465252749,19.7540037479305
Brunei Darussalam,2008,89.7454253523344,-5.66095294794741,1.84867406299599,20.641358896163
Brunei Darussalam,2009,90.2870882587894,-3.72462679896589,1.87722246166003,26.2203911122241
Brunei Darussalam,2010,95.3715460226132,0.808737769071328,1.89897689252094,23.6902575256773
Brunei Darussalam,2011,99.5379309038179,1.91129549119837,1.78274591747739,26.0242928941481
Brunei Darussalam,2012,105.640902140819,-0.62162371685136,1.53255515873327,32.8821465207434
Brunei Darussalam,2013,110.939599584216,-3.46841841572171,1.38231470645459,39.5934116228483
Brunei Darussalam,2014,102.421000963035,-3.80575468176978,1.34019436885468,27.44181699276
Brunei Darussalam,2015,89.8961882533585,-1.68097052571925,1.30210359279592,35.2473258617273
Brunei Darussalam,2016,87.319801332806,-3.69864300009469,1.25964272152269,34.6202628541232
Brunei Darussalam,2017,85.1768604269985,0.109331621558866,1.2107045656128,34.804760189414
Brunei Darussalam,2018,93.8980617666778,-1.09895909064488,1.15739958778106,41.0665959296934
Brunei Darussalam,2019,108.509658357959,2.72616506285996,1.10621350885567,38.6777534991209
Brunei Darussalam,2020,110.291003658452,0.0657353317528475,1.06148281648515,40.5878302733583
Brunei Darussalam,2021,147.123112375318,-2.53123842091919,0.96027430523198,31.2725676396553
Brunei Darussalam,2022,146.973965879597,-2.41660968862067,0.804554269312164,25.8510429426901
Brunei Darussalam,2023,136.86343465048,0.339025318690261,0.782881746925984,29.6282073672206
Brunei Darussalam,2024,132.587439642245,3.20430381881549,0.81851878860359,27.8989648348497
Bulgaria,1991,82.6823876197494,-7.53406885746301,-0.990425980099359,22.5976418570376
Bulgaria,1992,100.049800796813,-6.27126388892331,-1.07385319076042,19.8889442231076
Bulgaria,1993,84.0414854466377,-0.691213573224346,-0.797665851516421,15.2820341251255
Bulgaria,1994,90.7201293759513,2.16435885208668,-0.339586079485037,9.39117199391172
Bulgaria,1995,55.2627350026692,3.35646361681499,-0.44539850047226,17.7287824425775
Bulgaria,1996,85.8207914540411,5.74937030570024,-0.515729879636827,1.15731098937928
Bulgaria,1997,86.4637364673225,-13.5909226994504,-0.608797354537911,9.7273816374924
Bulgaria,1998,77.0452030341,4.4840245421659,-0.66730270106626,18.7086050292142
Bulgaria,1999,90.0749616578503,-7.8810728954104,-0.560648224779443,19.8436996364963
Bulgaria,2000,77.7457041594489,5.1050556930103,-0.493896416633318,19.0461434857678
Bulgaria,2001,79.0813687477668,5.91115958058398,-1.99063220438276,21.3510717892793
Bulgaria,2002,75.2696110143524,8.19521633481884,-2.17069878030004,20.5290208799206
Bulgaria,2003,79.0138853713575,6.07406175136217,-0.79211363763553,22.0741733883245
Bulgaria,2004,93.063897964183,7.31740492679138,-0.754796951273604,23.4333521102503
Bulgaria,2005,99.7142112127381,7.86550144024491,-0.752977445493645,27.7396716608631
Bulgaria,2006,111.04746275381,7.61684968390605,-0.759505915531059,32.0563353125989
Bulgaria,2007,123.532557660753,7.44148890461591,-0.735282283991309,33.6062336623614
Bulgaria,2008,124.688747515359,6.87712653095458,-0.70192274454598,36.9245389748046
Bulgaria,2009,92.6926456036375,-2.72241480587978,-0.644281362547054,28.5382207093012
Bulgaria,2010,103.380522321192,2.22607896520175,-0.658275446635908,22.5179685624585
Bulgaria,2011,117.41810388629,2.74691014250048,-0.641228920515067,21.3581829600151
Bulgaria,2012,123.971322714174,1.33406661288926,-0.579220596364389,21.8870849869755
Bulgaria,2013,129.688682986482,1.48366085514411,-2.01699190933907,21.0060108987805
Bulgaria,2014,130.248377115245,2.18296501943183,-1.21450935947823,21.5078339407257
Bulgaria,2015,126.73664221295,4.72028584001873,-1.2711551188344,20.9999295980527
Bulgaria,2016,122.805514356513,4.37288163509066,-1.29824041616821,18.9624324900328
Bulgaria,2017,129.634429048004,4.1152395764986,-1.32391481752631,19.8169984706422
Bulgaria,2018,129.166502930632,3.74323820792699,-1.3714611289258,21.1661572589054
Bulgaria,2019,125.260418346411,5.26897872493906,-1.41171852077109,20.7340031845359
Bulgaria,2020,110.423899846249,-2.15683103882644,-1.00293821352921,20.1519208043409
Bulgaria,2021,121.214088263823,8.54724211432547,-0.664652622488209,20.7058919426646
Bulgaria,2022,138.844877241238,4.76332108962356,-0.650676134087796,22.6875854555705
Bulgaria,2023,119.899505956556,1.97332516316222,-0.286577641861364,19.7877526320657
Bulgaria,2024,110.22631455921,3.47015122309477,-0.0803071609561488,20.4299085537289
Burkina Faso,1991,33.7962364263647,6.33847249922952,2.53625917894951,21.2456099038687
Burkina Faso,1992,28.3740163771975,-2.20972690363685,2.46694750828756,19.3024334654199
Burkina Faso,1993,29.6250839534616,0.920491455019118,2.48654572072589,19.459397383889
Burkina Faso,1994,39.2292222386411,-1.20776072545993,2.52154952786592,27.1661616484543
Burkina Faso,1995,40.7474714183407,3.04032535754941,2.56393697670826,23.9253428809499
Burkina Faso,1996,38.1802977691941,8.20998110484305,2.55894111772828,24.944707127053
Burkina Faso,1997,37.4164187803511,3.61102243460883,2.57799245224128,27.3917783789695
Burkina Faso,1998,40.9397835752562,4.38231550291239,2.76403220911076,24.1745628345865
Burkina Faso,1999,35.2548157814824,4.29384816238002,2.9303462196778,17.2965015904257
Burkina Faso,2000,35.1229419704263,-1.10710660159205,2.98414422391968,14.5706990626075
Burkina Faso,2001,31.6581708148511,3.40975770830711,3.05099351122556,13.5458978685006
Burkina Faso,2002,31.3125228527966,1.17736897014072,3.09039308299234,13.4516848777294
Burkina Faso,2003,30.3682364077323,4.49294688106092,3.11812174449527,15.4592813585183
Burkina Faso,2004,35.4809436017462,1.24360966999572,3.14512608695879,15.5181038099984
Burkina Faso,2005,34.1721697681049,5.29574030906821,3.14680149143287,17.5635935306702
Burkina Faso,2006,35.1065423554549,2.98889211912471,3.12034537509581,16.1250056320714
Burkina Faso,2007,33.7797172895073,1.00131276742226,3.03277637197036,18.2510847811436
Burkina Faso,2008,35.3853169801502,2.73663676272773,2.93816522811728,20.7319624459801
Burkina Faso,2009,40.2959836735924,-0.000227773519867469,2.91916025918168,19.9900322638267
Burkina Faso,2010,49.0732385398039,5.31934915891263,2.92577947499021,21.9904340000138
Burkina Faso,2011,57.4972531038508,3.51633623623128,2.95657078370668,22.1235118043343
Burkina Faso,2012,61.2386079818398,3.28878346500349,3.0171707485343,24.6529928973207
Burkina Faso,2013,64.0358513024234,2.66508275857795,3.00083639274971,23.7099150061433
Burkina Faso,2014,58.8235624937426,1.27047655599692,2.9733794200807,19.2622491931648
Burkina Faso,2015,59.0891813101662,0.888259827767996,2.96196306547686,19.4066997164243
Burkina Faso,2016,57.8931727994406,2.9035090911533,2.92508251378454,20.7955479484027
Burkina Faso,2017,59.2687802020168,3.21640521697573,2.85291595529266,22.0618365902649
Burkina Faso,2018,60.5956256236488,3.76772678322459,2.69713675384815,21.7391048190018
Burkina Faso,2019,60.4086928753226,3.24391866186016,2.52989803984158,19.7578680144889
Burkina Faso,2020,60.7397786403239,-0.443420002406739,2.43522959287393,17.1615174265995
Burkina Faso,2021,62.4203586607795,4.43100540861892,2.37649218888363,15.5079014507343
Burkina Faso,2022,67.5202901331655,-0.693015914774818,2.30907147387783,18.0585053758947
Burkina Faso,2023,63.1326851693299,0.688770925071964,2.26973666268599,20.4019181340469
Burkina Faso,2024,60.5024222912348,2.47226549746027,2.24597728439097,21.9339346887971
Burundi,1991,,2.84668515883749,2.06908349172423,
Burundi,1992,,-1.65473544627476,2.67351109579947,
Burundi,1993,,-3.24124864614819,-3.14824552751545,
Burundi,1994,,-4.45293293605653,0.649848385023095,
Burundi,1995,,-13.2699852268517,5.98577493416484,
Burundi,1996,,-8.06350047055535,0.0690460841637087,
Burundi,1997,,-1.5824774393535,-0.00764380652711988,
Burundi,1998,,2.76802982431101,1.91022480299428,
Burundi,1999,,-3.35382029606878,2.39621572131493,
Burundi,2000,,-2.89542791949714,2.07761630416467,
Burundi,2001,,-0.469619802706177,2.50568660000274,
Burundi,2002,,1.54204707066606,2.82021948884885,
Burundi,2003,,-4.2953882781394,3.15909277106132,
Burundi,2004,,0.997721140754805,3.72769286109058,
Burundi,2005,,-2.77894802793541,3.71426552783148,
Burundi,2006,,1.68473642542624,3.6016417629351,
Burundi,2007,,-0.311187520314832,3.69817167466282,
Burundi,2008,,0.668760370648471,4.12553206908571,
Burundi,2009,,-1.33995105464051,5.06613607694958,
Burundi,2010,,0.287652254263818,4.68101057302388,
Burundi,2011,,0.368535841377152,3.57769854786004,
Burundi,2012,,0.762376963720541,3.56852147814432,
Burundi,2013,,1.2220776240641,3.59186709345175,
Burundi,2014,,0.765722877623617,3.39447686677984,
Burundi,2015,,-2.63843207790325,2.26851729292704,
Burundi,2016,,1.43842311150118,1.72186004024144,
Burundi,2017,,1.41976303921598,2.35048627086438,
Burundi,2018,,2.20950781918904,3.01898182778662,
Burundi,2019,,1.08494176938687,3.28367531420808,
Burundi,2020,,-2.56910007625271,2.9086530249822,
Burundi,2021,,0.462596741612089,2.72425539520386,
Burundi,2022,,-0.413741363752337,2.70585008916716,
Burundi,2023,,0.476410171242918,2.72764441044431,
Burundi,2024,,1.45654027332857,2.5839340108674,
Cabo Verde,1991,80.9539693096621,-1.01055136482147,2.41007225580579,
Cabo Verde,1992,83.9398899681127,8.44798979477743,2.26976033226457,
Cabo Verde,1993,60.3064320023898,6.39603048677317,2.14999857933375,
Cabo Verde,1994,71.5634420456064,16.782010354077,2.03480825423247,
Cabo Verde,1995,77.5155513809747,12.0601838641087,1.90171027115883,
Cabo Verde,1996,75.4899678573908,9.39028619703035,1.77250887678015,
Cabo Verde,1997,85.979346154719,9.26550233677044,1.6815812275736,
Cabo Verde,1998,81.8814137506275,10.7299407310629,1.60125908365746,
Cabo Verde,1999,80.9690199640443,9.54503889861623,1.51982553166013,
Cabo Verde,2000,87.5206083614917,12.5710382620585,1.51097073984668,
Cabo Verde,2001,92.1637224974152,0.682276166499946,1.52715832330257,
Cabo Verde,2002,101.089702293616,3.72907261625122,1.45645106544752,
Cabo Verde,2003,98.7683808076547,2.78169096285627,1.34770321112892,
Cabo Verde,2004,101.567169989502,8.82078735562469,1.25679558194683,
Cabo Verde,2005,104.343839857053,5.64634152921253,1.19132344131983,
Cabo Verde,2006,117.816697232822,6.74862061785244,1.15040265762577,
Cabo Verde,2007,94.2062075477847,13.9029028555293,1.10689150817132,47.271484248355
Cabo Verde,2008,90.9663882396256,5.93628669264135,1.03555151023311,45.9358045471371
Cabo Verde,2009,80.4609561325344,-2.43495532260619,0.950085360363308,41.3602933111924
Cabo Verde,2010,85.5484498816191,1.10867941118087,0.717181999615317,44.9568060390526
Cabo Verde,2011,90.5564501122747,3.58680088003479,0.325685661710053,44.9117743846551
Cabo Verde,2012,90.649916554117,0.983345735610456,0.0992767342106355,35.2038713812683
Cabo Verde,2013,86.1698600308418,0.579092309567969,0.052725108136232,29.9872865504067
Cabo Verde,2014,91.3038524117221,0.676815488926465,0.0197159536864678,34.9962522997627
Cabo Verde,2015,94.0084870167993,0.922631249857901,0.0132719182020122,29.1071744394227
Cabo Verde,2016,95.3781398609533,4.24816232606327,0.0312210963482392,28.5553782407275
Cabo Verde,2017,100.052133904219,4.48221093147532,0.0661175101881539,29.2834862444324
Cabo Verde,2018,105.867524052105,3.60152349643896,0.101723857752759,27.486159184509
Cabo Verde,2019,103.602656463726,6.80449531732363,0.134109462358547,23.4319738651901
Cabo Verde,2020,78.3934545931901,-20.8937523404244,0.11178257414313,28.9619236573871
Cabo Verde,2021,77.4550586265341,6.62540765957627,0.38203217521266,27.7497642140942
Cabo Verde,2022,96.9941368513357,15.1545081084513,0.596688345869947,21.8794313027596
Cabo Verde,2023,95.0324943346692,4.2751322057766,0.497087597239901,21.7251071461541
Cabo Verde,2024,96.5053536678629,6.72368173800109,0.486246288487151,16.3895388889131
Cambodia,1991,,3.22292482028995,4.14488021704792,
Cambodia,1992,,1.39521127525019,5.39668671425508,
Cambodia,1993,48.7242577792075,-1.98219850050883,6.01872150772546,11.8804071012224
Cambodia,1994,64.4680319495873,-39.2029703307445,6.97860299679541,11.9385508104385
Cambodia,1995,77.7667280459137,1.35412063704641,8.09818955055196,14.5523168445019
Cambodia,1996,69.161566797509,-1.77693528347505,7.52306354037061,14.7200558132128
Cambodia,1997,78.9346444583816,-2.91199173422457,6.883669247052,15.0204998406386
Cambodia,1998,75.6194730009492,0.452139873018837,4.12422750057528,11.8337696618173
Cambodia,1999,94.1768880770207,10.7982054875931,1.70665891380385,16.9837280190751
Cambodia,2000,110.397125303731,8.25832877301973,1.59016992993238,20.3442509411501
Cambodia,2001,111.771741244001,5.72566644409127,1.56166865874357,20.2055208570396
Cambodia,2002,118.269562072288,4.63862356700642,1.54239258007881,23.868414318253
Cambodia,2003,120.074969093599,8.62974314019115,1.5110719151833,24.0058224692333
Cambodia,2004,131.351481056276,7.85639001144227,1.47375057040259,23.9729963521885
Cambodia,2005,133.551965265648,11.6637861428805,1.4576145365221,24.3001536627765
Cambodia,2006,140.348734318483,9.31792401297673,1.47594305468246,25.2476635792145
Cambodia,2007,133.700023826819,8.78143916559131,1.47554433066197,25.6914602814207
Cambodia,2008,130.393510678736,5.85728555368171,1.51791486007376,23.0800200013877
Cambodia,2009,102.2879490147,2.44674504763958,1.57665618141569,26.3323279290139
Cambodia,2010,109.998400607758,3.45435117133705,1.55621745380597,22.317490039603
Cambodia,2011,109.790505166814,5.66993084409259,1.51839242344005,22.3677149230901
Cambodia,2012,116.740233418212,6.04756982656951,1.49998418675996,24.6712332656387
Cambodia,2013,124.887552768657,6.25691498312409,1.49510212980529,26.8520095001976
Cambodia,2014,124.454908526693,6.41109251902618,1.4824372519955,30.0126716073678
Cambodia,2015,122.109596815379,5.652931676093,1.46023762985186,29.8714938168298
Cambodia,2016,122.704555602667,6.34300627617029,1.45860767566845,30.3850325759008
Cambodia,2017,121.155451298689,6.59196495590379,1.38176596089867,30.6334526919382
Cambodia,2018,118.43765541305,7.43177030242717,1.24368277407927,30.7394192448512
Cambodia,2019,115.736679072448,6.58272364852731,1.26258301009769,31.3945541935104
Cambodia,2020,122.105396346568,-4.96368199399319,1.47062988552696,31.351227539335
Cambodia,2021,146.179846509715,1.57862051550094,1.47677836241244,30.3788112661952
Cambodia,2022,145.873632761406,3.74000920039251,1.33088813106016,34.5945264318735
Cambodia,2023,134.206842395931,3.66847775428445,1.28320677599476,33.2944796211269
Cambodia,2024,143.447009703011,4.68384949204055,1.22593986324555,32.1861316004857
Cameroon,1991,34.6387793556715,-6.57350502462501,2.91649859858171,16.6726548065075
Cameroon,1992,38.8625921730277,-5.83737588435096,2.86561545097735,14.3053862792332
Cameroon,1993,26.1588429586065,-10.5166043582515,2.84736268467474,13.7616244323822
Cameroon,1994,36.9611210051921,-0.943945008602924,2.8078428743676,16.611616276948
Cameroon,1995,36.682272663701,0.107723326425074,2.74525060356896,17.5396063138349
Cameroon,1996,45.1156121020442,1.4475466909911,2.69148816728723,17.3666475143596
Cameroon,1997,48.4696352704455,1.79214014657076,2.65155206464138,17.6839404673153
Cameroon,1998,42.2946538344074,1.98875448721377,2.64804169057659,18.4534049673478
Cameroon,1999,37.2383798464814,1.77511312312416,2.65296340314705,17.6692974002941
Cameroon,2000,47.9279442460149,1.13442792226186,2.63276307164066,17.1923305666251
Cameroon,2001,51.5722691890366,1.61992408023583,2.62643255915311,18.7740622006083
Cameroon,2002,48.4817227279603,1.71295981541175,2.68124815756453,19.4413944162664
Cameroon,2003,40.2431925894529,2.61581878981131,2.72747133462562,18.0947361657846
Cameroon,2004,41.8377424272557,4.14782057634264,2.74741504067453,18.8678143226466
Cameroon,2005,44.9976813478478,-0.550411134631503,2.75573848394242,18.6709254882433
Cameroon,2006,47.1044341803567,0.995178501621496,2.74855128044116,17.7758598449069
Cameroon,2007,53.2156908605178,1.44056500100977,2.80627824632764,18.3784496512645
Cameroon,2008,56.9244171562734,-0.054684354254718,2.86258453269924,19.7540543269388
Cameroon,2009,42.1761073594765,-0.318334274636157,2.86539222671372,18.5596853746796
Cameroon,2010,47.2385853965951,0.000136421484427274,2.85766146651935,18.2284440377378
Cameroon,2011,51.521987603918,0.496174364645441,2.82842297078772,18.732400822037
Cameroon,2012,50.0360127271229,1.723811615485,2.8130471843416,18.0007381699582
Cameroon,2013,49.6745363462134,2.08714719116143,2.80909371019789,18.6515459692181
Cameroon,2014,50.8323893087648,2.56873406379989,3.02592195035823,19.7278343398902
Cameroon,2015,45.5401468279393,2.40123368709621,3.13934346036401,18.2498554883353
Cameroon,2016,40.6386315268268,1.45711722669677,2.98933225067819,19.8180548448427
Cameroon,2017,39.1990216052629,0.647004976201075,2.83499798189177,19.4451374024879
Cameroon,2018,40.587602877028,1.11514946861584,2.77030987519388,19.5380296351056
Cameroon,2019,43.3785132480415,0.636415290549962,2.78164441246944,18.9346454960496
Cameroon,2020,33.7388313623871,-2.43476031121681,2.7244863481235,17.6605439792144
Cameroon,2021,36.7308347188558,0.631351991581198,2.65496076580698,18.1266921736343
Cameroon,2022,41.2866025594679,1.04502997524601,2.62905090961273,19.1074398091244
Cameroon,2023,37.8903321242578,0.652417560279119,2.64245336134821,19.2850918964923
Cameroon,2024,34.4031785915423,0.854978148597212,2.61268294319567,18.9056881687822
Canada,1991,49.2234668475419,-3.30029993067963,1.24276123131684,19.3412969720978
Canada,1992,52.7380309449972,-0.296709575701925,1.18367554138942,18.377419839763
Canada,1993,58.2507961453047,1.53574575465912,1.09893087887878,18.4749885213182
Canada,1994,64.3915441455001,3.35581443227358,1.09525810706129,19.5160940033233
Canada,1995,69.0617480799547,1.62528126114066,1.03476948386834,19.380342728238
Canada,1996,70.2600734560392,0.631530881733894,1.04531178311831,18.9277232582103
Canada,1997,74.3366100816522,3.24897485599347,0.993788591465188,21.218002084034
Canada,1998,78.0811853628611,3.03423769242876,0.829909353323744,21.0452729764529
Canada,1999,80.1150293129295,4.28983665547817,0.812842623716166,20.6842428493616
Canada,2000,82.7653578503214,4.16394849476771,0.931281553452429,20.6144677111521
Canada,2001,78.3442183943698,0.774519407466116,1.0861994547665,19.6713949333135
Canada,2002,75.7070320779233,1.88796484648248,1.08479328329522,19.7393454062916
Canada,2003,69.8400946170607,0.89501858100094,0.899226809998674,20.4666776118118
Canada,2004,70.1924199909562,2.13581560192544,0.932186964148048,21.3828605310678
Canada,2005,69.7591330167357,2.23757661617552,0.94708626967041,22.6320421110981
Canada,2006,68.0521644769988,1.60290147691838,1.01355939144957,23.5958930196569
Canada,2007,66.2834197482347,1.06414487775739,0.970654173316653,23.9078762217461
Canada,2008,67.0236083618983,-0.0933427924909864,1.083871149194,24.0725027760344
Canada,2009,58.4743918224897,-4.02008809742583,1.14470768476526,21.9594942895654
Canada,2010,60.2081215044483,1.95144744690714,1.11135202971694,23.4820046985497
Canada,2011,62.4987387708328,2.13607717133128,0.97540725097113,24.1514534714945
Canada,2012,62.5955489395005,0.658841956783917,1.08374652233653,24.867543598009
Canada,2013,62.2310749013405,1.2535901034471,1.05338098055318,24.907675073032
Canada,2014,64.3786621564923,1.84840952337521,1.00142284689661,24.8707076104681
Canada,2015,66.1649020669781,-0.11236916498423,0.760300145238936,23.8215933948339
Canada,2016,65.3636845215556,-0.0982963624127819,1.13153974027004,22.7611201594839
Canada,2017,65.1010608504649,1.8094644720755,1.19543575451553,23.5504692286096
Canada,2018,66.5998858508762,1.28092659672814,1.43322615679352,23.3773111619236
Canada,2019,66.1714852804959,0.429657601305934,1.46171259938134,23.0424241743147
Canada,2020,61.1567709632763,-6.06240642306676,1.08436897113225,22.6747176119532
Canada,2021,62.2468367159421,5.36528781293082,0.553902422386893,24.3050554969726
Canada,2022,67.3176215563989,2.32641594463436,1.80390457488184,25.3186668256785
Canada,2023,66.6323313370668,-1.37792078609685,2.90468017061162,23.8949011694691
Canada,2024,65.1499212653783,-1.40934525428779,2.96220294420494,23.2003491794218
Caribbean small states,1991,,-0.674478391386018,0.622309110450173,
Caribbean small states,1992,,1.26102454781164,0.778900968985098,
Caribbean small states,1993,,-0.307130055474232,0.769534437046228,
Caribbean small states,1994,,2.55016830330376,0.764109470009934,
Caribbean small states,1995,,2.21093154621414,0.849533590652267,
Caribbean small states,1996,,4.00354906205551,0.872571027540678,
Caribbean small states,1997,,3.73422099345622,0.844878360381325,
Caribbean small states,1998,,4.05892301666117,0.823212927890087,
Caribbean small states,1999,,4.21656256668088,0.809205493589735,
Caribbean small states,2000,,3.87116901688773,0.786660535791513,
Caribbean small states,2001,,1.31293547942973,0.776959023973915,
Caribbean small states,2002,,3.16458801432444,0.79214662044116,
Caribbean small states,2003,,5.25673978287465,0.797894040767662,
Caribbean small states,2004,,3.90202731879434,0.727514378541612,
Caribbean small states,2005,,5.1970117749448,-0.765092501109744,
Caribbean small states,2006,,7.21096031322507,0.577688218040167,
Caribbean small states,2007,,3.18989222191772,0.634526976899091,
Caribbean small states,2008,,1.05590801840893,0.635011091350496,
Caribbean small states,2009,,-3.90327879217502,0.530304868383527,
Caribbean small states,2010,,1.21299340883196,0.635465035251728,
Caribbean small states,2011,,0.219429807392487,0.663258562426195,
Caribbean small states,2012,,3.36224450938988,0.648625119003183,
Caribbean small states,2013,,0.679093998858065,0.689056755355642,
Caribbean small states,2014,,1.90068455787271,0.675639971237344,
Caribbean small states,2015,,-0.741063880305461,0.642854099713262,
Caribbean small states,2016,,-3.68614130235501,0.627162236860335,
Caribbean small states,2017,,-1.30939037035945,0.569787976717434,
Caribbean small states,2018,,0.2575212910983,0.946415905583182,
Caribbean small states,2019,,0.0696850601913184,0.801650066715792,
Caribbean small states,2020,,-9.35899413504561,0.363226824115709,
Caribbean small states,2021,,6.05934640699263,0.444484009630739,
Caribbean small states,2022,,14.4216347499392,0.404234861975181,
Caribbean small states,2023,,8.29427799675571,0.501131442241158,
Caribbean small states,2024,,12.8347154176786,0.422918747707842,
Cayman Islands,1991,,,4.86088220725656,
Cayman Islands,1992,,,4.74738163029526,
Cayman Islands,1993,,,4.62563473725116,
Cayman Islands,1994,,,4.48809994059442,
Cayman Islands,1995,,,4.34111378801683,
Cayman Islands,1996,,,4.18683881903638,
Cayman Islands,1997,,,4.01856441263758,
Cayman Islands,1998,,,3.80643482541395,
Cayman Islands,1999,,,3.62244749852824,
Cayman Islands,2000,,,3.56640069722567,
Cayman Islands,2001,,,3.50443844716451,
Cayman Islands,2002,,,3.40929876733717,
Cayman Islands,2003,,,3.28550743410603,
Cayman Islands,2004,,,3.17657692300086,
Cayman Islands,2005,,,3.11724827664581,
Cayman Islands,2006,,,3.03959413986438,
Cayman Islands,2007,,0.141681834726853,2.97206282837332,
Cayman Islands,2008,,-3.20928627038711,2.90387130778235,
Cayman Islands,2009,,-9.78775124105034,2.827622397931,
Cayman Islands,2010,,-5.37886797123619,2.77574348652733,
Cayman Islands,2011,,-1.57275972465099,2.74754077100958,
Cayman Islands,2012,,-1.48099826202056,2.71432817487524,
Cayman Islands,2013,,-1.34352002810977,2.6238432105591,
Cayman Islands,2014,,0.0864597299432575,2.53348566839008,
Cayman Islands,2015,,0.36080343256711,2.43357767472909,
Cayman Islands,2016,,0.854492132236558,2.33773131582921,
Cayman Islands,2017,117.436583958714,0.889647247053603,2.24869427399836,
Cayman Islands,2018,117.117122140321,2.04406954881368,2.15526905432315,
Cayman Islands,2019,114.83853985004,1.77641924268777,2.08009420729087,
Cayman Islands,2020,105.472790158919,-6.83262932515115,1.9954930548265,
Cayman Islands,2021,,2.73935936787683,2.05206347593734,
Cayman Islands,2022,,3.58453531400384,2.09324575309515,
Cayman Islands,2023,,3.71921512688289,2.00104859136332,
Cayman Islands,2024,,,1.92419238887509,
Central African Republic,1991,43.7093216871222,-3.61601860351969,3.12894145604828,12.6480117971933
Central African Republic,1992,43.2290760804125,-9.3499022024904,3.17660886218298,12.402501317821
Central African Republic,1993,39.9886220219109,-2.81054491449957,3.18551160699761,10.5784818131858
Central African Republic,1994,48.4180322318527,1.67643599170786,3.12114580888137,11.7060536294691
Central African Republic,1995,50.4758911171183,4.3152308340197,2.7279293178596,14.1190311542986
Central African Republic,1996,47.0844050293092,-6.45635774727835,2.59191336397251,7.27502143391952
Central African Republic,1997,55.8185083614851,2.44553463232529,2.74815236149256,10.0801891360073
Central African Republic,1998,51.0495318767161,1.89780136644271,2.7130114137794,11.0127689102356
Central African Republic,1999,43.212343897896,0.804779828695573,2.73513141405881,12.9619643989924
Central African Republic,2000,45.6597819937269,-5.13401462675454,2.74955419856204,11.0722959362908
Central African Republic,2001,39.7304997372329,2.17071826482889,2.2204466205594,10.2408292129649
Central African Republic,2002,36.1085647794782,1.37690566221247,2.18516803355959,9.62494666555282
Central African Republic,2003,36.2312260023474,-7.63416642788093,2.39269152862068,6.4047925068294
Central African Republic,2004,33.2439549188203,3.72625182811642,2.16355960798951,6.81213802638146
Central African Republic,2005,35.0709368656226,-1.35012540536219,2.2634335589763,9.86481735599986
Central African Republic,2006,36.3958702287378,2.64652651726671,2.04865266623958,10.2342110190608
Central African Republic,2007,37.5808990187896,2.61065388109087,1.92738176317224,10.6872405778362
Central African Republic,2008,34.4375218095517,-0.0996463174017777,2.1330142206447,12.728492373968
Central African Republic,2009,31.4942464896799,9.30502220176477,-0.65882495965577,13.2041724777738
Central African Republic,2010,34.4304819543042,5.47038096593693,-0.799202484181735,16.8437813047686
Central African Republic,2011,34.4756183327299,2.55065326927321,1.59035970102042,13.7084644737209
Central African Republic,2012,33.0594485943314,4.00963689358869,0.998867377606297,10.8339751287687
Central African Republic,2013,38.3992875721315,-36.8245466038613,0.682377856508138,7.5153240218181
Central African Republic,2014,53.0950920179825,0.497506544343594,-0.415235398986532,21.9907907197476
Central African Republic,2015,53.1451477769621,4.19878078824811,0.132677645471712,21.8053804538636
Central African Republic,2016,50.53064402191,2.87598768927953,1.80553237158984,22.463467946845
Central African Republic,2017,57.1435457117119,2.7861131027974,1.67978155291511,25.6012512008403
Central African Republic,2018,49.6602000024318,1.9780319759616,1.76068487647458,26.0
Central African Republic,2019,50.0658000014868,1.72290159793216,1.34469255324203,26.0
Central African Republic,2020,49.5210200011921,-0.744488614542561,1.64324789708014,25.9999999979092
Central African Republic,2021,44.159119995104,-0.705468755505223,1.68608971248183,25.3641399970476
Central African Republic,2022,45.23357000162,0.730965726740934,-0.275432271573156,24.3266600012173
Central African Republic,2023,43.480570208358,-0.362884514707787,1.06107453184959,23.7477562200269
Central African Republic,2024,46.4318999802251,-1.89436423949913,3.40139844069992,23.6399492481873
Central Europe and the Baltics,1991,,-10.6514549330705,-0.247419130546434,
Central Europe and the Baltics,1992,,-4.62626365228043,-0.324609501806508,
Central Europe and the Baltics,1993,,0.272223822877876,-0.0631650560563044,
Central Europe and the Baltics,1994,,3.70764201600426,-0.0184764837376054,
Central Europe and the Baltics,1995,65.2964780313877,5.86292502195333,-0.143117925972543,23.0864083042131
Central Europe and the Baltics,1996,68.8783953915245,4.7129451533189,-0.216913404828966,24.8837259769429
Central Europe and the Baltics,1997,74.0705577781206,2.42609841096663,-0.186425684036871,25.8645062730493
Central Europe and the Baltics,1998,74.2218327535934,2.80624606817614,-0.167998487772591,26.1570541513133
Central Europe and the Baltics,1999,73.8307773722257,2.066909982488,-0.162519116055211,25.4245038113213
Central Europe and the Baltics,2000,79.966182784819,4.53372548795737,-0.563773690484113,25.5518988588474
Central Europe and the Baltics,2001,80.5911753052678,3.75913521675248,-0.729067856444102,24.3441507764168
Central Europe and the Baltics,2002,79.5447219618856,4.22035605083325,-0.652588914336905,23.5555132227414
Central Europe and the Baltics,2003,83.8467467274666,4.32418589336363,-0.314241146330712,23.8237916059391
Central Europe and the Baltics,2004,90.7634620261512,6.16524113852964,-0.274658938488359,25.1638162637621
Central Europe and the Baltics,2005,93.7320808776105,5.19655050886936,-0.272920120995345,24.9032692029241
Central Europe and the Baltics,2006,101.888196946312,6.9121763540906,-0.254402113821936,26.7640063749799
Central Europe and the Baltics,2007,104.682037182865,6.7361825684539,-0.372939772327643,29.0476968071218
Central Europe and the Baltics,2008,104.185166871239,4.33541440005476,-0.358270056820759,28.6706417600197
Central Europe and the Baltics,2009,92.9319755129392,-3.43704636764662,-0.191997901063799,23.0336870901224
Central Europe and the Baltics,2010,104.464984905731,1.9070419224059,-0.362321893446287,22.9917805306205
Central Europe and the Baltics,2011,112.883966693345,3.84665075347328,-0.237214258031937,23.8333473890357
Central Europe and the Baltics,2012,116.12084582553,1.07522608845329,-0.235021587775693,22.4712599614299
Central Europe and the Baltics,2013,117.682858283811,1.01722693041306,-0.346441569732424,21.5926549467118
Central Europe and the Baltics,2014,119.875144797024,3.55154477962643,-0.279993650668035,22.6068391339833
Central Europe and the Baltics,2015,119.413555662705,4.31204221003165,-0.297993499615906,23.086612527951
Central Europe and the Baltics,2016,120.335512986639,3.13299455851259,-0.316337439806704,21.8624187755466
Central Europe and the Baltics,2017,123.351879836094,5.42597139042387,-0.302888085449285,22.0726090797671
Central Europe and the Baltics,2018,123.819500551781,5.22410481974592,-0.257617487691325,23.2759229800165
Central Europe and the Baltics,2019,121.363013902895,4.24668559576298,-0.205872946873443,23.2561068268534
Central Europe and the Baltics,2020,114.658310873069,-2.68154962425488,-0.63867745350422,21.8966889180371
Central Europe and the Baltics,2021,125.55242593516,7.64645668280259,-1.00291129900562,24.5760244712114
Central Europe and the Baltics,2022,139.83650926868,4.18144421484683,-0.13367547636684,26.0274452927726
Central Europe and the Baltics,2023,123.605007799846,0.594942732470912,0.111693279901196,22.4085557787972
Central Europe and the Baltics,2024,116.319512552977,2.19434751608472,-0.121594654206648,21.5080355679135
Chad,1991,36.3495413219118,4.63768979959917,3.65701555224212,6.54307025873686
Chad,1992,35.904560029092,3.51468324567341,4.2431121638925,7.46811391470718
Chad,1993,42.6473333333747,-17.6741907151847,2.35805086936322,9.75930185156408
Chad,1994,50.9883513558935,7.63158983937645,2.30098346349967,16.6399110712347
Chad,1995,55.6965565726313,-3.1278218855421,4.40674928139961,13.1924876039231
Chad,1996,46.6100331929446,-2.21398378372668,4.429169919678,20.2501604910022
Chad,1997,49.313101141288,2.06853854681179,3.45193185234224,19.4847788586122
Chad,1998,48.0589828951249,3.33471416519863,3.44028362441506,16.9342205128578
Chad,1999,50.5078677642823,-4.11148626055815,3.51320614922956,13.6915005957516
Chad,2000,51.5711720135652,-4.24950215625832,3.45886279310456,23.2739022193722
Chad,2001,64.3219080406854,7.9544570688811,3.3732389780589,40.2503769127795
Chad,2002,126.350807849912,4.77730878839424,3.48319249588089,60.1561730301281
Chad,2003,83.3789149599315,10.2279881032445,3.9958067889148,52.1217743230429
Chad,2004,101.768590921564,27.8073148134373,4.4546309402426,24.2838719183309
Chad,2005,77.577493649797,12.6968038845754,4.03110110056051,19.1098438642877
Chad,2006,77.0815766029615,-4.05733919622048,3.59763738193098,17.7039292404167
Chad,2007,75.1059962731949,0.671852923392407,3.44475544445336,18.3692276250245
Chad,2008,69.0677746090641,-0.463468027675191,3.49922011538019,18.5468847123789
Chad,2009,64.8597511917067,-4.86874608942905,3.57296976276489,19.7181814380475
Chad,2010,63.7311691270791,9.80713115149598,3.46077094768596,21.8544482247032
Chad,2011,57.5437561870898,0.870883384911707,3.53020185416521,24.9696238126319
Chad,2012,54.3851887421013,5.29734255122003,3.51265481153462,24.9268683598444
Chad,2013,51.5308164549816,-0.767831669015877,3.5694788341769,23.9026222562092
Chad,2014,40.8116269859319,-1.51652756708047,3.56998697827762,29.4795971629017
Chad,2015,48.5114982079885,0.0674074942708955,3.18336105662872,22.8922387955511
Chad,2016,43.9580149331537,-7.0850619018951,3.13868697646131,18.3585890168831
Chad,2017,43.2900613852468,-4.81719581978666,3.30639583736028,18.5366518857505
Chad,2018,46.7384317860183,2.24768972082788,3.35956028710956,21.9262549263931
Chad,2019,46.6777247152768,2.04363651475524,3.21991132048391,24.2909930911624
Chad,2020,40.6428170621932,-3.51319644461273,3.18197036099619,22.7874455493419
Chad,2021,43.9465041015895,-3.10209208601812,3.44423869357111,19.9485528388339
Chad,2022,47.9883784319429,0.591759077197977,3.45668911084691,17.971522488907
Chad,2023,46.8951015094343,-0.668864501806979,4.57399213394625,19.3001907209327
Chad,2024,47.8679892951699,-0.831570679019237,4.94853027382671,26.7898570855335
Channel Islands,1991,,,0.822677561252511,
Channel Islands,1992,,,0.32110532016154,
Channel Islands,1993,,,0.173272581725528,
Channel Islands,1994,,,0.123385747713563,
Channel Islands,1995,,,0.057849249228729,
Channel Islands,1996,,,0.218698077621589,
Channel Islands,1997,,,0.444857971479324,
Channel Islands,1998,,,0.47216244923927,
Channel Islands,1999,,,0.440128401854177,
Channel Islands,2000,,,0.376103046296504,
Channel Islands,2001,,,0.498384652290452,
Channel Islands,2002,,,0.690255844571338,
Channel Islands,2003,,,0.717325515279559,
Channel Islands,2004,,,0.712216582260157,
Channel Islands,2005,,,0.712404500701567,
Channel Islands,2006,,,0.70801362983327,
Channel Islands,2007,,,0.707543263751395,
Channel Islands,2008,,,0.705129687243067,
Channel Islands,2009,,,0.702731939855193,
Channel Islands,2010,,-4.28117501896055,0.70224119137965,
Channel Islands,2011,,0.438026517384117,0.681691594926131,
Channel Islands,2012,,-6.37565059386247,0.662148684316799,
Channel Islands,2013,,-0.133468759749221,0.626273191358049,
Channel Islands,2014,,1.8297582773701,0.584896106024657,
Channel Islands,2015,,-0.0726855379298144,0.446380040967648,
Channel Islands,2016,,0.948076599842508,0.262115340226344,
Channel Islands,2017,,1.5363504960191,0.265690188653133,
Channel Islands,2018,,0.736021076194476,0.38266747377841,
Channel Islands,2019,,1.15023329351136,0.417438625700863,
Channel Islands,2020,,-9.22341035779262,0.359172843142478,
Channel Islands,2021,,9.60318203511517,0.30392604241618,
Channel Islands,2022,,5.0433512927915,0.283869921965387,
Channel Islands,2023,,3.42060523333167,0.284259058075622,
Channel Islands,2024,,,0.25906981677504,
Chile,1991,57.5075471638552,5.97914025557384,1.66290007957355,23.341676276014
Chile,1992,55.5417477003547,9.71844044949243,1.61244609996212,24.8635574680026
Chile,1993,52.9138530560271,5.03866265296217,1.55575470326431,27.7812912604082
Chile,1994,52.8076839539658,3.50625803516114,1.50594720365816,25.5343368834102
Chile,1995,54.6874835998853,7.66762918859645,1.46395387384967,27.5292622461532
Chile,1996,53.9207498943257,5.61243124571355,1.41256567140629,29.8812112607094
Chile,1997,54.0992981792892,5.96496367578787,1.33747554386278,29.8592656479706
Chile,1998,53.8361785153282,2.83546295262515,1.29984189219994,28.6186862846601
Chile,1999,54.6956098321562,-1.52035804686301,1.25802753178631,22.5504746913607
Chile,2000,58.7119230876973,3.72361873178446,1.19601925947085,23.7507555521354
Chile,2001,62.1447669687645,1.96875181903661,1.15569441781061,24.0912139068772
Chile,2002,62.4838519016295,2.06991885847773,1.10379186272101,24.1083878093603
Chile,2003,65.693419590905,3.63301530196716,1.04651515030085,23.3991354342023
Chile,2004,69.8893600532458,5.60291985486168,1.00938163923532,21.243227279331
Chile,2005,72.0625342380294,4.79182839139716,0.992481122862039,23.2677008692697
Chile,2006,73.7116350448521,5.01952135827457,0.976434392610197,22.1863203852459
Chile,2007,76.9770247140928,4.14386212927862,0.978803488234499,22.34802267387
Chile,2008,80.6766262406468,2.75755699285021,0.999137869915681,28.8969424712342
Chile,2009,66.6860309631418,-2.11061042692428,1.00886800592722,22.920007922655
Chile,2010,69.7176801370338,4.79363748014636,1.00455362363927,24.775467656778
Chile,2011,72.4816428077334,5.18104033334399,0.986604121119825,26.6462967159419
Chile,2012,68.156142891334,5.14158431251035,0.959562935237505,28.7913494665394
Chile,2013,65.1432879523879,2.32789256098182,0.95374468290385,27.4969587973855
Chile,2014,65.6346281218887,0.783002086375433,0.996818460180589,25.1580934170755
Chile,2015,59.3491104775309,1.11370445947465,1.0215666887643,25.5994379460368
Chile,2016,56.0578610877723,0.52983351729867,1.2094154366484,23.7087902931288
Chile,2017,56.0261589675707,-0.235110167425177,1.58394825779579,22.6366699629063
Chile,2018,58.177050633437,2.14988195463914,1.78538584857741,24.203078424347
Chile,2019,57.6117545680829,-0.962096016030856,1.59911795256016,24.9390098912825
Chile,2020,58.1828635629748,-6.98113061984451,0.896491953505063,21.0582071011998
Chile,2021,64.8774063237834,10.824550522267,0.441498091207504,24.1061176490995
Chile,2022,75.2016177425303,1.64877813218645,0.495789591494285,25.7984190064455
Chile,2023,60.7247236874408,-0.0196132258928543,0.53962870957127,23.3620550113744
Chile,2024,63.859857248066,2.09415451485827,0.537425495656651,23.2396642941548
China,1991,25.8729814947102,7.87966755592007,1.36443400840349,35.5377442696039
China,1992,30.0340940533808,12.9073763491845,1.2255362283362,39.3081668840399
China,1993,35.9086416582146,12.626827003835,1.14961943083465,43.4763551900211
China,1994,35.605463524878,11.8018881692803,1.13026063215591,40.2783746945492
China,1995,34.1049521589323,9.83296054402696,1.08650915088974,39.092189056179
China,1996,33.6287512313005,8.82951365878655,1.04814151412165,37.7768637845413
China,1997,34.3135763220021,8.17484627382208,1.02345002419879,35.7413524462449
China,1998,32.1717399357488,6.89019016050649,0.959550406298151,34.9859486932226
China,1999,33.2255380760054,6.80818759993021,0.865851392993279,34.2336141056633
China,2000,39.0109424774998,7.73418016479314,0.787956592953992,33.6326827140045
China,2001,38.0826469518334,7.52872737128337,0.726380637838525,35.523858010134
China,2002,42.1944423387413,8.51390950160066,0.669999567758626,36.0687816828708
China,2003,51.0774801301803,9.4344412783923,0.622860936133583,39.4280130265115
China,2004,58.6403340408439,9.47923943183717,0.593932815112141,41.6343741627493
China,2005,61.3600749408237,10.8046485485004,0.588124989556992,40.178086700104
China,2006,63.5695798621627,12.0472818925694,0.558374367373002,39.6897003482818
China,2007,61.2664640006176,13.5553663508412,0.522271866392275,40.2220879226288
China,2008,56.7111330003209,9.10974706584638,0.51238693163744,41.9607249432501
China,2009,44.4197644331119,8.85990205362064,0.497381400884935,44.9282638913962
China,2010,49.8540722338977,10.0634243207535,0.482959688678361,46.1023443345586
China,2011,49.9458272253643,8.86480747550642,0.546457594880274,46.2703012824496
China,2012,47.4802130784317,7.12701272347094,0.678345458846803,45.8169211701107
China,2013,45.9160413795571,7.06322465705706,0.666072977690069,45.9224093546636
China,2014,44.0684564812532,6.78666987945924,0.630326389541893,45.3115352657107
China,2015,38.6971848362625,6.35855026398104,0.581456146657648,42.7349872564364
China,2016,36.177170692978,6.16542718232793,0.573050906069647,42.1386166189127
China,2017,36.95085261586,6.24626618729064,0.605245013482969,42.5497375507577
China,2018,36.8943843914718,6.25861232477357,0.467672053461959,43.313827489682
China,2019,35.1994202738836,5.6929006014863,0.354740890170827,42.6695374085222
China,2020,34.0389507864581,2.09686667315867,0.238040870229883,42.5723735094229
China,2021,36.5206911762676,8.47322717245602,0.0892522000412526,42.6822612949312
China,2022,37.440719876366,3.14769982133814,-0.0130995013525784,42.3554333470499
China,2023,36.1051923691138,5.52431494678926,-0.103794531589067,41.1297102455381
China,2024,37.1984201388065,5.10662482837367,-0.123063407363995,40.6111616668625
Colombia,1991,33.5299180947153,-0.0271315908869099,2.00897406347511,19.1054638472664
Colombia,1992,33.6115913436524,2.00413314386418,1.98094862084333,20.5545014602291
Colombia,1993,36.1774714449627,3.30195850247352,1.99678655879278,24.9421331103752
Colombia,1994,35.917537450138,3.74840675934975,1.97202887200902,25.5384467490805
Colombia,1995,35.4972303177666,3.21251345205344,1.9096370992151,25.7987433287578
Colombia,1996,36.0441071863282,0.213941191632387,1.82129460113512,22.1509386589832
Colombia,1997,35.5970680886793,1.59578906492865,1.78958066993845,20.9237506240474
Colombia,1998,35.9089230535138,-1.21587529995685,1.79149449060697,19.7280791808155
Colombia,1999,36.1492793141794,-5.85488076514964,1.73833578882204,12.8801341708134
Colombia,2000,32.6670854693067,1.25270223212341,1.63798274950516,14.8956270290748
Colombia,2001,33.9011117949445,0.0920725777672828,1.57194688390217,16.0322513515548
Colombia,2002,32.9826392144234,0.939608606713477,1.53792282248162,17.2515418448331
Colombia,2003,36.51618351723,2.36282939630979,1.5081090586904,18.6818190163212
Colombia,2004,35.8634269337995,3.79715867736165,1.46883725533231,19.4409966142669
Colombia,2005,37.422697494955,3.37111077766936,1.4002642115634,21.6562413080915
Colombia,2006,39.6413559606293,5.31174394421016,1.32542990992624,22.9389629039528
Colombia,2007,37.0988970982903,5.39446786231066,1.26689099629201,23.4542806868515
Colombia,2008,39.1676494164355,2.04799051810861,1.20339154806457,23.7209214485662
Colombia,2009,35.1561285074585,-0.0317051022677077,1.16491370094378,21.9875830884376
Colombia,2010,34.2646031687681,3.31434936742798,1.13596836363633,21.8887622688674
Colombia,2011,39.4704235545367,5.80823503363762,1.07133727666266,22.9955914400596
Colombia,2012,38.835151018669,2.87569627540904,1.00290782655336,22.1046440622529
Colombia,2013,37.9866487978457,4.14129387844136,0.948709328751527,22.1825448506007
Colombia,2014,37.4874656411103,3.5703066542077,0.892711563926366,24.0033136584861
Colombia,2015,38.3607641184453,2.06923227113727,0.864942376762699,23.7736922946916
Colombia,2016,36.202652984202,1.08114925712198,0.990548549326914,23.1674195572494
Colombia,2017,35.2829149424588,-0.101221554133033,1.45147726169193,21.5993768407696
Colombia,2018,36.5347527968973,0.695264947238812,1.83913784861099,21.1954755611258
Colombia,2019,37.558533980839,1.36014067984289,1.78615507724394,21.3806095458027
Colombia,2020,34.0555709680101,-8.50949477621059,1.43632167326968,19.1281469366662
Colombia,2021,40.0591463936128,9.5929782838861,1.09642825395961,18.9169518896828
Colombia,2022,48.2826551123359,6.18779953705864,1.06829295530618,19.7872446007318
Colombia,2023,40.3881324933957,-0.410230298426796,1.12092864340999,16.4396849097732
Colombia,2024,37.0254687077888,0.512522429942436,1.07447920962035,16.8220284603038
Comoros,1991,35.75721110708,-8.42445752716004,2.43526463269378,18.0423764478935
Comoros,1992,35.757355539978,5.15205555476597,2.07617358522542,18.0423355920762
Comoros,1993,35.7569519162497,0.69224429706334,1.82558236566461,18.0423449084394
Comoros,1994,35.7572794061551,-5.67123709606638,1.77024659975985,18.042342040617
Comoros,1995,35.7572385369768,3.81904316440117,1.73619184593212,18.0422894761898
Comoros,1996,35.7578150774993,-2.20890470843038,1.72199066913724,18.04236157044
Comoros,1997,35.7570438604224,2.62767770668948,1.72218731995402,18.042298422133
Comoros,1998,35.7572500543394,-1.68271371705167,1.72206986217565,18.042276603012
Comoros,1999,35.7571570476989,0.88368341102192,1.78213857663893,18.0422763531768
Comoros,2000,35.7574785306267,-2.88945143643761,1.91989444545768,18.0422951907498
Comoros,2001,35.7572288509346,3.27352621774114,2.05675116831034,18.0423401335293
Comoros,2002,35.7571190335913,2.40756578317429,2.11608023442771,18.0423117261602
Comoros,2003,35.7569591176854,-0.011062920777249,1.92701943618421,18.0423216260422
Comoros,2004,35.7570631253248,1.16411909687749,1.89592485384757,18.0423340046778
Comoros,2005,35.7574093238258,3.53060047143931,2.04084019817184,18.0423131684956
Comoros,2006,35.7572745739842,-3.71626145355258,2.0170547631074,18.042325784844
Comoros,2007,33.1561792127495,-1.18558697748325,1.99305922756432,16.8874091034811
Comoros,2008,36.2185263542809,1.91937430669343,1.98685114604965,19.2488768740532
Comoros,2009,37.8969223253542,1.20778430816443,1.98865318234701,17.990680545639
Comoros,2010,39.5501058029898,1.73524239121446,1.98790768401212,18.1749508973221
Comoros,2011,40.00094857244,2.08269275960269,1.99871797531046,16.0214526432815
Comoros,2012,40.8104424089423,1.11385857437342,2.01149862727803,16.1515733552023
Comoros,2013,39.2433304149929,2.28108217474703,2.11384957294193,16.3561844068715
Comoros,2014,39.2358244169194,-0.0905881667515871,2.17541496047092,15.2029658478834
Comoros,2015,37.8049520714563,-0.965303682858504,2.11093338446849,13.6380402758518
Comoros,2016,37.1328797158337,1.22276485365785,2.05111578193354,12.5606730066488
Comoros,2017,40.164358921352,1.76756640070596,1.99257798738542,13.4334433748138
Comoros,2018,42.9961533369453,1.63835635175063,1.95274153616222,14.868092932593
Comoros,2019,42.2680785372908,-0.178316983862871,1.92385702700328,12.7348062523346
Comoros,2020,33.7299346029218,-2.13464959719172,1.96199379762606,11.8017625207878
Comoros,2021,42.0677236368446,0.00413128531081952,1.97631988078353,13.5021643817496
Comoros,2022,50.3887704814699,0.633328895842794,1.93837687010445,13.3347943010824
Comoros,2023,45.6837789196272,1.03326243771184,1.92327433672711,13.0144879484644
Comoros,2024,44.3731767499027,1.40149842299931,1.89182789744612,11.7339416915408
"Congo, Dem. Rep.",1991,,-11.4194977980426,3.32896574554935,0.0
"Congo, Dem. Rep.",1992,,-13.4729897751751,3.37819074562411,
"Congo, Dem. Rep.",1993,,-16.5071139550223,3.57407160295395,
"Congo, Dem. Rep.",1994,42.5167224681773,-8.34247342983156,4.73302553589306,7.54464240751745
"Congo, Dem. Rep.",1995,52.2085314177979,-3.39481121542804,4.15133342018812,9.37360155268959
"Congo, Dem. Rep.",1996,60.3162567434145,-2.90765166387062,1.92231853470865,27.8518170091084
"Congo, Dem. Rep.",1997,33.750000421875,-7.12163669713082,1.60697628662433,2.50000003125
"Congo, Dem. Rep.",1998,62.6793067265869,-4.26088113381202,2.7168325472246,2.10000002102123
"Congo, Dem. Rep.",1999,41.1776608191529,-7.43165883288131,3.35830626776397,3.06901067065956
"Congo, Dem. Rep.",2000,27.0144029227569,-9.84965913371938,3.20780748301006,14.4334963339406
"Congo, Dem. Rep.",2001,25.0419375138391,-5.1521414670669,3.1670663452371,6.70414075173646
"Congo, Dem. Rep.",2002,29.3168456429821,-0.150938085596692,3.05620605844951,7.43579108293426
"Congo, Dem. Rep.",2003,54.0313561776419,2.53825002902359,2.92124332432638,9.52455484338981
"Congo, Dem. Rep.",2004,49.3364146254994,3.64120168828556,2.94457864295254,12.2569205489908
"Congo, Dem. Rep.",2005,51.0276749145565,2.92453150481739,3.07172770424984,17.1365592567105
"Congo, Dem. Rep.",2006,44.7667089929736,1.91803613632446,3.08284543640824,17.4216172639662
"Congo, Dem. Rep.",2007,72.9983031777719,5.29572569310682,3.02531584938763,15.8599755149209
"Congo, Dem. Rep.",2008,72.9527093196566,4.21104272850354,3.01581282864875,19.1942664559253
"Congo, Dem. Rep.",2009,63.0860045505312,-2.49542488145794,3.09097719189927,18.3539612035209
"Congo, Dem. Rep.",2010,80.9975153909582,4.45970291691562,3.18751592835336,24.0289275977627
"Congo, Dem. Rep.",2011,83.4133637998303,4.1213329035411,3.28016564590395,25.2869778606739
"Congo, Dem. Rep.",2012,66.7056747465748,5.10047276850003,3.33860489598034,26.1121884425366
"Congo, Dem. Rep.",2013,72.5557545139014,5.95809677482721,3.40170849300578,28.101667729394
"Congo, Dem. Rep.",2014,74.1131729382021,3.72497982298587,3.39069033335839,31.9941439501849
"Congo, Dem. Rep.",2015,57.7539236163245,2.90483865777841,3.3022434270539,28.2489760430453
"Congo, Dem. Rep.",2016,68.0083342860132,-3.09891686152069,3.54100823238224,25.730139110082
"Congo, Dem. Rep.",2017,65.9184525277578,0.498126250776636,3.65684620577994,27.5611277266771
"Congo, Dem. Rep.",2018,72.5591739081336,2.57995294310305,3.34726508426912,28.6743449237541
"Congo, Dem. Rep.",2019,60.9143523742792,-2.58176822938702,3.1695285579572,22.3026244777218
"Congo, Dem. Rep.",2020,61.0284707727916,-2.41880983949436,3.22098049233111,21.848825739462
"Congo, Dem. Rep.",2021,75.3870523860732,3.03871005349485,3.23790848096045,32.5613117581078
"Congo, Dem. Rep.",2022,85.8221691879958,5.84381468903847,3.2234019442495,36.6858404848256
"Congo, Dem. Rep.",2023,86.7400581798289,5.05273224713814,3.25963514299902,34.0781273164972
"Congo, Dem. Rep.",2024,100.554088317275,2.74070877266892,3.24257627586721,32.5446486830452
"Congo, Rep.",1991,69.6845429946663,-0.475490065299297,2.84375270288645,20.5281644334591
"Congo, Rep.",1992,57.1407058861412,-0.248600824528538,2.82732962442827,21.5996908809892
"Congo, Rep.",1993,74.1761942770688,-3.86655032881671,2.95877222797506,29.4961189317195
"Congo, Rep.",1994,132.736248422167,-8.25141208282898,2.96210080829983,54.486135428967
"Congo, Rep.",1995,128.312504260557,1.09899574840317,2.81495847083628,36.5726424919523
"Congo, Rep.",1996,128.407663306917,1.43771518416713,2.77351309990398,32.7904131722705
"Congo, Rep.",1997,135.758179538246,-2.72655328399637,2.13764124883637,22.2333849671756
"Congo, Rep.",1998,148.901662464134,1.48155360506634,2.19871345259958,26.6843752717155
"Congo, Rep.",1999,131.394190298765,-5.17796321884211,2.70071143354333,27.7720278755261
"Congo, Rep.",2000,123.909884405671,3.53179165255042,3.83186610159414,22.6259541984733
"Congo, Rep.",2001,130.732481081873,-0.041524211389671,3.77361792459761,26.356637211346
"Congo, Rep.",2002,135.45607107226,2.1400863574699,2.36249435317099,23.4075965604067
"Congo, Rep.",2003,156.861777335368,-1.96564823937744,2.79519896193446,26.0903241706861
"Congo, Rep.",2004,131.368198717322,-0.000136349476449027,3.41769832826944,22.5203408420881
"Congo, Rep.",2005,119.552892262402,3.9415931821321,3.60380377830421,25.9379984821473
"Congo, Rep.",2006,125.600762974491,4.01799119733973,3.74399199815897,28.2834567847369
"Congo, Rep.",2007,148.586625395069,-9.96945133776909,3.65924543843284,61.0536960552352
"Congo, Rep.",2008,133.108486659608,2.86698415150693,3.28885266905607,42.0714121709361
"Congo, Rep.",2009,135.552365681975,7.26428280496805,3.99594017742806,54.295110833528
"Congo, Rep.",2010,124.064754399607,5.47046970435608,4.14243050486562,47.1901706659231
"Congo, Rep.",2011,124.591742710141,-1.06295910259951,3.25058981932031,36.8419012310002
"Congo, Rep.",2012,97.444435145443,6.91517273107118,2.79640825415116,43.8168282700271
"Congo, Rep.",2013,93.0028633915235,-3.09694323656935,2.43092781986762,47.0644823800022
"Congo, Rep.",2014,104.197620103417,4.1002792779107,2.41608932821437,52.8446172450901
"Congo, Rep.",2015,117.320721558581,-1.98214587471384,2.41638740919909,76.7823246780685
"Congo, Rep.",2016,122.259818284021,-10.8700508595295,2.42169941927317,71.266855758205
"Congo, Rep.",2017,94.6170952583422,-7.86139425991523,2.43024073423953,45.8944862253605
"Congo, Rep.",2018,100.583216779714,-4.6581397485937,2.43884022378671,29.5270088622039
"Congo, Rep.",2019,91.5757547930374,-1.27988440285151,2.40634419722279,25.9000965433665
"Congo, Rep.",2020,69.3066247188397,-8.48578578986992,2.39477691216791,23.7315670324983
"Congo, Rep.",2021,85.5462031552188,-1.37465389510481,2.39414288318435,21.9769014632722
"Congo, Rep.",2022,98.1613366922001,-0.927744025174505,2.39665300284304,20.9792068255243
"Congo, Rep.",2023,96.2103944039618,-0.528875412706213,2.41919038084212,25.2109559920067
"Congo, Rep.",2024,93.1881220839752,0.148777085583603,2.39829082784283,26.8446298603412
Costa Rica,1991,71.4396757036532,-0.304259137596418,2.5450931455096,18.4018684180591
Costa Rica,1992,76.0962354814708,6.47188909841982,2.53101725222341,20.4335201018738
Costa Rica,1993,79.3523368268699,4.4518785245649,2.50102787685133,21.0288008483041
Costa Rica,1994,77.9973079960212,1.98449368105796,2.45483655616742,20.7707559088756
Costa Rica,1995,79.7743745489399,1.67753988339345,2.40636903822296,19.5418396212549
Costa Rica,1996,84.0571640061047,-0.997395703484344,2.34382507825926,17.7504799592427
Costa Rica,1997,87.6131980978704,3.11977762053399,2.25938084660032,20.0544180745753
Costa Rica,1998,92.0380212366186,4.85724857204252,2.16793763840442,22.6617794576162
Costa Rica,1999,87.5386137677373,2.0759808874472,2.07368143393479,21.0797980565977
Costa Rica,2000,86.5249235130705,1.87355738973982,1.93953648052985,20.6866903035723
Costa Rica,2001,80.852758718109,1.65293176701229,1.79219125961783,20.1154891211379
Costa Rica,2002,80.4139443360039,1.72295991851902,1.65151245454059,19.8863193754647
Costa Rica,2003,83.3277075355642,2.72728694399899,1.53582870223889,18.9650510388737
Costa Rica,2004,85.2564771965872,2.90067518188641,1.47010716590985,18.9299706136343
Costa Rica,2005,89.2226638923224,2.48427897192691,1.44571011925289,18.9641457289161
Costa Rica,2006,89.8145546136931,5.83402547469416,1.40053416057494,21.0856415119869
Costa Rica,2007,86.4565958439349,6.75979498090572,1.35398044462869,23.2867682663601
Costa Rica,2008,86.4015127113254,3.32734114862421,1.35616451871952,24.6107400918404
Costa Rica,2009,69.7593177251535,-2.18936686159658,1.33639622760454,18.4529135968439
Costa Rica,2010,67.512089684107,4.06134325895124,1.24057536472066,19.8339185211217
Costa Rica,2011,68.6391465074016,3.18309278796906,1.17549258554055,20.0481795975156
Costa Rica,2012,67.0485392950976,3.66596860469166,1.16676672488044,19.8541955079701
Costa Rica,2013,64.0664105879442,1.36003489549176,1.11328546681261,19.5904601620008
Costa Rica,2014,65.1912420532368,2.43499498820891,1.07499865275958,19.2231532892007
Costa Rica,2015,60.753561939521,2.55664330007954,1.06246520512643,18.8537264424501
Costa Rica,2016,62.1784781768295,3.1560705780562,1.01105286688192,18.888940977993
Costa Rica,2017,65.0719537438815,3.17871970343413,0.944345948457895,18.0648742424157
Costa Rica,2018,66.945342016636,1.69193410358987,0.904494518403601,18.3698605660091
Costa Rica,2019,65.7605300176622,1.56255641347028,0.838278384859255,16.0640851994464
Costa Rica,2020,60.1398862509533,-4.93444227198336,0.6929953994471,16.1630546690345
Costa Rica,2021,70.7816423027085,7.38823226408623,0.508564932290693,18.5817848852788
Costa Rica,2022,82.2275325353143,4.10345495842361,0.429453043658398,17.6973336496207
Costa Rica,2023,72.4719990801769,4.6227538695518,0.46646444898736,15.2565937229937
Costa Rica,2024,71.3310137687617,3.82533390959907,0.476482848761595,15.669024509728
Cote d'Ivoire,1991,56.9978213142969,-3.85610474106537,3.97333758123589,7.35800116106434
Cote d'Ivoire,1992,60.0250653360901,-4.14732494866662,3.99092066742327,6.92388460182044
Cote d'Ivoire,1993,55.3485218490843,-4.08453429777113,3.97762421552749,9.79307108436347
Cote d'Ivoire,1994,69.8366580166987,-3.07844096219641,3.93475451975512,13.7157180662276
Cote d'Ivoire,1995,76.202343905242,3.02718524731407,3.90104410052876,15.5984458141094
Cote d'Ivoire,1996,52.8042944211567,3.63603752351062,3.87367317960594,13.0192531132058
Cote d'Ivoire,1997,54.0062903380367,5.51590083803082,3.84212357223658,16.5285766916775
Cote d'Ivoire,1998,53.6538337944761,0.404815446696844,3.7715073412938,20.2721403299213
Cote d'Ivoire,1999,55.8935626908747,-2.07680883648156,3.25878249601035,14.6266918422589
Cote d'Ivoire,2000,54.9639916295152,-2.98789209303686,2.76729583954346,15.8924072733403
Cote d'Ivoire,2001,53.1141047180447,-4.73706957562547,2.67539291726228,14.2203409229788
Cote d'Ivoire,2002,55.9019482275388,-5.21173930372343,2.58396350857445,12.0234754844887
Cote d'Ivoire,2003,53.260060681877,-7.07101837658274,2.49227881118865,13.9684419032966
Cote d'Ivoire,2004,58.1182963035946,0.712925866714116,2.42497124712807,14.7182926366705
Cote d'Ivoire,2005,62.8209360402806,-1.38664840401142,2.38748971138117,13.8421414471747
Cote d'Ivoire,2006,63.690377061452,0.421959618326611,2.35559796287643,14.1808271176765
Cote d'Ivoire,2007,61.4309423484426,-1.22415870474471,2.3271214491968,13.7262735107761
Cote d'Ivoire,2008,61.9406212969499,2.42600024388695,2.27477682329573,18.1800206859596
Cote d'Ivoire,2009,66.6729037469185,1.32618518113594,2.22245214914258,14.7435495856944
Cote d'Ivoire,2010,67.472940081257,4.5193074547668,2.20359114199838,21.6810545298756
Cote d'Ivoire,2011,64.7159030611345,-7.40424970030114,2.17265768049368,16.5937189121478
Cote d'Ivoire,2012,70.3010893191249,5.39583595248281,2.08872019159152,20.4508171031026
Cote d'Ivoire,2013,58.3526792527234,8.5732243032672,1.99427988380631,22.9098013286147
Cote d'Ivoire,2014,53.6804175610344,6.75169825092141,2.42493545476417,22.6204558252908
Cote d'Ivoire,2015,52.7153604615931,4.14232947521536,2.88906178023194,23.3881494701744
Cote d'Ivoire,2016,47.5663138935656,4.10858359182184,2.90076810314127,23.1954091913848
Cote d'Ivoire,2017,48.6596050387177,4.42161228468103,2.82237176165589,20.8188163794498
Cote d'Ivoire,2018,46.040028237159,2.05334874793748,2.69696827034562,22.2527904990641
Cote d'Ivoire,2019,44.6604105830795,3.96244737490909,2.61916841176218,21.9899384954404
Cote d'Ivoire,2020,41.9426318190526,-1.81621061689408,2.53019803537112,21.7428934104601
Cote d'Ivoire,2021,45.1140327762435,4.44709198559022,2.47398737434864,23.5753170688856
Cote d'Ivoire,2022,52.8663910413483,3.75602084648943,2.51622934953513,27.4853115364793
Cote d'Ivoire,2023,48.8170039103332,3.96403768538988,2.50384681190665,24.5444478808032
Cote d'Ivoire,2024,51.2640379409119,3.4679130572198,2.43618201263834,20.8700396792272
Croatia,1991,,-19.6019000057714,-1.86657353088556,
Croatia,1992,,-9.52911083766807,-2.44385513691215,
Croatia,1993,,-8.51829523360919,0.537147004460399,
Croatia,1994,,4.69705259764521,1.11454431106051,
Croatia,1995,62.8042653485871,7.48996946702142,-0.690119513541903,16.1897993178672
Croatia,1996,67.0542505897715,7.57433401029368,-1.37154005901268,19.4836956633161
Croatia,1997,74.8841744957651,6.68718107911175,-0.487835515074698,24.6498558571334
Croatia,1998,64.98432965861,2.31451163762773,-0.061431194309139,20.9269069316169
Croatia,1999,66.2637743741722,-0.419403223611098,-0.432031162225091,20.4043566887093
Croatia,2000,74.6016854703406,3.96576608623806,-0.986434858645568,19.3210721914251
Croatia,2001,79.4405856034588,7.15592999825914,-3.8476707266781,20.4985593433834
Croatia,2002,81.1609977960211,5.74105880477116,0.0588712912047699,23.7617444126118
Croatia,2003,81.4432514353208,5.53832187154435,0.0284699231131846,27.230932378267
Croatia,2004,81.6444126603338,4.14142093178604,0.0279042785156658,26.0246826364727
Croatia,2005,81.4923355714118,4.19285967819518,0.128732789322745,26.0793630070838
Croatia,2006,83.5170835916925,5.04436508593906,0.0235231237565747,28.0924243309086
Croatia,2007,83.262210381268,5.07223492239181,-0.0218526602655707,28.1527506110719
Croatia,2008,82.0790791060076,1.9849846109197,-0.0118794578559279,29.5493180054689
Croatia,2009,69.7015578897439,-6.71438804670143,-0.10502751669287,24.3749259622733
Croatia,2010,72.6467039932668,-1.11200189628147,-0.226821270818422,20.3670619597928
Croatia,2011,77.783952809242,0.234570646490468,-0.345264228485821,19.0003929954279
Croatia,2012,79.0075493058138,-1.77266552955663,-0.474278461071106,18.0242997806016
Croatia,2013,80.9188132002026,0.490141287616666,-0.622679127955842,18.7245951617912
Croatia,2014,85.2166241319216,0.207342945184919,-0.766382113019195,18.058510522236
Croatia,2015,90.6522705485118,3.54911571283303,-1.19410185876662,19.4788535135042
Croatia,2016,92.1392009356077,4.59659233874163,-1.08634598144505,19.8968461847519
Croatia,2017,97.2445256540374,4.95688757968964,-1.60675520461679,20.8394179953997
Croatia,2018,99.0848546362534,4.26899051902303,-1.31087324504252,22.4897435588565
Croatia,2019,101.394766564216,4.12969919836404,-0.992302961069294,21.9665426156852
Croatia,2020,89.5480523143212,-7.48668905832953,-0.894863743984583,23.5443662718786
Croatia,2021,102.328697150799,13.6550314478241,-0.904000889163613,21.7930527803339
Croatia,2022,125.410877974694,7.94395699321689,-0.603521952188318,26.2279615263249
Croatia,2023,107.278314008304,3.65290188342374,0.104856226330186,24.665931641659
Croatia,2024,104.912326073253,3.65195341396083,0.168627948783285,24.409099144064
Cuba,1991,50.9961165399692,-11.4079878056485,0.804156611215522,13.9954824284752
Cuba,1992,35.1468673383887,-12.1393705305651,0.633956474992599,6.54495917471368
Cuba,1993,28.9158301790178,-15.3118366893073,0.510755528742472,6.39438192725822
Cuba,1994,27.775896647282,0.300685045533882,0.41413869035025,5.24213085101504
Cuba,1995,29.3084176228486,2.08826431237451,0.360738635076928,7.01427497815333
Cuba,1996,32.6253336147218,7.47822503827842,0.334878342165694,15.8969556218756
Cuba,1997,32.7541989320698,2.44769000630836,0.327177811070877,14.9539294435905
Cuba,1998,32.5046329835855,-0.174678072264157,0.333850361499209,13.2031250825681
Cuba,1999,31.8689322462587,5.8289371168088,0.339423118944191,11.8570267084039
Cuba,2000,31.0759878817225,5.56315407850497,0.332523063476085,12.5033534650291
Cuba,2001,29.3610963815873,2.86074719657753,0.314767893063089,11.4647248945787
Cuba,2002,24.7293133475239,1.12278132692103,0.298241158634859,9.19635015852696
Cuba,2003,26.5871335777077,3.49676185017218,0.28557024938914,8.50361547803416
Cuba,2004,31.3114153338743,5.49410195800384,0.261696675732895,8.80061775253252
Cuba,2005,39.3613744331974,10.9666851161532,0.211525541164423,10.774593517397
Cuba,2006,37.1880142882062,11.9069237505458,0.141927411231616,11.7286150905906
Cuba,2007,37.9676096642032,7.17925242550075,0.0773027495682228,10.1839638658861
Cuba,2008,44.917220748508,4.07542754472641,0.0397714096996831,14.8446789230721
Cuba,2009,32.9139819587629,1.42474509664487,0.0261838045235437,10.9375
Cuba,2010,40.2919413008332,2.36597236588088,0.023813604568028,10.0733739584629
Cuba,2011,46.9604290476881,2.76444210196216,0.0368335212213653,8.47079286853167
Cuba,2012,45.8662036340766,3.00028175038565,0.0141917100302061,8.57521773013768
Cuba,2013,44.3238969253902,2.79314623294214,-0.0443159532912746,9.39363301705812
Cuba,2014,39.2741528539069,1.15852883229009,-0.109741702698894,7.6113275995244
Cuba,2015,31.6138124793419,4.53753785531039,-0.0949432805207596,9.38923115061148
Cuba,2016,27.2691132420785,0.597183645134152,-0.0838750367097098,9.56020685555022
Cuba,2017,26.2224363787618,1.97075471516408,-0.157976772172404,10.2982486239326
Cuba,2018,27.0835484486147,2.43656837458022,-0.1843030451865,12.0335788664448
Cuba,2019,22.8208911354416,0.0532186639248664,-0.216424863402489,11.494997466827
Cuba,2020,15.6829868097474,-10.7383538682124,-0.236755669324081,9.87499068484984
Cuba,2021,80.0237703083904,1.74778827156759,-0.486006262271645,23.8110260482963
Cuba,2022,93.8607755890525,2.34839091134221,-0.562151275082133,18.2946265398607
Cuba,2023,120.533878427187,-1.5743835905819,-0.361317873522215,21.4185705757855
Cuba,2024,124.863238865053,-0.699961142159495,-0.364986968189241,24.2142342206136
Curacao,1991,,,-0.688056323323484,
Curacao,1992,,,-0.340600020579915,
Curacao,1993,,,0.268553408849753,
Curacao,1994,,,0.229122133675804,
Curacao,1995,,,0.351314684120746,
Curacao,1996,,,0.800841487823614,
Curacao,1997,,,0.443290344067027,
Curacao,1998,,,-1.70475050957122,
Curacao,1999,,,-3.55373781613171,
Curacao,2000,,,-4.07538613162288,
Curacao,2001,,3.00794601323111,-3.6617798581649,
Curacao,2002,,0.274293371213943,0.122361119924304,
Curacao,2003,,-1.75868169706047,2.06210246711066,
Curacao,2004,,-1.50534018302206,1.72502952808587,
Curacao,2005,134.911459782692,-1.85843997498654,2.55007380740239,
Curacao,2006,144.555511068893,-0.940961791444465,2.56811425717747,
Curacao,2007,146.049122473292,0.466173824147887,1.97486219793502,
Curacao,2008,166.739541731544,0.910342294763453,1.25822530732751,
Curacao,2009,144.702341659916,-1.17689651776027,0.65115206175087,
Curacao,2010,143.932211823816,-1.17626862745298,1.26551415533004,
Curacao,2011,172.923417836707,-0.909566558660117,1.42089766276671,37.775995386772
Curacao,2012,183.236460764441,-1.17256148626109,0.829929595036991,32.2011392306669
Curacao,2013,166.406148932184,-1.75580756838953,1.13367890654299,30.4838532898899
Curacao,2014,164.359817499142,-1.96746748586641,1.34764139563651,25.7891288931149
Curacao,2015,148.31381621544,-0.858779715385708,1.31959390251523,26.369741746426
Curacao,2016,139.052978198311,-2.1111613286577,1.06031644056836,28.6395276670698
Curacao,2017,139.812449178121,-1.591163940253,0.319536038312865,30.8959066259043
Curacao,2018,155.268858003963,-1.58863061888974,-0.525178744011738,41.067354917333
Curacao,2019,,-2.04109605237927,-1.19643951751799,
Curacao,2020,,-17.4108334756387,-1.25208156177086,
Curacao,2021,,5.2218404810947,-0.991508623687595,
Curacao,2022,,7.34318774336195,-0.408112025783182,
Curacao,2023,,3.30385791508765,0.865660085534404,
Curacao,2024,,4.14273655709235,0.845408275786684,
Cyprus,1991,104.179904915897,-1.83474308662072,1.33474335456999,25.8421500253731
Cyprus,1992,110.097007340814,6.52783779751871,1.41642910298543,28.6989594160607
Cyprus,1993,95.4163753507475,-1.70263122109378,1.91807881710741,24.0877025597726
Cyprus,1994,95.7761516051877,3.73220287690552,2.23065319444484,25.5156537748794
Cyprus,1995,134.390514064609,6.41553956973846,2.11187434623439,26.5338684333737
Cyprus,1996,140.848983444568,-0.352429769131803,2.01901883303889,24.2025436192963
Cyprus,1997,139.762976603986,1.19626199107205,1.94374848704265,24.0288125482553
Cyprus,1998,134.909736760687,4.81777679624574,1.87410706426377,19.0397138826455
Cyprus,1999,131.209333344294,3.82959819557441,1.80806341864318,19.8134523139147
Cyprus,2000,137.494903248556,4.84416050602792,1.74925863858297,20.4291577976899
Cyprus,2001,131.849067868114,2.83811951306716,1.72198539478757,17.7345535252016
Cyprus,2002,123.64133212338,2.54108667123634,1.77978522540643,20.2817486986233
Cyprus,2003,114.004632981485,1.38363254964506,1.83243139832695,19.49832670211
Cyprus,2004,113.903613489207,3.63073785684536,1.8127204878139,21.8649074462916
Cyprus,2005,111.917065271958,3.35375226035941,1.77957653069647,22.2094374377754
Cyprus,2006,109.806498040343,2.98125084368819,1.74760698284514,24.3137543872675
Cyprus,2007,111.275122844623,2.88426389868701,1.72029297747734,24.0710075269171
Cyprus,2008,112.925930874708,1.07674041142521,1.69266521990115,28.6449330178426
Cyprus,2009,102.7910918992,-4.61048255739776,1.66746501269811,22.5317717896077
Cyprus,2010,108.901699269523,-0.357614019094044,1.64898311615441,23.6867268786643
Cyprus,2011,110.617131287039,-2.1129375771815,1.6424698555703,18.5481211774998
Cyprus,2012,112.344273297273,-4.90738549673117,1.63540837414934,15.8177899862593
Cyprus,2013,120.926200639389,-6.48031760121023,1.57480485967812,12.5650583420074
Cyprus,2014,130.84436307939,-1.48883694697456,1.50114149056878,13.1877395604674
Cyprus,2015,137.276426477193,3.19512275980128,1.46213136863434,13.3226795380088
Cyprus,2016,139.022098457248,6.01835711404337,1.43370522557944,17.0541463112928
Cyprus,2017,148.013355558135,4.85340888107815,1.377808546931,20.3824581997576
Cyprus,2018,147.623567410054,5.05105337795295,1.30393306995205,18.9431273490169
Cyprus,2019,150.506169561162,4.46826562163456,1.24612155650882,19.4907459360244
Cyprus,2020,160.66871645997,-4.51403585865228,1.20329712567783,20.6447561187859
Cyprus,2021,176.82773681987,9.74651161533515,1.1499785451605,19.6456822415145
Cyprus,2022,205.753543745524,6.27933971497492,1.06174678712373,20.5950576006752
Cyprus,2023,190.740788408329,1.63941638797075,1.0167681770201,21.4725198606437
Cyprus,2024,190.40287092076,2.29692759392108,0.984449687113221,20.6775296375465
Czechia,1991,70.771227667197,-11.4025060254434,-0.240064841789636,22.2724066655312
Czechia,1992,77.9611310848888,-0.608213629619769,0.102241165106867,25.3890238994575
Czechia,1993,78.1977381830196,-0.0420531080889361,0.103947042476644,26.4647230849772
Czechia,1994,74.8030180799195,2.87214353749437,0.0361217655856125,29.7817050664405
Czechia,1995,82.9009990725253,6.28655461872729,-0.0613140627238111,33.8561860572745
Czechia,1996,80.59955795966,4.28988759442122,-0.11638129923463,35.8320529231384
Czechia,1997,84.1532306677233,-0.48866001797569,-0.107762749274352,32.6953430221502
Czechia,1998,83.9386523207327,-0.298733210762791,-0.0947447516571582,30.7431840522591
Czechia,1999,85.4571236396114,1.4819978336992,-0.102175934295454,29.7451345778523
Czechia,2000,97.4983956327874,4.3027395227283,-0.280414108078884,31.8350210442972
Czechia,2001,98.5368737300189,3.30462712952885,-0.375719704335905,32.0060318555442
Czechia,2002,90.8792715456582,1.7094695893478,-0.192901617564167,30.4816181826653
Czechia,2003,94.6468600665608,3.33040637361914,-0.028620590719166,29.5495865624593
Czechia,2004,113.173975970415,4.70446820099657,0.0304348483027166,29.8242716361965
Czechia,2005,121.191287316105,6.22798628216121,0.138325980046718,29.2856028582089
Czechia,2006,127.051015055016,6.33483268224242,0.270795629232185,30.0796940275085
Czechia,2007,129.876739504889,4.87504670244317,0.583542205385113,32.1072107272958
Czechia,2008,123.904809929948,1.76470872925512,0.829412602993033,30.9994095449633
Czechia,2009,113.049254784875,-5.33917399896316,0.569729451418061,26.3978882297703
Czechia,2010,126.756480116798,2.41582948883936,0.29136167418042,26.7312876523202
Czechia,2011,136.750855542438,1.56218619113156,0.206747667335417,26.6053370220652
Czechia,2012,145.480195396935,-0.909418387644408,0.139925655740972,25.6688421143623
Czechia,2013,145.502230624961,-0.0749629946207335,0.0331699460503076,24.3768606031502
Czechia,2014,156.415122826886,2.13762755318902,0.105277581527518,25.3494353917128
Czechia,2015,154.018400997633,4.75262406436026,0.196588748472653,26.9686249210792
Czechia,2016,148.547004664435,2.3840542545404,0.192048415842684,25.0750046974725
Czechia,2017,147.750834854762,4.8945501951199,0.265642663548985,25.0897410946251
Czechia,2018,145.141717890789,2.48698770067625,0.334427262299794,25.6426079021172
Czechia,2019,138.154609993871,3.15874802851988,0.393788864202175,26.171850655873
Czechia,2020,128.780430305965,-5.53491969820153,0.243222682211879,24.7302051809802
Czechia,2021,137.378116302868,5.93106968937249,-1.81187141002542,28.1285338444502
Czechia,2022,144.011494109397,1.24409473190281,1.5709725672011,31.0333010301464
Czechia,2023,131.892598295876,-1.71985869478267,1.78238907045946,28.2189210871769
Czechia,2024,131.484981069952,0.852606650391238,0.376553049157494,26.3044257488365
Denmark,1991,69.1684762769411,1.1952189616914,0.259518212115074,19.6001118620312
Denmark,1992,66.9797006123946,1.68600814422976,0.330671401713551,18.923380103226
Denmark,1993,65.643583372576,-0.411249992824509,0.333166395661953,17.3548958584816
Denmark,1994,67.8432179369762,4.93970794392429,0.337707376243322,18.7158365815896
Denmark,1995,68.5733146504851,2.50262818967406,0.520962181078711,20.6446400534927
Denmark,1996,68.5264824216641,2.31508116508303,0.565926341934592,20.0192738426291
Denmark,1997,71.2901759751981,2.74063896703012,0.415564969331455,22.0150354063714
Denmark,1998,71.345417498121,1.95536592147863,0.363162523600756,22.5996961616985
Denmark,1999,72.7288566436859,2.62716376228171,0.330886246186545,20.8350374028012
Denmark,2000,83.0420859548864,3.37790720232864,0.334233618829261,22.2944061771116
Denmark,2001,83.922664599029,0.588959728591007,0.358315678955486,21.7493884508849
Denmark,2002,84.4845925538271,0.13609648331196,0.319487125340996,21.256815503883
Denmark,2003,80.7613001763544,0.168251992521974,0.272010444031566,20.885998901756
Denmark,2004,82.0077308240144,2.51108744805822,0.258432282052875,21.6460819600503
Denmark,2005,89.3987952460671,2.07801485327876,0.275481733409308,22.1713094338111
Denmark,2006,97.4298607727841,3.47585987311464,0.328645158919929,24.2627515456151
Denmark,2007,100.047674594039,0.540321532272571,0.443466054321374,25.231367727118
Denmark,2008,104.470310168489,-1.00055940971312,0.587547590258978,24.0357328016323
Denmark,2009,89.3948566562728,-5.48158280998165,0.535079062079429,19.0326255602397
Denmark,2010,94.3877282319057,1.13266938250023,0.444197154509531,17.8221551141916
Denmark,2011,102.012930474308,0.894526404293345,0.411737855195019,18.9874945831856
Denmark,2012,104.362280505171,-0.380977125445526,0.376272242619955,19.2269717517509
Denmark,2013,103.612813249189,0.970845909690212,0.416901360752097,19.3525146403367
Denmark,2014,103.210859225139,0.765766155124069,0.507053283010163,20.1482030437865
Denmark,2015,105.130362453899,1.38566632188861,0.706423849687002,20.5435311718122
Denmark,2016,101.452783808643,2.27180151789635,0.780392644135167,21.680712423112
Denmark,2017,104.215676920442,2.39559065097636,0.643350903737356,21.9568242214893
Denmark,2018,108.813985501909,1.35619600199787,0.495838925879129,22.5323146804877
Denmark,2019,111.891475065653,1.34779245340653,0.358130915892652,21.8859998750194
Denmark,2020,104.433432671151,-2.06613837683189,0.291641177476633,22.7626532555055
Denmark,2021,112.321472697291,6.03966577353796,0.433414489409722,23.9587122773163
Denmark,2022,131.995824909071,-0.344058639271637,0.787502464739957,24.7772032902353
Denmark,2023,129.625337431278,-0.138322294600371,0.741185515720057,23.6446197797629
Denmark,2024,131.765030975207,2.95776259160623,0.503861198167737,23.2065036119904
Djibouti,1991,,,8.52204178299047,
Djibouti,1992,,,-0.808530681693408,
Djibouti,1993,,,-1.89724740533846,
Djibouti,1994,,,2.00900423413595,
Djibouti,1995,,,1.01034052435923,
Djibouti,1996,,,2.38402702915598,
Djibouti,1997,,,3.55583927718347,
Djibouti,1998,,,4.01682100112432,
Djibouti,1999,,,3.49382600154796,
Djibouti,2000,,,3.13983453232405,
Djibouti,2001,,,3.16034601005493,
Djibouti,2002,,,3.09696092483835,
Djibouti,2003,,,2.23054155487864,
Djibouti,2004,,,1.53756010632665,
Djibouti,2005,,,1.56648498246787,
Djibouti,2006,,,1.95849040506805,
Djibouti,2007,,,2.16896750475782,
Djibouti,2008,,,2.06043519210448,
Djibouti,2009,,,2.08325510197307,
Djibouti,2010,,,2.03332270229716,
Djibouti,2011,,,1.94884944824561,
Djibouti,2012,,,1.8993890613377,
Djibouti,2013,347.720317058403,,1.85261177020025,56.9079297902791
Djibouti,2014,298.564535821251,5.28018025983934,1.80056496059208,3.11518509884608
Djibouti,2015,268.363456254629,5.45836831293627,1.73961273409176,-3.94592435677103
Djibouti,2016,213.071998607921,5.33331529745931,1.68519891610854,21.9359401140492
Djibouti,2017,305.967966403468,3.73971530980459,1.64286125399062,21.6328079279849
Djibouti,2018,300.398900523844,3.10861540140996,1.60259372935612,2.78690075604472
Djibouti,2019,320.93923036418,3.91378440928256,1.55766086478885,2.28145969959191
Djibouti,2020,225.744871323723,-0.306867602824667,1.50228656339009,-0.248727784664231
Djibouti,2021,263.477728733891,2.91169899255628,1.44268944208775,-15.6784437711797
Djibouti,2022,302.285409231545,3.70080389886223,1.40352932560807,-10.5957415251433
Djibouti,2023,285.902043800644,5.33919577490653,1.38410272350128,-3.7352612180732
Djibouti,2024,241.237463098287,5.53622497099775,1.3592172957681,0.252268985586049
Dominica,1991,,1.83186797642074,-0.476523867679645,
Dominica,1992,,1.98673248763679,0.0418407029570831,
Dominica,1993,,2.00251375869615,0.155666731732821,
Dominica,1994,,-0.0288746186022735,0.0633503728623354,
Dominica,1995,,3.0427308230102,-0.0115152649357831,
Dominica,1996,,3.1918365192295,-0.0849660546943118,
Dominica,1997,,2.34930373458376,-0.16004732741785,
Dominica,1998,,4.0369538099694,-0.252848288556863,
Dominica,1999,,0.724194338825384,-0.368132363513844,
Dominica,2000,,2.8764856526242,-0.522635323904246,
Dominica,2001,,0.262506178015016,-0.326026063827631,
Dominica,2002,,-3.19940574714551,0.115619638945565,
Dominica,2003,,5.5517552208191,0.239594557194758,
Dominica,2004,,3.91890401306556,0.172036782480506,
Dominica,2005,,0.790489438557572,0.123741672326271,
Dominica,2006,,4.29152770069501,0.104696825035423,
Dominica,2007,,5.29519443966164,0.059570080147079,
Dominica,2008,,7.11042175462228,0.0101669559495206,
Dominica,2009,,-1.15010790521457,0.0145224299184914,
Dominica,2010,,-0.0983573113798997,-0.00726095133303796,
Dominica,2011,,-0.238324807305119,0.281339010328044,
Dominica,2012,,-0.2512858516139,0.094086320276983,
Dominica,2013,,-0.851878257402049,0.860031375499996,
Dominica,2014,,1.37836503321573,0.9394164226089,
Dominica,2015,,-3.42415928778391,0.0525631657968539,
Dominica,2016,,2.6190351438682,-1.14845280097172,
Dominica,2017,,-6.04609004192379,-1.60754211187345,
Dominica,2018,,3.45033107598908,-0.471208891199626,
Dominica,2019,,4.3983147374291,-0.432182012456847,
Dominica,2020,,-15.323436855213,-0.453294538586472,
Dominica,2021,,5.96160559948913,-0.550548598917183,
Dominica,2022,,11.0179611001056,-0.561078261856387,
Dominica,2023,,4.14467889969342,-0.473991407609536,
Dominica,2024,,2.52288551933697,-0.459632350460969,
Dominican Republic,1991,83.09106896203,-1.11194103186752,2.0578790631895,16.6480690176188
Dominican Republic,1992,80.4648015417106,9.03255738016968,2.00207035295166,18.7912677867218
Dominican Republic,1993,78.0028967722022,5.28712763371406,1.95588671013188,19.758137929436
Dominican Republic,1994,77.157908271893,0.644106083307577,1.91867451075805,21.0043956056779
Dominican Republic,1995,73.8979593803276,3.73796115811189,1.87366695978571,20.0495370317422
Dominican Republic,1996,72.6424908698332,4.05142622944865,1.81876652347671,20.0542675368915
Dominican Republic,1997,74.2332371692166,7.01862158352682,1.74230660119003,22.1014052569614
Dominican Republic,1998,75.9113027135939,4.95595590327112,1.65352423438546,28.0693783386682
Dominican Republic,1999,76.3027532814337,4.25234098357188,1.62144133588108,27.1127710844376
Dominican Republic,2000,79.3003930961432,2.96955695961634,1.62045560357101,27.8926622004107
Dominican Republic,2001,70.5105678080061,0.870183146599885,1.57295522360966,26.7706440741139
Dominican Republic,2002,68.7232829028777,2.9290209406912,1.50182779865574,26.9567556785451
Dominican Republic,2003,84.4495031861592,-2.75964568450404,1.43989527377933,19.4091627404806
Dominican Republic,2004,81.3514229381911,1.18538383413113,1.37429292476688,20.6273486504175
Dominican Republic,2005,61.6535587358027,8.00660714348427,1.31090240619311,24.7730711459319
Dominican Republic,2006,63.7664826351505,7.81376318948548,1.25120281923629,26.9268715003108
Dominican Republic,2007,61.229259153164,6.11794398001162,1.21803887479734,27.6334194585944
Dominican Republic,2008,61.4285058325394,2.00088270726057,1.23469232350419,29.8982115807869
Dominican Republic,2009,50.6509376792025,-0.268926599782176,1.26774062661765,23.3722106355299
Dominican Republic,2010,56.0573964175321,7.02231182986095,1.28013209833069,26.0714218346178
Dominican Republic,2011,59.0692578401698,1.89038252427819,1.26934108138221,24.6033236905519
Dominican Republic,2012,58.5062536731089,1.50210074555162,1.24691664021516,23.7525597160893
Dominican Republic,2013,56.8137658014945,3.66423400861591,1.21814094005704,22.1057612783667
Dominican Republic,2014,55.6601041506633,5.84760695663518,1.18674032060011,22.3946076084169
Dominican Republic,2015,52.3471238667007,5.76452490966611,1.14988204322301,22.6506907232187
Dominican Republic,2016,51.7306571245477,5.54040978660888,1.11122425240832,22.1728652705364
Dominican Republic,2017,50.7595355508472,2.80931921775627,1.08787494846018,21.1809206285418
Dominican Republic,2018,52.3351709577013,5.95314205477773,1.07428473724925,25.2022908220767
Dominican Republic,2019,50.912982200697,3.81572682273033,1.0333133463082,25.2348623794613
Dominican Republic,2020,44.7331613466756,-8.88467221699831,1.04334076460591,24.879515915457
Dominican Republic,2021,51.9500227303115,12.8319080410071,1.04082961778304,30.2749635460096
Dominican Republic,2022,54.3781976712844,4.2328919676722,0.959629735113671,30.6705570734763
Dominican Republic,2023,49.8436131764417,1.28564825764879,0.891159203732232,27.8145628515185
Dominican Republic,2024,51.7835143952326,4.06915239840208,0.846199988604412,26.9980468938553
Early-demographic dividend,1991,40.0068670006614,2.02504682256628,2.3142730758334,23.2333840735569
Early-demographic dividend,1992,40.5594006054269,1.85857842571831,2.2100748915407,23.6714678771917
Early-demographic dividend,1993,39.5674534383876,1.3508096013948,2.11881553481483,22.5175499570092
Early-demographic dividend,1994,40.5155618935711,1.30909250805044,1.99686218587644,22.8227254531818
Early-demographic dividend,1995,43.2929107222347,0.500427931496333,1.99779648249936,23.3196016157753
Early-demographic dividend,1996,44.4870397006958,3.53971338238608,2.07155647932099,22.9917493157502
Early-demographic dividend,1997,45.1864127518305,2.85447622744421,2.03652537671502,23.4200774960257
Early-demographic dividend,1998,47.3276469459269,0.396635590253197,1.96769974491601,23.5660226097091
Early-demographic dividend,1999,44.4768400695124,0.29009033856768,1.90971423496695,22.8802702353947
Early-demographic dividend,2000,48.7709965948359,2.42433145888799,1.87962415421671,21.9748699050642
Early-demographic dividend,2001,47.5958307124912,-0.65661745333675,1.85185364410834,22.0511094947122
Early-demographic dividend,2002,49.1012054577805,-0.047650326758145,1.76739371625407,22.4688054602883
Early-demographic dividend,2003,49.9539547086674,3.18531388893992,1.72195177952332,23.1204018334194
Early-demographic dividend,2004,54.1592974980815,4.54585388097203,1.7256294066802,24.8497177740266
Early-demographic dividend,2005,56.5589782626148,4.20501251087131,1.68124872548438,25.2974197198964
Early-demographic dividend,2006,57.9537592611841,4.39255413456124,1.66127213678851,26.5967736386129
Early-demographic dividend,2007,58.2473815100009,4.05523801162848,1.63149490626191,28.2533543782072
Early-demographic dividend,2008,61.2736289326359,1.85264506975602,1.59162913488819,28.1668035016892
Early-demographic dividend,2009,53.2877790028952,-0.924589276124323,1.5738011463579,27.8648142792903
Early-demographic dividend,2010,54.8315323303574,4.74822369566223,1.54675845386388,28.6329873589681
Early-demographic dividend,2011,58.0638147627474,3.3373148760035,1.55079919896062,28.5630343504557
Early-demographic dividend,2012,57.7433661405682,2.68358566392817,1.49508383327134,28.2200639879903
Early-demographic dividend,2013,56.6688112532542,2.52888247042478,1.45422467967722,27.4970873097523
Early-demographic dividend,2014,55.0023236880475,2.56072250150419,1.37984591275929,27.5747877343183
Early-demographic dividend,2015,51.0526136140885,2.82086052831947,1.37347316967011,27.2843056456669
Early-demographic dividend,2016,48.6955201383382,2.76043398851446,1.33001077454781,26.845208022339
Early-demographic dividend,2017,50.6972262430871,3.17780003225532,1.26100135075766,27.258444391396
Early-demographic dividend,2018,54.6258922827951,2.35174594329315,1.21989783757211,27.3943905741662
Early-demographic dividend,2019,52.213676612133,1.02710133608998,1.22262600683525,26.6653747275707
Early-demographic dividend,2020,47.3375696456261,-5.45931124778201,1.21571614142701,25.7669679872255
Early-demographic dividend,2021,53.4080200126286,6.38306600309679,1.0537443092784,27.2983228434809
Early-demographic dividend,2022,58.9341445376022,4.84146548742568,1.11896236573035,28.0930339760076
Early-demographic dividend,2023,53.0713243241331,3.37497313326635,1.17335447434549,28.1942083175783
Early-demographic dividend,2024,51.66586278469,2.48201111834069,1.15153053031295,27.6424652199856
East Asia & Pacific,1991,39.4802618004455,3.39486881859416,1.44484225198275,34.3470720339214
East Asia & Pacific,1992,41.1452702683125,2.89217672855588,1.34033064131922,33.2811580930681
East Asia & Pacific,1993,43.6120768725187,2.91214101612813,1.28560129157748,32.4531922502336
East Asia & Pacific,1994,44.3275903961678,3.94837509023431,1.26650289680042,31.7809034798671
East Asia & Pacific,1995,45.3355934670211,4.42112349045047,1.23342378654687,32.2612579604245
East Asia & Pacific,1996,45.1347173830829,4.38515907358604,1.21070450979739,32.8598867722639
East Asia & Pacific,1997,46.4723168947441,2.89294556551955,1.175732570423,31.8573286044646
East Asia & Pacific,1998,47.9012645441972,-0.626908298720892,1.1192245381661,29.6306936296109
East Asia & Pacific,1999,46.7576804995234,2.76486073607613,1.01298352408345,28.6163801779071
East Asia & Pacific,2000,52.4929449790347,4.47090172410422,0.942759365568456,29.0399720470408
East Asia & Pacific,2001,51.2044034205677,2.38793147971987,0.899894074298508,28.5987523343882
East Asia & Pacific,2002,52.7260317632784,3.57125223622322,0.840585717137704,27.7375179403485
East Asia & Pacific,2003,58.2127627171281,4.16224551033557,0.793411829437561,28.5277907152383
East Asia & Pacific,2004,64.7135123281802,5.09713351620094,0.757360331773851,29.4244139887255
East Asia & Pacific,2005,67.2266375708886,5.17111461822537,0.744135946511667,29.7063891347293
East Asia & Pacific,2006,69.657975853854,5.68203910794634,0.752157370874821,30.0229933248182
East Asia & Pacific,2007,68.8974872614115,6.67273165610156,0.757697100667749,30.5975564743597
East Asia & Pacific,2008,69.3381079119863,3.64752290841865,0.755127291401356,31.9101627634674
East Asia & Pacific,2009,57.2786608831391,1.89255733018503,0.715386128615825,31.4815036676098
East Asia & Pacific,2010,62.4576577394419,6.87517250929663,0.700770611250663,32.8206897619544
East Asia & Pacific,2011,64.6346274652362,4.68462598676653,0.72941402680327,33.7131775875294
East Asia & Pacific,2012,63.2211856809911,4.35497889216452,0.81496843964644,34.2500703040956
East Asia & Pacific,2013,62.45604909842,4.44335918079656,0.796731297454071,35.2622923318995
East Asia & Pacific,2014,61.4953749356065,4.00408562401955,0.760790272606445,35.5243509824116
East Asia & Pacific,2015,55.9752061347854,3.96967489917451,0.717905028401864,34.6393703164356
East Asia & Pacific,2016,52.3453171319671,3.92248572427516,0.702994192128918,34.1267331862364
East Asia & Pacific,2017,54.2944579632799,4.3237601653433,0.705272469380137,34.7560420914462
East Asia & Pacific,2018,55.2969571267884,4.16544271243899,0.602464921030028,35.5942409771094
East Asia & Pacific,2019,53.0312724740941,3.50568994525069,0.517740212726729,35.1398678705884
East Asia & Pacific,2020,50.0635221733694,-0.464897458686579,0.408472469030409,34.9860393980257
East Asia & Pacific,2021,55.1221330324027,6.0897529368962,0.240142918855769,36.0004459532118
East Asia & Pacific,2022,60.1095992258372,2.80486586781723,0.189259906183258,36.1675861699461
East Asia & Pacific,2023,57.1907295356172,3.99483126608334,0.20253187675137,35.0029733254863
East Asia & Pacific,2024,58.4687416558645,3.62157739322807,0.162505931911919,34.7129821569778
East Asia & Pacific (IDA & IBRD countries),1991,34.0247312078443,6.44446597485953,1.53553858705312,34.7246962227569
East Asia & Pacific (IDA & IBRD countries),1992,37.4889039681732,9.67049882948734,1.42688154478845,35.9700618863296
East Asia & Pacific (IDA & IBRD countries),1993,42.1992457579732,9.79810827019097,1.36783468871236,37.9334437162689
East Asia & Pacific (IDA & IBRD countries),1994,42.9059516485819,9.4668245739937,1.34401440668143,37.0347075265209
East Asia & Pacific (IDA & IBRD countries),1995,42.4617176434667,8.50299413643604,1.31220507220334,37.0646917589622
East Asia & Pacific (IDA & IBRD countries),1996,41.9471540785625,7.71922212766792,1.27894868254075,36.4523020797941
East Asia & Pacific (IDA & IBRD countries),1997,43.5825372651867,6.05639934797171,1.25481743471809,34.3909672838413
East Asia & Pacific (IDA & IBRD countries),1998,45.4039888804182,1.78271319274815,1.19198298070373,31.8505143873752
East Asia & Pacific (IDA & IBRD countries),1999,44.2914882928458,5.30023756123745,1.08610594367408,30.1932312468814
East Asia & Pacific (IDA & IBRD countries),2000,50.7391211816981,6.65312432990524,1.00260715390457,30.3223471911258
East Asia & Pacific (IDA & IBRD countries),2001,49.399601975427,5.97104801784707,0.947946949253806,32.2001888018658
East Asia & Pacific (IDA & IBRD countries),2002,51.8954849418292,7.19248290109739,0.893646031652772,32.5313587398239
East Asia & Pacific (IDA & IBRD countries),2003,59.0380544033162,8.10082735401876,0.849673896242395,35.3186010055338
East Asia & Pacific (IDA & IBRD countries),2004,66.6157542747514,8.26229619105372,0.815425021025006,37.1661452377161
East Asia & Pacific (IDA & IBRD countries),2005,69.0846377922373,9.16614519641819,0.805430527344366,36.469650213569
East Asia & Pacific (IDA & IBRD countries),2006,70.3255488932353,10.1868581806555,0.798097134173755,35.8539920905078
East Asia & Pacific (IDA & IBRD countries),2007,67.9435243092329,11.5617749218633,0.793915564225837,36.4665277236189
East Asia & Pacific (IDA & IBRD countries),2008,64.1703554981392,7.79922859132523,0.784611887579809,38.4237017540394
East Asia & Pacific (IDA & IBRD countries),2009,51.5560642674388,7.20024881795594,0.75758332689394,40.9110926165094
East Asia & Pacific (IDA & IBRD countries),2010,56.1500458431538,9.08115907579197,0.745622555784235,42.2388539632697
East Asia & Pacific (IDA & IBRD countries),2011,56.808989355152,7.73370812844911,0.786862262066253,42.603766244724
East Asia & Pacific (IDA & IBRD countries),2012,54.3700360089716,6.63730266074909,0.879291839891735,42.6645504100275
East Asia & Pacific (IDA & IBRD countries),2013,52.765075443476,6.39550978888977,0.862640122804811,42.861086509836
East Asia & Pacific (IDA & IBRD countries),2014,51.1472047708159,6.15127360458783,0.817847922103466,42.4490810895617
East Asia & Pacific (IDA & IBRD countries),2015,46.0386687646244,5.84494860392293,0.768433864028813,40.4659749545167
East Asia & Pacific (IDA & IBRD countries),2016,43.4691580089263,5.71276197597366,0.751293281787118,39.9415527398106
East Asia & Pacific (IDA & IBRD countries),2017,44.7746517907454,5.85753319606059,0.761249005677729,40.3941603157198
East Asia & Pacific (IDA & IBRD countries),2018,45.0751686963502,5.85160943949575,0.645371494905098,41.2604703675026
East Asia & Pacific (IDA & IBRD countries),2019,42.6828078908221,5.30288306232542,0.552005486782092,40.4756619341964
East Asia & Pacific (IDA & IBRD countries),2020,40.5785747992944,0.886776486016387,0.453261414135534,40.2379934920553
East Asia & Pacific (IDA & IBRD countries),2021,44.6557060199899,7.38176610732009,0.31401226881642,40.8312441117517
East Asia & Pacific (IDA & IBRD countries),2022,46.7605279255168,3.30679217453292,0.23329577316355,40.4292890113935
East Asia & Pacific (IDA & IBRD countries),2023,44.5061087097405,5.06187408175958,0.183862594333235,39.1554867605326
East Asia & Pacific (IDA & IBRD countries),2024,45.9521179316198,4.78710022436601,0.166308498832557,38.6920302721483
East Asia & Pacific (excluding high income),1991,34.0247312078443,6.44864467295704,1.53489978280529,34.7294739258775
East Asia & Pacific (excluding high income),1992,37.4889039681732,9.67406453279071,1.42773909349235,35.9740107996292
East Asia & Pacific (excluding high income),1993,42.1992457579732,9.8008012055143,1.36919713976278,37.9362828999307
East Asia & Pacific (excluding high income),1994,42.905951648582,9.46642729432052,1.34530564460638,37.0366970561883
East Asia & Pacific (excluding high income),1995,42.4617176434667,8.50497312071457,1.31100736905972,37.066150916108
East Asia & Pacific (excluding high income),1996,41.9471540785625,7.72391893937538,1.2751829460922,36.453497476992
East Asia & Pacific (excluding high income),1997,43.5825372651867,6.06173933548122,1.25060611216781,34.3920967307346
East Asia & Pacific (excluding high income),1998,45.4039888804182,1.78751706925091,1.18769078435041,31.8518506866252
East Asia & Pacific (excluding high income),1999,44.2914882928458,5.30541035135188,1.08229768046584,30.1940149078636
East Asia & Pacific (excluding high income),2000,50.7391211816981,6.65809443543255,0.998845430185964,30.3229183990923
East Asia & Pacific (excluding high income),2001,49.3996019754269,5.97561844092702,0.943818239710051,32.2006922421227
East Asia & Pacific (excluding high income),2002,51.8954849418292,7.19785997590398,0.889058021159471,32.5315829923231
East Asia & Pacific (excluding high income),2003,59.0380544033163,8.10492755347192,0.846581153564785,35.3184100945577
East Asia & Pacific (excluding high income),2004,66.6157542747514,8.26461204563118,0.813694495842485,37.1657917953234
East Asia & Pacific (excluding high income),2005,69.083574503904,9.16972498567992,0.802565580524512,36.4692222617338
East Asia & Pacific (excluding high income),2006,70.324349676174,10.1912415555257,0.794600232072768,35.8537381627611
East Asia & Pacific (excluding high income),2007,67.9425201146739,11.5667544022937,0.790128458123296,36.4663749319878
East Asia & Pacific (excluding high income),2008,64.1679361949614,7.80387028892724,0.780735561073522,38.4237436075115
East Asia & Pacific (excluding high income),2009,51.5537588488543,7.20487300578927,0.7538010224649,40.9113824858141
East Asia & Pacific (excluding high income),2010,56.1481865080446,9.08581734571491,0.741733055460152,42.2390427366086
East Asia & Pacific (excluding high income),2011,56.8065017577975,7.73844001104145,0.782524367389617,42.6038595245842
East Asia & Pacific (excluding high income),2012,54.3674047518243,6.64306826438536,0.873939068297722,42.6647760707562
East Asia & Pacific (excluding high income),2013,52.7617829667611,6.40104754352151,0.857669799986749,42.8613000827284
East Asia & Pacific (excluding high income),2014,51.1435906351298,6.1557480451351,0.813620594831593,42.4491587848557
East Asia & Pacific (excluding high income),2015,46.0352711694193,5.84866464564109,0.764918012604477,40.466057501581
East Asia & Pacific (excluding high income),2016,43.4661834303896,5.71645306186961,0.747918955883516,39.9416522556106
East Asia & Pacific (excluding high income),2017,44.7719419402175,5.86170891690112,0.757561926599341,40.3941706292774
East Asia & Pacific (excluding high income),2018,45.0725672746999,5.85449606918067,0.642815839523057,41.2605602773885
East Asia & Pacific (excluding high income),2019,42.68001465761,5.30481926193143,0.550254605067876,40.4756124695752
East Asia & Pacific (excluding high income),2020,40.5762009934068,0.887834517852951,0.452341336047048,40.2378212464091
East Asia & Pacific (excluding high income),2021,44.6542035676862,7.3813644440115,0.314672689212406,40.8311680568007
East Asia & Pacific (excluding high income),2022,46.7579624046604,3.30512298957815,0.234938160938111,40.4290908366739
East Asia & Pacific (excluding high income),2023,44.5036923543447,5.05992141197649,0.185776878891948,39.1553864041808
East Asia & Pacific (excluding high income),2024,45.9495649235364,4.78523520105809,0.168020512804402,38.6919625895179
Ecuador,1991,45.196639984556,2.06266435124181,2.16013714348183,17.8993560734041
Ecuador,1992,44.8065436522069,-0.0134164931923948,2.10568663668025,18.5671580687204
Ecuador,1993,43.1712184234683,-0.0759415801517349,2.02997298367132,17.0310040842616
Ecuador,1994,43.7777474951998,2.26037167910633,1.93487740447413,17.4256704062713
Ecuador,1995,45.9112707318244,0.326536599281397,1.90154880558548,16.0884542552235
Ecuador,1996,44.2157026832153,-0.166942955094115,1.88400623342994,14.9386605261091
Ecuador,1997,45.0171863180765,2.41860087252594,1.84701407802257,16.6179432038656
Ecuador,1998,43.395107949805,1.4116455525819,1.81253773221791,19.9849105614128
Ecuador,1999,49.2012507989376,-6.41692756074212,1.77669252856716,15.7601582851424
Ecuador,2000,65.4042953826391,-0.648225387551591,1.73622001498213,17.1669504072431
Ecuador,2001,56.128486744205,2.41820763888565,1.73078123060297,18.4913081237538
Ecuador,2002,54.7966439366136,3.10935393746668,1.74851970226664,19.6562625754518
Ecuador,2003,52.3575426975979,1.08541692667872,1.76411317879339,15.7730766736655
Ecuador,2004,56.0745467239942,4.9766254911447,1.75235156486952,16.2503185471483
Ecuador,2005,61.9581507902572,3.59103374682795,1.72987869573938,17.4645010337808
Ecuador,2006,65.8423556166562,2.56360111087805,1.7182541754606,18.118128561743
Ecuador,2007,68.8505854462677,0.176823126136227,1.70789173160639,18.3175597771056
Ecuador,2008,74.5902963648439,4.76318326284088,1.70519778784789,21.5659407925863
Ecuador,2009,57.3473460627608,-0.618743696364604,1.7057702083506,21.1732351412126
Ecuador,2010,65.7773849135062,2.2990259381485,1.67708805313164,23.4900158733515
Ecuador,2011,70.0356837525249,6.71524931054121,1.6415369766541,23.5320911453288
Ecuador,2012,67.0029290916898,4.11233799510666,1.59213440589397,23.0133036457677
Ecuador,2013,63.4333003342414,5.61780573490684,1.49740896116979,24.8833528938608
Ecuador,2014,61.4263766217565,2.74412306472649,1.43205886583809,24.7058907826623
Ecuador,2015,47.8280397077826,-1.30274985042635,1.43093059839379,22.6864358338097
Ecuador,2016,40.5344917996647,-2.12550882201938,1.45809147770557,20.2460508591084
Ecuador,2017,43.6177233172817,4.36195467405905,1.52946083980042,22.4803878213361
Ecuador,2018,48.0093476154836,-0.674558960176682,1.71572391035149,22.5404393330524
Ecuador,2019,48.0828494933307,-1.51253154807527,1.68935479627168,21.04923118303
Ecuador,2020,43.9893109378389,-10.3108339169142,1.18125258230486,17.5849129748726
Ecuador,2021,53.261275610573,8.57789544186942,0.774314023514489,20.7476106763154
Ecuador,2022,61.880792818786,5.0282959697896,0.796723652034201,22.4059052025305
Ecuador,2023,56.9977535649091,1.10230591349449,0.872456027022398,20.650593270293
Ecuador,2024,57.2031395531255,-2.84096326274179,0.860548498593581,18.4824073547769
"Egypt, Arab Rep.",1991,62.8444444444444,-1.62451619436897,2.7569751613283,23.7333333333333
"Egypt, Arab Rep.",1992,59.3098490294752,2.00607720448467,2.3894924999556,19.4823867721064
"Egypt, Arab Rep.",1993,55.9278350515464,0.55376389998851,2.30727793019304,19.8453608247423
"Egypt, Arab Rep.",1994,50.6285714285714,1.75753283456244,2.15400517051219,20.6285714285714
"Egypt, Arab Rep.",1995,50.2450980392157,2.46357101461021,2.10420542038277,20.1470588235294
"Egypt, Arab Rep.",1996,46.9485614646905,2.83434543777562,2.07336196347662,18.1342632955536
"Egypt, Arab Rep.",1997,43.7382474614517,3.32846450125051,2.07255934283796,17.562993606619
"Egypt, Arab Rep.",1998,41.9276270006959,3.29389108583953,2.18480759530922,21.5031315240083
"Egypt, Arab Rep.",1999,38.3615084525358,3.71403670912393,2.23056416641405,21.6189856957087
"Egypt, Arab Rep.",2000,39.0179359012055,4.09609057659976,2.16091978529782,19.5530726256983
"Egypt, Arab Rep.",2001,39.8104265402844,1.35955211640928,2.12380362345226,18.2603847226094
"Egypt, Arab Rep.",2002,40.9870678279229,0.258696268364815,2.10372359745955,17.9994721562418
"Egypt, Arab Rep.",2003,46.1796407185629,1.05358246778609,2.09545323003183,16.8862275449102
"Egypt, Arab Rep.",2004,57.8199052132701,1.96524683873078,2.06437734857129,16.9379765093756
"Egypt, Arab Rep.",2005,62.9526462395543,2.38032461797421,2.02220952721924,17.9758588672238
"Egypt, Arab Rep.",2006,61.5185365063947,4.77751297935043,1.95291342300488,18.7307754573418
"Egypt, Arab Rep.",2007,65.077873254565,5.0854672784842,1.88753217077119,20.8512352309345
"Egypt, Arab Rep.",2008,71.6806253489671,5.17381069878276,1.86740413264217,22.3897264098269
"Egypt, Arab Rep.",2009,56.5534446363462,2.7155259206418,1.88836522446639,19.1901746305891
"Egypt, Arab Rep.",2010,47.9363500745898,3.14977851168294,1.91795124102801,19.5010774075916
"Egypt, Arab Rep.",2011,45.2556341623514,-0.354646267702748,2.1044607622412,17.1030559404857
"Egypt, Arab Rep.",2012,40.7117692721084,-0.0429670178954922,2.24475795490011,16.0267510598913
"Egypt, Arab Rep.",2013,40.373038056332,-0.14323388107762,2.30526364315625,14.2119974199097
"Egypt, Arab Rep.",2014,36.9201877934272,0.599558564006458,2.27643956620182,13.6431924882629
"Egypt, Arab Rep.",2015,34.8459429600229,2.20415858015615,2.09892554805563,14.2886370146078
"Egypt, Arab Rep.",2016,30.2465490514505,2.24497375649698,2.03468294927084,15.0402303092936
"Egypt, Arab Rep.",2017,42.8321343581608,2.12015477172733,1.99817843887244,18.734101042151
"Egypt, Arab Rep.",2018,45.9110196733959,3.35166753247044,1.89713831833082,20.6249196348206
"Egypt, Arab Rep.",2019,41.1240171551108,3.71584088573542,1.75497438173801,20.6540385989993
"Egypt, Arab Rep.",2020,32.1262555667523,1.88111975917718,1.62495386951696,18.8180606572831
"Egypt, Arab Rep.",2021,29.8569734808122,1.76220484283698,1.4908053906311,18.2122435502994
"Egypt, Arab Rep.",2022,36.9831048772713,5.01555864991792,1.48609697540294,19.8559132929551
"Egypt, Arab Rep.",2023,40.4504007720031,2.02315842412948,1.68834126904494,16.4907339937373
"Egypt, Arab Rep.",2024,39.6007520873733,0.639636335125445,1.73324205302065,12.9967401874752
El Salvador,1991,47.7534309263615,-0.267045668925647,1.75043889541275,15.4554851564894
El Salvador,1992,48.675245823902,5.28734272506964,1.63408681572402,18.8329726464859
El Salvador,1993,53.5272904870361,4.4283085085419,1.32228263595871,18.9576297314485
El Salvador,1994,55.1486486416098,3.69954329248556,0.952558466946274,20.3581224744068
El Salvador,1995,59.3607543357884,3.86158381842201,0.836549188274834,20.9442219176574
El Salvador,1996,55.2818567293307,0.0620554724499129,0.746151024345767,15.3549641813834
El Salvador,1997,63.5570927549383,2.44459286819176,0.674551204861833,15.0832034797636
El Salvador,1998,60.8722907509534,2.02033395877885,0.61751823622014,18.651055747783
El Salvador,1999,60.9904896201298,1.58990630941676,0.561593603832819,17.3014845451564
El Salvador,2000,68.7100889044911,0.626535379070958,0.497012728838862,17.6690604559246
El Salvador,2001,65.8907385362251,0.462204790046101,0.414627692393218,17.7140700026255
El Salvador,2002,65.9190907767708,1.25783126943534,0.310690003422966,17.0646701352869
El Salvador,2003,68.23698247861,1.36275661190544,0.199712545823042,18.4292273233695
El Salvador,2004,69.7822641767691,0.787383831431995,0.101172439142576,18.1407410137797
El Salvador,2005,69.7158116750578,2.66532259162382,0.0151037668199,18.6047081235542
El Salvador,2006,73.4555675070266,4.39364908718933,-0.0542809466140504,20.0754505187223
El Salvador,2007,77.6210560347995,1.72041607620905,0.124956903635591,20.80003526974
El Salvador,2008,80.6659739399085,1.82447186659891,0.32349566022278,20.1725812522343
El Salvador,2009,66.0711911744487,-2.41599153160278,0.314334857085954,14.0546154274436
El Salvador,2010,73.5372876725398,1.81801613607789,0.329632681613896,16.6715814032151
El Salvador,2011,79.2766437025052,3.40079170641816,0.359883978139975,17.7899287016523
El Salvador,2012,77.6485716222883,2.48637921457058,0.390819912101065,17.7095456638993
El Salvador,2013,80.4511944908271,1.76908303690966,0.405850184762601,17.0194025181256
El Salvador,2014,78.1044257477935,1.33132680650547,0.392073398284828,16.397215655674
El Salvador,2015,76.5602707370519,2.05686593954016,0.335654632494608,16.0169876236441
El Salvador,2016,72.8190933731491,2.25589267443243,0.276539934558171,15.967514115536
El Salvador,2017,74.3046511916519,2.0380895055328,0.205133928097967,16.6770019364119
El Salvador,2018,75.6336168879956,2.30913946286621,0.100922206462958,18.3715366715538
El Salvador,2019,76.0420130991468,2.39613321946494,0.0403628806830014,18.3447949008115
El Salvador,2020,66.4595069497083,-8.07562588564387,0.198362574897496,17.2116179042815
El Salvador,2021,81.8450759800765,11.5271594106656,0.338002420196154,23.3549127263788
El Salvador,2022,88.7011093776867,2.55237486650837,0.39146192798287,24.4715740009765
El Salvador,2023,81.7147723425988,3.05826987824165,0.465531145369394,20.6846824919049
El Salvador,2024,84.6596461582312,2.13954811058277,0.451762522948611,20.3442333880768
Equatorial Guinea,1991,,-4.63031817511198,3.71344624108483,
Equatorial Guinea,1992,,29.8508862868735,3.69997148660368,
Equatorial Guinea,1993,,6.99994947988674,3.70010107990884,
Equatorial Guinea,1994,,12.4030083731601,3.72487540140105,
Equatorial Guinea,1995,,13.1414865232391,3.76822937217459,
Equatorial Guinea,1996,,60.3410922687992,3.8172285032395,
Equatorial Guinea,1997,,140.490577857747,3.86718544941997,
Equatorial Guinea,1998,,19.0314989040498,3.90730641331893,
Equatorial Guinea,1999,,20.8161079369241,3.93421808112877,
Equatorial Guinea,2000,,12.1516339606444,5.26428495953201,
Equatorial Guinea,2001,,53.2356880825419,6.41008323195062,
Equatorial Guinea,2002,,12.258597420866,6.2200195333548,
Equatorial Guinea,2003,,7.24786542705019,6.06631754137354,
Equatorial Guinea,2004,,30.0162976688723,5.95846501494265,
Equatorial Guinea,2005,131.02447181321,10.9012034435108,5.13840208613784,39.4767488235046
Equatorial Guinea,2006,118.532782368937,3.03105558195507,4.43647900593476,26.5011245422482
Equatorial Guinea,2007,134.083789857569,10.1968975693747,4.51135451899463,29.585907339941
Equatorial Guinea,2008,128.688006601458,12.5326733451216,4.57370994415875,27.5417518128173
Equatorial Guinea,2009,122.212077110801,-3.22046029526918,4.60787133294314,39.3928256509129
Equatorial Guinea,2010,144.668225001248,-13.0151718370352,4.59586770504622,38.0562994925977
Equatorial Guinea,2011,114.37734663649,1.99905762799257,4.34060206449919,32.0492712659016
Equatorial Guinea,2012,116.675422472364,3.98800386782088,4.07484554769573,41.1481428957988
Equatorial Guinea,2013,106.893284926066,-7.8885603944365,3.99605995538999,30.3080451576082
Equatorial Guinea,2014,104.379198671388,-3.43058595312914,3.90501924555756,28.7093001746
Equatorial Guinea,2015,98.8780591680756,-12.4917142663428,3.79160484192286,24.7014529043977
Equatorial Guinea,2016,92.6007307237942,-12.0971098998986,3.66421838047825,16.6986459903143
Equatorial Guinea,2017,102.428258251803,-8.94053555047577,3.53129362583944,14.03171665413
Equatorial Guinea,2018,103.645681622953,-9.37041905185943,3.39945242088076,12.5014966275534
Equatorial Guinea,2019,94.8787924253545,-8.52391282041842,3.271454421427,10.891703090741
Equatorial Guinea,2020,77.9278846441807,-7.35874657366674,2.73390823188935,6.98846405853807
Equatorial Guinea,2021,76.9666485998527,-1.56652040015599,2.43551071649529,8.24679554193157
Equatorial Guinea,2022,81.8130161368099,0.661786258781987,2.5130374213272,7.33815470437154
Equatorial Guinea,2023,61.443281519042,-7.34984419720533,2.41057232825781,9.3599926039255
Equatorial Guinea,2024,60.5414510975907,-1.49035168546814,2.40472649031131,8.95580591611743
Eritrea,1991,,,-5.72814372342133,
Eritrea,1992,56.3771893721132,,-6.50108562382429,7.81085654182101
Eritrea,1993,102.060001634922,9.95466994106025,3.13359997818341,16.9950134881059
Eritrea,1994,110.881778212018,17.5536356070169,3.07240153138472,25.1373961895457
Eritrea,1995,105.322628605412,-2.79691785991288,5.65506612874117,22.5366961317006
Eritrea,1996,116.617520301229,3.96150472866739,4.96990491051363,27.5892573606133
Eritrea,1997,115.414776658722,6.72181364621743,1.10597798501552,31.2807273816123
Eritrea,1998,94.9275656742685,0.452407592557293,1.30566874934995,32.2868589150857
Eritrea,1999,96.2592361791151,-1.44917603320451,1.47325833975698,45.5141796492478
Eritrea,2000,67.8813619265146,-4.61837133772084,1.53601457156771,21.9967567603027
Eritrea,2001,72.0627109589752,5.69571154371637,2.85373304958379,35.2606217610795
Eritrea,2002,76.5901636574451,-0.47685782309577,3.43914956264516,29.5489323270544
Eritrea,2003,74.0078242901552,-6.59492016605172,4.13103377544635,26.5439604075464
Eritrea,2004,65.570906849032,-2.6238903510386,4.10022739741036,20.2629217457409
Eritrea,2005,61.1060310218073,0.14882340502966,2.39315582930907,20.3394397206045
Eritrea,2006,45.2608460537354,-2.51821345546691,1.57651841967655,13.6811165438244
Eritrea,2007,34.5595595326375,-0.04176960463559,1.45851723438561,12.6735754136609
Eritrea,2008,30.5609500494496,-12.1248431632963,2.63004117479615,12.7135404800139
Eritrea,2009,27.9721416148149,1.3025781558331,2.50908465799155,9.26379597839317
Eritrea,2010,37.4714654565691,0.205918877679608,1.96475727107645,12.3854014927083
Eritrea,2011,47.3937901188684,6.74798297853228,1.79351881087532,12.626317662696
Eritrea,2012,,,1.27590736754429,
Eritrea,2013,,,1.22305147270022,
Eritrea,2014,,,0.674705166672434,
Eritrea,2015,,,0.334574415524454,
Eritrea,2016,,,0.614809318134095,
Eritrea,2017,,,0.817496698225399,
Eritrea,2018,,,1.33731409848117,
Eritrea,2019,,,1.47474580694345,
Eritrea,2020,,,1.56406078076077,
Eritrea,2021,,,1.77411588481268,
Eritrea,2022,,,1.75351368458045,
Eritrea,2023,,,1.77168715176453,
Eritrea,2024,,,1.86168851424672,
Estonia,1991,,-7.53669445893802,-0.502159185195728,
Estonia,1992,,-19.7174331457865,-1.82418155532121,
Estonia,1993,132.126372731459,-3.2824497129791,-2.57431997803655,25.9798021372351
Estonia,1994,148.143069423797,0.483692726110803,-2.13858863504971,26.8127267793607
Estonia,1995,139.087473677663,6.40966000708616,-1.78539953576165,26.4111323654494
Estonia,1996,132.977442750892,6.50278220805234,-1.47536463752721,27.4830229594263
Estonia,1997,151.051344390403,14.3472160464527,-1.14091924023266,30.7232535651635
Estonia,1998,156.838235827521,5.34690225116847,-0.960559004588775,31.6245038899654
Estonia,1999,144.116453592933,-0.717824690967987,0.294482275915173,25.9038094343294
Estonia,2000,126.495626368659,9.55642258870186,0.483707161729931,28.4761032107323
Estonia,2001,126.546640067292,6.55731967784041,-0.63696312445507,29.6026320949271
Estonia,2002,123.28234538757,7.61250041092767,-0.633433796423808,32.9307657546669
Estonia,2003,122.744772807796,8.27372395680648,-0.627622448059203,35.1880300634078
Estonia,2004,129.949500077661,7.44108988454812,-0.597820510395586,34.6488549298291
Estonia,2005,135.912792115107,10.1516023275001,-0.572255524659659,33.3508381603819
Estonia,2006,136.620737662645,10.4117043601584,-0.589655559840225,39.8256877468792
Estonia,2007,133.980829235754,8.06276601408268,-0.456188535090031,40.0058943445447
Estonia,2008,136.681988157836,-4.87057915292706,-0.268133719541207,31.6334055843093
Estonia,2009,116.759079859802,-14.4654981470721,-0.192768077420229,21.0087753498274
Estonia,2010,143.671762256978,2.68366165094633,-0.22805796852935,21.5876781655604
Estonia,2011,166.7460724339,7.93414724975237,-0.303582823643979,25.4681664047184
Estonia,2012,169.156067773865,4.04377186018716,-0.357944411443807,29.0805066900785
Estonia,2013,164.601632156916,2.1192820000981,-0.355891802625531,26.8697121064814
Estonia,2014,157.953944842229,3.59411590769302,-0.262256175097854,26.727615908803
Estonia,2015,148.507157123558,1.77141701957223,0.0655525295417938,24.6409611018289
Estonia,2016,147.7462327097,3.06301090349199,0.0291122255540077,24.7023530937166
Estonia,2017,144.635650944133,5.50685731354206,0.121070631466687,25.9381976210924
Estonia,2018,143.485224864735,3.33940936378892,0.348039137980543,27.8503992212561
Estonia,2019,140.352147998549,3.3419636171697,0.371554389037477,26.356088071314
Estonia,2020,137.392641283846,-3.07548007766944,0.197559185177642,29.6538687688692
Estonia,2021,160.471922305927,8.14019436008853,0.105996956310127,30.947849595367
Estonia,2022,175.68711950524,-2.53754963208853,1.33655151148286,27.7279089870074
Estonia,2023,154.592617111149,-4.26634480137913,1.57745133607335,25.2415123920517
Estonia,2024,151.037702410455,-0.239652154313688,0.149856351926424,24.5542382524843
Eswatini,1991,,-2.24655670549149,4.01723775393439,
Eswatini,1992,,-0.628243221917131,3.80548239176343,
Eswatini,1993,,0.144296378973081,2.91465814625799,
Eswatini,1994,,2.41186771794808,-0.0109136023747648,
Eswatini,1995,,4.90979831565213,-0.0802412430488199,
Eswatini,1996,,1.80600304729556,1.98019605226475,
Eswatini,1997,,1.38270941621718,1.68240400828878,
Eswatini,1998,,1.29408471711525,1.28492880676892,
Eswatini,1999,,1.83934999328466,1.08553641403639,
Eswatini,2000,,0.72128383137229,1.02616676195214,
Eswatini,2001,,0.48113089277777,0.922357932930459,
Eswatini,2002,,3.26561899934499,0.793842610388924,
Eswatini,2003,,3.82725927049805,0.682836011828583,
Eswatini,2004,,2.99348109442741,0.603686468671865,
Eswatini,2005,,5.4163606626928,0.544843998142576,
Eswatini,2006,,6.19597048349081,0.500496085577333,
Eswatini,2007,,3.71813879735403,0.576423998080883,
Eswatini,2008,,0.758242258979109,0.6748941459051,
Eswatini,2009,,0.784947122409747,0.6410569310186,
Eswatini,2010,,3.21763655344279,0.586161116007687,
Eswatini,2011,,1.27643647351354,0.554659161024556,
Eswatini,2012,,3.53199247160502,0.537986822820009,
Eswatini,2013,85.2034551274939,3.53016648859264,0.54369252057836,16.1345781176745
Eswatini,2014,91.6200186943398,1.49073514248317,0.556770676458685,19.6275885076679
Eswatini,2015,88.2620944023684,1.12454682394791,0.57162769864017,17.2217061828251
Eswatini,2016,89.3584874439935,2.34965752297238,0.584038792817515,17.3577663965022
Eswatini,2017,86.8801420302976,2.74440888521023,0.752960394981198,17.6967903356276
Eswatini,2018,85.4927768173538,-0.853481330729949,0.922518621738631,19.8490383026284
Eswatini,2019,86.6407948477595,5.4445627805287,0.931970814127083,16.2318349707561
Eswatini,2020,84.0140188426878,-3.9978006899122,1.0836305772053,15.2902282173586
Eswatini,2021,89.9313874866569,3.03852368946784,1.15567266949473,19.7885871413021
Eswatini,2022,92.5715871298334,-0.628894036514311,1.01620740015869,22.0925604538439
Eswatini,2023,99.7246110815617,2.55749887128813,0.946270731993531,20.8277519082123
Eswatini,2024,107.480621053879,1.95346963066669,0.995913343966098,14.9720984162991
Ethiopia,1991,,-11.073793028812,4.33132322477119,0.0
Ethiopia,1992,,-12.4354814898344,4.20762887536633,0.0
Ethiopia,1993,,9.23479849541557,3.51513575633339,0.0
Ethiopia,1994,,-0.340437448684114,3.48116024765652,0.0
Ethiopia,1995,,2.57532696159824,3.40438831875411,0.0
Ethiopia,1996,,8.77685691778561,3.2998173533243,0.0
Ethiopia,1997,,-0.119280615629108,3.20515425246965,0.0
Ethiopia,1998,,-6.44288564763505,3.14046071441714,0.0
Ethiopia,1999,,1.92717241678638,3.12448426110007,0.0
Ethiopia,2000,,2.86806618904541,3.06823302462214,0.0
Ethiopia,2001,,5.06530432457272,3.03351132311934,0.0
Ethiopia,2002,,-1.52885894017255,3.04403477269573,0.0
Ethiopia,2003,,-5.07288652380292,3.02102233073437,0.0
Ethiopia,2004,,10.221815108184,2.99474712931538,0.0
Ethiopia,2005,,8.5508986289875,2.96602247201649,0.0
Ethiopia,2006,,7.62653694970021,2.93729031507005,0.0
Ethiopia,2007,,8.23770708038126,2.93015925736888,0.0
Ethiopia,2008,,7.62786742867665,2.89435688963486,0.0
Ethiopia,2009,,5.7563855983106,2.83966010377931,0.0
Ethiopia,2010,,9.4043448666486,2.83517457968806,0.0
Ethiopia,2011,48.232935411689,8.06141676362226,2.84354457485296,32.1076664694521
Ethiopia,2012,45.3979041835072,5.64374376946701,2.80390393439601,37.0979619673542
Ethiopia,2013,41.4717870807625,7.61661454720691,2.71847231803133,34.0811183155872
Ethiopia,2014,40.7410841498626,7.33861859355025,2.68299781796922,37.9937253037378
Ethiopia,2015,39.6561241449515,7.4680767605293,2.68480186138776,40.6712729848122
Ethiopia,2016,34.8990210816111,6.5099145630674,2.70788250761242,37.3487629699646
Ethiopia,2017,31.1036494929016,6.61862070026751,2.72524097063889,38.4439871569806
Ethiopia,2018,31.1993689777881,3.97407545942133,2.69675179524869,34.1629551124182
Ethiopia,2019,28.8152939288346,5.48664148021712,2.69123978261516,35.2639756254811
Ethiopia,2020,24.0061143401794,3.22311599492807,2.71077284780816,30.5789686594943
Ethiopia,2021,24.3450574647644,2.85565763078523,2.67249538803955,28.0252954109363
Ethiopia,2022,26.5954996967313,2.59539967644373,2.62269500936104,25.3422268254436
Ethiopia,2023,20.5982015072652,3.85475025230436,2.6036241976442,22.1694039604718
Ethiopia,2024,17.4004358583187,4.86819977515492,2.58350411214521,20.5754723153175
Euro area,1991,53.3458215820226,1.93740761643262,0.417021472102541,24.5495042856036
Euro area,1992,52.4009645793502,0.69853824450594,0.41973217226198,23.5819074887059
Euro area,1993,50.6279680145412,-1.08925788149693,0.410210624880186,21.6494143763216
Euro area,1994,53.2241155806286,2.20524049151942,0.302882626803933,22.0011841246336
Euro area,1995,56.1888013550971,2.21969958972217,0.243968603136952,22.3642906041533
Euro area,1996,56.8747598695995,1.5030211528229,0.235948478089024,21.7187134636731
Euro area,1997,60.8888629444565,2.52932517445812,0.228493969194066,21.8204506756567
Euro area,1998,62.1238730551305,2.7874275552997,0.207045023367391,22.5637713950193
Euro area,1999,62.866523451929,2.75443596973859,0.248349316804581,22.833191990426
Euro area,2000,70.5118517510278,3.58004246866726,0.309783222549474,23.4059942707807
Euro area,2001,69.6581865993615,1.85010047094423,0.328373127004871,22.8845867135714
Euro area,2002,67.2678383535692,0.452440686547234,0.490892859260833,21.8193734107965
Euro area,2003,65.7762309040936,0.199022007062766,0.551544594848061,21.7209107501261
Euro area,2004,68.55795577971,1.74084032342647,0.559694384081159,21.9359445631922
Euro area,2005,71.6139909282343,1.23594195811656,0.527789533264838,22.2093923622932
Euro area,2006,75.6559314327059,2.83121534371571,0.478625381252648,23.1826736493264
Euro area,2007,77.3196355529604,2.46652771082405,0.53012279024379,23.8952292811533
Euro area,2008,78.2346033058084,-0.0916984353864621,0.501431370204716,23.4158419881235
Euro area,2009,68.0015634015066,-4.80805947234597,0.341140919955291,20.2023197385413
Euro area,2010,75.8746139929208,1.85890702091321,0.254268113475692,20.7640561916706
Euro area,2011,81.0277663717706,1.96755477263292,-0.186517464738623,21.3226562042436
Euro area,2012,82.6466325925168,-1.13385529775306,0.215209593126576,19.8112710339628
Euro area,2013,82.3346463167316,-0.32419277294953,0.1578553952382,19.4421331474726
Euro area,2014,82.774155890855,1.2812528118988,0.172265134663704,19.7583216955472
Euro area,2015,84.1250239193896,1.86032612542965,0.277766866073292,20.1682090508906
Euro area,2016,83.1391434816182,1.51981360328826,0.277164835719651,20.3895739352917
Euro area,2017,86.1419515182982,2.42107661283057,0.196591609106755,21.0021220554465
Euro area,2018,87.7964429522812,1.46961091971517,0.305339591222967,21.5983003857408
Euro area,2019,87.9697040718615,1.43728350948204,0.182555333029983,22.3595023736594
Euro area,2020,81.2054987257806,-6.18928290205868,0.141183349191362,22.0368117969718
Euro area,2021,88.4200453456018,6.36937449168451,0.0636851427298447,22.7854703063607
Euro area,2022,100.605084239169,3.36361376618473,0.285577850321034,23.8662813712257
Euro area,2023,92.0403769207638,0.024539997195987,0.447751495684771,22.4193794349038
Euro area,2024,88.5821591055065,0.509823988582525,0.399248576190173,21.4685864073881
Europe & Central Asia,1991,50.7275707663657,-0.296134391940868,0.457861691638238,24.7803668072017
Europe & Central Asia,1992,58.7219026424476,-0.996431582059941,0.41074759912789,23.7406409096851
Europe & Central Asia,1993,54.3923179046464,-0.968966094383376,0.338331821049178,21.8510833593907
Europe & Central Asia,1994,55.3322364612802,1.14831746408026,0.253358198276901,22.0839135721348
Europe & Central Asia,1995,56.9011763979421,2.11158372725293,0.207330214454187,22.2996243426797
Europe & Central Asia,1996,57.1628044998382,1.62408029804138,0.182342476833782,21.7939853346017
Europe & Central Asia,1997,60.1548390362081,2.93952937021422,0.14641116575864,21.6121093630284
Europe & Central Asia,1998,61.231541997192,2.45911297544805,0.113876462310388,22.08828946185
Europe & Central Asia,1999,62.8856082137027,2.78378213231578,0.114529411034825,22.0344823608421
Europe & Central Asia,2000,69.1462160399585,4.27766979333867,0.125518588445939,22.6075586437602
Europe & Central Asia,2001,68.178773628587,2.08764486885423,0.138363606350911,22.1955395072222
Europe & Central Asia,2002,66.0083362221832,1.37045933645086,0.189546148046879,21.3549638421572
Europe & Central Asia,2003,65.0793759243657,1.55787911712571,0.263935065444592,21.2967387050741
Europe & Central Asia,2004,67.4524103908411,2.87856843281492,0.29135368027806,21.542879190926
Europe & Central Asia,2005,69.8313492988083,2.43153089036454,0.285303565205099,21.9190282584031
Europe & Central Asia,2006,73.3332347179198,3.57783774186819,0.296854663709592,22.962447053869
Europe & Central Asia,2007,74.027861966179,3.39762256368617,0.283077292879342,23.8562724569113
Europe & Central Asia,2008,75.6990288433562,0.617082477588411,0.40437081297803,23.6446119322449
Europe & Central Asia,2009,67.3167006791092,-4.81013054569085,0.396899264558274,20.2820972892074
Europe & Central Asia,2010,73.5375210068597,2.25804427566028,0.365344248524332,21.131540328142
Europe & Central Asia,2011,78.0895379365798,2.09775339309826,0.226370504568639,21.9399643431574
Europe & Central Asia,2012,78.8759874168787,-0.0770417005690689,0.391715257911149,20.9544178241282
Europe & Central Asia,2013,78.5348045121348,0.484024424314484,0.377713770382588,20.7023011891729
Europe & Central Asia,2014,78.3407556009866,1.51781802179238,0.405208576724282,20.937872714687
Europe & Central Asia,2015,78.7659251133764,1.62980421272351,0.438015173384479,21.1593917302337
Europe & Central Asia,2016,78.4536780102333,1.45264957117041,0.445442495501507,21.3558277970239
Europe & Central Asia,2017,81.2214677871365,2.56223783714005,0.381772324719784,21.9910864108321
Europe & Central Asia,2018,83.4200981988944,1.75609559522336,0.395192876004636,22.1539534494312
Europe & Central Asia,2019,83.2547336320105,1.46521348747058,0.352371468193331,22.5913019527732
Europe & Central Asia,2020,77.1301971281628,-5.55834990681196,0.187722981344916,22.6014501718469
Europe & Central Asia,2021,83.3069113887783,6.71686624708425,0.0775516646824869,23.0943395632443
Europe & Central Asia,2022,93.5866204888838,3.4072763937732,-0.0158595443660913,23.8178348601071
Europe & Central Asia,2023,86.3708826809155,0.987474710094375,0.0583071589761846,23.1076329305311
Europe & Central Asia,2024,83.0418195122399,1.18442333299471,0.376645434713754,22.4393671091997
Europe & Central Asia (IDA & IBRD countries),1991,33.0884871212471,-6.36007571432657,0.495653128860582,32.6703163025978
Europe & Central Asia (IDA & IBRD countries),1992,86.8468301168817,-9.89205102507056,0.394569251594705,32.0297871496203
Europe & Central Asia (IDA & IBRD countries),1993,62.6916326770166,-4.92725558444792,0.300285427088897,27.3723384898483
Europe & Central Asia (IDA & IBRD countries),1994,56.3810592730284,-8.61886210302583,0.218516144939466,24.2825079777972
Europe & Central Asia (IDA & IBRD countries),1995,54.5508226342949,-0.188914460904016,0.157691906532256,24.2403107990057
Europe & Central Asia (IDA & IBRD countries),1996,52.4120276318147,0.863148804869198,0.12085309597583,23.8597387086332
Europe & Central Asia (IDA & IBRD countries),1997,53.7129251460106,2.83956609446862,0.0712732029488936,23.1099517712332
Europe & Central Asia (IDA & IBRD countries),1998,56.0184402422195,-0.731204211797177,0.0221590969971344,20.9770998263392
Europe & Central Asia (IDA & IBRD countries),1999,61.8991825305285,2.51088690928307,-0.0193746075841928,19.828715857004
Europe & Central Asia (IDA & IBRD countries),2000,64.9879687193964,7.43674681602835,-0.0516989573263383,21.7616116652965
Europe & Central Asia (IDA & IBRD countries),2001,62.8832764252981,2.73246135354475,-0.0737396918271373,21.2404582369099
Europe & Central Asia (IDA & IBRD countries),2002,62.2343824939558,5.06289224261702,-0.0669972734810155,20.6872327289286
Europe & Central Asia (IDA & IBRD countries),2003,63.4457849926342,6.16426172267863,0.022605811183776,21.7513675566395
Europe & Central Asia (IDA & IBRD countries),2004,64.6001468047648,7.81802740104797,0.0525326442561035,22.8589841066719
Europe & Central Asia (IDA & IBRD countries),2005,63.0839202253977,6.59135329024325,0.0449896005763164,23.1978495144077
Europe & Central Asia (IDA & IBRD countries),2006,63.5672790143565,7.77455312249715,0.0869193516950928,24.8643637545975
Europe & Central Asia (IDA & IBRD countries),2007,62.9130305670834,7.6341836496008,-0.00776731437025663,26.8492091540292
Europe & Central Asia (IDA & IBRD countries),2008,64.8891175708098,4.23605292871818,0.239628390944328,27.2876131790619
Europe & Central Asia (IDA & IBRD countries),2009,58.2829722686652,-5.04037483037588,0.35690382716137,21.9156143016459
Europe & Central Asia (IDA & IBRD countries),2010,60.5609124185625,4.30401657575123,0.369045723134963,24.1270496336655
Europe & Central Asia (IDA & IBRD countries),2011,63.473995022608,5.40945220121934,0.430233519028764,25.5347782773795
Europe & Central Asia (IDA & IBRD countries),2012,63.2106908816742,2.97001840436913,0.469784321945042,25.1150885342857
Europe & Central Asia (IDA & IBRD countries),2013,61.9394350892009,2.84707565118904,0.48824490624404,24.5681259471531
Europe & Central Asia (IDA & IBRD countries),2014,62.9537976964698,1.74919663235092,0.511643063357293,24.1843459432621
Europe & Central Asia (IDA & IBRD countries),2015,62.6394987137467,0.927776383818824,0.492688776205437,24.5097211297968
Europe & Central Asia (IDA & IBRD countries),2016,61.9722403200107,1.3583841485533,0.494941793569477,24.6348021362434
Europe & Central Asia (IDA & IBRD countries),2017,64.6955315296843,3.89322373020408,0.45897213033258,25.2528918302853
Europe & Central Asia (IDA & IBRD countries),2018,69.1948006888718,3.3671874261733,0.421928354843313,24.2417916008756
Europe & Central Asia (IDA & IBRD countries),2019,67.5632521563496,2.37390326607874,0.43092937954452,23.7901672934609
Europe & Central Asia (IDA & IBRD countries),2020,63.0176651320328,-1.65148280439405,0.196606051680253,24.7679986562106
Europe & Central Asia (IDA & IBRD countries),2021,70.0990438608021,7.53001121872035,0.0566125487591527,25.2061974205193
Europe & Central Asia (IDA & IBRD countries),2022,72.7487936847561,2.43020032466448,-0.467968565667359,26.0120188512942
Europe & Central Asia (IDA & IBRD countries),2023,65.508808407144,4.35573906219832,-0.508961143213921,26.7095743959065
Europe & Central Asia (IDA & IBRD countries),2024,60.3968644892269,3.54979010826257,0.246493282373832,25.6650202452106
Europe & Central Asia (excluding high income),1991,39.3125395269197,-5.56568931610761,0.935156077425632,23.8315192372826
Europe & Central Asia (excluding high income),1992,61.6870138500552,-5.54167498395309,0.882619977071431,26.5748095236733
Europe & Central Asia (excluding high income),1993,56.4751932273991,-2.65235434162827,0.641062564651353,26.7469190048279
Europe & Central Asia (excluding high income),1994,61.930605238177,-10.3805067792611,0.436708463169382,24.2499441243287
Europe & Central Asia (excluding high income),1995,56.8853495645133,0.58799162019784,0.365618005253012,25.51510886218
Europe & Central Asia (excluding high income),1996,56.9714072965552,3.39472550862719,0.411552836220177,25.8718241490877
Europe & Central Asia (excluding high income),1997,58.6479099196687,5.14465160317657,0.309683174506048,24.3335029115484
Europe & Central Asia (excluding high income),1998,55.3854993674895,1.84766936579479,0.199487920720265,23.3604771875962
Europe & Central Asia (excluding high income),1999,55.8879960570829,-1.35008412096879,0.218653757301055,20.1598829568528
Europe & Central Asia (excluding high income),2000,64.2475380613865,6.36656868961924,0.415829788565206,22.8768750408235
Europe & Central Asia (excluding high income),2001,66.4631964070799,-0.364070525039153,0.43316400289308,20.8007904467828
Europe & Central Asia (excluding high income),2002,65.3190217284669,5.93145649340528,0.438893611520187,21.964850534171
Europe & Central Asia (excluding high income),2003,65.9337968283356,6.13590174923692,0.452437671213906,23.1685953359544
Europe & Central Asia (excluding high income),2004,70.0060845461264,9.10751456690302,0.456768865895783,25.183102105715
Europe & Central Asia (excluding high income),2005,66.1674012891554,8.07506337090931,0.424810619398727,27.020776985605
Europe & Central Asia (excluding high income),2006,66.4960483012222,7.73537810975751,0.472279029603755,29.0560029276592
Europe & Central Asia (excluding high income),2007,66.4660759388013,6.89382360466465,0.266361648914437,29.3381454634244
Europe & Central Asia (excluding high income),2008,69.5600290679185,2.40769498508786,0.668118778867131,28.9922450447392
Europe & Central Asia (excluding high income),2009,61.9417335561053,-4.22658102309063,0.759249215166871,24.2322513079859
Europe & Central Asia (excluding high income),2010,61.7211555939382,6.26212863083762,0.809647377625494,26.7252330084556
Europe & Central Asia (excluding high income),2011,68.7186207554278,7.44918990483288,0.814554973650254,28.3776446823661
Europe & Central Asia (excluding high income),2012,68.1033556892089,3.22107424971509,0.810010125822472,27.3220945702693
Europe & Central Asia (excluding high income),2013,64.5071648623161,5.60056466057122,0.864218198399977,28.0385475215114
Europe & Central Asia (excluding high income),2014,64.6129020900958,2.27466264879961,0.883800326645575,27.5856840327611
Europe & Central Asia (excluding high income),2015,62.0454498655401,2.51841690986392,0.871845478201362,28.103942713889
Europe & Central Asia (excluding high income),2016,61.7177030579138,1.87541912897468,0.88773937316308,28.0902661828441
Europe & Central Asia (excluding high income),2017,66.5635351436658,5.09858021431997,0.856871158993943,29.500008156835
Europe & Central Asia (excluding high income),2018,72.4218659007976,2.88087805105393,0.852581511333748,28.4240137781484
Europe & Central Asia (excluding high income),2019,71.3133005347067,1.68384316728904,0.8793157332119,26.4059556845932
Europe & Central Asia (excluding high income),2020,65.5537271131781,-0.43469869197817,0.711353855412666,29.0137306334256
Europe & Central Asia (excluding high income),2021,73.3220603613705,8.62244735458448,0.603916502040543,29.1880043515376
Europe & Central Asia (excluding high income),2022,82.3219771480926,3.63589215062434,-0.538786451184916,31.0766609679354
Europe & Central Asia (excluding high income),2023,72.445378547536,5.79390038023382,-0.718285809218231,30.4120650781092
Europe & Central Asia (excluding high income),2024,64.9857624231113,3.33421790506077,0.625303405947044,28.5161374603787
European Union,1991,53.8442174631687,1.16773692782226,0.288803395482347,24.5002117830953
European Union,1992,53.4022981479324,0.608778296708621,0.290682833001616,23.5039064032378
European Union,1993,51.8296119547861,-0.918299574015421,0.324733603477772,21.529469711902
European Union,1994,54.4550739295425,2.44559050595086,0.249393274836415,21.9144728698578
European Union,1995,57.0668618668377,2.5304915785368,0.189216677992804,22.3051026676192
European Union,1996,57.8181238406321,1.75013239912798,0.162952006210401,21.7392223080413
European Union,1997,61.9223662101429,2.5301855577227,0.150392656535945,21.8976536524303
European Union,1998,63.2476873258016,2.84371050254518,0.133802888186977,22.6514133664921
European Union,1999,64.0297642840496,2.83420383975215,0.164734794291734,22.8372437197755
European Union,2000,71.5705362040384,3.80934196534804,0.119607067359065,23.4452666779727
European Union,2001,70.7299712766562,2.02565770540264,0.132707849765232,22.8876941523134
European Union,2002,68.4361613375131,0.85961497516513,0.235772786627443,21.8396651632422
European Union,2003,67.3582061795863,0.56618650463993,0.368018915492286,21.7388262949071
European Union,2004,70.3968764065819,2.20284602728624,0.387751737585473,22.0229187572251
European Union,2005,73.5521063042338,1.61010786212425,0.366879333170524,22.2624508324644
European Union,2006,77.9839957210495,3.21826117651727,0.337818093606121,23.3271705052577
European Union,2007,79.7970825624113,2.78168215773591,0.349793827267152,24.2065285258279
European Union,2008,80.7845229076774,0.280960260497039,0.335518873945504,23.7883126873512
European Union,2009,70.5061117229528,-4.55442607160776,0.25357972385739,20.4056466887562
European Union,2010,78.282201525606,2.02006773210942,0.158405309698739,20.9287617842046
European Union,2011,83.4716468978193,2.11633922331238,-0.152627121339593,21.5280937793482
European Union,2012,85.0872994138992,-0.911621925641384,0.148448909551677,20.092717165024
European Union,2013,84.7802544688451,-0.113457325228183,0.0804757032721089,19.6899164229678
European Union,2014,85.494561926335,1.51912145007438,0.111838250459285,20.1099829831705
European Union,2015,86.6784748227273,2.17071249968367,0.196771280273822,20.5323163342524
European Union,2016,85.784351990334,1.71749704338681,0.198866460412297,20.6727930483511
European Union,2017,88.7153567222581,2.66932608644525,0.144811184101519,21.2519730953463
European Union,2018,90.4287944304584,1.81576676470436,0.226283711237084,21.8791687615538
European Union,2019,90.5535185606555,1.74290501624192,0.129990340516999,22.5107126137033
European Union,2020,83.8178454761989,-5.57053571427748,-0.00883750758193382,22.1398230180037
European Union,2021,91.2031115580478,6.53118050391186,-0.14412771789192,23.0875684041707
European Union,2022,103.706433693426,3.33569246731338,0.218330558317555,24.2024323522107
European Union,2023,95.2160371763138,0.07504413828417,0.378277783445594,22.5320760347277
European Union,2024,91.6513434875625,0.765863036115093,0.295986183604409,21.6262981296954
Faroe Islands,1991,81.6540577716644,,-0.615632230028282,
Faroe Islands,1992,84.8611363223816,,-0.337788232597582,
Faroe Islands,1993,72.6996351844345,,-1.73423998530045,
Faroe Islands,1994,75.7563199336925,,-3.90313778916051,
Faroe Islands,1995,75.7029702970297,,-2.45522264275184,
Faroe Islands,1996,98.7626350644824,,-0.0688136553441187,
Faroe Islands,1997,97.6325604021404,,1.25638673392033,
Faroe Islands,1998,91.609818039364,,1.22065340133054,22.1189565969173
Faroe Islands,1999,100.491928308123,,1.0510005450021,23.6621329604678
Faroe Islands,2000,110.545353366722,,1.33775372322055,30.8175663142274
Faroe Islands,2001,104.904366916234,,1.90721125852353,26.1207244710926
Faroe Islands,2002,98.6231560125168,,1.48986474020279,23.2931008791536
Faroe Islands,2003,108.258290126639,,1.46174758701968,31.4079823736899
Faroe Islands,2004,93.415398908373,,0.730172510601633,20.2347772229319
Faroe Islands,2005,100.962759404909,,-0.0516833270758382,22.0164882024069
Faroe Islands,2006,97.3947177610908,,-0.0496411369740636,28.6731062531774
Faroe Islands,2007,99.5060041310306,,0.0889229014371259,32.1466437339491
Faroe Islands,2008,103.496222535589,,0.34872359301474,26.1665235510529
Faroe Islands,2009,96.8608080332117,-5.0306197804414,0.501346875989747,17.5385290318388
Faroe Islands,2010,97.1824434582361,-0.105466831279102,-0.275018644732287,19.5208247548459
Faroe Islands,2011,105.846453473678,3.80958187983906,-0.234568008788139,16.2578237664095
Faroe Islands,2012,117.157793662648,7.64027356784398,-0.520479519357871,26.2576905295352
Faroe Islands,2013,114.062282820929,5.95487801988345,-0.0932285098134919,21.595790449085
Faroe Islands,2014,106.142539193387,5.03591158487879,0.376523605142669,21.758138283562
Faroe Islands,2015,105.610671594387,-0.0144355164052712,0.967878752847994,23.9677773286366
Faroe Islands,2016,104.552703002397,0.228366463809365,1.14881858822938,22.1636691977062
Faroe Islands,2017,107.238908370178,2.03503874879401,1.43714086820087,23.4598770137724
Faroe Islands,2018,106.874664759521,1.11936120181572,1.61306573375997,29.7112462006079
Faroe Islands,2019,108.623245950251,2.93184025686803,1.54884989080127,27.6135742909209
Faroe Islands,2020,96.2241937518396,-3.08380364431427,1.48148018439056,28.2582797236121
Faroe Islands,2021,103.488037146112,3.62528832707658,1.38107824235297,28.866484662181
Faroe Islands,2022,122.86334141193,2.67428116616695,1.14918061925921,32.3235087170667
Faroe Islands,2023,113.336400780359,2.20704087275618,0.926838604956977,31.3788787867634
Faroe Islands,2024,105.752803037623,0.351310487189679,0.489482621742025,28.1699465696116
Fiji,1991,,-3.49122700936645,0.816503481425083,
Fiji,1992,,5.33128466821873,0.727158824335362,
Fiji,1993,,1.48096957497465,0.63755400111807,
Fiji,1994,,4.51788199442078,0.555409782867107,
Fiji,1995,,1.98990209455494,0.498897500907314,
Fiji,1996,,4.14248160105227,0.629379907071343,
Fiji,1997,,-3.20552921674985,1.03347108524829,
Fiji,1998,,0.0533665427538494,1.23827066451942,
Fiji,1999,,7.54827842644328,1.1571474257357,
Fiji,2000,,-2.76154290467852,1.08577609197596,
Fiji,2001,,0.95706444404766,1.02774927786764,
Fiji,2002,,2.18333270830786,0.990026503572045,
Fiji,2003,,0.039650228411432,0.955390066776006,
Fiji,2004,,4.32692435902962,0.928394421815226,
Fiji,2005,,-0.214469573875704,0.912261662506839,
Fiji,2006,,0.938932759583992,0.900982208728377,
Fiji,2007,,-1.67524974022302,0.835147738211046,
Fiji,2008,,0.410201583535269,0.618134789575492,
Fiji,2009,,-1.80343336104428,0.424160517694519,
Fiji,2010,,2.59506233236984,0.34990116341096,
Fiji,2011,,2.41603525489221,0.28188992280493,
Fiji,2012,,1.19750021980838,0.211061144367838,
Fiji,2013,,4.57032082317075,0.156612656036956,
Fiji,2014,,5.4616102411598,0.134464835572885,
Fiji,2015,,4.38823265794895,0.108160342715375,
Fiji,2016,,2.38011625327333,0.0639915048086223,
Fiji,2017,,5.40003492628165,-0.0442890767199793,
Fiji,2018,,3.99107263181943,-0.172010114641272,
Fiji,2019,,-0.33408046448406,-0.24900685817593,
Fiji,2020,,-17.1893281212242,0.00699506301854314,
Fiji,2021,,-4.52835673234897,0.190863715994045,
Fiji,2022,,17.3979446832272,0.295294727557318,
Fiji,2023,,8.88313429271439,0.51237740019889,
Fiji,2024,,3.01375309468594,0.500721796949901,
Finland,1991,43.4814124469297,-6.39324877557392,0.546172018187903,24.0884562723643
Finland,1992,50.2394263203831,-3.85315295201346,0.561909850746084,21.071875073715
Finland,1993,58.2315150099287,-1.25873640874413,0.483854088858285,18.6053031187945
Finland,1994,62.4991726055204,3.51720000799041,0.431048902829755,19.7835536041304
Finland,1995,64.1355353769273,3.83730925871322,0.381655333457214,20.3668718386251
Finland,1996,65.7903252694235,3.32316149378687,0.328037913627481,20.2614314992596
Finland,1997,68.2478061464014,6.0817680309835,0.297377330426395,21.7633888266946
Finland,1998,66.9910571198446,5.17468891307571,0.265472962436301,23.0231418820736
Finland,1999,66.254492150558,4.14725721747845,0.232116249119004,22.4103146081584
Finland,2000,74.9255788717317,5.53441379935349,0.2076065154133,23.8741513058525
Finland,2001,70.2841376639721,2.40682902219235,0.227687341886374,23.1797971136758
Finland,2002,69.3209377526273,1.44115409187744,0.242381050233372,22.0594179466451
Finland,2003,68.0715029595159,1.76883520334854,0.238457240068217,22.231962772058
Finland,2004,70.967802899062,3.70383750334673,0.290350361518584,22.8724778097656
Finland,2005,76.5889740444293,2.42615653951086,0.342248594286999,24.6073870744416
Finland,2006,82.0005669294983,3.62113497225309,0.383777136305104,24.0013652587917
Finland,2007,82.8631608209175,4.86572137220107,0.425429832100631,25.5534350124827
Finland,2008,86.1896598765527,0.316320525705208,0.465549284507694,25.2485161104333
Finland,2009,70.1279335295898,-8.51460466433139,0.478246393482911,21.4741244119185
Finland,2010,75.4612085231229,2.69737665062684,0.457494535465831,22.6073229974435
Finland,2011,78.7159444486606,1.91685338301681,0.463558707499131,24.3388732893172
Finland,2012,79.4303765882482,-1.99029082999297,0.475809486683209,23.628342432802
Finland,2013,77.485171771574,-1.43490157636175,0.460723772785295,22.6578278795265
Finland,2014,74.6277719754196,-0.888801631577977,0.413560207519414,22.1690024531831
Finland,2015,71.9618253787014,0.136127693741741,0.329383885818507,21.9056862297328
Finland,2016,71.7222101178859,2.27754373131673,0.287421401687637,23.5883124649425
Finland,2017,75.9387822310041,3.06123169296772,0.234670531705453,24.309542246313
Finland,2018,79.1436148422846,1.05884315705418,0.132641040791912,25.7234643496259
Finland,2019,80.5641502947367,1.23812097519217,0.110191690491055,24.5675378797407
Finland,2020,72.1845955995888,-2.63099855258851,0.143641197212847,24.9836073895773
Finland,2021,79.7892781913782,2.46373050011893,0.207288594407348,24.7881526265858
Finland,2022,94.5625340522667,0.489394588644501,0.271944526506117,27.2854002667819
Finland,2023,85.5633906057585,-1.43236573890965,0.499192375381062,22.9633348970856
Finland,2024,83.4601015353507,-0.227073487020519,0.642640054363343,22.2812478484434
Fragile and conflict affected situations,1991,,-6.4333608013679,2.28441103440117,
Fragile and conflict affected situations,1992,,-1.62357845253398,2.52258562334004,
Fragile and conflict affected situations,1993,,-4.27588809903051,2.68559405704206,
Fragile and conflict affected situations,1994,,-5.92141400135613,2.80447013327982,
Fragile and conflict affected situations,1995,,-2.38271139936238,2.65723748738966,
Fragile and conflict affected situations,1996,,0.595939328195911,2.27604421194799,
Fragile and conflict affected situations,1997,,2.50121554525859,2.19146331978517,
Fragile and conflict affected situations,1998,,1.94130304937146,2.30938189814336,
Fragile and conflict affected situations,1999,,-0.454057933918122,2.36259394363152,
Fragile and conflict affected situations,2000,,2.81278504220978,2.282655960761,
Fragile and conflict affected situations,2001,,1.70368985634326,2.29212871692483,
Fragile and conflict affected situations,2002,,0.726527442215286,2.4475604669203,
Fragile and conflict affected situations,2003,,-2.23521083209937,2.48976021065206,
Fragile and conflict affected situations,2004,,9.26581317620649,2.42131788629322,
Fragile and conflict affected situations,2005,,3.71428317842553,2.42832533395824,
Fragile and conflict affected situations,2006,,3.64596254068277,2.41840548276278,
Fragile and conflict affected situations,2007,,3.8235342435943,2.3584562705317,
Fragile and conflict affected situations,2008,,2.56396870573465,2.41218202373325,
Fragile and conflict affected situations,2009,,-0.208370131984665,2.48628173757794,
Fragile and conflict affected situations,2010,,3.57682552813472,2.47627067215411,
Fragile and conflict affected situations,2011,,-1.98011615663088,2.44659633262787,
Fragile and conflict affected situations,2012,,3.07860564639253,2.44748667262181,
Fragile and conflict affected situations,2013,,0.845468977742001,2.41791205191125,
Fragile and conflict affected situations,2014,,-0.650273522639395,2.3150574349708,
Fragile and conflict affected situations,2015,,-2.02794235219183,2.21595392079001,
Fragile and conflict affected situations,2016,,-1.72835269668251,2.21653974899583,
Fragile and conflict affected situations,2017,,-0.915863404187917,2.21352712271255,
Fragile and conflict affected situations,2018,,-0.743278511090566,2.19105018726657,
Fragile and conflict affected situations,2019,,-1.37952523900893,2.20111520458581,
Fragile and conflict affected situations,2020,,-9.44805439854358,2.22230381017643,
Fragile and conflict affected situations,2021,,-0.666226066226528,2.18776192904849,
Fragile and conflict affected situations,2022,,-0.289644538323259,1.89778804715376,
Fragile and conflict affected situations,2023,,0.150623349685361,1.9722539809274,
Fragile and conflict affected situations,2024,,-0.32542382884786,2.3130258268549,
France,1991,44.9537001550562,0.729685951027619,0.502041652701803,23.5809030570734
France,1992,43.963354493583,1.01174283165568,0.498024782624795,21.8057009887396
France,1993,41.7256163123108,-0.791444096179944,0.43494888453875,19.2950345538123
France,1994,43.7513491504061,2.00092888436674,0.374521801846337,20.0277093753549
France,1995,45.4316616938638,1.93291761763854,0.364159563395629,20.1870996465323
France,1996,46.1124801589641,1.03528502888366,0.357448008376034,19.2219851950366
France,1997,49.803453474736,2.16193589623612,0.356761847855923,18.8941086598021
France,1998,51.4214328030771,3.06997018708124,0.37054023067343,20.1267071009099
France,1999,51.6706614638734,2.86728569454124,0.515860143523548,20.7309977149378
France,2000,57.7860470318197,3.42869029655284,0.686335719566776,21.8578770673408
France,2001,56.8932328560722,1.1593271284506,0.7289939490983,21.5146500727515
France,2002,55.1325248503102,0.335619014023663,0.727033002641047,20.7001905304491
France,2003,52.5988822870657,0.257866805308325,0.705638836747311,20.6506168230936
France,2004,53.7497648292028,2.11736543407739,0.732625502527391,21.3643685480586
France,2005,55.8228361241299,1.1253537135494,0.751885116821619,21.9113534781153
France,2006,57.8692775292673,2.00131130247657,0.696338574828463,22.6851885959248
France,2007,58.1525611309659,1.89856745333175,0.618225682593305,23.5691050042771
France,2008,59.1797928411748,-0.178410661195599,0.558020613148126,23.4671040402669
France,2009,52.1991123027613,-3.32212444604225,0.513351013325229,20.7177586249113
France,2010,56.587555247796,1.49872466177408,0.492976371032656,21.3378695020042
France,2011,60.6056354816406,1.94433505424516,0.482667411007127,22.4996452716579
France,2012,61.6589570771102,-0.299598729272304,0.483714919435185,21.8295648772748
France,2013,61.8192338733962,0.26214454973659,0.516915013016667,21.520441960601
France,2014,62.1992669379507,0.519383764691739,0.474847846171767,21.8364708236132
France,2015,63.5046871956484,0.708030590350688,0.355569240058298,21.7165418613305
France,2016,63.3427564383351,0.594243752389232,0.263868788565368,21.5978606152326
France,2017,65.3958481559711,1.78779549384231,0.29020211635109,22.1813991959176
France,2018,66.8022607812266,1.28216603702126,0.358494581816163,22.6115738942638
France,2019,66.4289771741449,1.68870844116209,0.332559129027963,23.0250733613606
France,2020,58.8388907240647,-7.74056751254994,0.324557781035362,22.8044182138435
France,2021,63.788482630872,6.50155219757207,0.356902332389048,23.4474845782806
France,2022,75.9630077981996,2.20208858513766,0.502320929337976,24.0233523984125
France,2023,70.6261450610225,1.16054609449012,0.275093143443794,22.9278749312543
France,2024,68.1081875443744,0.925700761599856,0.261995241898747,21.5139121721262
French Polynesia,1991,28.0868109831146,1.67566155020383,1.9285201110263,
French Polynesia,1992,25.4283058428538,-3.23438697031256,1.81973669430827,
French Polynesia,1993,25.9394872099636,-2.97620764742084,1.71521949579713,
French Polynesia,1994,27.1901234146028,-3.24829172571562,1.62185522370334,
French Polynesia,1995,26.7832819250945,-1.9047640997783,1.53341056008052,
French Polynesia,1996,28.3722706445301,-2.15351526781588,1.50626050741578,
French Polynesia,1997,28.994505833521,-1.70605641976239,1.59788710227746,
French Polynesia,1998,31.7457142873678,0.0865317933867402,1.63202846612279,
French Polynesia,1999,28.3786554614037,0.295391159590849,1.57792856584233,
French Polynesia,2000,27.9447311178519,1.63790019281309,1.56922864809839,
French Polynesia,2001,,-1.87670498388422,1.55235821897967,
French Polynesia,2002,,-0.650790590620005,1.49553890144445,
French Polynesia,2003,,0.559535344536414,1.54664965449538,
French Polynesia,2004,,-0.615266204742809,1.58373949574295,
French Polynesia,2005,58.8757396449704,-1.17936718824801,1.49587093988006,24.8555430885454
French Polynesia,2006,56.6132574828647,-0.534705152644719,1.42179044575073,21.9680547326289
French Polynesia,2007,57.455468093766,0.477742673226714,1.21399894849188,22.3199023199023
French Polynesia,2008,58.0396477672874,-0.716512347599547,0.725858946942358,23.9672290255229
French Polynesia,2009,51.6750777052154,-4.62302243249042,0.409772633029491,20.883221176291
French Polynesia,2010,54.0438821122259,-2.86221244709949,0.406991623911333,21.1616841006284
French Polynesia,2011,56.2319854247632,-3.37156943541497,0.423008262968887,18.1944154581742
French Polynesia,2012,57.8806819793666,-1.41984532236675,0.498155436017889,18.2394492723473
French Polynesia,2013,56.0619675585513,-0.201995117223149,0.600207711920296,19.3028649662983
French Polynesia,2014,56.2324578944225,-0.0102536380222915,0.602054021803628,18.9560603620347
French Polynesia,2015,55.6304686354336,1.26147120448255,0.53369255935478,19.9706011745564
French Polynesia,2016,53.6164949427793,1.82142796079958,0.471058812613167,18.3657938165901
French Polynesia,2017,54.5776905038178,3.95416021395157,0.325069797127642,19.6741291312004
French Polynesia,2018,65.0146628512067,1.90583847677253,-0.0971598677616479,27.4598586301122
French Polynesia,2019,63.3061124024003,2.97688844901971,-0.279503231980126,25.4985138057167
French Polynesia,2020,45.8331834386023,-10.6298635700059,0.0626967129843171,21.095927488638
French Polynesia,2021,52.9788183937695,3.1505198503273,0.208586464560115,22.0083668171371
French Polynesia,2022,69.5264023221442,2.7222043522178,0.209222276724143,22.50674340275
French Polynesia,2023,71.672203765227,2.50230703778058,0.263581727538977,22.6504245108896
French Polynesia,2024,64.4688665693732,0.879141456817294,0.244792945440769,21.9053653809211
Gabon,1991,80.5349385481311,3.26931010464506,2.71596477280142,26.4680317687759
Gabon,1992,79.868842088552,-5.6624500156035,2.69019023311537,22.4251144731331
Gabon,1993,83.3430365420292,1.21485157056252,2.66313721619497,22.448524189334
Gabon,1994,99.9266868001633,1.03021807065934,2.62054442635647,21.8675948708097
Gabon,1995,95.1346961861668,2.31093356602501,2.56947054894018,23.3031666249192
Gabon,1996,95.6709008514144,1.03427662418945,2.53192547257579,24.8489415957155
Gabon,1997,98.5362645138464,3.10492993236622,2.52206040049182,30.7613138432344
Gabon,1998,95.9747826086956,0.890580320643267,2.53208551111539,39.5576567296786
Gabon,1999,97.7314524555904,-11.2242968907633,2.54866423910635,26.1685818669453
Gabon,2000,101.701928939637,-4.3871748201515,2.58540209287646,21.9020564270273
Gabon,2001,83.6386132424108,-0.517762468580202,2.6318642070048,22.7454690749839
Gabon,2002,84.7590815376223,-2.88501235798608,2.67810322358967,25.1070976391096
Gabon,2003,80.3026082056312,-0.505326252378111,2.72905696679518,22.6391014756493
Gabon,2004,81.7675371418698,-2.09108844494591,2.80043793009716,21.4960517696994
Gabon,2005,83.9495998399241,-0.262443845603784,2.90380819435636,21.3645323014692
Gabon,2006,88.6494092562519,-5.6960834287439,3.01803087434569,24.0451962615575
Gabon,2007,85.1324791636578,2.74524486560748,3.12630083622847,24.8786940506869
Gabon,2008,88.9988725945748,-6.37298501256997,3.22072516127824,25.0898974271767
Gabon,2009,83.5045774235636,-3.14683049052138,3.32765333333101,27.981113361031
Gabon,2010,89.1576627248353,3.45835073677657,3.44994267851283,29.7011138055349
Gabon,2011,90.4983773331323,3.35937600321799,3.54739719912158,26.6423895609865
Gabon,2012,92.3428089420545,1.552307854364,3.57746904510728,26.9661499641622
Gabon,2013,90.6350361478645,1.98480609519432,3.52009296367142,29.1805950279998
Gabon,2014,73.5203290162438,0.869784891054778,3.35844001734251,35.1390486032907
Gabon,2015,73.9497814588281,0.693296575495864,3.11465625322556,29.2309562924902
Gabon,2016,70.1333810645308,-0.79183198007,2.86485541015556,26.9822610431075
Gabon,2017,75.0687404456638,-2.16361774149249,2.65889572463952,21.2986084367913
Gabon,2018,77.0365976973024,-1.68804743568779,2.53688289832205,19.2582324284114
Gabon,2019,73.4280894486644,1.38257599119697,2.47279132038176,21.8987965722319
Gabon,2020,70.1140546466012,-4.15528083293282,2.38922359813697,19.8634691076218
Gabon,2021,85.3483122054007,-0.845244789196116,2.30612435799096,17.4565506184958
Gabon,2022,92.0630888500131,0.747533658794609,2.24763901253797,16.0269404879583
Gabon,2023,91.478653318692,0.21097885846288,2.19891289669511,18.0760661101408
Gabon,2024,92.0468055151256,1.18835281747864,2.15636509762581,19.1352290512735
"Gambia, The",1991,64.1029468943288,-1.13578611453352,4.20203326368108,20.33774597816
"Gambia, The",1992,67.4430836477238,-0.7383852538714,4.06398984278952,24.7893296900346
"Gambia, The",1993,64.6299221312549,-0.696495507138579,3.66656079991363,5.27775613441201
"Gambia, The",1994,49.9160789438545,-3.01711393290937,3.2177925037665,4.68549362124338
"Gambia, The",1995,59.2767980339628,-2.07739136660906,2.97725538054394,6.90370339562912
"Gambia, The",1996,50.9543943800384,-0.690360718985545,2.89194004292625,6.77920057408904
"Gambia, The",1997,48.3174980980993,1.96357415868005,2.83918735061881,5.17516950891356
"Gambia, The",1998,53.8709622701508,0.636396539831622,2.80576133005976,4.88440201890588
"Gambia, The",1999,52.4132975230667,3.48466497383448,2.77821307558819,4.75504718389999
"Gambia, The",2000,56.3598198850954,2.65021456237223,2.73837212713207,4.56249739677209
"Gambia, The",2001,46.9292631865623,2.97441795005224,2.70699337593192,11.1727401352846
"Gambia, The",2002,59.642950918834,-5.81287900613223,2.68468779375919,7.27832762883119
"Gambia, The",2003,68.8587930342232,4.0302689250437,2.69312348458537,10.0388860071725
"Gambia, The",2004,49.9342995615683,4.16456397721086,2.73240205558954,14.3183765243099
"Gambia, The",2005,50.0187233950976,-5.03011452953602,2.78121010687734,13.8318506658647
"Gambia, The",2006,50.374468581975,-3.35221701800941,2.852561853424,15.6906853088323
"Gambia, The",2007,44.2938444656791,0.0963372438063175,2.90157035551494,12.5665208782691
"Gambia, The",2008,39.0890994561344,3.21187607038,2.90664631280342,10.5224347295927
"Gambia, The",2009,41.7773944257977,3.61238687182772,2.90429853945953,12.8914138046647
"Gambia, The",2010,41.0125150279466,2.87350950500529,2.90737929979677,13.8767105275043
"Gambia, The",2011,42.6397020468894,-10.7772609082744,2.92337692748517,12.8961682852301
"Gambia, The",2012,47.7006731141985,2.18645897140155,2.94591935774346,20.8771686494917
"Gambia, The",2013,45.4619193623296,-0.0966163079995681,2.92894143394412,14.7115331277791
"Gambia, The",2014,58.2579307752264,-4.17258609769029,2.84475839442236,16.6526122015212
"Gambia, The",2015,44.5223730803813,1.25137248146628,2.73428839872651,20.3498140429739
"Gambia, The",2016,38.1140879565948,-0.701007891119758,2.62819405087404,24.919934192266
"Gambia, The",2017,55.7335796090833,2.20807546707253,2.52588138504562,22.9597266827213
"Gambia, The",2018,64.8124640003735,4.66787430455537,2.42294300881827,20.8784242569263
"Gambia, The",2019,55.9979116186993,3.74848295956672,2.35622071960344,24.6538431612228
"Gambia, The",2020,47.3955201736291,-1.7631871131438,2.3686612920428,32.34205468872
"Gambia, The",2021,42.0979827971754,2.79304588389131,2.36774778418782,30.3707902499395
"Gambia, The",2022,44.7219215369466,3.07381399019251,2.31992109797091,28.6236492072635
"Gambia, The",2023,39.9620173231694,3.50722684136977,2.30124049704572,27.4459749812404
"Gambia, The",2024,42.1706172274882,3.17470253855478,2.27730257212036,29.9390742710396
Georgia,1991,59.1623036649215,-21.652946447153,0.703475649320206,28.2722513089005
Georgia,1992,101.943699731903,-45.3248837559735,0.774511050286416,23.3914209115282
Georgia,1993,118.638889058298,-29.8414533345514,0.76855845063073,5.99991461800706
Georgia,1994,166.902615538069,-9.00820164687457,-1.5394301205047,2.64656987698105
Georgia,1995,67.8286788091539,6.52521433798374,-3.75771606823635,4.03290267446782
Georgia,1996,45.6965490500194,15.3128352453698,-3.62954607972126,19.5957321959416
Georgia,1997,57.7530659289995,14.1232447418547,-3.20751817162219,17.83745856111
Georgia,1998,53.5666693215985,5.68429106346969,-2.474222975613,27.1704525995102
Georgia,1999,57.1518743274472,5.00558453773334,-2.05737687863556,26.4529962778062
Georgia,2000,62.6613956413099,3.84018024327052,-1.9446291567975,26.581315880922
Georgia,2001,63.3299250824094,6.44578529290918,-1.55123839698929,30.3277464788732
Georgia,2002,71.6291255364807,6.42465284351501,-0.89725367267161,28.5011829399142
Georgia,2003,77.6333765369391,11.8096106867876,-0.675365805865971,29.0958769748135
Georgia,2004,79.0407459055607,6.44984993877193,-0.619262410024726,30.9874494874953
Georgia,2005,84.5295975354749,10.2895785214873,-0.635292218459481,33.3296044196233
Georgia,2006,89.125374368197,10.0452966712851,-0.568484712403705,29.7348059086723
Georgia,2007,88.3934140686603,13.1643509520424,-0.521646734447263,33.4545540138168
Georgia,2008,86.2982243681487,2.7332346709434,-0.303790529341209,27.6897912964157
Georgia,2009,78.1930390303569,-2.79118104819281,-0.888185042750245,13.9858779050373
Georgia,2010,81.6733870603639,7.02428366897674,-0.729475256932528,20.929149397264
Georgia,2011,85.4659350932986,8.8036288733672,-0.802164039694326,23.1207490708456
Georgia,2012,89.7348800946338,7.36675215463949,-0.736565518814038,26.0276223249812
Georgia,2013,93.8139137895532,5.44978265548417,-0.300972141406188,21.7000864850024
Georgia,2014,94.9506979383393,4.04162752314514,0.0469539002549217,25.6503571653742
Georgia,2015,97.0163115086257,3.18839294862944,0.157481405176007,26.8771593145768
Georgia,2016,94.9262528383443,3.38835328316745,0.0598165991047394,28.9031069953219
Georgia,2017,102.584277697146,5.14582677562736,0.0133860746662629,25.1248176100629
Georgia,2018,109.847740556266,6.10344745087359,-0.0390365463489613,27.9262958963283
Georgia,2019,117.810080239714,5.56167165873158,-0.171565740223868,27.1682284921369
Georgia,2020,92.8910841752194,-6.35478715206467,0.0686562494680967,24.6056865974412
Georgia,2021,101.60090754891,11.0650780067831,-0.379636607027231,20.6788502074962
Georgia,2022,114.695437688718,10.8422088053808,0.104889950638883,24.0666627779303
Georgia,2023,107.151179161579,7.74568551727566,0.0802640328443946,24.9987945206376
Georgia,2024,103.456471449056,10.1519478105331,-0.429560042538271,24.4998956373299
Germany,1991,47.6354131979568,4.34522003553894,0.728605546561364,26.2249546057137
Germany,1992,44.6840440028306,1.24089739849393,0.760346946721127,25.6374386656452
Germany,1993,39.7493939704326,-1.62189255701904,0.657391218087626,24.1533795395313
Germany,1994,41.0957443335763,2.24160813771532,0.346856648630233,24.5513106495033
Germany,1995,42.6061486475818,1.20710412450657,0.293904443716697,24.4770596811461
Germany,1996,43.903586095325,0.745819197608739,0.289474899455448,23.460405691293
Germany,1997,48.380321068738,1.70540495204754,0.146313281561803,23.4050264846125
Germany,1998,50.1554657792327,2.08015247927638,0.0151436508552808,24.0608017564073
Germany,1999,51.519227436406,2.06358047476192,0.0646345779052372,23.7583524291849
Germany,2000,59.1955992975405,2.73729010710275,0.135431600393084,23.9639660790924
Germany,2001,59.5592863682118,1.46530767364665,0.168225361337335,22.7645716524028
Germany,2002,58.3325687248129,-0.395859338643859,0.168128319406931,20.151752302821
Germany,2003,58.9145442942507,-0.584856140854797,0.0553633035873241,19.5766263092364
Germany,2004,62.9064909465164,1.18405124273107,-0.021709727650009,19.0213864564072
Germany,2005,66.9531024934321,0.942782582208039,-0.0567782618352031,18.7355259254163
Germany,2006,72.7591934646234,3.98390753495501,-0.112797497644931,19.897946566207
Germany,2007,74.8838416816798,3.0267913002332,-0.133718572600486,20.7873433455798
Germany,2008,76.1131665945746,1.07991595041742,-0.190142844695674,20.8867329914107
Germany,2009,66.1391275757126,-5.30491661723096,-0.253383410163402,18.0064315128089
Germany,2010,73.8852351200263,4.29429269623485,-0.153198446937304,19.5310600093299
Germany,2011,78.433002901442,5.69928311502757,-1.8537146287573,21.2669872693317
Germany,2012,79.3316495670315,0.275091009850499,0.187727800567293,19.4724714926695
Germany,2013,77.5860288576931,0.12338547838786,0.272900214681538,19.7883815690324
Germany,2014,76.8483516336234,1.75510660613023,0.416877359168292,20.139488753447
Germany,2015,77.7565815686922,0.786705244581157,0.865702643950251,19.4978020945699
Germany,2016,76.0059902166055,1.40038690062336,0.807218538573871,19.7122567843741
Germany,2017,77.4548394742448,2.4144426920242,0.373724559895838,20.6909762954118
Germany,2018,79.1252260463654,0.832212527052548,0.300526701992065,21.6503641494105
Germany,2019,79.0732427175683,0.750266426253219,0.22551987421288,21.381259046499
Germany,2020,72.9335327120137,-4.21020011825779,0.0816931586494595,21.7290304632077
Germany,2021,79.9195348609851,3.86602720371127,0.0423270572552137,22.6730557200041
Germany,2022,88.7857542130501,1.83161439976671,-0.0219565701848977,23.2760146288029
Germany,2023,81.9625483787634,-0.999929288913975,0.131511079477747,21.994283425489
Germany,2024,79.0907305894936,-0.769070552658818,0.274957829184881,21.4994328905028
Ghana,1991,42.4883492637987,2.6620471162506,2.51983177629257,15.8789864096371
Ghana,1992,45.9935958613923,1.32904577852237,2.48576941139296,12.8
Ghana,1993,56.6691201156995,2.2924206369743,2.46951819870346,22.2101701918855
Ghana,1994,62.0211527377522,0.846121792203618,2.40415651514833,23.9577329490874
Ghana,1995,57.4230942889947,1.68402714615945,2.36010348077285,20.02141465743
Ghana,1996,72.2049441293975,2.18761953564251,2.33565497080505,21.1999964722587
Ghana,1997,85.4018379695892,1.74682048999631,2.37895957415826,24.8062125356045
Ghana,1998,80.5995432469935,2.18441521078265,2.43236771924415,23.1093894542091
Ghana,1999,81.7051040340528,1.882232640083,2.44120807599366,21.0005345047085
Ghana,2000,116.048430162968,1.12706117579829,2.51243583964957,23.9986004971918
Ghana,2001,110.045854160811,1.26692433665509,2.6631054412646,26.5994216024397
Ghana,2002,97.4892431746551,1.6652639048673,2.75013769977312,19.7
Ghana,2003,97.2871457139532,2.39760659496866,2.69999623325849,22.9369279766376
Ghana,2004,99.6703343472122,2.83982995857866,2.64856422445373,28.3775066840527
Ghana,2005,98.1715141146279,3.15861099530474,2.62275723095941,29.0021406363098
Ghana,2006,64.5190542439152,3.66950804093835,2.59967236461776,22.46580573765
Ghana,2007,65.3543222852532,1.69171777527903,2.57742881770877,15.3845449877747
Ghana,2008,69.5142256111434,6.41466992518754,2.5377798286274,16.4919639408033
Ghana,2009,71.5947385281523,2.26068893513001,2.49528498609835,16.4317931081367
Ghana,2010,75.3778157916824,5.30617508163762,2.43301424000427,13.1001937072805
Ghana,2011,86.2954538549695,11.3370417824575,2.40497145453178,12.8099929663177
Ghana,2012,93.1680351286831,6.67974740594653,2.4199090803465,16.967722122965
Ghana,2013,60.7593219028775,4.75796338524816,2.40927930949909,24.7715380530843
Ghana,2014,63.8365624430783,0.452244093941871,2.36498553072391,27.1650663374465
Ghana,2015,76.5212709243242,-0.208325820413904,2.30712733064921,27.7096411705743
Ghana,2016,67.8769994445865,1.04704406736222,2.27621203911157,25.4556554537134
Ghana,2017,70.5483652904116,5.78094585817396,2.19535792776401,19.5655199555214
Ghana,2018,67.9585174644902,4.01895338314475,2.07517136640112,21.7093349999065
Ghana,2019,76.824802732152,4.39063133478864,2.00780519953703,18.6472756161472
Ghana,2020,66.5754987162431,-1.46830801654092,1.99181985149439,18.2236669857819
Ghana,2021,62.7078309128346,3.03800270044563,1.95904584379494,17.0366779158262
Ghana,2022,70.1154557958907,1.8305124767942,1.92029034344132,16.4078520146146
Ghana,2023,64.3878615281647,1.19022304172192,1.90860289687983,10.1167734490213
Ghana,2024,69.7884227390592,3.62907892202038,1.87500010333119,10.0180662777629
Gibraltar,1991,,,-1.11650389005942,
Gibraltar,1992,,,-0.0743826276485017,
Gibraltar,1993,,,0.711799550133746,
Gibraltar,1994,,,0.622366626171664,
Gibraltar,1995,,,0.505347494076379,
Gibraltar,1996,,,0.400992080034465,
Gibraltar,1997,,,0.345022042311084,
Gibraltar,1998,,,0.246234191619789,
Gibraltar,1999,,,0.151783484743528,
Gibraltar,2000,,,0.0613707353064771,
Gibraltar,2001,,,-0.187840968427667,
Gibraltar,2002,,,0.627164685467723,
Gibraltar,2003,,,1.57921471055966,
Gibraltar,2004,,,1.54769798714191,
Gibraltar,2005,,,1.54811481907819,
Gibraltar,2006,,,1.46708555733008,
Gibraltar,2007,,,1.38257235844791,
Gibraltar,2008,,,1.34727869179767,
Gibraltar,2009,,,1.33910159620069,
Gibraltar,2010,,,1.3694209589518,
Gibraltar,2011,,,1.30986803185429,
Gibraltar,2012,,,1.15876879502585,
Gibraltar,2013,,,1.17327064425681,
Gibraltar,2014,,,1.24503294852893,
Gibraltar,2015,,,1.1514231987378,
Gibraltar,2016,,,1.39117589725216,
Gibraltar,2017,,,1.72897993589869,
Gibraltar,2018,,,1.76273395885819,
Gibraltar,2019,,,1.81957598739227,
Gibraltar,2020,,,1.89493160765265,
Gibraltar,2021,,,1.87597072209458,
Gibraltar,2022,,,2.01706920456894,
Gibraltar,2023,,,2.26613272520816,
Gibraltar,2024,,,2.20574495293092,
Greece,1991,37.5415185885243,1.86983417669462,1.20035253672646,26.2169148198303
Greece,1992,37.7870755959724,-0.0662990265129082,0.76388272245526,23.4523761337906
Greece,1993,36.0330301689118,-2.177150507638,0.588261919240559,22.3191586477357
Greece,1994,35.2202302292147,1.4905588001274,0.500703437870186,21.0336354720997
Greece,1995,36.1256353436075,1.62382495931472,0.467197289199787,20.7405368073224
Greece,1996,36.8209292630895,0.936690833341629,0.44067053086068,21.7600388412521
Greece,1997,39.4385486529083,3.09310260480891,0.493267144825827,21.1326433933714
Greece,1998,42.4898959577488,2.86526159290254,0.554211902922578,23.7367131010281
Greece,1999,48.1760370261319,2.26587246758952,0.383471311618576,23.2372482227425
Greece,2000,59.1126577488086,3.71272971778744,0.409041838238246,26.1132103512829
Greece,2001,56.8576339551067,4.10776514479092,0.51988446396193,25.1433571820657
Greece,2002,50.0533371904633,4.30010645802261,0.366566462148184,23.6770908566951
Greece,2003,47.8943121550822,5.54464686570202,0.238643175320258,26.1381770101347
Greece,2004,49.825317672568,5.11746949484984,0.247413542822812,25.179542966525
Greece,2005,50.3555334391407,0.887221298370648,0.293249074052818,22.1679676033349
Greece,2006,51.1047465834807,6.12419382696766,0.30033180096664,26.2902425409373
Greece,2007,54.5256818189044,3.24351376995932,0.254757581935775,26.6707144196319
Greece,2008,57.1052836264926,-0.2077841521306,0.265457836726293,24.8460183343649
Greece,2009,46.3779593986083,-4.37113631022572,0.263026401346927,18.9186670370279
Greece,2010,50.9225181997227,-5.81520524166056,0.128880432668041,18.2157587611931
Greece,2011,56.2929957941907,-9.74334160929287,-0.147951277402184,14.0714513074627
Greece,2012,62.3942117351318,-7.83408943355501,-0.540752950543684,12.2606554594296
Greece,2013,62.9547272215374,-1.56089629701783,-0.725120806658085,12.1129082926078
Greece,2014,66.4335364513677,1.46585655106406,-0.666113290031891,12.136918450953
Greece,2015,65.2716454619318,0.431225575747547,-0.658861360878339,12.0084097844243
Greece,2016,63.6575490882866,0.384851865059588,-0.415913028277122,12.4680861540635
Greece,2017,70.8824967397253,1.67402014860588,-0.197783224759792,11.8883016329317
Greece,2018,79.2379908638706,2.27195132202993,-0.202880238259165,12.9530537485632
Greece,2019,80.5900949510457,2.38497557963629,-0.105339392724138,12.0996603246177
Greece,2020,70.2937464580745,-9.00116455331775,-0.214592106571664,13.5410023084822
Greece,2021,88.0126654490379,9.98468495798464,-1.21680248998544,17.48296657419
Greece,2022,108.121843229922,6.85985632812138,-1.25988945727074,18.8094114631783
Greece,2023,92.4710882947018,2.42572335736084,-0.283349545727581,16.1682825755533
Greece,2024,89.7765279446168,2.10832570957629,-0.0213045199396999,18.2925535607175
Greenland,1991,,0.0665111452330365,-0.180018050414785,
Greenland,1992,,-4.76852354057402,-0.361011222409979,
Greenland,1993,,-4.85588178273935,-0.180995524523942,
Greenland,1994,,5.35180564040296,0.542006746933911,
Greenland,1995,,3.17099642734178,0.539084863487637,
Greenland,1996,,1.34801010307754,0.179051077378829,
Greenland,1997,,1.28773186957511,0.178731057409588,
Greenland,1998,,7.56589978093101,0.178412179350139,
Greenland,1999,,1.37788444524006,0.0,
Greenland,2000,,6.93956723449121,0.151400483121501,
Greenland,2001,,0.920568578995386,0.344693138270771,
Greenland,2002,,-1.3491298806964,0.382389334180998,
Greenland,2003,87.2971972810315,4.14298316488345,0.275263526725236,19.3560952807588
Greenland,2004,88.1524357295282,6.6303821324005,0.258691377800952,16.3169608103529
Greenland,2005,99.7079265489358,4.91926419216257,0.0650075132923012,24.1582605403359
Greenland,2006,89.6938562419079,5.85316581553596,-0.281417827094618,23.1391220816105
Greenland,2007,94.9670539629143,2.7505908652024,-0.388247200827777,30.4981506127881
Greenland,2008,107.37322125158,6.59397874864722,-0.402186876651222,40.2984137449277
Greenland,2009,85.7573657356888,0.874906570700134,-0.00887697402292811,32.2123750258059
Greenland,2010,110.472368234124,1.35611976495977,0.373924959638993,52.3533172325614
Greenland,2011,130.547942353994,-1.11918135533512,0.62773516895633,64.008714899286
Greenland,2012,100.978401084907,1.53697694464276,-0.14072121935205,37.6720801772897
Greenland,2013,95.9116681587586,-0.726861643140481,-0.577265864735276,30.0951623064425
Greenland,2014,87.0885837878503,5.09192733313645,-0.333398666658893,22.597956240988
Greenland,2015,83.1013810084573,-2.2149188822392,-0.322038549275343,24.0296661076021
Greenland,2016,85.8376729204278,4.54780858066064,0.128227978389047,24.4966719162409
Greenland,2017,84.2072558673104,0.0776647739674274,-0.0249203440297217,23.61529351157
Greenland,2018,89.7766906266033,0.89068474112419,-0.265609140509557,21.7411808603811
Greenland,2019,92.1907515607492,2.46273159433217,0.359917714454119,31.269509364495
Greenland,2020,82.6595028892583,-0.00176247850131972,0.252238303411568,33.0152180796327
Greenland,2021,83.6838572277142,1.12101711638257,0.506106194434674,37.1090109189602
Greenland,2022,93.3651328766632,1.99015372527471,0.0141200557976914,37.84070939282
Greenland,2023,91.8900994375821,0.504111002291438,0.359389425458904,35.9956193360065
Greenland,2024,,,-0.0510109860579076,
Grenada,1991,,0.544631077893825,0.83288152698663,
Grenada,1992,,-1.64061570247593,0.79943112085571,
Grenada,1993,,-2.70574496205592,0.764769591406898,
Grenada,1994,,0.948143796818869,0.735698141186243,
Grenada,1995,,1.4107174227084,0.706259245855209,
Grenada,1996,,3.72423125640337,0.686008648507177,
Grenada,1997,,4.30836321717575,0.675636393755152,
Grenada,1998,,10.998703794283,0.677705597105252,
Grenada,1999,,6.17920960237524,0.675017605197415,
Grenada,2000,,4.18122183760816,0.676075747933343,
Grenada,2001,,-2.51021033342408,0.497591980928424,
Grenada,2002,,3.0394289508191,0.385413918499282,
Grenada,2003,,8.98141669840049,0.44181066675233,
Grenada,2004,,-1.04641274220963,0.402370769308206,
Grenada,2005,,12.851921344972,0.375245239614051,
Grenada,2006,,-4.34487991607801,0.364763058562721,
Grenada,2007,,5.7518527541441,0.350771012752736,
Grenada,2008,,0.607094088064969,0.337822901198071,
Grenada,2009,,-6.91378690534548,0.322305028053305,
Grenada,2010,,-0.807153746059768,0.297971859311282,
Grenada,2011,,0.321541246692931,0.440838574124411,
Grenada,2012,,-1.76486904539074,0.619070350394075,
Grenada,2013,,1.70896295471954,0.629360962214971,
Grenada,2014,,6.73549593358203,0.566738037163935,
Grenada,2015,,5.9402683055354,0.475508745345535,
Grenada,2016,,3.33052048330798,0.39511639438688,
Grenada,2017,,4.16002295455056,0.26716646126376,
Grenada,2018,,4.13321655238465,0.218925449466702,
Grenada,2019,,0.424779227477273,0.250354079448358,
Grenada,2020,,-14.0234896211443,0.309914935427349,
Grenada,2021,,4.38638000986352,0.297817230024271,
Grenada,2022,,7.10371866166386,0.192636221230939,
Grenada,2023,,4.37658936970584,0.143593450145476,
Grenada,2024,,3.85156239409045,0.107559936614412,
Guam,1991,,,1.76132526731674,
Guam,1992,,,1.63116255707427,
Guam,1993,,,1.56448336556319,
Guam,1994,,,1.50860377751961,
Guam,1995,,,1.46752454118036,
Guam,1996,,,1.39965160010713,
Guam,1997,,,1.33559873499167,
Guam,1998,,,1.30263524924074,
Guam,1999,,,1.30483910040137,
Guam,2000,,,1.11575065774253,
Guam,2001,,,0.786577544702888,
Guam,2002,68.8862698880377,,0.609313350805491,
Guam,2003,64.023536004483,0.371012546622907,0.505144689798619,
Guam,2004,68.0020677177565,6.05626846413823,0.411688102683209,
Guam,2005,66.4372181343461,3.29235446239393,0.338234496297291,
Guam,2006,72.7701746106654,-3.92956765070362,0.287967538398627,
Guam,2007,79.4632704116443,0.456380842049214,0.259310790976279,
Guam,2008,78.2739373121511,1.772255039884,0.257433064578674,
Guam,2009,72.0173985086993,0.14856119478938,0.289273583143063,
Guam,2010,72.0347544958577,2.04892665177626,0.209801847347007,
Guam,2011,77.7889245585875,0.0650356763903517,0.0126101511883972,
Guam,2012,76.7521367521368,2.26402706379456,-0.127375540693071,
Guam,2013,79.5332468975736,1.91405054312719,-0.219683082780057,
Guam,2014,78.3600713012478,2.08830750386504,-0.289634900711689,
Guam,2015,71.3398861872737,1.18092123655293,-0.351704858120325,
Guam,2016,70.4117946110829,0.591903022530076,-0.408339926567039,
Guam,2017,69.2665890570431,1.34860712204592,-0.453432485979039,
Guam,2018,72.9631465873409,-0.333833095467511,-0.49728924043186,
Guam,2019,78.0645161290323,3.07547868580322,-0.536848682318792,
Guam,2020,63.6747802569304,-10.7119946566793,0.216072141009173,
Guam,2021,61.8383060635226,1.07830501841417,0.964756108149453,
Guam,2022,71.8668596237337,4.17726586538778,0.881705873116992,
Guam,2023,,,0.799555642468131,
Guam,2024,,,0.760437189316384,
Guatemala,1991,39.5202562231777,0.887968720143007,2.70887378380925,14.2952804419133
Guatemala,1992,45.3622490673106,2.08938748174239,2.65707563037112,18.3253187154602
Guatemala,1993,43.7789281525868,1.19079545990648,2.66822004304583,17.2462854326623
Guatemala,1994,42.3708926972021,1.29965096299168,2.66323183173165,15.6812995803929
Guatemala,1995,44.6894303422515,2.20828318179657,2.64574830362473,15.0551087041391
Guatemala,1996,40.392952957301,0.326032377839908,2.58937937554223,12.6867821057714
Guatemala,1997,41.5519511569592,1.72822661280783,2.55808378912126,13.6845417528487
Guatemala,1998,44.4237399632554,2.34123862089682,2.55860019843295,17.3955162051438
Guatemala,1999,46.3605068544295,1.26683252082374,2.51603216485806,17.353993219007
Guatemala,2000,49.1455879049537,1.17641998878537,2.37572059022903,17.8353874290357
Guatemala,2001,70.6690331769476,0.00856424754331897,2.29722223631695,19.9770448018788
Guatemala,2002,67.1048115244645,1.48647617022837,2.29188375209677,20.887908572384
Guatemala,2003,67.0023391862425,0.276550484041408,2.25198017204481,20.6215067836553
Guatemala,2004,70.2148723581872,0.87051616698119,2.22294147751077,21.1896060622906
Guatemala,2005,67.1036996082037,1.06472255613932,2.16441478461999,20.0511386188244
Guatemala,2006,67.9119237396616,3.14600619827499,2.11558878139909,21.1650083094562
Guatemala,2007,69.0013643101763,4.12107602558113,2.10656403182052,21.1695664233488
Guatemala,2008,65.1787305213103,1.1948125938613,2.05271863868285,16.6715643176913
Guatemala,2009,58.0406869738673,-1.50524953899686,1.99245795432888,13.2666014648944
Guatemala,2010,63.1251925746222,0.865525448373077,1.9815646590713,14.1641936924863
Guatemala,2011,65.0470510420457,2.10758860221354,1.99386386318175,15.4821754242397
Guatemala,2012,61.9594193352042,0.944366952930409,1.99138673642109,15.1941445941618
Guatemala,2013,56.6852490208198,1.68869465074424,1.95360189099984,15.8426344411704
Guatemala,2014,55.0832735945126,2.48328449500936,1.89511231857489,15.0711607830911
Guatemala,2015,49.8934517710689,2.20204503621608,1.83250767864618,14.8281546619502
Guatemala,2016,46.3727344722496,0.803225184137091,1.84256060230578,13.8619677416617
Guatemala,2017,46.0694033463258,1.22202117929733,1.81876091504989,13.5961014124753
Guatemala,2018,47.0116852699223,1.69836306771796,1.66602273310221,13.7904254321553
Guatemala,2019,45.5167341512863,2.44813633260803,1.52062955252943,14.3298340372808
Guatemala,2020,41.1407594507716,-3.22007713683627,1.47137710546514,13.5006823739789
Guatemala,2021,49.2611494576228,6.56016035862335,1.3807587059317,16.7682426876736
Guatemala,2022,54.4310384820058,2.72968996454634,1.40623710213146,16.5685319618267
Guatemala,2023,48.2970707467356,1.95109389659021,1.53986971917384,16.4754437049976
Guatemala,2024,47.344196760267,2.06653256614987,1.54129399660934,16.6836132749865
Guinea,1991,41.7787115678445,-1.41305426376472,4.00298960201175,12.4840120639989
Guinea,1992,34.9419059949339,0.0269116593674852,3.19168243312344,12.0355105900094
Guinea,1993,37.4482435133692,1.89332581267254,3.04542453399326,12.1794307586093
Guinea,1994,33.3418125019301,0.899451721316183,2.99788557428445,12.7907272013291
Guinea,1995,31.3044291693273,1.72503947546996,2.79434245679932,14.9449539080799
Guinea,1996,29.861424528614,1.5470699360467,2.82968670530382,14.2533946003059
Guinea,1997,29.0897874940253,3.04206463987209,2.05511135158285,14.4085318460251
Guinea,1998,33.0646236252079,1.71255766162007,1.8812346948277,13.1736985505463
Guinea,1999,32.6958994059117,1.51180792814343,2.24064838568983,13.6120568956807
Guinea,2000,36.6796954912881,0.512194741763963,1.96135964318577,14.0409789124706
Guinea,2001,40.1878781394378,2.30947074547048,1.3098114321983,11.3011270031639
Guinea,2002,38.0284032674396,3.5387047162788,1.55813303817429,9.97077078957571
Guinea,2003,35.0751269891585,-0.996648465303707,2.24251877202579,14.8250363931269
Guinea,2004,34.5950959210535,0.172593565879879,2.14071157501219,14.2157436663636
Guinea,2005,47.9377003917167,0.957366356559277,2.00041954618802,13.3976935679061
Guinea,2006,69.3862937148949,-0.903894697466356,2.09058658116716,24.5633976978161
Guinea,2007,71.1210322265015,4.37307821452357,2.31497296404672,23.4196733530526
Guinea,2008,64.1842433909581,1.64417388168144,2.41908604968745,26.2176976521342
Guinea,2009,69.8153454158123,-3.50758302722751,2.44158489420853,21.3066122469499
Guinea,2010,73.5465739340387,2.26713039266406,2.45929310036327,20.3254011637907
Guinea,2011,85.9546732708386,3.02826048764469,2.47697352651722,24.0533327443322
Guinea,2012,86.6743318322581,3.34759058991902,2.45416156342286,26.0215285191708
Guinea,2013,80.4264477180461,1.4353219620192,2.44471498509098,23.4939613943409
Guinea,2014,76.7719658952305,1.15630967477851,2.48019346390261,22.8165774180333
Guinea,2015,72.4427307469345,1.2305341257089,2.53151277572433,24.16336683296
Guinea,2016,111.839467415368,8.01216245351651,2.56690869267138,52.6698445118375
Guinea,2017,101.251633768429,7.51589992127235,2.55652318226129,22.270417145837
Guinea,2018,88.984111543709,3.68700873912611,2.54385572881799,19.5473148183264
Guinea,2019,78.4153132285974,2.9464024435663,2.56100451729991,19.7285576989784
Guinea,2020,115.765259518929,2.06694997562413,2.55139953603925,31.5164009990609
Guinea,2021,115.195532789356,2.96921009369555,2.50610419423246,16.0762705485493
Guinea,2022,94.1652726931221,1.423063279934,2.48250409145397,14.0142215654177
Guinea,2023,95.829526758227,2.9750250246767,2.46199049961035,23.4269896966463
Guinea,2024,97.7778177312748,2.85590233664557,2.39595802290484,32.102948363037
Guinea-Bissau,1991,47.7736098789209,2.88417399037313,2.13084470989571,30.9893744027146
Guinea-Bissau,1992,55.0143756809514,-1.83295371146548,2.94395441757296,48.1099242666037
Guinea-Bissau,1993,41.5863006471537,-1.21630081950958,3.3020121973914,30.8574690279429
Guinea-Bissau,1994,50.7637789858982,0.0543794271908382,3.09550207753633,21.7707041676943
Guinea-Bissau,1995,46.8104328931542,1.79752507182782,2.52438833577734,22.301054752872
Guinea-Bissau,1996,42.3601714670932,9.29819236395304,2.08411932394768,23.0520754974251
Guinea-Bissau,1997,69.4903546403129,4.48886786202216,1.90644469915242,53.9278362124338
Guinea-Bissau,1998,43.5009973080258,-23.8778523409397,1.86387310391317,30.6089755651661
Guinea-Bissau,1999,49.0994892293696,14.6207205646875,1.89630732259312,21.9445482040627
Guinea-Bissau,2000,52.7373461180145,-0.908641384543557,2.00706384351502,20.0607519051822
Guinea-Bissau,2001,47.5832172774612,2.58170548418317,2.12602969093669,18.8821713857088
Guinea-Bissau,2002,39.6760635550924,1.40014043705072,2.19833363261225,23.5961232443338
Guinea-Bissau,2003,38.0334709318917,-2.51633136885211,2.26219170729877,27.64774494114
Guinea-Bissau,2004,43.192131633446,-1.13385031185746,2.30540545476551,20.9616308959262
Guinea-Bissau,2005,45.7842315450716,4.08995783100083,2.34505544706955,18.2527613564441
Guinea-Bissau,2006,48.7605033860226,0.220591080099751,2.41122516333709,20.0790987853146
Guinea-Bissau,2007,46.2445284700147,0.0376503174978779,2.48996828898925,24.2726381660371
Guinea-Bissau,2008,45.1388893744724,1.92082759963192,2.52259007377628,17.3390259766336
Guinea-Bissau,2009,43.5957474099206,-0.124226604498276,2.54277273891846,18.3648740410824
Guinea-Bissau,2010,43.5145876385454,2.91052833964689,2.58492032110101,19.4936149100766
Guinea-Bissau,2011,48.6174602066373,5.28027330014127,2.62922766462762,15.8456824536409
Guinea-Bissau,2012,44.1280665609795,-4.29238918450449,2.65952739224803,19.3541909065405
Guinea-Bissau,2013,39.9574617805787,0.543365078897963,2.66229101877146,19.2302341915086
Guinea-Bissau,2014,46.8696583055238,-1.65358336592615,2.62731155689981,20.1399364198987
Guinea-Bissau,2015,54.3703755891285,3.4407197814937,2.57045957815277,14.6862099976075
Guinea-Bissau,2016,54.3006730474711,2.81765698941554,2.51155296505032,17.6713587535475
Guinea-Bissau,2017,56.9137475938811,2.14454305364472,2.4363257519627,18.1207259537486
Guinea-Bissau,2018,55.0195890357005,1.32710524004433,2.37405997248475,19.1670199875353
Guinea-Bissau,2019,49.9435101361017,2.89045755858285,2.34095994762157,22.6551521221886
Guinea-Bissau,2020,42.8853856881523,0.563014905333631,2.28895000835492,25.6521152299655
Guinea-Bissau,2021,44.8094556831993,2.72457259949626,2.23903878745423,21.4333735985089
Guinea-Bissau,2022,45.7584952252858,3.18985313939591,2.24235388639993,22.608438236688
Guinea-Bissau,2023,40.4745452891609,3.47783594462953,2.24529187264064,25.1622734938869
Guinea-Bissau,2024,38.8065847890015,1.87480874655408,2.20520563612008,24.9121444346833
Guyana,1991,222.609089719242,6.34617596741059,-0.271473137937932,39.7631504388441
Guyana,1992,274.973115932726,7.46331259893695,0.273740099309668,51.7513262292977
Guyana,1993,245.369438806576,7.73635100621053,0.406421315369503,40.4281413639131
Guyana,1994,222.067842666328,8.12217163524447,0.37871527455042,27.222877791562
Guyana,1995,213.32717044128,4.67607346167401,0.338922930937764,33.2286832637757
Guyana,1996,211.337532492477,7.65203166896895,0.281517111831782,31.8572069303129
Guyana,1997,209.136671614275,5.94120905202725,0.225772716999827,31.8879419916993
Guyana,1998,203.842431497026,-1.85177439532187,0.17577311579919,28.9207551153805
Guyana,1999,201.05931477536,2.83934433431648,0.117403088869874,24.9979547163444
Guyana,2000,206.767370475214,-1.40881252207762,0.0456413500238234,23.7759824891985
Guyana,2001,199.577000730114,2.32701717600905,-0.0464261972402426,21.5703446978272
Guyana,2002,196.72507835983,1.24188408073948,-0.107975187978655,20.8604990254453
Guyana,2003,189.162485631386,-0.560476505993833,-0.0721793274906879,20.952115865171
Guyana,2004,200.725286901642,1.65433601876252,-0.0895433023955464,23.5456808733306
Guyana,2005,194.350757310172,-1.7571567715639,-0.197461943777183,32.3339782741868
Guyana,2006,,5.39944024794079,-0.256336166889951,
Guyana,2007,,7.48935908253156,-0.277736358188614,
Guyana,2008,,2.05930009878752,-0.298385829541619,
Guyana,2009,,3.95757174257776,-0.333444259304938,
Guyana,2010,,4.53289275994231,-0.378060196527414,
Guyana,2011,,5.63372747844741,-0.41500411640408,
Guyana,2012,,5.25728662587919,0.0180911674723709,
Guyana,2013,,3.13748133371095,0.498962145496388,
Guyana,2014,,1.1191644103188,0.559482928582681,
Guyana,2015,,0.0833711927134857,0.601716278706478,
Guyana,2016,,3.15936322443832,0.626279284065059,
Guyana,2017,,3.06887182440371,0.643724559372237,
Guyana,2018,,1.39604562755792,2.95873919098606,
Guyana,2019,,3.25156178245531,2.0146740033225,
Guyana,2020,,43.5123463015091,-0.0227843180487706,
Guyana,2021,,18.8820438552858,0.985982406099209,
Guyana,2022,,62.1110713145037,0.751934221097092,
Guyana,2023,,33.0314424322445,0.57233513230005,
Guyana,2024,,43.0000937802239,0.571243951310838,
Haiti,1991,39.8074901808928,-0.173086383540081,2.03631743410881,24.3679814128451
Haiti,1992,32.5376884422111,-7.18236675047231,1.997247117895,22.1202164669501
Haiti,1993,48.7522666436404,-7.26639617990007,1.96485594576854,13.8373197478629
Haiti,1994,31.1336399762195,-13.6308577536038,1.92672258189762,10.2005694796458
Haiti,1995,37.8478190633142,7.82292405059231,1.90597118137502,26.0895832219771
Haiti,1996,40.223379852938,2.18145500226173,1.89933701618306,28.1304263939803
Haiti,1997,36.8940488093915,0.785892869122677,1.88596217408093,24.528756064141
Haiti,1998,36.5207867041288,0.293961772099124,1.86484829220057,26.0044129085512
Haiti,1999,41.9484795102088,0.830848511128352,1.84675522078588,27.6980391024345
Haiti,2000,27.1535220636918,-0.974737113523176,1.84581482966936,8.32239600531104
Haiti,2001,27.569933019116,-2.14318391327505,1.82314699522453,8.04811181920893
Haiti,2002,24.9396784759828,-0.729374655833098,1.77837458948683,9.49595832222187
Haiti,2003,37.1973434444641,1.6820034644329,1.75355620763416,16.6792585587853
Haiti,2004,33.7809703531059,-2.98301062977993,1.70178992075307,11.4076572923675
Haiti,2005,34.9651045038228,1.35443141019209,1.6805859467599,9.81592773095545
Haiti,2006,37.0570704128996,0.0540583442750062,1.69924650861823,14.3527712251236
Haiti,2007,34.2825489611293,2.95569722727539,1.68627123390703,9.22466753259594
Haiti,2008,36.1450381454244,0.961802640900089,1.66611362408622,12.6171620718569
Haiti,2009,33.0964998246108,4.15489282064615,1.65252529367171,12.6069242243299
Haiti,2010,44.7215241260457,-6.7459038549499,1.16672671353074,24.988217664925
Haiti,2011,44.1635704019387,3.91514494215959,1.13206279763289,20.9967494829716
Haiti,2012,40.2582414988129,-1.04324222181728,1.54988860322553,17.5092344164627
Haiti,2013,40.3325097562551,2.767509667507,1.50397078747826,17.880859322137
Haiti,2014,42.3515259071619,1.39231187945737,1.46512576303264,16.556866327765
Haiti,2015,41.9457381172044,-0.0454395053176881,1.43574035756707,13.9737286463314
Haiti,2016,41.4109022161974,0.398402974127237,1.39862723308259,13.5922278864188
Haiti,2017,42.0745477868911,1.12394427912376,1.36160662434986,16.876979845919
Haiti,2018,45.1385763027223,0.326678559605597,1.32790959369268,16.0510920039064
Haiti,2019,44.5687187758294,-2.98683711868885,1.29423660619831,18.5362500202298
Haiti,2020,37.4138801252638,-4.49816442182016,1.24109993204209,17.70308377994
Haiti,2021,37.0465594645645,-2.92695804339543,1.15604339382525,18.0480851881046
Haiti,2022,36.529550283828,-2.7846808475344,1.12789828650149,15.8621394204196
Haiti,2023,30.7854236995359,-2.99212843762332,1.15633263604117,13.8536836673602
Haiti,2024,22.2478853726107,-5.26984833324718,1.15472671204546,9.93936193656659
Heavily indebted poor countries (HIPC),1991,42.6130645280549,-1.74567910273193,2.66121711513571,15.1552023149447
Heavily indebted poor countries (HIPC),1992,44.3408774215616,-4.26649706333109,2.94375559544966,16.4550362925107
Heavily indebted poor countries (HIPC),1993,44.9019711744828,-2.81923525611086,3.17611603253639,16.4620138218906
Heavily indebted poor countries (HIPC),1994,51.7268689539487,-2.62584677795253,3.01455048174868,18.8767610614888
Heavily indebted poor countries (HIPC),1995,52.6159878409263,2.21631349301292,2.88101164923383,17.4606715202489
Heavily indebted poor countries (HIPC),1996,52.2012892515197,2.60364526993597,2.86588436332837,18.6985668503252
Heavily indebted poor countries (HIPC),1997,51.0443724353036,3.04646704422692,2.78882632789729,17.8523877109647
Heavily indebted poor countries (HIPC),1998,51.9452902339044,0.851131682783191,2.83471501264318,20.0637995102636
Heavily indebted poor countries (HIPC),1999,50.5212219572616,0.573458576314081,2.84070962359023,20.2035922312558
Heavily indebted poor countries (HIPC),2000,53.5615312286019,0.120961348602023,2.71448952208293,20.1502241027801
Heavily indebted poor countries (HIPC),2001,52.8976659047244,0.903119687621782,2.70447730584713,19.8840966705833
Heavily indebted poor countries (HIPC),2002,54.9451439312074,0.959456668167903,2.88266705470546,19.4379491214269
Heavily indebted poor countries (HIPC),2003,55.8141808305765,1.03258703620355,2.91846284171644,20.8142731507598
Heavily indebted poor countries (HIPC),2004,58.50017434195,2.82213347592565,2.82375173512255,21.4567662460463
Heavily indebted poor countries (HIPC),2005,60.1370743428907,2.57545360733313,2.84094373344625,21.6024515502379
Heavily indebted poor countries (HIPC),2006,57.1825101582769,2.74646486734298,2.85703988773494,21.537792884001
Heavily indebted poor countries (HIPC),2007,61.1210381454367,2.6088801494688,2.7576125820858,22.1863696226567
Heavily indebted poor countries (HIPC),2008,62.8148583902903,2.72233342622383,2.78258011781429,23.7491079429075
Heavily indebted poor countries (HIPC),2009,57.262246771828,0.588567068520533,2.82877092973364,22.3289693990312
Heavily indebted poor countries (HIPC),2010,61.3643010284156,3.26641047873295,2.7711118820923,23.3619073685389
Heavily indebted poor countries (HIPC),2011,63.4586803006438,1.70651215804011,2.77686446894332,24.2384445719461
Heavily indebted poor countries (HIPC),2012,63.3430134027445,1.19195688246769,2.79470685123071,25.7771277329461
Heavily indebted poor countries (HIPC),2013,59.7603520454406,2.83980357424693,2.80676664998292,26.9727346170549
Heavily indebted poor countries (HIPC),2014,58.5808670081618,2.48779695649644,2.85908732237259,27.6622914100734
Heavily indebted poor countries (HIPC),2015,56.2244183648995,1.95976181230803,2.8494534794996,27.2029531727948
Heavily indebted poor countries (HIPC),2016,53.4924824357727,1.36655383848243,2.8770019294705,26.5534026354881
Heavily indebted poor countries (HIPC),2017,52.350299328205,2.01414858279972,2.9286931607585,25.8029663092263
Heavily indebted poor countries (HIPC),2018,53.9021196500937,1.25376338614558,2.86228693391458,26.6189167706444
Heavily indebted poor countries (HIPC),2019,53.2150962375475,1.34544636612259,2.78235199383994,26.1592898367816
Heavily indebted poor countries (HIPC),2020,47.3602801354699,-2.74240733573728,2.76199816104367,24.4126323327254
Heavily indebted poor countries (HIPC),2021,51.0549807491457,1.61503082084511,2.69837604262292,24.7686807016545
Heavily indebted poor countries (HIPC),2022,55.9736105578035,2.17828012043016,2.6039305560871,25.2610760455759
Heavily indebted poor countries (HIPC),2023,52.3169493986302,0.823615591206632,2.58382569029571,23.672069211205
Heavily indebted poor countries (HIPC),2024,52.0703577519713,2.45204190896035,2.59427556820421,22.6213068055792
High income,1991,40.299971522808,0.132527079296338,0.7106129341044,25.3513889926381
High income,1992,42.9279265016483,0.840680248467223,0.723430010681571,24.5704510103982
High income,1993,41.2289648885648,0.47675533598273,0.669560806032268,23.8087527910848
High income,1994,42.1757411731074,2.33721172765786,0.622866218735956,24.120886534078
High income,1995,44.4739516400201,2.19028592561183,0.590154059857716,24.3532242390214
High income,1996,44.7627642906802,2.32103760497036,0.580703022825358,24.2009995589957
High income,1997,46.5373021995344,2.92471350660443,0.564399048952611,24.1184912371106
High income,1998,47.056977172858,2.14816730423894,0.545967004197367,23.8691283404134
High income,1999,47.7875354435668,3.03964921709859,0.519178202072952,23.9206091212563
High income,2000,52.0185301567566,3.75365217311443,0.505295213959564,24.3488695948533
High income,2001,50.6409198386634,1.07177650489025,0.508177773926126,23.2464489175871
High income,2002,49.4773198779428,1.12084095084064,0.511001412716746,22.3949875377234
High income,2003,49.7635606437455,1.76361506343883,0.522142632942797,22.3355165990294
High income,2004,52.4724541228533,2.95252457352709,0.54490657089991,22.7871567148195
High income,2005,54.6697129845386,2.44597724727529,0.541181120513218,23.2319271567015
High income,2006,57.4327010180074,2.6229016612932,0.600588417522478,23.7393209110953
High income,2007,58.5317341571335,2.20404549991183,0.667569622829571,23.8850254472111
High income,2008,61.0841636075935,-0.0072246260439357,0.69405357893488,23.4185589780375
High income,2009,53.2477126867088,-3.93801707166911,0.612949147372096,20.3267816648003
High income,2010,58.1761404718763,2.58879776004437,0.445325900959658,21.1569569817429
High income,2011,61.900071215778,1.58444263053406,0.44306732486072,21.7018639774983
High income,2012,62.2422859689237,0.888052785274041,0.588031427459731,21.6668123690303
High income,2013,61.9404059390321,1.03287289812684,0.573539512411451,21.6027272646848
High income,2014,61.8426544687614,1.60435116511219,0.542641219826129,21.9460574125494
High income,2015,60.0910197887119,1.70612240437495,0.625470745631914,22.2337703524435
High income,2016,58.4107360114514,1.23315513904949,0.603644277168812,22.057443707437
High income,2017,60.2299036444844,2.04890908935134,0.438210790774263,22.4120575016526
High income,2018,61.4493252222777,2.02904651006473,0.345942843080989,22.6594919510531
High income,2019,60.5888526671574,1.55240043806715,0.336377587378765,22.9219420651821
High income,2020,56.1043222189291,-4.14631820678774,0.266061996745819,22.6655293178501
High income,2021,60.6104593706969,5.97973355968308,-0.119081011909814,23.0772641630135
High income,2022,67.3891758851085,2.58926874968888,0.443557186924958,23.6182046611651
High income,2023,63.0258324041492,1.09060081722774,0.726145835222487,22.995274843504
High income,2024,60.8328044291344,1.25599878361366,0.683062339562105,22.6624003322627
Honduras,1991,89.5935124691766,22.521576814819,2.83669117205293,21.5461270559524
Honduras,1992,84.7584594344201,5.98144335160316,2.84070727716059,23.4645078748842
Honduras,1993,98.2484665384967,10.4560243022111,2.83932196540695,30.7930055845464
Honduras,1994,114.438113886322,25.4117088712275,2.83578425221741,33.4611674810783
Honduras,1995,114.537647463165,21.1904167257791,2.83430430416844,27.5106119916622
Honduras,1996,122.725112727964,19.5352792735659,2.82263280263084,27.2382792837506
Honduras,1997,121.466190207647,19.0501940282307,2.79758191616759,28.6162160833594
Honduras,1998,122.69670703096,8.65940440372148,2.64892008444086,28.7126482507076
Honduras,1999,121.502105602734,8.68151278385452,2.62830155529534,32.3507550525747
Honduras,2000,120.392164584236,6.65751932854472,2.73259067031821,28.2884312103977
Honduras,2001,115.943071737954,-0.0161960531288656,2.70297142800253,26.0009441315636
Honduras,2002,117.997454450299,1.0499116620788,2.64113992979828,24.2584383269359
Honduras,2003,122.248277175534,1.89850421782039,2.56598338265854,25.2808823550006
Honduras,2004,135.461758741854,3.61570269241076,2.49393448320234,29.6655573270591
Honduras,2005,136.489768018486,3.50707975469855,2.42763175756451,27.6229758897269
Honduras,2006,133.13183510432,4.08321335137572,2.35854731680492,28.3419297293105
Honduras,2007,135.070634917917,3.77627878562679,2.29767725446285,33.665300607277
Honduras,2008,135.748955193053,1.9188349629601,2.24385864950969,36.0659698365463
Honduras,2009,96.9050060188904,-4.54399131651867,2.18878854544431,20.599443751492
Honduras,2010,109.441838241682,1.5491216313325,2.12597244017857,21.8798406875029
Honduras,2011,122.216902597337,1.71164194817371,2.06679823709264,25.9999916424846
Honduras,2012,121.188215808285,2.04382616957031,2.02251270813154,24.5642087901292
Honduras,2013,116.306049247436,0.777167217053545,1.97914318489325,21.7603523031056
Honduras,2014,112.97509728471,1.0812751128465,1.93678209287486,22.1838322277385
Honduras,2015,107.26440535424,1.88202222037501,1.90365241356179,25.1179830288624
Honduras,2016,99.8157169505924,1.96051068302054,1.87756675968273,23.3771285357634
Honduras,2017,101.813111079622,2.92107278326836,1.85007611234979,24.8207131723601
Honduras,2018,103.551162215452,1.96196872528638,1.82994643094924,26.572086282814
Honduras,2019,99.4599779937589,0.71936151617345,1.81063773761993,22.9676941165281
Honduras,2020,88.0008563836292,-10.5484174868395,1.75456432541029,19.666372727561
Honduras,2021,103.372643459918,10.7029903655951,1.66825063176954,24.2309330499915
Honduras,2022,112.698524913966,2.41184551052402,1.67679658023776,26.3262317410881
Honduras,2023,98.7919798336365,1.8148973269289,1.71477388415816,22.1864309601857
Honduras,2024,91.1101585856976,1.82401839948827,1.68469129774697,22.4923355282969
"Hong Kong SAR, China",1991,231.865133953304,4.82908286187961,0.829228336445851,26.9214245728842
"Hong Kong SAR, China",1992,240.13281627495,5.34669247035933,0.839650031457883,28.176873613916
"Hong Kong SAR, China",1993,233.969130299352,4.39241266340737,1.71777073417072,27.2498684224659
"Hong Kong SAR, China",1994,237.427997065577,3.67477522795076,2.25203043111788,31.3792742066101
"Hong Kong SAR, China",1995,256.89826506739,0.36660760874021,1.98013277729748,34.2907008541509
"Hong Kong SAR, China",1996,244.85376438617,-0.267987767009188,4.43860779481101,31.800346636164
"Hong Kong SAR, China",1997,233.440294577968,4.22845216857921,0.832512854813318,34.2001903745076
"Hong Kong SAR, China",1998,221.133284508369,-6.66507453315447,0.834808807338866,29.0038636957848
"Hong Kong SAR, China",1999,220.272313145342,1.53235223822557,0.955125814331738,24.9795092484443
"Hong Kong SAR, China",2000,247.654020445592,6.7184512388573,0.881594075853745,27.58240928418
"Hong Kong SAR, China",2001,240.848977626932,-0.177510266157995,0.736962668138432,25.4912038221478
"Hong Kong SAR, China",2002,255.996457369342,1.20749745493134,0.44284682728195,23.1809524249985
"Hong Kong SAR, China",2003,292.454655919737,3.25996792728786,-0.197404126472125,22.3796401439042
"Hong Kong SAR, China",2004,326.841054589054,7.85562604957764,0.77991856230718,22.3574337350953
"Hong Kong SAR, China",2005,342.689209524653,6.92006481506586,0.436871406105885,21.0598211914668
"Hong Kong SAR, China",2006,359.208661184248,6.3474408353708,0.642270482876128,22.2851483120043
"Hong Kong SAR, China",2007,362.14946363969,5.55352397860919,0.859633272217027,21.3960754951065
"Hong Kong SAR, China",2008,376.656806171877,1.51877053317028,0.598238786949717,21.0412143694213
"Hong Kong SAR, China",2009,348.397554309339,-2.66898437200337,0.215353334344996,21.846864085774
"Hong Kong SAR, China",2010,404.770560908659,5.98640945097021,0.734446396338105,23.8904664218175
"Hong Kong SAR, China",2011,421.854706554386,4.11214756917033,0.672543291818633,24.1431842971831
"Hong Kong SAR, China",2012,430.568530415663,0.583751958193886,1.1039579972368,25.2201335356512
"Hong Kong SAR, China",2013,442.620019127299,2.68790568876102,0.401982535858444,24.0303885554212
"Hong Kong SAR, China",2014,425.975871734797,2.04318180024958,0.702370950536049,23.8224694193154
"Hong Kong SAR, China",2015,389.405949263639,1.51995547711607,0.851197911086988,21.5414797271378
"Hong Kong SAR, China",2016,371.727231773253,1.54454440525488,0.619366345332479,21.5074050489079
"Hong Kong SAR, China",2017,376.795666734722,3.00148096033243,0.768513877614955,22.0690168599844
"Hong Kong SAR, China",2018,376.892773545026,2.0272229246582,0.800230596967774,21.9946611253535
"Hong Kong SAR, China",2019,353.743521139731,-2.39668495991923,0.739283471323064,18.189947213062
"Hong Kong SAR, China",2020,350.679705044448,-6.20876017979512,-0.358932661902885,18.9818868649406
"Hong Kong SAR, China",2021,402.459681454463,7.42950941492767,-0.91177674914823,16.776482902733
"Hong Kong SAR, China",2022,384.881143223724,-2.80533347557801,-0.907914524343304,15.2299295577844
"Hong Kong SAR, China",2023,353.007500147482,0.621382102439426,2.55352466697343,16.1396966154143
"Hong Kong SAR, China",2024,359.506710667464,2.66847024053622,-0.159360467186035,15.7983669144913
Hungary,1991,58.2052641583218,-11.8870465995984,-0.00566818338922841,21.1958705871222
Hungary,1992,55.2935236018396,-3.02623555314709,-0.0391365832684134,16.6599937556592
Hungary,1993,53.4135360713045,-0.462665222231223,-0.114035594392761,20.679039803699
Hungary,1994,56.3059945915153,3.08816830633975,-0.13688310430324,22.9964145435708
Hungary,1995,78.1758915933919,1.63091759717385,-0.139220003601429,23.420550366966
Hungary,1996,83.021980635108,0.27332748929139,-0.171771608629025,25.1079029013767
Hungary,1997,94.6879101466758,3.18554631713963,-0.201458936335808,26.4418752273102
Hungary,1998,107.319335097669,4.09002256717154,-0.232679336866497,28.8224890364809
Hungary,1999,113.869532830977,3.37847426779435,-0.283260610485194,27.2873039051869
Hungary,2000,137.26231309347,4.68094650632939,-0.259764908288633,28.1973908964954
Hungary,2001,130.903714236387,4.30099676765016,-0.229379183308447,26.3575592807833
Hungary,2002,118.269335242555,5.02871060786862,-0.28475137719698,25.7468753302212
Hungary,2003,116.787088540862,4.23691963512549,-0.286433268128688,24.7088343047099
Hungary,2004,123.615686104174,5.19581258967388,-0.221439378654807,27.5022265501896
Hungary,2005,128.004810647538,4.50792078649896,-0.198878843237103,26.164171343722
Hungary,2006,149.231531568461,4.09589996478341,-0.155716484651578,26.3418856770072
Hungary,2007,155.60143236807,0.487904817715162,-0.154915158060948,24.8978381794695
Hungary,2008,158.453224115619,1.17042884387347,-0.17509736747488,25.1420059545726
Hungary,2009,145.30587733019,-6.59558642753552,-0.154908813950621,20.9966487581136
Hungary,2010,157.838960085896,1.2966366075499,-0.226013875689698,21.1892791243323
Hungary,2011,166.754347209897,2.2059103447462,-0.283360435946948,21.0337908782192
Hungary,2012,166.17569860957,-0.828646515876528,-0.516437606548041,20.2865308170944
Hungary,2013,164.476024791467,2.52439305270235,-0.481259646558662,21.8946534040546
Hungary,2014,168.358355086413,4.75555169835647,-0.402887577253118,24.4405160787979
Hungary,2015,167.290738494524,4.03310873929586,-0.35946625276649,23.8567656111926
Hungary,2016,163.97194450015,2.83749039789862,-0.388598014975531,22.0321821931455
Hungary,2017,165.032855840268,4.47743568209606,-0.338685889370073,23.2730768860194
Hungary,2018,162.700858777925,5.82146361803679,-0.203687269785053,27.0910945827596
Hungary,2019,159.925556464831,5.2087641343076,-0.125143121699401,28.6983472177676
Hungary,2020,154.527002936377,-4.09730738033811,-0.252049642963059,27.4644940725212
Hungary,2021,159.187527332834,7.66253175353751,-0.409163639262836,30.9364017933183
Hungary,2022,185.000204092698,4.43277115645731,-0.268850150860009,34.3613666532303
Hungary,2023,158.385747467469,-0.683845867847779,-0.134269181500181,26.0318946328214
Hungary,2024,146.504561505902,0.8768874226772,-0.314510077464087,23.4595838132325
IBRD only,1991,32.6698501797184,-0.416710818452287,1.66046200996137,27.2292679410059
IBRD only,1992,41.7671554933294,0.0634326119190405,1.56730475124334,27.5634607619128
IBRD only,1993,40.6640648128902,2.14392389394899,1.50269105307794,26.6015175000345
IBRD only,1994,40.1878833285828,2.08829741408927,1.45090991179324,26.7415227793129
IBRD only,1995,40.8196394051884,2.58918753988628,1.41590961196825,26.1300684431436
IBRD only,1996,40.3269026358867,3.99101783751432,1.38923824794138,25.6695529410809
IBRD only,1997,42.1415382545246,3.9586176569893,1.36469148741606,25.2272781216371
IBRD only,1998,43.5474019751579,1.29866738715106,1.33968327658909,24.3930325483117
IBRD only,1999,44.3465299420316,2.36622829696617,1.2903489689207,24.2124729515161
IBRD only,2000,48.7527803172081,4.61736814285685,1.23283602771546,24.1754746885025
IBRD only,2001,47.6852566983515,2.42131274036541,1.1916765400745,25.1049417886098
IBRD only,2002,50.0023141130175,3.33096673911182,1.13831115330932,25.3609991066546
IBRD only,2003,54.4023979565011,4.72278605128639,1.1109111240503,26.699863937035
IBRD only,2004,59.3046823102686,6.54327458968598,1.10719613630572,28.2806977176242
IBRD only,2005,60.9185341914824,6.09728595779634,1.08331441968879,27.9093774058891
IBRD only,2006,61.7955597716678,7.1924757301371,1.05619746191176,28.5467465069575
IBRD only,2007,60.5530289970981,7.86198055934848,1.01019495547298,30.0788565698467
IBRD only,2008,60.2573598266261,4.86253929644249,1.02139934985203,31.1633250540215
IBRD only,2009,50.5106893302338,1.7300984713381,1.03359717417559,31.2118809622769
IBRD only,2010,53.7907284823699,6.66817086054982,1.02685278367989,32.4177909411497
IBRD only,2011,55.4665957907094,5.24651619653007,1.04122845236582,32.9462491797257
IBRD only,2012,54.2579292543953,4.32287863985283,1.08590269928117,33.0230375808313
IBRD only,2013,53.0441880540149,4.06950703306264,1.09410017169863,33.1143393325988
IBRD only,2014,51.7753413234894,3.6795043468077,1.05616115930587,33.1298067371859
IBRD only,2015,48.4463469736626,3.28750199341236,0.992030937128853,32.7272883081193
IBRD only,2016,46.4759642047366,3.45152119561594,0.953226967586102,32.2583180711356
IBRD only,2017,47.854645281693,4.18697786701946,0.931910507109358,32.5177177196544
IBRD only,2018,50.1354302810354,3.96167218770469,0.860957217689987,33.4286531405777
IBRD only,2019,48.1269430998085,3.17320204006589,0.789332313249615,32.8792627275413
IBRD only,2020,45.3841048731267,-1.95432175518852,0.683339753441515,33.1889800374848
IBRD only,2021,50.6952082064544,7.03520467761194,0.55022908934187,34.2494004081924
IBRD only,2022,53.7445531321912,3.28605878028227,0.467464056138187,33.8347254097023
IBRD only,2023,49.4189756229661,4.30928995513091,0.486132477630617,32.8430533011866
IBRD only,2024,49.3460670857524,3.78154809238964,0.547934946841121,32.3648498598511
IDA & IBRD total,1991,33.0461875755283,-0.534452274845492,1.85078321360245,26.4217414611824
IDA & IBRD total,1992,41.8267947704023,-0.123539508700858,1.79129270062679,27.0131626551456
IDA & IBRD total,1993,40.9057464181676,1.63891654622704,1.7535633905292,26.0211403350796
IDA & IBRD total,1994,40.6195189799959,1.61740706969979,1.70212210041431,26.2146181996482
IDA & IBRD total,1995,41.3528180988126,2.29329611794071,1.67061441677802,25.4830620169912
IDA & IBRD total,1996,40.8421387808409,3.6812616742158,1.6495968126495,24.964330961397
IDA & IBRD total,1997,42.5890212026902,3.56622272389704,1.62077926002338,24.5140644877191
IDA & IBRD total,1998,43.8479319622336,1.11178720678342,1.59472455575465,23.6604115766554
IDA & IBRD total,1999,44.5650299912012,2.04729807158674,1.54726085408611,24.0575359839698
IDA & IBRD total,2000,48.8226154754502,4.17452412651159,1.49800954857451,24.009176739152
IDA & IBRD total,2001,47.8300620256771,2.17240373621799,1.46718574815845,24.879561294867
IDA & IBRD total,2002,50.0405958474563,3.10901068673424,1.43024655190937,24.992697630703
IDA & IBRD total,2003,54.2678023202232,4.33459183906734,1.40815543573873,26.2945758148985
IDA & IBRD total,2004,59.0352305707308,6.14849548771991,1.3995656463641,27.8194909258036
IDA & IBRD total,2005,60.6114706257582,5.69320363574735,1.38142434849918,27.4924696714237
IDA & IBRD total,2006,61.4398436775892,6.67019716154489,1.36983007329521,28.0766848961509
IDA & IBRD total,2007,60.348928269262,7.26189311239807,1.34271177360178,29.6090184093609
IDA & IBRD total,2008,60.1849238257291,4.4506918730238,1.3474837589127,30.6726089305233
IDA & IBRD total,2009,50.60967005399,1.58090342046616,1.35317379829476,30.7125695526643
IDA & IBRD total,2010,53.7546441417426,6.20024474371512,1.34740543625619,31.8992396778305
IDA & IBRD total,2011,55.4895656665013,4.75032638698477,1.35337050901708,32.4592506277882
IDA & IBRD total,2012,54.2840904270573,3.86899767378537,1.37117454601056,32.5983286213212
IDA & IBRD total,2013,53.0190988325055,3.81789089987232,1.34051785425203,32.6773480473767
IDA & IBRD total,2014,51.7399193626658,3.45463119062677,1.31718284995054,32.6493348282079
IDA & IBRD total,2015,48.423697900668,2.93147529148001,1.27145489300496,32.269984923992
IDA & IBRD total,2016,46.4102561070108,3.04848084332204,1.2529411198776,31.9383289346912
IDA & IBRD total,2017,47.7712303341788,3.76975883882243,1.24778380788228,32.2818393366271
IDA & IBRD total,2018,50.093341224051,3.56791881445433,1.20461574479516,33.1900574597299
IDA & IBRD total,2019,48.1615135685922,2.78510519634752,1.16164365882852,32.4247170082042
IDA & IBRD total,2020,45.3062155810799,-2.39119409220243,1.08975675424835,32.6845690534098
IDA & IBRD total,2021,50.5233764598286,6.29752695740655,0.987844191672511,33.8431613881867
IDA & IBRD total,2022,53.6207752287313,2.87762714178284,0.917750690506847,33.4516322821642
IDA & IBRD total,2023,49.3665348344317,3.71469879343324,0.934540925739607,32.5914198082503
IDA & IBRD total,2024,49.2334978325309,3.32850849586033,0.982261958297795,32.2590904446603
IDA blend,1991,,-1.07895320281806,2.99277267931401,
IDA blend,1992,,0.0321748400512405,2.81824472222734,
IDA blend,1993,,-2.89997914233979,2.72760434160788,
IDA blend,1994,,-1.76095457682923,2.70089123942507,
IDA blend,1995,,-0.434963752127032,2.70943278592163,
IDA blend,1996,,1.95728537000686,2.7236060348367,
IDA blend,1997,,-0.243570423845881,2.67702331742095,
IDA blend,1998,,0.108663748833095,2.6459907112148,
IDA blend,1999,,-0.562213907125681,2.57316426271905,
IDA blend,2000,,0.867799913654977,2.59904378351575,
IDA blend,2001,,1.26474256081457,2.63724071563121,
IDA blend,2002,,3.76207698804423,2.50689383480259,
IDA blend,2003,,1.97607919536887,2.4699335570923,
IDA blend,2004,,4.71306371505553,2.51590073315121,
IDA blend,2005,,3.36396577478646,2.48755830806061,
IDA blend,2006,,3.12816648885197,2.48740980404259,
IDA blend,2007,,2.7145617170298,2.60160016341566,
IDA blend,2008,,1.48065028815239,2.62206504118019,
IDA blend,2009,,3.1825208799096,2.58237606232384,
IDA blend,2010,,3.27375185202381,2.55223333507348,
IDA blend,2011,,1.68403729203021,2.44073708608087,
IDA blend,2012,,2.14873683820251,2.27640450531804,
IDA blend,2013,,3.44773291093739,2.1278380689323,
IDA blend,2014,,3.57212002326628,2.07692400692233,
IDA blend,2015,,1.7546859479457,2.02401684941257,
IDA blend,2016,,0.283386002644619,1.9603728587418,
IDA blend,2017,,0.764984608084958,1.97875951411748,
IDA blend,2018,,1.80525454130611,2.00142239236433,
IDA blend,2019,,0.998562412035241,1.98455712089246,
IDA blend,2020,,-5.21174570136725,2.00303566755831,
IDA blend,2021,,2.21278970215491,2.01581444092209,
IDA blend,2022,,2.75662207523193,1.96732800737651,
IDA blend,2023,,0.891054477124868,1.89932789494521,
IDA blend,2024,,2.12493970654644,1.87305223436203,
IDA only,1991,38.6678916615468,-0.190210461331816,2.39221721779017,16.1203486645847
IDA only,1992,40.9472439769636,-1.49824200721827,2.58076466977392,17.0333076284552
IDA only,1993,44.3616186988742,-0.499403956021311,2.71339845836562,16.5839998678112
IDA only,1994,48.2259489736851,-1.29948556384713,2.63316069314933,17.4767957650986
IDA only,1995,51.8027765629677,2.52506279972681,2.58301285749477,18.2006943766598
IDA only,1996,51.6626184588078,2.561394077809,2.55768255711686,20.412085094923
IDA only,1997,51.1374403537954,2.89715754452293,2.49648138966611,19.7445572857925
IDA only,1998,50.7386267737468,1.7889495461024,2.45021805245126,20.7489934286796
IDA only,1999,51.1439432760515,1.62326742390253,2.40981023735852,21.7698057672538
IDA only,2000,54.8349856379954,1.93994402917532,2.34854445880951,21.9366660910614
IDA only,2001,53.4245750964309,1.73974448700224,2.31855032023925,21.5738809960606
IDA only,2002,53.4929716659376,2.03200281632216,2.39970723041037,21.572127103127
IDA only,2003,53.4730032317296,2.93990009566356,2.39326866020737,22.3922144137084
IDA only,2004,55.8421917780795,3.60901675137085,2.31025487425802,23.2847016091289
IDA only,2005,57.9159289823862,3.97854148863588,2.30751084679531,23.5299427449253
IDA only,2006,56.9029494496944,3.90774818880126,2.3479815454091,23.4269814773944
IDA only,2007,59.4278805416553,4.02715698210289,2.31685890390074,23.1805518239722
IDA only,2008,60.9511239732124,3.55985347689436,2.25846394989286,23.8468171305974
IDA only,2009,54.5821280639105,1.87010755387477,2.23538374433205,22.8539661151496
IDA only,2010,57.2130400452252,4.08990370702564,2.22682654798599,22.5553136992966
IDA only,2011,60.8583944007916,1.93348067500152,2.23711970600309,23.2321368031053
IDA only,2012,60.991283613237,0.140399465290628,2.21097056287362,25.3181340912645
IDA only,2013,58.9182515275565,2.73821140835197,2.05074098901576,26.8895188966574
IDA only,2014,57.6195103933599,2.81611652292635,2.09800637649937,27.2644007930248
IDA only,2015,54.040709566092,0.849661851719617,2.12697725862797,27.1223964006404
IDA only,2016,51.1473537865157,1.92233042853556,2.20971743476633,28.126754630586
IDA only,2017,51.7075841083153,2.88005063090972,2.24706514723399,28.8239308993086
IDA only,2018,54.0586875395731,2.50663726685731,2.27154640531689,29.9076529507047
IDA only,2019,53.2718483717597,2.42125194358947,2.31709176294693,29.4680403502292
IDA only,2020,47.9978674635589,-2.65010535332698,2.3171136555466,27.9658946730158
IDA only,2021,52.2141944463882,1.35482688702757,2.25619435678086,28.8080739704909
IDA only,2022,55.0014002268337,2.03977680626963,2.19662188245943,28.9935793256264
IDA only,2023,51.9779303371641,0.986851347088958,2.22119871435399,27.1509641578148
IDA only,2024,50.8387342879846,2.2436999555934,2.22399091231546,26.5298147294563
IDA total,1991,,-0.554659610585901,2.59874343862315,20.8445680871342
IDA total,1992,,-0.621856222207668,2.66265680715849,21.8773212063613
IDA total,1993,,-1.80565670667499,2.71830122563143,19.940736796344
IDA total,1994,,-1.53546250681373,2.6565422877494,19.7298100875911
IDA total,1995,,0.955533751795514,2.62668264697461,18.0168725432547
IDA total,1996,,2.27170757906387,2.61505308260361,17.6789060378265
IDA total,1997,,1.26417131805137,2.55897723156811,16.7241217122719
IDA total,1998,,0.944338875270077,2.51806951397585,17.1463636435874
IDA total,1999,,0.515835343253883,2.46649239877153,22.820506174676
IDA total,2000,,1.43037185847608,2.43558263152972,23.3702505244014
IDA total,2001,,1.54976659889412,2.42948780707826,22.7704015880261
IDA total,2002,,2.93021563407183,2.43707115317124,21.2762496960058
IDA total,2003,,2.45803866042746,2.42000909886359,22.1432065042127
IDA total,2004,,4.20849425475085,2.38204935551316,22.4171130477499
IDA total,2005,,3.69304210417563,2.37044741199863,22.3109818388042
IDA total,2006,,3.53103096521265,2.39677009897306,22.0978061127703
IDA total,2007,,3.40225615238914,2.41663261186816,22.3740171387657
IDA total,2008,,2.55843508462181,2.38613867438538,22.9202976076749
IDA total,2009,,2.57529070939384,2.35750751248578,22.8996624774151
IDA total,2010,,3.73049106460621,2.34160294661654,22.2144268413509
IDA total,2011,,1.83909943166296,2.30906195939448,22.0581847994913
IDA total,2012,,1.15420314988755,2.23410985084653,23.3154165716104
IDA total,2013,,3.10863723591544,2.0780172515233,24.040327645793
IDA total,2014,,3.19553747415739,2.09054627133134,24.3320004173763
IDA total,2015,48.0045817630678,1.29317871794383,2.09055878586563,25.166109162971
IDA total,2016,45.1943421429191,1.04794827100014,2.1216213036709,26.9710473458562
IDA total,2017,46.219631006171,1.77091780292187,2.15242847663251,27.9878029254887
IDA total,2018,49.3104437400923,2.11616674274065,2.17643431951456,28.7965927978922
IDA total,2019,48.804557983678,1.66602224653883,2.2002330497674,25.9888872740387
IDA total,2020,43.8780009870546,-3.95326879417787,2.20697227672982,25.5623644970318
IDA total,2021,47.3725889536315,1.73771239659565,2.17204922002576,26.6974393927552
IDA total,2022,51.3326796915021,2.35620216524592,2.11647988754299,27.0553793045456
IDA total,2023,48.390511739078,0.89510467414307,2.10890112852526,26.9981281822463
IDA total,2024,47.1091193479508,2.13633355241049,2.10181988211952,28.6166075858106
Iceland,1991,60.8702680765282,-1.37340662912069,1.15914942010018,21.5449985523037
Iceland,1992,57.8570070035451,-4.58053143553516,1.25663207739645,19.4723815157361
Iceland,1993,59.4790808364344,0.288501985344382,1.01681192843817,18.1896405377412
Iceland,1994,63.2886233208855,2.7146204899408,0.866835946606811,17.2152184609068
Iceland,1995,64.3005949240328,-0.425046357711153,0.542467997811547,17.5771002221107
Iceland,1996,68.6955297848167,3.93497734946855,0.539913016609299,20.055046687195
Iceland,1997,69.2597923595091,3.29123630944122,0.819197091458816,21.3593693970198
Iceland,1998,70.7676395257416,5.87066560158962,1.07085904319717,25.462234584976
Iceland,1999,68.4725808469369,2.64917861744279,1.20923878595741,23.2450819899207
Iceland,2000,70.2477741981669,3.47861640541853,1.36919283329812,24.6194667661392
Iceland,2001,73.9395325755249,2.46972063629258,1.32929525456819,22.6569252253114
Iceland,2002,68.7108314689249,-0.351156727256466,0.892596377462957,19.5095367275369
Iceland,2003,67.4009987460124,1.57552048118407,0.692497620476186,21.1252538271133
Iceland,2004,69.7326204452496,6.68188294901493,0.8779361576874,24.596069073569
Iceland,2005,71.2106793861355,5.34851964673268,1.58289197780465,29.1309380362617
Iceland,2006,76.6308537686708,3.21994146791231,2.34742243028387,35.9714130790896
Iceland,2007,73.6249668831341,6.0245936089685,2.53008548940662,29.6512685107527
Iceland,2008,81.9027481853952,-0.174091482130947,1.85957217059918,25.8874469911237
Iceland,2009,89.00144405735,-8.63377661962879,0.341241978970882,14.7799889271266
Iceland,2010,92.4901528110187,-2.08101145067769,-0.143903000294037,13.8337714379496
Iceland,2011,100.133252648313,1.07078538162074,0.305468368224399,15.3142065291421
Iceland,2012,102.433137099998,0.632418770044652,0.532100734916982,15.8900528697338
Iceland,2013,97.6980221861272,2.62166783315034,0.945885900369151,15.0113948829854
Iceland,2014,95.2879194201667,0.786303485429585,1.11250475522796,17.0733671860941
Iceland,2015,94.8888027460231,2.69299664107407,1.04194038662969,19.1932461301069
Iceland,2016,87.7600165983392,4.75387973177391,1.38808149583838,20.8155538899524
Iceland,2017,86.3585336945067,1.08598544714937,2.34558267643862,21.5754325297001
Iceland,2018,88.934996973139,1.89500633642427,2.67814276922904,22.1950214764255
Iceland,2019,83.7923659518443,-1.06147502015334,2.19893225826166,20.2034835852927
Iceland,2020,68.6550233460548,-8.14886569197427,1.6230862512591,21.046340093825
Iceland,2021,76.2317249850944,3.47038534143127,1.6393166402584,22.8196745543488
Iceland,2022,93.0487199615013,6.11928417467047,2.51377343254216,24.2511352122354
Iceland,2023,87.4049419122047,4.18792511132344,0.953546915490719,25.1512117728756
Iceland,2024,85.9671932681303,-1.18666721611689,0.218346070592545,26.1116569910227
India,1991,16.9877265511351,-1.11028105297254,2.16777668657973,25.1405052782292
India,1992,18.433099041828,3.25939544010092,2.12998519274824,27.44020415513
India,1993,19.6515397864684,2.57408951744785,2.09986069412181,22.716410511618
India,1994,20.0781443769255,4.50057521481919,2.04435418122792,26.3101665553988
India,1995,22.8674487062499,5.4307028028752,2.01296632914892,29.1523371515588
India,1996,21.9294878713867,5.42226141059896,1.99775909414655,22.7592531809279
India,1997,22.6193868670479,2.02374489021264,1.966425183613,25.6927329065132
India,1998,23.6994700790647,4.14849485733681,1.93596384442712,24.9753699423901
India,1999,24.8155980442929,6.79504192468139,1.90202919152067,30.9580879683861
India,2000,26.9009229104474,1.90763005816579,1.87939826197393,25.677316683955
India,2001,25.9932547534365,2.88134658268626,1.87060822112685,29.9078889827325
India,2002,29.5086629350614,1.94070548515326,1.81129424097937,30.2513001207186
India,2003,30.592436132908,6.00579964314747,1.73438204419235,30.8396999424416
India,2004,37.503814059447,6.09996522450102,1.7035704679088,35.0964917017773
India,2005,42.0016696148691,6.17702892486365,1.63142146860079,37.4282640165983
India,2006,45.7244804992652,6.38367720854581,1.56412522526913,38.9985063717532
India,2007,45.686268679348,6.05160013740698,1.50599144392136,41.9507982267334
India,2008,53.3682204392226,1.61413451702882,1.43877181746736,38.4224196528192
India,2009,46.2728696428837,6.31340985793889,1.44601731955273,39.2567917551336
India,2010,49.2552064974161,6.93079780415253,1.45460361883041,39.7856241847736
India,2011,55.6238800135298,3.76074153145865,1.41682761544376,39.590421855219
India,2012,55.7937217287511,4.01726735836323,1.37405616603306,38.3474156730403
India,2013,53.8441319466777,4.97769997302639,1.33270430507476,34.0231978997548
India,2014,48.9221857470669,6.06398074162718,1.26129027125347,34.2678056268836
India,2015,41.9229138658647,6.71566734640226,1.19285563384335,32.1167301358276
India,2016,40.082485713276,6.97394690929247,1.19162966402099,30.172690580036
India,2017,40.7424969545225,5.561185034605,1.1623961434697,30.9821728344733
India,2018,43.6169693323889,5.29211971914722,1.09729906702925,32.3432182154485
India,2019,39.9054035306442,2.79675759965889,1.04001395098104,30.0961975685688
India,2020,37.7581053292768,-6.69047102833747,0.973438646910149,28.9223840080659
India,2021,45.4230887840446,8.79093447676263,0.822648220128724,32.1158221755014
India,2022,50.0752701498882,6.76238601727897,0.790200540609834,33.6192585388984
India,2023,44.9928422877561,8.23053143349361,0.883289539766135,33.3623103638844
India,2024,44.6492935069676,5.55042158511394,0.890706546985984,32.9141372549127
Indonesia,1991,54.8395648805761,5.03614580488336,1.77013689509296,31.8694254830288
Indonesia,1992,57.4274341101528,4.66756863412716,1.7332257161332,30.1758273386831
Indonesia,1993,50.5233858882307,4.69961217882648,1.70158442607601,28.2806731118536
Indonesia,1994,51.877101049475,5.74209717065936,1.6859518715422,29.5706877484337
Indonesia,1995,53.9585900635426,6.43541890424098,1.66278546327292,30.4298110883689
Indonesia,1996,52.264743657148,6.05859636441346,1.64546182640737,31.6023606375148
Indonesia,1997,55.9938588086777,3.01090769720686,1.62630782020292,30.3076757881764
Indonesia,1998,96.1861923602686,-14.489150562289,1.58071800042293,27.4295066667294
Indonesia,1999,62.9439128601924,-0.712606708277562,1.50317096427875,22.1387593118175
Indonesia,2000,71.4368759173731,3.4278636272189,1.43244007763682,22.2456969315568
Indonesia,2001,69.7932075256238,2.21481343921472,1.38801892806803,22.539266316067
Indonesia,2002,59.0794617663723,3.09230929876641,1.35572575488289,21.4040702075173
Indonesia,2003,53.6164937473016,3.40244595178829,1.32378197652859,25.5984983869787
Indonesia,2004,59.761294836691,3.7043674512371,1.27101139474106,24.0563663747717
Indonesia,2005,63.9879358688635,4.3443558422024,1.28380661170743,25.0814099389568
Indonesia,2006,56.6571268148867,4.11201890218061,1.32525502272966,25.4002172943548
Indonesia,2007,54.8292499782075,4.94958392275811,1.32086532413059,24.9202838487256
Indonesia,2008,58.5613996312961,4.64721758277069,1.29735043016571,27.8162445798583
Indonesia,2009,45.5121213687054,3.31160021271401,1.26698625068088,30.9851924139981
Indonesia,2010,46.7012738758737,4.89326246908787,1.26054140134601,32.8801214533558
Indonesia,2011,50.1800131841104,4.82294276512758,1.27668830646548,32.9843332593045
Indonesia,2012,49.5828982992627,4.67540374198676,1.28583816632167,35.0715936108893
Indonesia,2013,48.6373726752893,4.25603923226443,1.24038001568984,33.8313567879018
Indonesia,2014,48.0801755855227,3.77968595157438,1.17536091203837,34.6003439149803
Indonesia,2015,41.9376402415294,3.70583428895539,1.12233981761262,34.0627921803386
Indonesia,2016,37.4213418023318,3.91054275495577,1.0744882002252,33.8587393039462
Indonesia,2017,39.3554970704606,4.00109865179923,1.02232939771064,33.7105947957751
Indonesia,2018,43.0743089552002,4.15930013909383,0.969743409524713,34.5705858319707
Indonesia,2019,37.6277775357108,4.0413041818536,0.935604959235128,33.7801423773995
Indonesia,2020,32.9721754002427,-2.89423403981894,0.849801187379341,32.3434120537481
Indonesia,2021,40.2047582749671,2.97476192227879,0.704601321926319,31.4488724858485
Indonesia,2022,45.4646701959453,4.52447576618876,0.746050469653246,29.7453138212259
Indonesia,2023,41.3362868707652,4.16753001019646,0.842666137328498,30.3425864737035
Indonesia,2024,42.572647301834,4.1790017564892,0.813871513351669,31.396354183511
"Iran, Islamic Rep.",1991,44.1941716478042,9.69687907443604,2.71517805230603,42.1745793936032
"Iran, Islamic Rep.",1992,40.3979272522381,1.2753229636286,1.9775061761777,42.1998932885281
"Iran, Islamic Rep.",1993,46.0408643243691,-1.82171593144423,0.356575347965537,30.3952910243117
"Iran, Islamic Rep.",1994,41.6091363981328,-1.88532440370534,0.190450849489937,23.2945876948872
"Iran, Islamic Rep.",1995,35.1442449159574,1.27346796269859,1.10724517815505,30.1801718644517
"Iran, Islamic Rep.",1996,35.2212991546042,5.20766542268932,1.08043248596744,37.7860855954427
"Iran, Islamic Rep.",1997,32.6495581116416,0.14269505881002,1.19876929995268,35.5428395113477
"Iran, Islamic Rep.",1998,29.2282196463134,0.68737125932347,1.37365526787202,33.8589348069767
"Iran, Islamic Rep.",1999,34.8854141345934,0.560168989485433,1.4243001822483,32.5416653826154
"Iran, Islamic Rep.",2000,41.2572474638031,4.29451656429561,1.47619563346635,35.1005334892763
"Iran, Islamic Rep.",2001,40.535566479523,0.823553037936534,1.54382818918331,35.2518166911727
"Iran, Islamic Rep.",2002,48.1726865520657,7.19000975928768,0.82578098646242,39.0541109969948
"Iran, Islamic Rep.",2003,50.6791057753261,7.44180127291611,1.10838882782602,42.1052670447947
"Iran, Islamic Rep.",2004,51.3138573265888,2.12837885127104,2.13922055681238,45.9987878391338
"Iran, Islamic Rep.",2005,54.4404952635536,0.931246313659614,2.21304950909032,38.7176635773832
"Iran, Islamic Rep.",2006,53.1673587143845,2.76183106993244,2.15444092874448,38.6491173626565
"Iran, Islamic Rep.",2007,49.8873069225934,6.40171006806331,1.63508865342221,39.7289451366129
"Iran, Islamic Rep.",2008,48.2294027741438,-0.959303455562093,1.214476845232,41.7574530941627
"Iran, Islamic Rep.",2009,43.6995802243585,-0.239219321569081,1.24185106066412,40.8981709173692
"Iran, Islamic Rep.",2010,43.7706437371399,4.48194624429263,1.25167392158024,40.262449246465
"Iran, Islamic Rep.",2011,41.2194147918578,1.38495950276369,1.2358675452331,36.0168035751403
"Iran, Islamic Rep.",2012,44.0893466807452,-4.94408603979183,1.25130743376216,36.3509581769324
"Iran, Islamic Rep.",2013,47.0867179194755,-2.80061992960059,1.30690505728311,34.9452115156879
"Iran, Islamic Rep.",2014,45.3514201413161,3.58412137758084,1.343129076071,36.9396571448965
"Iran, Islamic Rep.",2015,39.42258866118,-2.75798228082138,1.36159478810594,31.9824085202657
"Iran, Islamic Rep.",2016,39.8772417738866,7.26636493161325,1.43348558597155,33.8794450615252
"Iran, Islamic Rep.",2017,43.1556931383906,1.55521443456146,1.43870442098455,35.340529085025
"Iran, Islamic Rep.",2018,56.6153496142829,-4.96761764341849,1.27524656861717,36.2050901154488
"Iran, Islamic Rep.",2019,48.5917712137038,-3.40863263146464,1.07831720901251,40.2029489850244
"Iran, Islamic Rep.",2020,43.8844674905013,3.64198271829557,0.768757498195729,47.9209340647566
"Iran, Islamic Rep.",2021,42.672379536261,3.26912440288719,0.831029236943935,41.493032546299
"Iran, Islamic Rep.",2022,48.9183508223052,3.10702656058911,1.20100285857304,40.7255733512162
"Iran, Islamic Rep.",2023,49.3935500960203,4.07166849975252,1.20408185634218,43.772806898094
"Iran, Islamic Rep.",2024,52.0621306794348,2.57740906823993,1.05286922170537,44.3461376412017
Iraq,1991,3.79114096995166,-64.4235820475039,1.05265532486063,-12.8800799027598
Iraq,1992,1.9211456331597,28.7262616646537,2.95901898094252,31.790990058067
Iraq,1993,0.544696684469833,24.1804989009327,4.80252830355296,59.3409418837862
Iraq,1994,0.0995823619218853,-0.985588929012721,4.77257876446699,58.1720491835802
Iraq,1995,0.0209992321838355,-1.24405312450729,3.34971793938993,51.4444088864748
Iraq,1996,0.0268884829090311,7.53308314950148,3.19188913877724,58.0119326410892
Iraq,1997,106.188169939941,17.5462697125811,3.09229881638508,4.20360065470786
Iraq,1998,132.243160520961,30.8254376046276,3.14180487468003,7.39214687039576
Iraq,1999,138.314601242921,13.8387011482436,3.23378577144745,38.3922988120077
Iraq,2000,125.336595640904,13.0301611362924,3.27752785249419,29.1473474951006
Iraq,2001,126.780255976775,-1.35847551126994,3.1189728301308,43.4222872253888
Iraq,2002,119.762047746987,-11.0582696179366,3.15904988797352,18.2268757348604
Iraq,2003,154.234525288266,-38.5382182871903,3.01523235753789,10.6509542219875
Iraq,2004,120.233977121676,49.0738525824483,2.85128305805808,16.916898692748
Iraq,2005,115.742540308642,-1.29394759634579,2.96374347121646,22.1552649539445
Iraq,2006,89.6505198581778,4.86652515076509,0.733263441372763,18.9175988102635
Iraq,2007,74.092853105498,2.69566336957755,-0.789042539847969,9.34171909242017
Iraq,2008,81.0555432665835,6.06351402987207,2.02029989529593,15.1841021528875
Iraq,2009,78.6873788189898,-0.359808708496018,3.6839129631095,11.2966377544437
Iraq,2010,73.4974796202443,3.01924651269078,3.23138521802744,15.8678653909697
Iraq,2011,72.1713282233655,3.81441942451566,3.53181678520421,16.7595018107714
Iraq,2012,73.6086845912812,8.88055394419878,4.53892168180122,13.4461715093466
Iraq,2013,67.4100184095672,2.6646473210161,4.7215668344982,20.2677398214538
Iraq,2014,68.9824868569036,-1.2842545257663,3.53101933211143,18.2159749362255
Iraq,2015,69.5917685983115,-0.153622231589026,2.72710976935126,20.359651707882
Iraq,2016,54.588320188677,11.0984155585203,2.39151227352058,17.8772047937279
Iraq,2017,59.7809123923157,-3.98546687274897,2.23055046409754,17.8524768622366
Iraq,2018,65.8017917701083,0.267762550620816,2.33235769663486,17.5854705162866
Iraq,2019,68.9899384202806,3.14043943264693,2.27501115691232,22.7407245883586
Iraq,2020,57.742316395146,-13.9675322686437,2.21938669515023,22.3468589955872
Iraq,2021,61.5032683117218,-0.74745630947109,2.24127347113109,21.4281806177489
Iraq,2022,68.75879409409,5.51097802061808,2.29369659225826,24.3148601227151
Iraq,2023,69.4613207990167,-1.72015237086252,2.25148890849618,24.0865197018349
Iraq,2024,70.7087434748943,-3.6151190083088,2.12476784890538,28.2290697048236
Ireland,1991,106.440213904397,1.34529973280557,0.574927781205802,19.6727224029314
Ireland,1992,109.545448391468,2.64060735516456,0.6822567779864,16.6369288990548
Ireland,1993,116.602680107501,2.18058988451753,0.499840487112985,15.4691943027022
Ireland,1994,126.488901394528,5.33977212868584,0.394187638653739,16.5139818932744
Ireland,1995,136.103124359691,9.07376955347061,0.512695055318523,18.8729999996348
Ireland,1996,138.868118491507,6.53331318104139,0.791271346994459,20.5306172977767
Ireland,1997,142.269442155283,9.91398623109119,1.00281473521859,22.2290100151542
Ireland,1998,157.772368187148,7.63750483455645,1.04307683611147,24.0979632507511
Ireland,1999,159.870974760171,9.2908795084814,1.12729955649471,24.6355061654085
Ireland,2000,174.954518071287,7.95480656981979,1.33304266586712,24.5079507553549
Ireland,2001,174.840711101871,3.64246980676886,1.59215149039299,24.2562415894467
Ireland,2002,163.719329359615,4.12975527664135,1.68514885730282,24.0825971908065
Ireland,2003,146.531474021275,1.34938713225839,1.62895096193019,25.7442230479854
Ireland,2004,146.587496370071,4.85345751357542,1.82831381790901,27.2182633667919
Ireland,2005,148.175564253129,3.46094094006261,2.17870301355631,30.3097495862833
Ireland,2006,150.021785809265,2.19518952781192,2.69600564359576,31.8932052929498
Ireland,2007,153.396847068025,2.30923113199,2.89096000464164,29.2481055759668
Ireland,2008,160.039420132474,-6.41164613131696,2.03870801117202,24.6670937529866
Ireland,2009,173.591474874665,-6.05481156494983,1.01566327592341,20.3036687538517
Ireland,2010,190.08027278672,1.13042386118924,0.544884384079014,17.2913563758605
Ireland,2011,186.304879179038,1.166742916706,0.436072439258428,17.1044449032773
Ireland,2012,190.355682317985,-0.826164036751607,0.4237438032978,19.8882110372842
Ireland,2013,199.742586224446,1.65624859275668,0.526556158855653,18.3655706866444
Ireland,2014,211.181602002085,8.58909717383906,0.731001376585771,21.9360604785157
Ireland,2015,223.702938290642,23.4520270725761,0.944845307474728,26.0839383373545
Ireland,2016,239.708527798768,-0.0687294094505688,1.28405485082411,35.6293704495612
Ireland,2017,233.304083346711,8.63259519638329,1.34979886553997,34.0348773847935
Ireland,2018,222.453716000399,6.13694267880518,1.45141079540844,28.1743871487953
Ireland,2019,257.652772910421,3.31840085150145,1.58865409604595,53.7020817171995
Ireland,2020,258.780437026252,5.80801946810749,1.26378913010119,42.5912041670915
Ireland,2021,231.032350863586,14.6467292457005,1.39579966615221,23.031901720559
Ireland,2022,237.755419559378,5.40228269492256,1.98101664069715,22.8840856405086
Ireland,2023,239.649627585111,-4.34749825420604,1.87573900211149,26.6582803909323
Ireland,2024,246.169874857401,0.997438539135004,1.57375843711631,18.2483791335529
Isle of Man,1991,,0.30669388521072,1.2860244711094,
Isle of Man,1992,,0.0191402471247955,0.777681019315905,
Isle of Man,1993,,1.99256058992141,0.593801567634365,
Isle of Man,1994,,3.42131414665177,0.557983693730622,
Isle of Man,1995,,3.79682396662615,0.483597216679532,
Isle of Man,1996,,6.90175224377177,0.743943247223677,
Isle of Man,1997,,7.31602122799377,1.1893404357479,
Isle of Man,1998,,12.0370958218258,1.29728602762707,
Isle of Man,1999,,12.2876785621037,1.24992377427321,
Isle of Man,2000,,4.09055253299996,1.15522158904352,
Isle of Man,2001,,4.27400134298588,1.07405640261461,
Isle of Man,2002,,5.10192250991517,1.03935218980227,
Isle of Man,2003,,4.94881389767924,0.996634656137498,
Isle of Man,2004,,4.20797850373191,0.947463428784622,
Isle of Man,2005,,4.93577075888795,0.914679040487355,
Isle of Man,2006,,6.6564512619359,0.973663908803054,
Isle of Man,2007,,6.36998309806449,1.05674263402304,
Isle of Man,2008,,3.77208525293702,1.08105185778631,
Isle of Man,2009,,0.979767326548526,1.10325545585427,
Isle of Man,2010,,2.24854803434695,1.1198352163156,
Isle of Man,2011,,1.38472598626136,0.605035871432298,
Isle of Man,2012,,7.3636916765798,-0.0557146004442705,
Isle of Man,2013,,4.38197664616249,-0.230299966457986,
Isle of Man,2014,,5.46721088334894,-0.296370572754953,
Isle of Man,2015,,-0.0295616197691402,-0.35704727903332,
Isle of Man,2016,,7.11503908245226,-0.152042122202678,
Isle of Man,2017,,2.66187031478451,0.171180649312203,
Isle of Man,2018,,1.97434466746698,0.234150178061123,
Isle of Man,2019,,0.0733713448695283,0.181209143421298,
Isle of Man,2020,,-8.952853097019,0.12736504896945,
Isle of Man,2021,,3.78598283934312,0.0499494569462143,
Isle of Man,2022,,-4.19501000433891,0.0309085940239317,
Isle of Man,2023,,,0.0392163858214135,
Isle of Man,2024,,,-0.00594088816452728,
Israel,1991,55.7180811923951,1.43538016006042,6.01700878321945,29.0190768445117
Israel,1992,54.9072515488719,4.09927943070052,3.45546689873163,28.7580516252425
Israel,1993,60.0140704374175,1.38569527041521,2.6580917791605,29.472681957864
Israel,1994,59.7877596777587,4.68195851697766,2.58926284874797,28.7778478864925
Israel,1995,59.3894071749673,3.79606677263391,2.66828695661805,28.9059485534975
Israel,1996,58.1311357730736,3.10605874021471,2.61650594252757,29.2288510112299
Israel,1997,57.5674452599649,1.05577005544572,2.49839504329334,27.9980908339097
Israel,1998,56.9044666793177,1.75806760751156,2.28687869043162,26.3098951191508
Israel,1999,64.7395856251294,0.700091057272843,2.54643388659354,26.6308190899458
Israel,2000,68.3468590369834,5.75056411535006,2.64233191305756,25.7054135720842
Israel,2001,62.139584755155,-2.05810142001393,2.35711729946802,25.5112065105127
Israel,2002,65.4711054145982,-2.12531106462188,2.01405839404727,24.1887720819014
Israel,2003,66.8817503698504,-0.366188460974456,1.80551975888109,22.8189221878312
Israel,2004,74.9731995265147,2.81436914832607,1.76762364154994,22.7469810591964
Israel,2005,78.3242613769325,2.56366494259233,1.76289766113006,23.6701125407691
Israel,2006,78.4352889718463,3.75119939110648,1.76780587358185,23.5973079641713
Israel,2007,78.8371062996628,4.45161075798397,1.7761008691798,24.4314394857535
Israel,2008,75.380922305658,1.40446742128471,1.7765791059698,23.2287706528845
Israel,2009,61.67564796397,-1.15337011091322,2.39020733801215,21.1617869838312
Israel,2010,65.6330798689153,3.62399103334153,1.82675240987847,21.5383508792439
Israel,2011,68.9094378497374,3.58663560932411,1.84807786159597,23.4471273552999
Israel,2012,69.9650250827043,0.573190077448643,1.84615132126711,23.914364095377
Israel,2013,64.1340511293501,2.16142471851542,1.86605289478673,22.3351826403335
Israel,2014,61.7133541160002,1.80280307810176,1.91954379859591,22.8773413865491
Israel,2015,58.897971915566,0.231915657737829,1.98128897562083,22.0950032219134
Israel,2016,57.7990316850783,2.4319477135746,1.9603489624817,23.0646486702564
Israel,2017,56.2801142540924,2.34341452190721,1.93872567441099,23.1765981056332
Israel,2018,58.7437542387448,2.01931484013397,1.92662286520241,24.1309941879779
Israel,2019,56.325348642584,1.74945844686911,1.90898263957994,23.8648600543139
Israel,2020,51.2366737920366,-3.73449084409626,1.76367939210866,24.6898161307496
Israel,2021,54.9016842006986,7.56395048301559,1.68190551747412,25.8836407282582
Israel,2022,60.6448526742952,4.19414564339442,1.96636884788361,27.2821521718091
Israel,2023,57.9903207136983,-1.18723021329285,3.00437405991345,26.1101982037385
Israel,2024,54.4520002969727,-0.396212603094554,1.26518834033156,23.4267177207644
Italy,1991,33.8005339555877,1.4681756454128,0.0692311889532843,22.7927997758163
Italy,1992,34.8334276236699,0.765807563298623,0.0679244330808808,22.1446366084139
Italy,1993,37.6724019624473,-0.913401690042861,0.061135853002924,19.5826008577128
Italy,1994,40.3620026081266,2.13021550826906,0.0203720739457194,19.5160307409463
Italy,1995,45.5795026636995,2.88520231073102,0.00158856230917393,20.5784047565276
Italy,1996,42.8020490474117,1.31710619734164,0.0281044080072756,19.8311918143473
Italy,1997,44.4771651978702,1.87180969818361,0.05290695026061,20.0130655736926
Italy,1998,44.997874273345,1.7750842893435,0.0287740158774372,20.2331937912659
Italy,1999,44.5298402267013,1.66088992098732,0.0168208444553697,20.7048925408414
Italy,2000,50.2747311455639,3.83504714661416,0.045303631138613,21.3236101039876
Italy,2001,49.8632723203495,1.94399983338882,0.0612241572425483,21.3054469235642
Italy,2002,47.8713186791542,0.0717374312631875,0.197854295667482,22.0519500121835
Italy,2003,45.9940859777074,-0.472767256846353,0.540420007681938,21.5802501954429
Italy,2004,47.2663923891771,0.721242547682493,0.744609563112575,21.6420048852847
Italy,2005,49.1221742288618,0.176020373979568,0.583653375692943,21.5260216463093
Italy,2006,52.9235429597012,1.3930148978998,0.400079310970985,22.3603695757618
Italy,2007,54.8280415572531,0.846872548383672,0.608396959196212,22.6200727686655
Italy,2008,54.2142548956671,-1.7836019705945,0.771291301351719,22.0387757321995
Italy,2009,45.1414765721604,-5.85255775999181,0.579748620940622,19.7023773902113
Italy,2010,51.6621118138339,1.0811087798198,0.442226157086815,20.7969716146664
Italy,2011,54.4722149449288,0.347491108002188,0.346167211080488,20.6773631014391
Italy,2012,54.8844952702204,-3.38984189684089,0.273513088134657,17.9698064515339
Italy,2013,54.0341846317499,-2.01397031609169,0.199772918304074,17.0062223799047
Italy,2014,54.4545299332032,-0.0164634913490715,0.0150772197985246,17.0766736026264
Italy,2015,55.4356858148221,1.03826511770654,-0.151143561276007,17.2813174853484
Italy,2016,54.4321467018313,1.42884453159633,-0.190090486385849,17.7118639941996
Italy,2017,57.5829940274911,1.79499729937032,-0.188100912559894,18.1694222906025
Italy,2018,59.2749835128154,0.581227670101029,0.243703643127712,18.6608716078644
Italy,2019,58.6941902594738,1.13464411867925,-0.700011055973408,18.3641315277239
Italy,2020,53.9394839042764,-8.42323993924451,-0.487095091717782,17.8986868297166
Italy,2021,60.3019776202798,9.49416108466208,-0.515599998844444,22.0011382315208
Italy,2022,72.0165023032697,5.0334454866795,-0.20230086688254,24.5977298322393
Italy,2023,65.1071778763174,1.02611231433292,-0.0499178457490556,23.0784564391973
Italy,2024,62.8237685119526,0.746500224061592,-0.0534387378437725,22.5774286224244
Jamaica,1991,,3.92158553110389,0.878194947525997,
Jamaica,1992,,0.953437709168753,0.987746266754911,
Jamaica,1993,,8.29096099965061,1.03455204361498,
Jamaica,1994,,0.346954542208792,1.0275542704578,
Jamaica,1995,,1.32934397119848,1.00218490909892,
Jamaica,1996,,-1.07569221177816,0.96772367916816,
Jamaica,1997,,-2.04782575477212,0.922071445759518,
Jamaica,1998,,-3.16642937890479,0.855408859585008,
Jamaica,1999,,0.265019143424567,0.777555210444778,
Jamaica,2000,,0.181209199316882,0.693820204754118,
Jamaica,2001,,0.704785923037818,0.633651755909455,
Jamaica,2002,,1.37273149144548,0.614211874970001,
Jamaica,2003,,3.03997803691765,0.606020700548159,
Jamaica,2004,,0.732138408370318,0.585569135450925,
Jamaica,2005,,0.33654893030193,0.553843332498697,
Jamaica,2006,,2.36949906247872,0.516033523535749,
Jamaica,2007,,0.952340641642138,0.473963945332093,
Jamaica,2008,,-1.24242279776804,0.435156176173166,
Jamaica,2009,,-4.74232025652036,0.415917474774269,
Jamaica,2010,,-1.87206742708895,0.421944554103184,
Jamaica,2011,,1.29087650393585,0.432960044008846,
Jamaica,2012,,-1.04151903293869,0.431454273219438,
Jamaica,2013,,0.111200802511547,0.405211603822983,
Jamaica,2014,,0.327176684512608,0.360811344710918,
Jamaica,2015,,0.605132259299552,0.313958647771979,
Jamaica,2016,,2.49050959451111,0.263022586225724,
Jamaica,2017,,2.08054717136154,0.207939418780596,
Jamaica,2018,,2.35833186418979,0.153765355594745,
Jamaica,2019,,1.69497447065874,0.112486030848061,
Jamaica,2020,,-8.54632871499803,0.264166647844328,
Jamaica,2021,,5.44605052451513,0.244971341124232,
Jamaica,2022,,6.38449296229192,0.0515076570013975,
Jamaica,2023,,2.72311612642515,0.0226098931571573,
Jamaica,2024,,-0.51363387005874,-0.0215180207209529,
Japan,1991,17.7594512543168,3.11749463335597,0.392819832481862,35.2116697180349
Japan,1992,17.018068824019,0.526745036286385,0.371192387198527,33.5372495939791
Japan,1993,15.7233391305175,-0.781376228236013,0.32416759914373,31.7683446786091
Japan,1994,15.8103062322757,0.801559685146586,0.279192363973672,30.6525083081156
Japan,1995,16.3901049340172,2.39051955802327,0.234590173412918,30.9336318941132
Japan,1996,18.2538682255522,2.90014123428134,0.226884732460898,32.0269488823051
Japan,1997,19.7835176233669,0.740905952757132,0.238271217591483,31.1103727489921
Japan,1998,19.0031862223377,-1.53824407567605,0.271729610231193,29.5908237393136
Japan,1999,18.1256307166911,-0.515740589995616,0.182586374140107,28.2004333138473
Japan,2000,19.5623715839054,2.59289108643961,0.167275578113187,28.417439318872
Japan,2001,19.5596044720071,0.144511690081188,0.240952587521069,27.7549548681953
Japan,2002,20.4471220661583,-0.190392013639268,0.232527187105684,25.8988591910406
Japan,2003,21.3261252678119,1.31809196260171,0.213980948779682,25.6609651799745
Japan,2004,23.6643534228975,2.15172332915763,0.0336622582725446,25.638207264098
Japan,2005,26.2299545778565,1.79433980048837,0.00939209655766336,26.052325978807
Japan,2006,30.0163760986692,1.3081271829718,0.0633735894181335,26.0775543929763
Japan,2007,32.816578051879,1.36742232597771,0.114908847726211,25.7687401593638
Japan,2008,34.1294765412245,-1.27210994875956,0.0484253945978966,25.869579962101
Japan,2009,24.3901665338555,-5.68145234041657,-0.0124946312294096,22.6031764761029
Japan,2010,28.4984726938389,4.07922304856318,0.0179605415195644,22.5903041279796
Japan,2011,30.1949607286296,0.209251802844406,-0.185226486410846,23.5405686895679
Japan,2012,30.4709109171752,1.53678665868971,-0.159710675844347,24.0049297197241
Japan,2013,33.9787686509511,2.15237106568597,-0.144271883387076,24.4176240405457
Japan,2014,37.4314345686579,0.429381122519686,-0.132694222147042,25.0363619892408
Japan,2015,35.4274083544798,1.66846511717627,-0.106124993746747,25.1653478796719
Japan,2016,31.3102468455884,0.805362824501671,-0.0511374152133631,24.8355973184149
Japan,2017,34.4232135721686,1.75861180168305,-0.081874296046114,25.2148269758242
Japan,2018,36.609931802107,0.771168471505248,-0.126880068088791,25.6417143090178
Japan,2019,35.2164181084145,-0.262170828573062,-0.140464977878172,25.7896961306359
Japan,2020,31.335208636773,-3.88641911578898,-0.294194617750067,25.2240172261075
Japan,2021,36.7384462280698,3.17001738751661,-0.459952415807642,25.824730869587
Japan,2022,46.8129868368938,1.39102754851621,-0.443851919148528,26.7755742133001
Japan,2023,45.1508795641248,1.97080161121153,-0.487370782049143,26.1821637488649
Japan,2024,46.4069516150859,0.541366477991744,-0.435651699326323,26.1778501334799
Jordan,1991,137.261663286004,-6.00185291540443,7.78524286596351,24.9661933739013
Jordan,1992,131.644698648349,8.46165434064829,5.28652677916716,33.4810547307778
Jordan,1993,130.485233240655,-0.807674227489841,5.20019138057655,36.6285655442282
Jordan,1994,118.336176072338,0.0608321468427988,4.79103402702833,33.3050283432401
Jordan,1995,124.582688188008,1.93929287053838,4.09548745418131,32.962860839502
Jordan,1996,131.059123299943,-1.24666808036049,3.32004503110433,30.5256942747781
Jordan,1997,120.737112880307,0.569931792363377,2.68660948168777,25.7294687871061
Jordan,1998,109.052402937716,0.658442073539419,2.3114138594789,21.8189596777069
Jordan,1999,104.470373639306,1.19180638460756,2.14859183776887,21.5686274509804
Jordan,2000,110.328904595996,2.10734677821851,2.07260479051429,22.3615116608599
Jordan,2001,109.285478573786,3.12682361391026,2.0568547225817,21.05693228782
Jordan,2002,114.03885781572,3.57676471497919,2.10844376833598,20.0956726523403
Jordan,2003,115.706835253918,1.88023738458077,2.21462077394044,20.8405384093959
Jordan,2004,134.621611934395,5.97888573730077,2.41295841696554,27.383850993091
Jordan,2005,146.908891279018,5.50057037395844,2.47713068142819,34.1478444026172
Jordan,2006,141.747381831126,1.4032017956128,6.38870724302854,28.339921689117
Jordan,2007,145.994246288526,1.84052436528839,6.03529982681035,30.2679844699249
Jordan,2008,140.91292596092,4.72560086199387,2.35427976058258,36.0506744249725
Jordan,2009,112.151998187109,2.79012172938629,2.14968786053504,32.5395198179394
Jordan,2010,114.222677694125,0.137449407888951,2.15109331746781,35.0376311945169
Jordan,2011,118.699679501801,0.218599818569089,2.48202772730679,31.7477038455304
Jordan,2012,117.855587685189,0.988823291779653,1.41635205030682,31.0322030208821
Jordan,2013,111.451527997628,-2.58592238614169,5.19641467868427,26.5997319791875
Jordan,2014,109.938805535022,-6.02217249989295,9.53920898641561,25.8085951940917
Jordan,2015,95.3579122266791,-5.58980174753611,8.21798329205466,24.8350329106344
Jordan,2016,88.7207178954687,-2.71126216102509,4.72325254401232,23.4044187563796
Jordan,2017,89.7316005071358,0.192083988017671,2.25160030043779,24.717360352457
Jordan,2018,87.6359151906857,-0.302781677584093,2.20412998393259,24.3624336974922
Jordan,2019,85.6878334964204,-0.247049289948436,1.98343822476301,21.4133341743379
Jordan,2020,66.0599488089059,-2.86253982856009,1.79543228239066,21.4585413761158
Jordan,2021,80.3328699444404,1.77173055809841,1.83419162693059,25.1777968181063
Jordan,2022,104.095459439189,0.915646680170994,1.70151702842564,
Jordan,2023,100.347868752034,1.23863426474166,1.61225050235636,
Jordan,2024,99.6794477365724,1.48055685000026,0.988722042141178,
Kazakhstan,1991,,-11.64152153699,0.72342110581087,
Kazakhstan,1992,149.336641791045,-5.59517557101667,0.312182211847612,31.5091210613599
Kazakhstan,1993,84.634521855277,-8.89440884902913,-0.335989057351318,20.0250823332688
Kazakhstan,1994,84.1817390088715,-11.416894545868,-1.34458733859617,28.7040745386673
Kazakhstan,1995,82.522407044045,-6.48128800058484,-1.85492469940638,23.319259704789
Kazakhstan,1996,71.2735732877076,2.42544484330412,-1.89774390163026,16.1466394801284
Kazakhstan,1997,72.3595506961877,4.06306962919871,-2.29698510244531,15.5982639039436
Kazakhstan,1998,65.2041827454395,0.579278352126394,-2.49588892763766,15.8045617414779
Kazakhstan,1999,82.579151355772,3.97519541542795,-1.23402481599988,17.7761650475639
Kazakhstan,2000,105.699692634521,9.47962640033421,0.292205742065896,18.139048031664
Kazakhstan,2001,92.8490685069707,12.9575000867226,0.479119436795366,26.8764228364096
Kazakhstan,2002,94.03168564978,9.23105777770729,0.519509431468551,27.2877232823977
Kazakhstan,2003,91.4633324250457,8.67044524900558,0.577653086141081,25.703912594675
Kazakhstan,2004,96.4091997009336,8.88930817801581,0.650552959098631,26.3110896798392
Kazakhstan,2005,97.7625030243024,8.88963565884097,0.74145148778579,30.9697680425121
Kazakhstan,2006,91.4535267973373,9.76786673957737,0.845600611531775,33.9007913190431
Kazakhstan,2007,92.1616330969975,7.871783713981,0.948669591386937,35.5266994941709
Kazakhstan,2008,94.2948046483658,2.23526924918258,1.03606576058941,27.5064843034904
Kazakhstan,2009,75.7660674636533,0.0228479849101006,1.17001171080735,29.4145645191248
Kazakhstan,2010,74.1382658957842,5.91730119035698,1.29700375015965,25.3735490201768
Kazakhstan,2011,73.1178570509129,5.95764573473487,1.35207363651395,22.9981460184012
Kazakhstan,2012,73.7237324891671,3.34601033412712,1.39710899026626,25.2296602336096
Kazakhstan,2013,65.4076093299538,4.48819679131283,1.4364978420859,24.5696053585629
Kazakhstan,2014,64.9720346513507,2.6806378826727,1.46885610538904,25.7902472414133
Kazakhstan,2015,53.0497288072652,-0.299093532608879,1.49239879824091,27.9079156027413
Kazakhstan,2016,60.3115965864153,-0.438395201172128,1.53335297365685,27.8275828886455
Kazakhstan,2017,56.825387935971,2.49076945691363,1.5579235201186,26.3524825267661
Kazakhstan,2018,63.5279565118188,2.5560669084423,1.49423322942686,25.258212709599
Kazakhstan,2019,64.8586165517565,2.99405538115775,1.45157995956237,27.6275749485747
Kazakhstan,2020,57.0264423660931,-3.86406094514987,1.4089156380377,28.8069153648376
Kazakhstan,2021,58.6686085779207,2.91864170117744,1.33325722721198,26.5334355873452
Kazakhstan,2022,68.3343147415612,1.70100297910589,1.46316879039749,24.9759095791804
Kazakhstan,2023,62.3342837675021,3.57238732741942,1.46415151694869,28.157135537565
Kazakhstan,2024,57.1613431963924,3.66170013445029,1.28276364646616,27.2119249591734
Kenya,1991,55.5976992243654,-1.79555975482411,3.23997624716531,20.9705148585975
Kenya,1992,52.9308701038286,-3.79370437133613,3.06483168454324,16.9208390832406
Kenya,1993,72.8584813635643,-2.58233453633143,2.96883713169678,17.6104350597216
Kenya,1994,71.2661252293107,-0.304212273442516,2.903399231403,19.2932429676681
Kenya,1995,71.7457416403035,1.4837374235438,2.83906557159965,21.8197611034428
Kenya,1996,57.3121107038102,1.31900626661266,2.75278021555245,15.0038226855311
Kenya,1997,54.0571168602893,-2.23366307984048,2.73276496655617,15.1409881437805
Kenya,1998,48.8972419400753,0.478811112143987,2.75957646009425,16.6927164077638
Kenya,1999,48.1922749889095,-0.603257549690113,2.88430050146184,15.5214148674685
Kenya,2000,53.3090443862273,-2.38610693277963,3.01293994477925,17.4140906154511
Kenya,2001,55.9468360286644,0.575576747494395,3.13629206541925,18.790340524259
Kenya,2002,55.1726722640053,-2.56736280977373,3.14626442047843,15.1382158893462
Kenya,2003,54.132265895729,-0.194798007216917,3.08528898836117,16.4821493891933
Kenya,2004,59.4770033484289,1.89113513278383,3.10482476419105,16.962495556485
Kenya,2005,64.4788661639796,2.70244103195117,3.07223123352542,17.6496847904784
Kenya,2006,55.2364851257303,3.27715457506901,3.04704867411558,18.633585404403
Kenya,2007,53.8947888046059,3.66978666216018,3.02220921188685,20.4569783889085
Kenya,2008,57.5785986473131,-2.7588645638462,3.02964938264436,19.6127114227698
Kenya,2009,45.9451918127805,0.232598394599862,3.0211086032266,19.0191724248254
Kenya,2010,50.3942873502834,4.96811299885232,2.90158845467743,21.2639987992095
Kenya,2011,58.4022059745625,2.26952218964762,2.75013743696978,21.8858122759467
Kenya,2012,51.6236920232481,1.87670753904403,2.6080744180495,22.1933629258823
Kenya,2013,47.4646425127304,1.26331129067221,2.47210752389349,22.4049681039862
Kenya,2014,46.170489362216,2.59218353342239,2.33901192230694,24.9507189987733
Kenya,2015,40.3273846919019,2.65589352795405,2.2270329432256,22.1033982020293
Kenya,2016,34.8650195731824,1.93794795580835,2.20775684612709,19.3484358309332
Kenya,2017,35.9950578754074,1.60475183361922,2.17412854990493,20.6634949022773
Kenya,2018,34.4147531767425,3.52404781491717,2.03083744189606,19.3759862497025
Kenya,2019,31.759461841481,3.07004769448449,1.96381549826771,19.3418324204191
Kenya,2020,30.3991387830411,-2.2103217118529,1.96197633664853,19.6515841707054
Kenya,2021,35.0020477795269,5.5651365159048,1.90040858948898,20.3912447822361
Kenya,2022,40.2753238373561,2.86281276489714,1.92297608206469,19.0540638513609
Kenya,2023,41.1110904167396,3.64425548577437,1.98296028478422,16.5707504717762
Kenya,2024,40.1860139968756,2.6946724258593,1.95751431565234,16.7771560971022
Kiribati,1991,134.208841575688,-7.51675774681516,1.99977567861685,
Kiribati,1992,111.772658653571,21.9252039696882,1.65449724886793,
Kiribati,1993,98.1598665663915,-1.62446253702345,1.53375279442251,
Kiribati,1994,82.9457558741754,0.54048403061573,1.4855934105912,
Kiribati,1995,101.957881450808,1.21789472563705,1.5044778514244,
Kiribati,1996,86.6836326396114,-1.73230175007257,1.69542133889923,
Kiribati,1997,93.8161911468459,-0.655302414292819,1.82771772474094,
Kiribati,1998,85.0146347190889,2.60111875998274,1.77856800157891,
Kiribati,1999,100.617113467609,-5.53429931669956,1.70043973834358,
Kiribati,2000,94.1665241313018,4.95143441733177,1.69232269333491,
Kiribati,2001,110.784733057905,-4.99043248812092,1.92464085158861,
Kiribati,2002,125.625496108186,-0.673840916592098,2.11290506977471,
Kiribati,2003,103.928965237073,-3.57269845860688,2.05007206544672,
Kiribati,2004,101.359702114731,-2.58468567894897,2.00784628062857,
Kiribati,2005,123.594268587865,-0.722362780004488,2.00913413829946,
Kiribati,2006,94.046808140823,3.68079200082892,2.00156137723437,15.7544302338711
Kiribati,2007,96.1590422982734,0.984244992784554,2.02990862877029,15.364891694194
Kiribati,2008,95.441924758027,-4.98978666488051,2.08839816441385,14.1246546718102
Kiribati,2009,97.6360324868749,-1.58315258146997,2.1311838506713,17.5720979413245
Kiribati,2010,85.6972485309313,-0.857158610176697,2.07935139998903,15.9162980407214
Kiribati,2011,93.4313938880945,1.45038004681834,1.77163616343889,19.4615117555565
Kiribati,2012,96.1287092438882,4.26113729441184,1.46864224692138,27.7264974164279
Kiribati,2013,96.7814002828914,6.26028947416073,1.37450090282755,31.3770647490551
Kiribati,2014,104.187980044647,-0.0428972459236832,1.29865154429976,28.6593494162683
Kiribati,2015,109.889112537487,9.84707092632536,1.28285862528713,37.7690621840532
Kiribati,2016,111.269797688379,5.58490333887225,1.41358025249878,29.9666237865772
Kiribati,2017,100.561253988425,2.19903908915526,1.50534982546091,27.0208391705472
Kiribati,2018,83.3664311213492,1.94611498374204,1.49285448135933,18.9694356249226
Kiribati,2019,98.3140421834046,1.73347401094057,1.4934933399344,15.9071844882885
Kiribati,2020,78.4052134293582,-3.16991324997066,1.74230469268591,14.6977990367426
Kiribati,2021,74.5005430117832,6.55480705923502,1.79039347594032,17.7759009396976
Kiribati,2022,107.685878015909,2.88966132985202,1.61644031663411,20.1578427026361
Kiribati,2023,107.603778509938,1.05564933854352,1.56733842415292,25.8459739509243
Kiribati,2024,,3.71119049431697,1.48889841912877,
"Korea, Dem. People's Rep.",1991,,,1.48801633223606,
"Korea, Dem. People's Rep.",1992,,,1.49273900122265,
"Korea, Dem. People's Rep.",1993,,,1.47154474015851,
"Korea, Dem. People's Rep.",1994,,,1.44208603503307,
"Korea, Dem. People's Rep.",1995,,,1.22198132137694,
"Korea, Dem. People's Rep.",1996,,,0.993936643105458,
"Korea, Dem. People's Rep.",1997,,,0.935020971783511,
"Korea, Dem. People's Rep.",1998,,,0.864820763436327,
"Korea, Dem. People's Rep.",1999,,,0.79486992536677,
"Korea, Dem. People's Rep.",2000,,,0.713737031349431,
"Korea, Dem. People's Rep.",2001,,,0.629505065124145,
"Korea, Dem. People's Rep.",2002,,,0.538597623627137,
"Korea, Dem. People's Rep.",2003,,,0.609594776390389,
"Korea, Dem. People's Rep.",2004,,,0.680784098097041,
"Korea, Dem. People's Rep.",2005,,,0.581650142448516,
"Korea, Dem. People's Rep.",2006,,,0.523597022459874,
"Korea, Dem. People's Rep.",2007,,,0.495725212967157,
"Korea, Dem. People's Rep.",2008,,,0.478578548402947,
"Korea, Dem. People's Rep.",2009,,,0.458128289665172,
"Korea, Dem. People's Rep.",2010,,,0.436879111426513,
"Korea, Dem. People's Rep.",2011,,,0.44171264179715,
"Korea, Dem. People's Rep.",2012,,,0.452614172409074,
"Korea, Dem. People's Rep.",2013,,,0.465850679497933,
"Korea, Dem. People's Rep.",2014,,,0.479753931920185,
"Korea, Dem. People's Rep.",2015,,,0.486366779009783,
"Korea, Dem. People's Rep.",2016,,,0.479685660941037,
"Korea, Dem. People's Rep.",2017,,,0.463479822191171,
"Korea, Dem. People's Rep.",2018,,,0.438418123483477,
"Korea, Dem. People's Rep.",2019,,,0.409804313568107,
"Korea, Dem. People's Rep.",2020,,,0.378273559953142,
"Korea, Dem. People's Rep.",2021,,,0.36747843663433,
"Korea, Dem. People's Rep.",2022,,,0.366471008261931,
"Korea, Dem. People's Rep.",2023,,,0.338821174570736,
"Korea, Dem. People's Rep.",2024,,,0.304699893187806,
"Korea, Rep.",1991,48.2898598963294,9.78296218320472,0.989785981821526,41.6650097673713
"Korea, Rep.",1992,47.2068242485094,5.25214973420644,1.03916135557339,39.1134328128938
"Korea, Rep.",1993,45.4216180794097,5.9133443470155,1.01582143742509,38.0802818259482
"Korea, Rep.",1994,47.7418242135125,8.27690074725467,1.00615724501748,38.9077981467888
"Korea, Rep.",1995,51.3967337856387,8.63726671625133,1.00620085457685,39.3437583690468
"Korea, Rep.",1996,51.6134521171463,6.9664053263099,0.952779421852704,39.7079062029067
"Korea, Rep.",1997,55.894947743273,5.29022802019921,0.937713808920155,37.3821324455577
"Korea, Rep.",1998,66.3289851108207,-5.62267154232035,0.72186501759031,28.1282300284005
"Korea, Rep.",1999,57.8948578896383,10.8267064308936,0.710794593061376,31.2530573623569
"Korea, Rep.",2000,64.0588155729056,8.29254041446951,0.836180864297766,33.0175871343191
"Korea, Rep.",2001,60.4277386641693,3.92550900636917,0.767241774760276,31.8665946248999
"Korea, Rep.",2002,56.6688767960273,7.12308072036979,0.577957276814842,31.3062897445161
"Korea, Rep.",2003,59.4242945541732,2.54185039649609,0.518321452985646,32.3968627960539
"Korea, Rep.",2004,67.9270638751076,4.7675860552671,0.396331436697806,32.6846860376336
"Korea, Rep.",2005,66.1695148242697,4.13723386737684,0.211997784117548,32.7143604319037
"Korea, Rep.",2006,68.3749509402263,4.6937077744137,0.525199940498775,33.0040207975187
"Korea, Rep.",2007,71.3239614988013,5.30856236809566,0.505234032920336,33.2491377792946
"Korea, Rep.",2008,92.0833544961819,2.22523680909987,0.759316681850927,33.7038348910437
"Korea, Rep.",2009,83.1246099057162,0.302292304284919,0.514682827535803,29.5580079908835
"Korea, Rep.",2010,88.0278677123124,6.44997750684229,0.49822508440111,32.7792421992313
"Korea, Rep.",2011,101.68061646213,2.89375816160189,0.768971758582589,33.2613430738444
"Korea, Rep.",2012,101.51727207905,2.00997301929048,0.525713660600414,31.2149587741292
"Korea, Rep.",2013,94.1675235855873,2.82226288554209,0.455218622164662,29.8990183063853
"Korea, Rep.",2014,86.9342577972039,2.5683693516693,0.628149861433639,29.7893883422049
"Korea, Rep.",2015,75.3881774564907,2.37903405951899,0.527288497407793,29.3122032932439
"Korea, Rep.",2016,69.8997221316919,2.76290075939411,0.396851823381145,29.9823963274728
"Korea, Rep.",2017,73.1921408264016,3.14298545917306,0.280968018301691,31.9652912711332
"Korea, Rep.",2018,74.7075162140824,2.72979572830845,0.433519027613049,31.2486531343572
"Korea, Rep.",2019,71.4470632403511,1.95849636720857,0.347874968577526,31.1955884616555
"Korea, Rep.",2020,65.544957860621,-0.837051834035137,0.137869266247028,31.5248657192138
"Korea, Rep.",2021,75.3063047610912,4.747751556973,-0.128757315474928,32.4929253527445
"Korea, Rep.",2022,90.5851475278549,2.92034561376229,-0.187486566698935,33.3254869272348
"Korea, Rep.",2023,82.2580090716629,1.50434142529414,0.077477253324535,31.8912200894147
"Korea, Rep.",2024,84.6424951192038,1.92783227201599,0.0743178674548815,29.9738499299961
Kosovo,1991,,,1.58690407165236,
Kosovo,1992,,,1.69894212328555,
Kosovo,1993,,,1.60207220574227,
Kosovo,1994,,,1.56023385614181,
Kosovo,1995,,,1.52063965732157,
Kosovo,1996,,,1.45088764824469,
Kosovo,1997,,,1.30697042333343,
Kosovo,1998,,,-5.53523595220767,
Kosovo,1999,,,-10.5116620490498,
Kosovo,2000,,,-3.75823655438575,
Kosovo,2001,,,0.967073945714176,
Kosovo,2002,,,0.518048842761047,
Kosovo,2003,,,-0.165650264252757,
Kosovo,2004,,,-0.20064639951827,
Kosovo,2005,,,-0.242727164946393,
Kosovo,2006,,,-0.290519126204048,
Kosovo,2007,,,-0.330647483019233,
Kosovo,2008,76.7307430830911,,-0.345681218030727,37.2836774320662
Kosovo,2009,77.7553766977497,5.39636701673933,-0.343592772985139,32.619616274023
Kosovo,2010,82.1774799739022,5.28831482675317,-0.331415173591033,33.1284870466064
Kosovo,2011,86.1517494661872,6.12959202990389,0.179071579276493,36.0573444918945
Kosovo,2012,81.3639162574412,0.857974394903721,0.843388368514639,31.9017216861076
Kosovo,2013,75.1034836607029,4.70387084053738,0.606471214728733,29.9978585507713
Kosovo,2014,77.0760521643276,3.65273027273803,-0.293645848305844,27.8460008694681
Kosovo,2015,74.0204422546574,7.36815111994392,-1.36150828171389,30.4324686404239
Kosovo,2016,75.0188123077463,6.20761650241487,-0.600477091754396,33.5220002547509
Kosovo,2017,80.4101373469745,4.03838879864328,0.753859367983812,34.6926494889605
Kosovo,2018,86.3150846710967,3.05752931278261,0.338173257577919,36.2945421291487
Kosovo,2019,85.7534085053482,5.23669676312298,-0.457058941890623,34.5581995450224
Kosovo,2020,75.6080171280001,-5.40690184268419,0.0704099058940516,33.4061275308265
Kosovo,2021,98.6384304855253,10.9981400491097,-0.227725943787301,35.9511804344753
Kosovo,2022,110.012031619226,5.33909761737917,-1.01194530149251,35.2326459658665
Kosovo,2023,109.951851577902,9.35107522909426,-4.95226324203524,33.9456293075627
Kosovo,2024,113.789651964133,10.3656494300073,-5.39126176551648,33.9651432750713
Kuwait,1991,142.612954265862,-26.4531088639358,-22.0517787474627,41.8557109673369
Kuwait,1992,94.6880649671661,51.1035091581689,19.0478598691413,22.3633412449439
Kuwait,1993,92.057035197515,31.0104104388079,2.24918707357862,17.1915420607294
Kuwait,1994,93.1842842757839,8.94369840376427,-0.466955560472215,16.1517621741909
Kuwait,1995,94.3196243483405,3.78870129848272,1.02527173759103,14.7586240895254
Kuwait,1996,91.4721447434007,-2.22845237949566,2.85696115718215,15.1043047586726
Kuwait,1997,92.4435465476229,-0.819070755595845,3.26567730356611,13.6389803078193
Kuwait,1998,94.9598431670145,0.479689867621317,3.11805181601371,18.451906659078
Kuwait,1999,85.3681145511849,-4.66954369474961,2.97687893931174,14.5555470735139
Kuwait,2000,86.618324503254,1.76596434147542,2.83716577319158,10.665237720716
Kuwait,2001,86.8504672897196,-2.45214152569666,2.69581257247854,14.3046728971963
Kuwait,2002,81.2251941328732,0.421240897856848,2.54939023844888,17.1276962899051
Kuwait,2003,86.5551755074577,14.5507976912199,2.39381864306604,16.6325557923068
Kuwait,2004,89.2976416790834,7.81613775807561,2.22351628059893,18.1855029771589
Kuwait,2005,92.2426800942645,6.67935670476243,3.61741976368303,16.4267670345693
Kuwait,2006,89.7130931980522,1.6976352381691,5.56242109286012,16.1577223909466
Kuwait,2007,91.7325033915889,-0.0585846444072189,5.87754467695609,20.4566521181317
Kuwait,2008,92.6834562516721,-3.06795857769427,5.5655156760957,17.6298214529099
Kuwait,2009,88.8110649851457,-11.8648164745831,5.29095352887972,17.9658449249415
Kuwait,2010,97.0280216600064,-7.27588260300011,5.15506049102987,17.6584741694241
Kuwait,2011,99.1164927646913,2.99936488052495,6.23757792955185,13.5481349757935
Kuwait,2012,101.011435104032,0.0983286715542846,6.31732211154715,12.8349439592807
Kuwait,2013,97.6054913328151,-3.77371634598551,4.98967404324728,14.3514402143401
Kuwait,2014,100.037189841844,-3.83157244878866,4.40657207759868,16.2902579989347
Kuwait,2015,98.6999884455485,-3.83270102171981,4.49910219971801,25.4281227135199
Kuwait,2016,96.1576723758617,-1.43152053599024,4.32594906785888,29.9591125059994
Kuwait,2017,97.840046457409,-8.16879129164303,3.69493434034851,27.730838747062
Kuwait,2018,102.785630655,-1.26570110779524,3.9801548230671,25.5469562847273
Kuwait,2019,91.6857123895953,-0.471027490632153,2.71071332448015,23.0019978533703
Kuwait,2020,82.0125101293052,-3.90774915473197,-0.951064116715736,18.6506487501557
Kuwait,2021,82.0019394603961,2.59077518987651,-0.899478872255975,14.4676047488909
Kuwait,2022,90.9204116970196,1.43711284054184,5.11318110910574,16.549312161773
Kuwait,2023,96.0797881582,-7.01146413379739,5.58813678140227,17.7221661206743
Kuwait,2024,,-3.43244663969313,0.899286654502241,
Kyrgyz Republic,1991,72.0,-9.43703056416022,1.63524960358477,15.3513513513514
Kyrgyz Republic,1992,83.1916902738432,-14.8256285785517,1.15305440513392,19.9244570349386
Kyrgyz Republic,1993,74.7063327544027,-15.4851015810132,0.0304909881785774,11.6663865389284
Kyrgyz Republic,1994,73.8302050053248,-20.05492795056,-0.0378217259319961,9.01307907348243
Kyrgyz Republic,1995,71.8242686635574,-6.36503081112481,1.00017108296949,18.3405491449418
Kyrgyz Republic,1996,87.2957738051993,5.51161045842127,1.47972661930702,25.1973349630117
Kyrgyz Republic,1997,84.4771343003418,8.32417662505638,1.45812831070495,21.6801311360015
Kyrgyz Republic,1998,94.5092945286033,0.567335558764,1.53390553506084,15.4440719221565
Kyrgyz Republic,1999,99.1994912194321,2.12663575288255,1.48621223857268,18.0262186115214
Kyrgyz Republic,2000,89.4309316270309,4.19610604345162,1.18989565060204,20.010037072908
Kyrgyz Republic,2001,73.7469123687968,4.3267567743611,0.949086383559028,17.9992826544492
Kyrgyz Republic,2002,82.9207290212667,-0.931486114215559,0.9185254624642,17.6066915405722
Kyrgyz Republic,2003,83.9327828079655,5.91391847989379,1.0485234010087,11.8300159529947
Kyrgyz Republic,2004,93.8157321567302,5.73937835827032,1.2102014656817,14.4883927729206
Kyrgyz Republic,2005,95.0840046303638,-1.29558825808593,1.1283845920008,16.4182074783546
Kyrgyz Republic,2006,120.749981766273,2.00174444436951,1.07375909231552,24.195760812161
Kyrgyz Republic,2007,137.058387838563,7.51249331031009,0.953819648780638,26.6429970323691
Kyrgyz Republic,2008,146.106082230139,7.37554930252675,0.951050106115373,28.9489600349802
Kyrgyz Republic,2009,133.379153167955,1.53257250259469,1.32447839254888,27.2703554118343
Kyrgyz Republic,2010,133.232850492333,-1.88093371727501,1.4261662918386,27.4015935976563
Kyrgyz Republic,2011,136.179840420492,4.43705345314649,1.44419717615299,25.4729638297404
Kyrgyz Republic,2012,139.675937840309,-1.95288116304553,1.88401276584283,34.961073696667
Kyrgyz Republic,2013,134.026785643922,8.51417444984632,2.18875701963339,33.8988355585277
Kyrgyz Republic,2014,125.126181075833,1.75718622899099,2.20325649556304,36.7567270785188
Kyrgyz Republic,2015,110.961570714633,1.56807607660568,2.24669257424341,34.6714692626578
Kyrgyz Republic,2016,105.823574017406,2.04985149948004,2.21536456642779,33.9391792937351
Kyrgyz Republic,2017,100.617445813258,2.55837834194257,2.10483082494568,32.9020914624365
Kyrgyz Republic,2018,98.8755599017608,1.54586820248004,2.15497985981547,36.0166291525462
Kyrgyz Republic,2019,94.4302823542939,2.28120088774463,2.24236415055009,34.4462636342397
Kyrgyz Republic,2020,78.9922784304738,-9.03157714073227,2.04838545399769,25.0304913984711
Kyrgyz Republic,2021,100.261376861569,3.58776993335192,1.83581016918265,26.4936655518147
Kyrgyz Republic,2022,133.786718048766,7.03042869604123,1.7936545985598,35.6406881799816
Kyrgyz Republic,2023,132.373403912336,7.10119376613466,1.76957037310792,34.4590059457311
Kyrgyz Republic,2024,127.650577802859,7.19632406056586,1.70540730430368,29.7809636564477
Lao PDR,1991,38.1823216438676,1.40025340364474,2.81628243868286,
Lao PDR,1992,44.1307586141721,2.6769238807299,2.769076698737,
Lao PDR,1993,52.6288120122103,3.07739171807499,2.71337335048279,
Lao PDR,1994,64.809269997254,5.36666889160745,2.61561863671144,
Lao PDR,1995,60.5544661404946,4.42161502950582,2.46841937666729,
Lao PDR,1996,63.7571736099789,4.46434380896963,2.33129326891339,
Lao PDR,1997,65.1569707659458,4.66634480033544,2.08550886313317,
Lao PDR,1998,84.2695405093512,2.06080647085234,1.85106124399662,
Lao PDR,1999,80.0584561654881,5.4475157802012,1.74747223421126,
Lao PDR,2000,68.8373013678325,4.03726532497247,1.67898547843134,13.41565795568
Lao PDR,2001,65.8994368798482,4.02249661411516,1.64839890567014,13.5436071724261
Lao PDR,2002,67.2549028523532,4.23097600258968,1.60628714871708,29.0404231808259
Lao PDR,2003,60.572095882788,4.44645858943204,1.53964095162728,27.7715216255189
Lao PDR,2004,66.0797516222837,4.81831567317876,1.45793744820894,31.754243509919
Lao PDR,2005,71.7926462737852,5.50361623488958,1.50884118892528,34.0580868030095
Lao PDR,2006,81.9613754162421,6.91294627933061,1.58338798520366,30.0695410386414
Lao PDR,2007,79.2126289035269,5.94392449426221,1.54812352499039,32.312243033777
Lao PDR,2008,81.8491820941317,6.19878841672832,1.5195940495706,31.68198579384
Lao PDR,2009,76.930826218652,5.90563851314371,1.49588633029834,33.9384705525426
Lao PDR,2010,84.7203378916677,6.94116593325336,1.47192872108695,27.4624877401915
Lao PDR,2011,91.6986958680216,6.48536557882839,1.44814949802327,28.0678025249814
Lao PDR,2012,98.1851264313662,6.49513527103458,1.42735442034268,32.504255276611
Lao PDR,2013,98.1791466159604,6.51642199042166,1.40755477426746,30.6473220372757
Lao PDR,2014,99.0597382933399,6.13842534644749,1.37876842701215,29.8013514004447
Lao PDR,2015,85.798321703681,5.71702901311374,1.45836474920589,31.556651604237
Lao PDR,2016,75.0918909204124,5.36288912313843,1.56317561333482,29.0076540961796
Lao PDR,2017,,5.2271106715724,1.57029722559747,
Lao PDR,2018,,4.60986171989208,1.55377801997365,
Lao PDR,2019,,3.86091278109465,1.52576304616693,
Lao PDR,2020,,-0.986715601107164,1.49338675171473,
Lao PDR,2021,,1.06109059992194,1.44141640887407,
Lao PDR,2022,,1.2697005231296,1.40971670105791,
Lao PDR,2023,,2.31116087572821,1.39237667233214,
Lao PDR,2024,,2.725327025989,1.35832703035837,
Late-demographic dividend,1991,34.1673342731297,-0.757365548531382,1.26875482613311,29.7626751314084
Late-demographic dividend,1992,46.7241109030919,-0.377303995592641,1.19967995118608,29.6477205889562
Late-demographic dividend,1993,45.5537835357023,3.1876417923105,1.11443457817206,29.1226968605951
Late-demographic dividend,1994,44.3296022061158,3.34952801752118,1.07374050972198,28.7191421508462
Late-demographic dividend,1995,44.379092589658,4.60579555786578,1.03214926151676,27.4268812041249
Late-demographic dividend,1996,43.1018744140262,4.07397493077409,0.996330361293588,27.1398922123808
Late-demographic dividend,1997,44.1824112980173,4.62545370217362,0.971374462035269,26.2698409889047
Late-demographic dividend,1998,44.457124719347,1.91967693523655,0.932791246149365,25.0430031954243
Late-demographic dividend,1999,46.9888713155082,3.76239474127418,0.864803938731209,24.8264068983647
Late-demographic dividend,2000,51.7908883705623,6.19471336778412,0.783673440817429,25.3460726963599
Late-demographic dividend,2001,51.6836692022501,4.42737619550056,0.732255751370705,26.7497596322499
Late-demographic dividend,2002,53.7913589494005,5.3357261864265,0.6777266868722,26.8847849292574
Late-demographic dividend,2003,59.439645212743,6.18721817685642,0.651137860047248,28.3778875824603
Late-demographic dividend,2004,65.1715468310575,7.51625117755181,0.634259966245579,29.5271912487174
Late-demographic dividend,2005,66.8093401120753,7.12342409591784,0.626338127805087,28.7546347897628
Late-demographic dividend,2006,68.099496380042,8.59653506292646,0.63787907147996,29.0453342324856
Late-demographic dividend,2007,66.8930255923278,9.4933113872281,0.648669347305594,30.6769010437105
Late-demographic dividend,2008,65.0922562992309,6.26255651519352,0.651284273294638,31.9784241518203
Late-demographic dividend,2009,54.9096744489551,3.10178388686109,0.618438046314754,32.3035625693695
Late-demographic dividend,2010,58.7747865261741,7.42858360517738,0.562341466763332,33.5922494911582
Late-demographic dividend,2011,59.976715898112,6.50336641178397,0.624147032049035,34.0226084512332
Late-demographic dividend,2012,58.7301170949618,5.11202274988041,0.733601388040507,34.4464535317582
Late-demographic dividend,2013,57.7192871439835,4.89509447579069,0.707463799619311,34.7152521884181
Late-demographic dividend,2014,56.7320248195782,4.53382712976753,0.721745429086577,34.8289091736475
Late-demographic dividend,2015,53.738388844475,4.01152074611161,0.667279758288381,34.7086881622209
Late-demographic dividend,2016,51.9664555525918,3.77408848981567,0.650110367167023,34.4777143692042
Late-demographic dividend,2017,52.8526498098965,4.57016804205641,0.659615208820901,34.4544053962427
Late-demographic dividend,2018,53.6726377411795,4.86524591602885,0.546388195643394,35.3190393117393
Late-demographic dividend,2019,52.5775752355387,4.27142710168278,0.455107616529725,35.4937725866021
Late-demographic dividend,2020,51.2171759170608,-0.0787494561824644,0.31456700671022,35.8801778069221
Late-demographic dividend,2021,55.3910533770106,7.4083115375976,0.171481787027968,36.2889942044478
Late-demographic dividend,2022,57.7023890477916,3.12379475861798,0.158140021760577,35.4448486537166
Late-demographic dividend,2023,54.3107067993831,4.31595235454851,0.10740157055669,34.2968971621767
Late-demographic dividend,2024,51.4014603752365,4.38292871418244,0.100178205274353,33.6724810459364
Latin America & Caribbean,1991,32.2535830881885,1.30440677360309,1.83601899961711,19.4168931090567
Latin America & Caribbean,1992,32.9026730195297,0.85443495224122,1.79097496527458,19.9253737195642
Latin America & Caribbean,1993,31.0720036252823,2.45711799936178,1.75177581014517,21.0857094450145
Latin America & Caribbean,1994,31.513600826718,3.26235454196562,1.70522385521495,21.9239951701727
Latin America & Caribbean,1995,34.3617140926733,-0.725888873072549,1.67196379844778,18.8579302022807
Latin America & Caribbean,1996,35.3901821579384,2.21428366713671,1.63335621816878,18.919731864722
Latin America & Caribbean,1997,35.5505970233488,3.79612243245396,1.59420902796018,20.1608591965561
Latin America & Caribbean,1998,35.4127737436456,1.32504796257453,1.56793436913209,20.8917125936233
Latin America & Caribbean,1999,36.6243247470791,-0.990273608734753,1.52867801479713,19.6987727805462
Latin America & Caribbean,2000,38.5521216311415,2.1253809366097,1.46006685805087,20.094731411125
Latin America & Caribbean,2001,38.6638830521832,-0.859575809542434,1.39344754428174,19.358158533993
Latin America & Caribbean,2002,41.199840118325,-1.12003130422546,1.3403661266636,18.7255278520808
Latin America & Caribbean,2003,43.1256183709602,0.898642470343418,1.29176714534971,18.4357499991586
Latin America & Caribbean,2004,45.387572044076,4.40905569774995,1.24984742276736,19.5106775240911
Latin America & Caribbean,2005,45.4005497130224,2.84617044032551,1.20794507553631,19.5061629890506
Latin America & Caribbean,2006,45.9540681003448,4.01922329693112,1.18747578896755,20.4101120689307
Latin America & Caribbean,2007,45.9557967503131,4.06527970421342,1.1668590192572,21.6855893098887
Latin America & Caribbean,2008,47.6995569794944,2.50697878056431,1.14822432076252,22.9045418720676
Latin America & Caribbean,2009,40.940079773211,-3.39483819090218,1.12072669778912,20.3322597835549
Latin America & Caribbean,2010,43.5680259737873,5.0131209995192,1.08873794675901,21.6834503918446
Latin America & Caribbean,2011,46.0158503795606,3.28344806878529,1.07195360202791,22.1826442404127
Latin America & Caribbean,2012,45.5736873355361,1.56128317615645,1.06044511810002,21.9985453118365
Latin America & Caribbean,2013,45.1883218571138,1.6554196879446,1.03769835188998,22.1419575595256
Latin America & Caribbean,2014,44.6508392407729,0.177344508373139,1.01123102385884,21.060650051572
Latin America & Caribbean,2015,44.9877681580977,-0.736675500628351,0.977351890931845,20.1405823407411
Latin America & Caribbean,2016,44.0323870896011,-1.66242880660764,0.943927000851983,18.8546968005958
Latin America & Caribbean,2017,44.339169550185,0.638754446536055,0.904629116537115,18.4282261797616
Latin America & Caribbean,2018,48.1959088759379,0.364091241474497,0.847126273562878,18.9006243206453
Latin America & Caribbean,2019,47.7128393460766,-0.499274095704138,0.812117996469208,18.5910234492515
Latin America & Caribbean,2020,45.9770000487609,-7.51510968982349,0.705164688855901,17.5168372688902
Latin America & Caribbean,2021,52.6180279123337,6.44763628230977,0.577399780950531,20.1574292556948
Latin America & Caribbean,2022,56.0555033079966,3.46781438228972,0.594629197549039,20.0193782664251
Latin America & Caribbean,2023,48.7488299726888,1.54855373459959,0.687927067588655,19.1840429083505
Latin America & Caribbean,2024,49.5102651484456,1.5479797758326,0.692510865952894,19.1677866888214
Latin America & Caribbean (excluding high income),1991,26.5764412607217,0.984486951504394,1.83562122140898,19.5324844481989
Latin America & Caribbean (excluding high income),1992,27.5473468282164,0.261392253263409,1.78927838030811,19.7138493616806
Latin America & Caribbean (excluding high income),1993,25.7824473153761,2.52646274532378,1.74834691208993,21.1396455820753
Latin America & Caribbean (excluding high income),1994,26.3453494158254,3.54918443851847,1.70110141891164,22.2730883550907
Latin America & Caribbean (excluding high income),1995,29.6249604572564,-1.25825691768499,1.66907392032761,18.5210910442313
Latin America & Caribbean (excluding high income),1996,30.2247644428112,2.26452153317496,1.62844370050707,18.6125815047872
Latin America & Caribbean (excluding high income),1997,30.5981694520296,3.66347387908202,1.59149282397824,19.4626941338147
Latin America & Caribbean (excluding high income),1998,31.0019013118106,1.16596200835674,1.57040035216002,20.2185962195951
Latin America & Caribbean (excluding high income),1999,32.6784708294923,-0.996344380394902,1.53296024423484,19.1712461113021
Latin America & Caribbean (excluding high income),2000,34.2434583706067,2.11961887592864,1.46440925518966,19.7491708127345
Latin America & Caribbean (excluding high income),2001,34.5852166330913,-1.24562256871724,1.39627697390336,18.7350894137025
Latin America & Caribbean (excluding high income),2002,37.0742939445576,-1.00016545523542,1.34057200526425,18.4972562261052
Latin America & Caribbean (excluding high income),2003,38.7206676287396,1.07474125960867,1.29023904822801,18.4337752247133
Latin America & Caribbean (excluding high income),2004,40.599705853524,3.97684566254715,1.2484069870278,19.4743340564253
Latin America & Caribbean (excluding high income),2005,39.9990104504386,2.73039588893576,1.21668454092739,19.2960881623681
Latin America & Caribbean (excluding high income),2006,40.5951982471375,3.98690249944724,1.18805177263316,20.0423962107456
Latin America & Caribbean (excluding high income),2007,40.5519804229595,4.07785413562772,1.16988304441677,21.1644306839154
Latin America & Caribbean (excluding high income),2008,42.1653776178542,2.53918613931434,1.153093400367,22.425237488958
Latin America & Caribbean (excluding high income),2009,36.8646234810182,-3.51755244304664,1.12730241497055,19.8490813247655
Latin America & Caribbean (excluding high income),2010,39.2348377242294,5.52631204701237,1.09312877985907,21.6938074282513
Latin America & Caribbean (excluding high income),2011,41.3837200112889,3.30532651820745,1.07898135034785,22.049864323979
Latin America & Caribbean (excluding high income),2012,41.5729077323727,1.25527006863477,1.06846032597578,21.57969464881
Latin America & Caribbean (excluding high income),2013,40.9181477389474,1.70040772092213,1.04511228301447,21.4729596817514
Latin America & Caribbean (excluding high income),2014,40.3527742168557,0.240996418806816,1.02100362861314,20.936342155716
Latin America & Caribbean (excluding high income),2015,41.5808041305058,-0.73199252295953,0.987219044357877,19.8578833540478
Latin America & Caribbean (excluding high income),2016,41.746198893934,-1.49513488040375,0.968867581997998,18.782169231064
Latin America & Caribbean (excluding high income),2017,41.90886388128,0.980338668982327,0.986579805618004,18.441195648586
Latin America & Caribbean (excluding high income),2018,45.6160678319738,0.514966014501425,1.01871134516066,18.6805651323211
Latin America & Caribbean (excluding high income),2019,44.9975725197578,-0.385193480389574,0.981674474785563,18.263811994464
Latin America & Caribbean (excluding high income),2020,45.0877732963407,-7.32262459413953,0.830265805089342,17.4932229562114
Latin America & Caribbean (excluding high income),2021,51.9411047307609,6.20590981558784,0.65393428465421,20.1365085952578
Latin America & Caribbean (excluding high income),2022,55.088454453885,3.27887443793587,0.644881793607611,19.9108854668049
Latin America & Caribbean (excluding high income),2023,47.7163472897433,1.43176976876009,0.721497404498383,19.1417636262156
Latin America & Caribbean (excluding high income),2024,48.6996803706071,1.24055605710321,0.721104692801389,19.2781434682745
Latin America & the Caribbean (IDA & IBRD countries),1991,30.7998310764451,1.61344316051964,1.87098871656405,19.6433143687161
Latin America & the Caribbean (IDA & IBRD countries),1992,31.8401001218201,1.04930653943511,1.82869400326532,20.3003230236425
Latin America & the Caribbean (IDA & IBRD countries),1993,30.1352771688135,2.7239849199225,1.78883053278508,21.4630374415818
Latin America & the Caribbean (IDA & IBRD countries),1994,30.6199778741383,3.30653924771964,1.74232931558626,22.3554348423568
Latin America & the Caribbean (IDA & IBRD countries),1995,33.4194106278791,-0.889554068610451,1.70929268749571,19.1084698130485
Latin America & the Caribbean (IDA & IBRD countries),1996,34.5144850685258,2.17451136371518,1.66778248513331,18.9977445947915
Latin America & the Caribbean (IDA & IBRD countries),1997,34.7142678682812,3.82268387008367,1.62881833131036,20.2601308915611
Latin America & the Caribbean (IDA & IBRD countries),1998,34.5556592419312,1.24740297802563,1.60486313605702,21.0731474128098
Latin America & the Caribbean (IDA & IBRD countries),1999,35.7196063704719,-1.25258743664727,1.5650724408169,19.7713792213249
Latin America & the Caribbean (IDA & IBRD countries),2000,37.6932713468384,2.06470257280841,1.49578815559574,20.2047753294762
Latin America & the Caribbean (IDA & IBRD countries),2001,37.8044727370896,-1.10747223718016,1.42741394579892,19.5334552068104
Latin America & the Caribbean (IDA & IBRD countries),2002,40.3687884331069,-1.19753869818105,1.37233266459055,18.9891258035183
Latin America & the Caribbean (IDA & IBRD countries),2003,42.1136074442049,0.931114901737587,1.32201804298939,18.729013276273
Latin America & the Caribbean (IDA & IBRD countries),2004,44.3365741239659,4.30639533924749,1.2792199361117,19.8530342952229
Latin America & the Caribbean (IDA & IBRD countries),2005,44.153835658066,2.91580880739939,1.23769748141138,19.7845520212908
Latin America & the Caribbean (IDA & IBRD countries),2006,44.6585216189439,4.09699515586735,1.21976576945127,20.6914230839459
Latin America & the Caribbean (IDA & IBRD countries),2007,44.6432598377163,4.19673753905738,1.20083460818448,22.0350114607742
Latin America & the Caribbean (IDA & IBRD countries),2008,46.1314653586495,2.63576724710815,1.18219090660481,23.2248511536817
Latin America & the Caribbean (IDA & IBRD countries),2009,39.7606860465512,-3.47289605265797,1.15368995337642,20.6801839577859
Latin America & the Caribbean (IDA & IBRD countries),2010,42.3160950617686,5.24840189896307,1.11973184926313,22.0405725234112
Latin America & the Caribbean (IDA & IBRD countries),2011,44.5742506843551,3.41655721413532,1.10432364405486,22.5279196096602
Latin America & the Caribbean (IDA & IBRD countries),2012,44.5656799299123,1.59972353681358,1.09272607406844,22.3417992540491
Latin America & the Caribbean (IDA & IBRD countries),2013,44.1918342951615,1.7105844525943,1.06959595652867,22.5050296679123
Latin America & the Caribbean (IDA & IBRD countries),2014,43.7380260692525,0.193680981808498,1.04619686538486,21.4307659178107
Latin America & the Caribbean (IDA & IBRD countries),2015,44.2142879401788,-0.820276485459217,1.01129193629703,20.5582549931197
Latin America & the Caribbean (IDA & IBRD countries),2016,43.2692169793714,-1.71342758215572,0.977702558791852,19.2462934353668
Latin America & the Caribbean (IDA & IBRD countries),2017,43.4945657232203,0.669063631445212,0.941276850505142,18.7540738504204
Latin America & the Caribbean (IDA & IBRD countries),2018,47.5315245402823,0.40461429059286,0.890295525521512,19.0779558790012
Latin America & the Caribbean (IDA & IBRD countries),2019,47.1498818579862,-0.542988992208237,0.833705241452608,18.7801017893529
Latin America & the Caribbean (IDA & IBRD countries),2020,45.5894315064476,-7.46111054279557,0.730174026610969,17.8509999941904
Latin America & the Caribbean (IDA & IBRD countries),2021,51.4996755843368,6.61848563215158,0.603142566290651,20.5499717211341
Latin America & the Caribbean (IDA & IBRD countries),2022,54.7675774389193,3.4689309878658,0.625181508078684,20.3270751271856
Latin America & the Caribbean (IDA & IBRD countries),2023,46.9030409471659,1.59965853888173,0.712391178156926,19.4672406034603
Latin America & the Caribbean (IDA & IBRD countries),2024,47.703300602057,1.55006254052645,0.714412993725169,19.4443228806688
Latvia,1991,,-12.1807171746431,-0.473114694040671,
Latvia,1992,,-31.1775189815565,-1.37679506583504,
Latvia,1993,,-3.09071293426223,-1.97193209570356,
Latvia,1994,,3.9147913524223,-1.67382870075107,
Latvia,1995,76.2500012714636,0.4776963533307,-1.42581081215727,16.0813187416783
Latvia,1996,92.5618241635257,3.45875626105796,-1.12637509582344,19.5401610884107
Latvia,1997,90.9261555867307,10.2650977955077,-0.996762288757542,21.33800236678
Latvia,1998,93.0486575859765,7.5594343825196,-0.942918937122207,26.0984734784542
Latvia,1999,82.1505568188769,3.65872177157615,-0.813961203872195,22.5687477933784
Latvia,2000,83.6121321100556,6.86619861333267,-0.963935407092365,24.9631641629445
Latvia,2001,88.1768278184248,7.8444195658347,-1.29148694354873,28.3001992418424
Latvia,2002,85.9772056778195,8.92368151151518,-1.1618382239436,28.6201729296497
Latvia,2003,88.5815580418672,9.48207219023105,-0.966400801237561,31.0011264637384
Latvia,2004,97.2352655771748,9.91817299610062,-1.09131295557421,34.368915450929
Latvia,2005,104.517156602918,12.8279409524173,-1.08057145691172,36.383829405761
Latvia,2006,105.695342080455,13.8646922612695,-0.91727295748817,41.8198632239093
Latvia,2007,100.880910871828,11.3194013044585,-0.816175506582982,43.6658757384645
Latvia,2008,95.7681628438571,-2.36803650613602,-1.0509395443743,36.9756564896607
Latvia,2009,88.8320494963692,-14.6423127971401,-1.65102496759116,23.2112323411887
Latvia,2010,110.86235386272,-1.63514379125596,-2.08130508988111,20.9313394628785
Latvia,2011,129.734758014485,4.92957999064132,-1.82076700208005,26.7745639280943
Latvia,2012,133.211503650958,8.64449958601972,-1.24035915329271,28.639673212023
Latvia,2013,129.677184929099,3.19545170389934,-1.07103480329077,25.298238178176
Latvia,2014,130.042252244959,3.06097381676449,-0.941743354234222,24.6659431197334
Latvia,2015,126.380014406006,4.63645212679371,-0.818626340945853,24.149732505911
Latvia,2016,123.330518429659,3.49318640044002,-0.913885332226604,21.7559480147378
Latvia,2017,128.714003328884,4.31935869681359,-0.886215573292392,22.7120380081921
Latvia,2018,128.234095559822,5.12560422080688,-0.779138396192231,23.8742877736126
Latvia,2019,125.29163170793,1.37774612596324,-0.695239140136066,23.3384745378809
Latvia,2020,123.88319804656,-2.78996380720736,-0.701211570733301,22.1554259223647
Latvia,2021,136.796615414819,7.8481957927218,-0.843294678005026,25.7228281732445
Latvia,2022,159.892778190649,2.18545852350196,-0.271369577775699,24.6702240089291
Latvia,2023,135.642989154266,-1.16914941176928,0.22997050070229,24.6916298440452
Latvia,2024,132.262507895925,0.89583858235207,-0.93796839712162,20.8942490906585
Least developed countries: UN classification,1991,,-0.636850262639101,2.45223929663503,
Least developed countries: UN classification,1992,,-2.36296374606408,2.65132789811194,
Least developed countries: UN classification,1993,,-3.30191872614115,2.80976094565534,
Least developed countries: UN classification,1994,39.124058871818,-2.02740720762965,2.72507868496254,16.3907462943901
Least developed countries: UN classification,1995,43.0094006696509,3.02778731820162,2.65980052342571,17.5386012558954
Least developed countries: UN classification,1996,41.1081624051302,2.89452598897589,2.62655635425922,20.5057788378338
Least developed countries: UN classification,1997,38.6828280542573,2.6688111705613,2.5692561744874,19.2838766492723
Least developed countries: UN classification,1998,39.9391880140981,1.42015241481329,2.54748202515519,20.8537331943404
Least developed countries: UN classification,1999,39.8030458121468,1.45367923076103,2.49676956935624,21.766624274753
Least developed countries: UN classification,2000,40.521556412861,1.79328629984914,2.40585722720125,22.2972100376188
Least developed countries: UN classification,2001,40.9743393689971,2.42926804497665,2.38347870644844,22.670040237054
Least developed countries: UN classification,2002,50.4431442309826,2.82997790550152,2.48920393648758,22.1314688861524
Least developed countries: UN classification,2003,50.2939134873026,2.5670386034063,2.49178291301708,23.0161957216614
Least developed countries: UN classification,2004,51.620895047703,4.01954177984452,2.39905666507213,23.8121376969678
Least developed countries: UN classification,2005,55.1769415844311,4.86034878135462,2.3977389058405,23.7072538209073
Least developed countries: UN classification,2006,55.1929432910406,4.32401967137402,2.40125296728527,23.2505297984911
Least developed countries: UN classification,2007,59.9245979920069,4.79635220729631,2.31956060402536,23.7315538525796
Least developed countries: UN classification,2008,63.7796251975422,4.00869155809241,2.32409932975264,25.3691361593939
Least developed countries: UN classification,2009,58.8172561471286,1.80492399417089,2.35113798487131,26.7105135963412
Least developed countries: UN classification,2010,58.3339949057173,3.89421767618914,2.32542713270737,24.8851631294529
Least developed countries: UN classification,2011,60.3791468535262,0.933180290177219,2.34979846737905,25.1647956439445
Least developed countries: UN classification,2012,59.0169463026793,0.88796603263917,2.36980488689114,26.5470127705792
Least developed countries: UN classification,2013,58.5601483628962,3.30556485616671,2.37864901890801,26.775024372695
Least developed countries: UN classification,2014,55.8805334038006,2.8829955783751,2.36910386976451,27.2683849805852
Least developed countries: UN classification,2015,50.5046218869376,0.378136822258696,2.33605397310773,26.4790977168516
Least developed countries: UN classification,2016,46.9182004792284,1.24732983570786,2.35201665484351,27.3308410728485
Least developed countries: UN classification,2017,47.0303880111819,2.05674550436545,2.36457362603574,28.3553248177337
Least developed countries: UN classification,2018,51.4619437897655,2.21625783206278,2.36207067539542,29.2833883346107
Least developed countries: UN classification,2019,50.5670353723756,2.44383933876566,2.38191321433326,29.7193315120086
Least developed countries: UN classification,2020,46.4710756098043,-2.44667530987066,2.39290685689897,27.8619179129385
Least developed countries: UN classification,2021,50.6793063452732,0.499470101375138,2.32945622793798,28.2075522305992
Least developed countries: UN classification,2022,51.1776652951198,2.40498116298491,2.26507402979903,28.7042300821333
Least developed countries: UN classification,2023,48.6038661639311,0.699955236639951,2.28632007344676,27.4225394817318
Least developed countries: UN classification,2024,47.220088076024,1.49975889949106,2.29533120586973,26.6582141586043
Lebanon,1991,92.4546720066934,46.4438180749834,2.03024916398365,29.2733383817258
Lebanon,1992,82.844256447048,14.0004669448677,2.1159367104979,29.2733383826505
Lebanon,1993,76.3510747169767,8.64130049009017,1.93652525509607,31.0363960022752
Lebanon,1994,70.2721154740452,6.18337051477913,1.79377053397478,36.6527933811506
Lebanon,1995,73.1353869918234,4.54238397048779,1.8072128760113,36.4550836421911
Lebanon,1996,68.0966127579704,9.24362452355456,1.85224110517078,34.7924986761368
Lebanon,1997,62.0865979381443,-0.755972338344009,1.80828501715332,29.2164948453608
Lebanon,1998,54.7171975983785,1.85892264288059,1.75827835901774,28.4026157788061
Lebanon,1999,50.8141707661214,-2.25536834554141,1.75422008711836,22.8311024672997
Lebanon,2000,50.1152959262106,-0.39180673260141,1.72552456653499,20.4112221368178
Lebanon,2001,55.5568083587026,2.12758024747754,1.66252495800846,22.8135453076258
Lebanon,2002,51.0425325574951,1.99615029951745,1.38937527602441,18.748268218343
Lebanon,2003,54.0908340214699,1.81278345572235,1.37957282493925,19.1610239471511
Lebanon,2004,90.9727970270956,4.96833961304041,1.6169716035759,23.0676139622754
Lebanon,2005,92.762656272585,1.106879785513,1.54954660675644,22.9660109644112
Lebanon,2006,91.0693970298409,-0.16111039140597,1.69887292002787,20.5480910787445
Lebanon,2007,97.9677079660494,7.21242419520836,1.93814380795793,24.2820896201012
Lebanon,2008,106.625673176194,7.27020382429338,1.66309647863534,27.9963212002476
Lebanon,2009,90.3978388619092,8.75424197439401,1.34979711881761,26.9210161655957
Lebanon,2010,95.0966529416243,6.92562408092621,0.976748358836896,24.9372585130013
Lebanon,2011,102.139882412503,-0.215990101752055,1.07982379188685,26.8463657489038
Lebanon,2012,88.5455019230591,-0.172272058447192,2.70487296695382,24.7872978801239
Lebanon,2013,86.1743285920565,-5.35004515636365,9.25490649315042,27.6124294369186
Lebanon,2014,79.8171565925627,-7.26145145442744,9.99230472656041,24.9671951418081
Lebanon,2015,71.8390426347811,-1.48529943559267,1.95769583624838,22.2227792570986
Lebanon,2016,67.7236177908116,3.95420458700914,-2.33543749400836,23.1425713718061
Lebanon,2017,68.4554292593276,3.57185811074811,-2.61057116476665,21.787935227326
Lebanon,2018,68.2573073043718,1.00112836973221,-2.89884297122412,22.4871034019622
Lebanon,2019,62.98091601016,-3.87037166908469,-3.21837128976045,12.3224742609761
Lebanon,2020,50.1298042879627,-20.1290983815185,-1.60386258157574,8.09817736631194
Lebanon,2021,78.8286204025241,-7.25697163046323,0.275364167930295,5.35948434334897
Lebanon,2022,114.888278265666,-1.07782192621244,0.460053063032864,1.22517144706489
Lebanon,2023,104.206410069182,-1.25912842069158,0.503630953855672,1.89754409912655
Lebanon,2024,,,0.560805065461567,
Lesotho,1991,,5.06906633065643,1.78987959126126,
Lesotho,1992,,5.19238547462368,1.6630030854951,
Lesotho,1993,,1.95754937004924,1.510942325487,
Lesotho,1994,,4.55519517771128,1.35340882923336,
Lesotho,1995,,2.03489246937004,1.22348105728494,
Lesotho,1996,,4.4737795209935,1.06941770060456,
Lesotho,1997,,2.88404384128545,0.793429718638376,
Lesotho,1998,,1.0335881718662,0.497670599964471,
Lesotho,1999,,0.215961480049515,0.259167017289072,
Lesotho,2000,,3.84034989034289,0.0338894483530851,
Lesotho,2001,,3.71996350434441,-0.152817947191406,
Lesotho,2002,,1.0355999970419,-0.30904544946415,
Lesotho,2003,,5.06649512855877,-0.483449852068026,
Lesotho,2004,,2.41103579960742,-0.704216157980622,
Lesotho,2005,,4.42249766024187,-0.920090941162442,
Lesotho,2006,,4.65948787654852,-0.411119833657806,
Lesotho,2007,165.048948833372,3.75025688346649,0.420949997112671,24.9246019342258
Lesotho,2008,161.126590593391,4.81119838923493,0.677229463442686,27.9814428627338
Lesotho,2009,158.894737585637,-1.96870088552072,0.726654299508152,30.538219790262
Lesotho,2010,150.102435487333,4.45925951436652,0.772821659424366,31.3011900430751
Lesotho,2011,149.796606699153,3.69398595274109,0.885634151913232,25.3316425094885
Lesotho,2012,150.208575358438,5.27066659627468,1.00510607755205,35.7205960501896
Lesotho,2013,133.36548975517,0.696148188602265,1.08291299578498,32.6667455053055
Lesotho,2014,126.292475360578,0.557309193389017,1.14032275206417,34.0968182808394
Lesotho,2015,129.722773082867,1.92251059472272,1.17199706979444,30.4366347369568
Lesotho,2016,136.31524774176,2.35363981271321,1.21894302061673,28.7760063691053
Lesotho,2017,146.366771329494,-4.33655999292874,1.24492806980041,22.2056129829322
Lesotho,2018,144.434955465602,-2.67593907523207,1.22069019410404,21.4472792170962
Lesotho,2019,140.51663349168,-2.56925986092637,1.17469837087993,26.7945041312681
Lesotho,2020,141.096605062998,-9.23727005298078,1.18432063043163,26.2646701221778
Lesotho,2021,139.186479465407,1.09935782526551,1.14804266920884,28.4701352359002
Lesotho,2022,142.373981074229,1.28745564005285,1.08048016923391,27.3770081483323
Lesotho,2023,141.51375589725,0.709359727084816,1.10328678263994,27.2206687179899
Lesotho,2024,,1.71259070592455,1.11644894351979,
Liberia,1991,,-2.51326031798234,-12.7991272233588,
Liberia,1992,,-38.7172836518678,5.75704272691874,
Liberia,1993,,-35.5462839014456,3.91124005265588,
Liberia,1994,,-21.5731868011574,-0.241483731724842,
Liberia,1995,,-5.11507834003075,0.890656464561814,
Liberia,1996,,8.95052315118872,2.86865985716056,
Liberia,1997,,90.8322668507269,7.78387115678537,
Liberia,1998,,17.6689843112672,10.1258685289522,
Liberia,1999,,15.202396479117,5.52089565583152,
Liberia,2000,,23.9409230680701,3.70256844774732,
Liberia,2001,,-0.0567743363726407,2.9352375714594,
Liberia,2002,,1.09938923491595,2.60055374367034,
Liberia,2003,,-30.6993530292511,0.79655231018503,
Liberia,2004,,1.4054000654278,1.19050087276777,
Liberia,2005,,0.684612867093762,4.46419976403406,
Liberia,2006,,2.17024627280136,5.58972152870902,
Liberia,2007,,4.21343815918623,4.98055607463838,
Liberia,2008,,2.88473943454363,4.05801806274783,
Liberia,2009,,2.04180167202995,3.14360024630264,
Liberia,2010,,3.07117998186455,2.89605811562763,
Liberia,2011,,4.04086635073222,3.92046987945605,
Liberia,2012,,4.24345556941776,3.53448694358844,
Liberia,2013,,6.3241100027268,2.19827693086756,
Liberia,2014,,-1.37370786861489,2.08217532534285,
Liberia,2015,,-2.06002320038729,2.06297096669961,
Liberia,2016,,-3.54590251888713,2.04312155500225,
Liberia,2017,,0.48341831127135,1.94324776688719,
Liberia,2018,,-0.802290167584516,1.95645231379837,
Liberia,2019,,-4.38160849244818,1.98225492944197,
Liberia,2020,,-4.97470394166794,2.07483340649162,
Liberia,2021,,2.7936852774608,2.11098738475006,
Liberia,2022,,2.585058275666,2.14388170425267,
Liberia,2023,,2.40186206516404,2.20390696065654,
Liberia,2024,,1.8018710155725,2.15725346515291,
Libya,1991,64.5963701146866,13.1314809179703,2.20620699142416,13.1121255984857
Libya,1992,56.0580651923278,-4.72396454559389,2.08945197161358,12.1507179540929
Libya,1993,59.7921131590227,-5.64791556146643,1.97785331609755,16.2805400771539
Libya,1994,53.1524029296679,0.0535526200486487,1.8627694303479,16.3308919434133
Libya,1995,51.5917602996255,-3.91035223611419,1.74343085926812,12.1610486891386
Libya,1996,52.5451559934319,0.484583325696249,1.628256686488,15.5016420361248
Libya,1997,48.6324121846067,3.60796474601293,1.53695333635977,12.3612976182062
Libya,1998,40.2527075812274,-4.97934471333424,1.49071733534102,11.9604457698948
Libya,1999,34.8016301090735,-0.74350237690841,1.49314341029578,9.48100203763634
Libya,2000,45.2810937659422,1.97930843294741,1.65322614160708,11.8406285072952
Libya,2001,43.1734496124031,-3.55569593532938,1.84188849101584,10.7461240310078
Libya,2002,78.8597570352145,-2.84267783712218,1.92033997804202,13.5168383822851
Libya,2003,90.6127305175491,10.7838721756603,1.99485254520156,19.358996133254
Libya,2004,96.1293320792401,2.32576943782377,2.06583711688529,11.6389465616944
Libya,2005,90.8608896854615,9.53922388994984,2.10615511958762,9.51658544855648
Libya,2006,97.7381011197381,4.3383026664543,2.05113885258773,21.0482643995738
Libya,2007,102.732315500893,4.06916207450483,2.05506946829407,19.1096779450883
Libya,2008,103.242158045544,-2.26034195363675,2.12409959672873,21.6648129995476
Libya,2009,107.620930501039,-6.37107364350932,2.08315407578494,26.0180306878529
Libya,2010,98.077213074239,2.90736772244718,2.0390577056462,19.8007992326027
Libya,2011,63.0054352895288,-49.1278565212286,-2.4085814162192,8.44242069649716
Libya,2012,98.2243189168448,91.7813702690939,-2.61743182302169,15.2187654168722
Libya,2013,106.334360918106,-19.6276937990081,2.00744391901146,21.6855173162296
Libya,2014,76.5248826381117,-24.5110536856449,1.92631083217923,26.2237211424
Libya,2015,56.9049073326883,-2.43005265175647,1.61383897825773,17.382012837146
Libya,2016,41.1101760615135,-2.98083261952721,1.52399514586306,13.8004674607543
Libya,2017,47.5489661921214,30.3950611263495,1.59519992425695,13.7077561764599
Libya,2018,63.7811335968183,6.20327204937865,1.62332708641058,15.1337630488594
Libya,2019,78.9939691850138,-12.4989174222368,1.47795950725002,13.7553442934446
Libya,2020,50.9757934373319,-30.4001717408883,1.3484498033463,9.44983047721509
Libya,2021,164.284069967105,26.6853936559494,1.26619979488109,12.160907547063
Libya,2022,156.321684682347,-9.42490206992071,1.23450447871795,10.5201970194858
Libya,2023,159.433825342143,8.96534736140164,1.12674309223491,16.880425672487
Libya,2024,128.816175842936,0.859500182813605,1.02629935747641,14.2709346991037
Liechtenstein,1991,,0.173550269524853,1.61174133104902,
Liechtenstein,1992,,2.14651010516232,1.42092267625387,
Liechtenstein,1993,,2.73013933393034,1.54735487321845,
Liechtenstein,1994,,5.52987892332438,1.25829365403492,
Liechtenstein,1995,,4.82284964561106,0.999257245237642,
Liechtenstein,1996,,6.01996481773229,0.831598896867056,
Liechtenstein,1997,,6.54193167078098,0.639205581201736,
Liechtenstein,1998,,6.27762286609592,1.38634970785053,
Liechtenstein,1999,,8.51597144502081,1.73117065812303,
Liechtenstein,2000,,1.87954790344263,1.30732907481793,
Liechtenstein,2001,,-2.37488109909029,1.66774320599301,
Liechtenstein,2002,,-2.46311446328741,1.49506432654852,
Liechtenstein,2003,,-3.04540410833893,1.13615788435917,
Liechtenstein,2004,,1.93839655413686,1.07405521315503,
Liechtenstein,2005,,3.90506605911179,0.884398828059777,
Liechtenstein,2006,,7.76432322419438,0.81387467447858,
Liechtenstein,2007,,2.66666052628214,0.640125089403045,
Liechtenstein,2008,,1.19257451932671,0.596594686745767,
Liechtenstein,2009,,-1.90138748845943,0.755462414857941,
Liechtenstein,2010,,,0.780339504026041,
Liechtenstein,2011,,,0.801840223929879,
Liechtenstein,2012,,,0.945614084833038,
Liechtenstein,2013,,,0.888098068342956,
Liechtenstein,2014,,,0.711286542304829,
Liechtenstein,2015,,,0.658266806602704,
Liechtenstein,2016,,,0.590348742843119,
Liechtenstein,2017,,,0.650125178937136,
Liechtenstein,2018,,,0.745332024798021,
Liechtenstein,2019,,,0.825428790511035,
Liechtenstein,2020,,,0.872668968896405,
Liechtenstein,2021,,,0.719750043098349,
Liechtenstein,2022,,,0.790598334689517,
Liechtenstein,2023,,,0.889858277389592,
Liechtenstein,2024,,,1.50446197178693,
Lithuania,1991,,-5.83598819762408,0.170116869352429,
Lithuania,1992,,-21.1734221345262,-0.108586324904251,
Lithuania,1993,,-15.8287446068438,-0.474107542700159,
Lithuania,1994,,-9.13764680587376,-0.694003962919015,
Lithuania,1995,84.5445654964236,4.08820060846659,-0.769728017770742,22.4997485371002
Lithuania,1996,92.813796697758,5.82855284120009,-0.760343408174495,20.8827003208451
Lithuania,1997,99.6494889661181,9.10266047464678,-0.737830358066631,24.4102794045778
Lithuania,1998,89.3653045985264,8.24426426596885,-0.724436206600195,24.1915315326061
Lithuania,1999,74.5847357424933,-0.392806939052534,-0.709489234071613,21.2148735956134
Lithuania,2000,83.1914942748116,4.14861792867285,-0.703385440488978,19.1446223329092
Lithuania,2001,93.4871373685836,7.36519017903279,-0.824008723044179,19.3746140196783
Lithuania,2002,100.332229474818,7.57999763692278,-0.802765710748508,21.064433775953
Lithuania,2003,98.0914043206711,11.4535417783581,-0.812278097406687,22.2317698184889
Lithuania,2004,104.072070698543,7.70478467031737,-1.12299127483243,23.4409316851452
Lithuania,2005,117.449691165186,9.50010821862925,-1.62840112593427,24.4085431146972
Lithuania,2006,124.613633047292,9.12367697158992,-1.59637831830094,26.8802630577834
Lithuania,2007,116.295810328172,12.4053451378162,-1.187947957259,32.4396749969277
Lithuania,2008,126.759707831841,3.66012476803633,-1.02848317546539,28.2461520781263
Lithuania,2009,105.040251236614,-13.8877568111501,-1.11034575437238,12.9798453346191
Lithuania,2010,131.626507396009,2.5553360476174,-2.09694341985475,17.8578010235461
Lithuania,2011,149.645306927215,8.75223892258067,-2.25846389882827,22.3672029077554
Lithuania,2012,156.638925650513,5.74397608423232,-1.2954927649989,20.2704080461532
Lithuania,2013,156.626637927418,5.026825169489,-0.937390957711289,20.4182900930827
Lithuania,2014,143.290115780694,4.62035286553186,-0.813668566231451,20.3004773754029
Lithuania,2015,138.195575009601,3.75632420325671,-0.89406825888146,22.5552269115381
Lithuania,2016,134.690449650877,3.87744054624235,-1.16730651563847,20.2876398712687
Lithuania,2017,144.918393101325,5.88872606993294,-1.21281970207312,20.480115803004
Lithuania,2018,147.202132525221,5.79066548228593,-0.82796893028899,22.4066386338902
Lithuania,2019,148.374996011818,4.97938353929399,-0.288120400605037,19.5803862338798
Lithuania,2020,135.796565563519,0.068446214406265,-0.0256161303326233,16.5198227850463
Lithuania,2021,154.80672767597,6.45535837727842,-0.070798680741267,21.8350067084027
Lithuania,2022,175.651612151093,1.695285500032,0.824789131191284,28.0753061012226
Lithuania,2023,149.041909014608,-1.05357687282228,1.40084461829591,21.9341715222081
Lithuania,2024,143.04839086338,2.17864980259621,0.579633464785161,20.4124317092532
Low & middle income,1991,32.5806726644616,0.941237137721203,1.91344711995566,24.9886672691942
Low & middle income,1992,36.0555435628859,2.35160001278044,1.857004709459,26.0115550895871
Low & middle income,1993,38.1684276291913,3.11916936371021,1.82077980512764,25.9841940020012
Low & middle income,1994,39.1235210544034,3.32559322395547,1.76272428695527,26.5293871181884
Low & middle income,1995,39.6187370744919,2.82910255860101,1.73014459774345,25.7579364042395
Low & middle income,1996,39.2767242178341,4.45343027591107,1.71238482558525,25.3155245944023
Low & middle income,1997,41.1872586314437,3.91431509036354,1.68126745233052,24.6322515222586
Low & middle income,1998,42.1107884804792,1.63839130840697,1.65109099921661,23.9054680491656
Low & middle income,1999,42.0330742964318,2.03848064276428,1.60403618078303,24.4340737608689
Low & middle income,2000,46.7264519149955,3.93751381008936,1.56284651687511,24.2964340942951
Low & middle income,2001,46.1513042656398,2.08136648894268,1.53157111195692,25.1620251297205
Low & middle income,2002,48.6018196529748,3.25204682153539,1.48980632595373,25.6011500155291
Low & middle income,2003,53.1349102411519,4.40370316977543,1.4584566947946,27.0793960284005
Low & middle income,2004,58.4606839220844,6.13881148751045,1.44652072859845,28.8091191146746
Low & middle income,2005,60.1575888892988,5.84828569596125,1.42627511457096,28.5465080005703
Low & middle income,2006,61.0314026039836,6.70544063809469,1.41033201540365,28.9819485361581
Low & middle income,2007,59.9129819860006,7.34999585398744,1.37957727760743,30.2622479432914
Low & middle income,2008,59.5812275739273,4.48980013187953,1.38089127548918,31.4142927313115
Low & middle income,2009,49.7703261441687,2.58764891309701,1.38139180222223,32.1910227544606
Low & middle income,2010,52.807225244472,6.68671408010135,1.37561424789051,33.3213553096352
Low & middle income,2011,54.6765182665995,4.90086361831774,1.37651008477082,33.7400391210824
Low & middle income,2012,53.3648508202226,4.03225914762784,1.39200394574666,33.8461483879246
Low & middle income,2013,51.8762669179472,4.19313415831412,1.36118385466997,33.9799665059226
Low & middle income,2014,50.2597431615779,3.78257099062422,1.33552637862818,33.9740698628917
Low & middle income,2015,46.5474413023969,3.35462746577417,1.28780249349288,33.2378808798469
Low & middle income,2016,44.6158101427167,3.41494461933769,1.2692396791293,32.8878803826802
Low & middle income,2017,46.0069999758142,4.00562094840586,1.26926807979771,33.3255386431029
Low & middle income,2018,48.098708044233,3.70452571488464,1.23434835109706,34.4007692169964
Low & middle income,2019,46.0888081297684,2.92505220549909,1.1907464780697,33.4621301992076
Low & middle income,2020,43.6244138331382,-2.22311442411191,1.12047507698215,33.738545733455
Low & middle income,2021,48.8763803418356,6.30209728894758,1.01496193581433,34.936045416548
Low & middle income,2022,52.4201241317349,3.03670016485056,0.930421993883396,34.5787335614224
Low & middle income,2023,48.4823027251615,3.83993000076508,0.941953847702375,33.5501873765709
Low & middle income,2024,48.7194051979676,3.33317833043748,0.989514171477215,33.3027019767039
Low income,1991,33.0684815856152,-0.144425561722272,2.2557994189822,11.9318022820558
Low income,1992,35.0484293906908,-2.21990796328792,2.70536193949557,11.7480547157262
Low income,1993,33.8596709147828,-3.04486028194313,3.08256581393085,9.87035588318713
Low income,1994,41.266776248097,-1.20535212891879,2.82567606565215,9.90808321784048
Low income,1995,44.5283465791767,1.92209366117307,2.76235704369787,10.6024719667231
Low income,1996,45.0736421874338,2.10209260983511,2.86201006796474,14.3981791828616
Low income,1997,39.7585887658194,3.42374855370468,2.75586523979662,11.489593403809
Low income,1998,42.3867729816828,1.88422491655838,2.75291899143563,11.6828569701429
Low income,1999,41.0050174090888,-0.455069462738038,2.77661941612138,12.9440837541593
Low income,2000,41.0541147884806,0.179487066576712,2.61940968797895,15.1323471960825
Low income,2001,38.9259707187691,1.33167553686037,2.63076596647826,14.2061388095868
Low income,2002,45.9144027879128,2.26195725350031,2.90537480933618,14.9219900507025
Low income,2003,46.5817007948035,2.60529502658653,2.94963239449119,15.7759927984092
Low income,2004,48.6063117569923,2.77002581620944,2.82418651313884,15.7125579265337
Low income,2005,50.571418588745,3.05185551990141,2.86000670547055,15.5633132202926
Low income,2006,50.3964342429412,2.17688676730121,2.98177064489748,15.9962432790408
Low income,2007,53.5472553943677,2.57267986929308,2.93461632168284,15.9015549708347
Low income,2008,57.722908719797,2.03490299760387,2.85267557465125,16.8459625449562
Low income,2009,52.149598245542,0.390002822779095,2.84549281696616,17.1948063895297
Low income,2010,54.1509064901303,3.53466347299755,2.81881699524429,17.2888030089286
Low income,2011,54.1806322591223,-2.87623599935215,2.78794813642983,17.6922662611199
Low income,2012,51.9490628118335,-6.92776901662788,2.67948098209702,19.3058439442104
Low income,2013,52.765486620292,0.0280309982273081,2.48940373377116,21.2693553718013
Low income,2014,50.8397694755724,0.402175775378311,2.41799905107161,21.0120785231505
Low income,2015,45.416564121708,-4.437123140488,2.45405293007536,18.160582304312
Low income,2016,48.5507451991774,-2.07115901042687,2.59571875281146,18.4315812326274
Low income,2017,51.7746272639688,-0.834230637347915,2.70502049801392,18.2227932406082
Low income,2018,56.4951992992836,0.00506895210125435,2.80205004159983,20.6606803480902
Low income,2019,54.4200923809361,0.0883363671423893,2.87761064620328,20.5166880308861
Low income,2020,51.0254007187152,-3.91188565294097,2.83335690522133,19.1297645271297
Low income,2021,55.6982111941393,-1.43402362536942,2.71561996822971,20.8325687670862
Low income,2022,54.7546157525203,0.665687962311125,2.63897305397749,21.3058900982666
Low income,2023,52.6715630995498,-2.88457214293982,2.71738592668977,19.896381984316
Low income,2024,55.570177664087,-0.431562207186857,2.73201508449442,20.1699108618385
Lower middle income,1991,34.5374647982006,-0.18820866563442,2.35257306655044,24.1442484114681
Lower middle income,1992,35.6280135460008,1.34282931109135,2.28157112431907,25.9435026353286
Lower middle income,1993,37.0402615407272,0.00684307700093711,2.25264557477588,23.2848754685382
Lower middle income,1994,38.2094188335705,1.76939297785648,2.20983164661605,25.0112166118979
Lower middle income,1995,40.7932382829523,2.91022801095704,2.17950949903356,24.6324030934266
Lower middle income,1996,40.8965672984105,4.16904098263177,2.14761900518557,21.1947879300181
Lower middle income,1997,42.4912182714732,1.86856247517792,2.11752116266966,22.1963558175147
Lower middle income,1998,42.25643352571,2.39082744889893,2.09468198741815,21.9369290057096
Lower middle income,1999,42.2983938824288,3.27906412416287,2.04785821147089,27.3542309839712
Lower middle income,2000,44.9588349232252,2.12396193920688,2.02184470625096,24.2962433244534
Lower middle income,2001,44.9716713879827,2.27413475941367,1.997936029208,26.5701188813921
Lower middle income,2002,47.7291823020143,2.54063645493842,1.92085563234054,26.0998987712714
Lower middle income,2003,49.4379583192186,3.98865979302767,1.86607026207232,26.8314878457919
Lower middle income,2004,55.0403840563812,5.14799272836864,1.84989393783604,29.4108790549248
Lower middle income,2005,57.8128998221732,4.80142372551803,1.79770264684339,30.4169588336475
Lower middle income,2006,59.4156440128914,5.09769252604187,1.77590227600792,30.6038302940205
Lower middle income,2007,60.9735985823102,4.99941778658486,1.78167048364659,33.3738592425482
Lower middle income,2008,65.7351719993204,2.78655754770058,1.73951618323551,31.3048313249394
Lower middle income,2009,57.1449216406278,4.15890816767292,1.72042650863612,32.2586013488044
Lower middle income,2010,57.5712724256981,5.04532113820773,1.71918462378512,32.5789186318294
Lower middle income,2011,61.7678641702968,2.99771874214802,1.69326744956687,31.7277871749089
Lower middle income,2012,60.7415655800525,3.45181123495624,1.65505359391353,30.5304723192295
Lower middle income,2013,58.8560955800176,3.98862203074495,1.60678424905701,28.1701552533142
Lower middle income,2014,55.808163451864,4.43335794916078,1.60087530645053,28.4254550810316
Lower middle income,2015,51.2354470795111,4.31010742797753,1.5287874312566,28.0176614457793
Lower middle income,2016,48.8826073486802,4.11941268614358,1.49254953341804,28.1253884302935
Lower middle income,2017,51.424392027321,3.91053663870615,1.46225069221547,29.5873231302153
Lower middle income,2018,54.6791911614007,3.94060185835824,1.41659316723908,30.4712418252383
Lower middle income,2019,52.2515731349382,2.64076487721687,1.37716602197508,27.9707723531674
Lower middle income,2020,47.5088407721334,-5.26424898822103,1.34923040716142,26.4019892346509
Lower middle income,2021,54.1209630548735,5.1500566728682,1.26684336472418,28.8642761532541
Lower middle income,2022,60.0642337972692,4.94523063387227,1.22704995618962,29.9680862954644
Lower middle income,2023,55.5578866928056,4.71237036344138,1.26180367499949,30.1626711920633
Lower middle income,2024,54.6526254323577,3.85973768844086,1.25676756013785,30.5281875621454
Luxembourg,1991,188.663907871345,7.19840884904519,1.33968316953886,26.4145586242013
Luxembourg,1992,182.54727407881,0.476077518162256,1.32834757125223,22.9760003027068
Luxembourg,1993,181.402666783426,2.81121761057996,1.34238702924688,23.148090454583
Luxembourg,1994,185.786247148865,2.41663050795087,1.36184013740089,21.8974256143903
Luxembourg,1995,189.544445888796,0.0173001277039759,1.40474246355929,20.448335342484
Luxembourg,1996,195.63690664815,0.027252339399638,1.36114394109864,19.6570289217152
Luxembourg,1997,212.088757931917,4.10663828807746,1.25350248369427,21.3391964245058
Luxembourg,1998,236.570014987575,5.35583809477926,1.24387080269218,22.3255803948791
Luxembourg,1999,239.922499577691,6.723967085834,1.35062128530242,23.6884713315939
Luxembourg,2000,272.412326845348,5.5104089136417,1.34408299573143,22.5591443010138
Luxembourg,2001,270.765630443257,1.8545751855653,1.19045634528707,22.2118034133241
Luxembourg,2002,250.689198161424,2.14961081258387,1.04766081596443,20.4278629315455
Luxembourg,2003,244.977946060528,1.3798933925965,1.21520087964639,21.3095582474848
Luxembourg,2004,265.226884855637,2.76088619019987,1.42133256471314,21.3053196225941
Luxembourg,2005,284.077476869478,0.926765993724189,1.53005466340868,21.5102572947922
Luxembourg,2006,305.879547488526,4.33910866629117,1.59505191774492,19.0038754886789
Luxembourg,2007,307.485020085196,6.44203099589529,1.54438684650549,19.5133253491461
Luxembourg,2008,292.21348078343,-2.066473342352,1.78749663225793,20.5796394806551
Luxembourg,2009,263.532701541684,-5.01426307607777,1.85177523043645,16.1829007965354
Luxembourg,2010,293.671876906939,1.88354824324517,1.8254058035237,18.0831934936242
Luxembourg,2011,308.714453874162,-1.17679800508684,2.22266050326725,19.2687977063888
Luxembourg,2012,311.786835204686,-0.762183314011807,2.40154189982875,18.7523048822473
Luxembourg,2013,320.533506316768,0.814651722760445,2.31117625275217,18.1453726914237
Luxembourg,2014,333.42885319668,0.232565199204004,2.35697870484045,19.0935867595733
Luxembourg,2015,351.13197436149,-0.11547655084216,2.35995118136865,18.9584857711264
Luxembourg,2016,348.437409376889,2.73979148676671,2.15531198799205,17.9319132619894
Luxembourg,2017,353.793991980303,-1.11611347517193,2.43097641776115,18.8897175502242
Luxembourg,2018,361.865445198667,-0.329840314332458,1.92883751398765,16.9949135422123
Luxembourg,2019,382.66078058442,0.752174049392224,1.9628449198635,18.653116084379
Luxembourg,2020,375.581396376432,-2.15417448261604,1.66635867423273,17.9294900539992
Luxembourg,2021,397.506180867971,5.31843087794495,1.51834936706612,18.6878759943301
Luxembourg,2022,412.177169924175,-3.07197647023996,2.01666790212729,17.0331766630247
Luxembourg,2023,402.566968197345,-1.90230848156084,2.02002574712319,16.4259109763361
Luxembourg,2024,351.267921153192,-1.2100374075406,1.57538901671221,15.8427821306684
"Macao SAR, China",1991,168.524785984471,-1.26343647651237,4.86550957997506,27.6162983608733
"Macao SAR, China",1992,147.122182802011,7.41865020859342,5.3296121741518,32.0299139845325
"Macao SAR, China",1993,134.573890698035,1.5978540685098,3.47100680921818,31.9842271992202
"Macao SAR, China",1994,130.412627639881,0.890556383729319,3.2789822822991,31.985111168614
"Macao SAR, China",1995,125.366036122689,0.141466174619325,3.10160080876396,26.3243204730861
"Macao SAR, China",1996,122.344072480498,-1.8112485513828,1.40710715606357,19.6173085668311
"Macao SAR, China",1997,123.265644140025,-0.804714039124292,0.528593253851375,18.6832525318749
"Macao SAR, China",1998,124.887979200089,-5.70097432319105,1.19105743423909,16.0074496136896
"Macao SAR, China",1999,132.256708202737,-3.52370954037654,1.20043809451493,15.8359452641235
"Macao SAR, China",2000,147.76978681921,4.96128697751081,0.74592420452155,10.3794581271727
"Macao SAR, China",2001,150.023588329221,2.1057298683224,0.763450787404228,9.24118159384526
"Macao SAR, China",2002,152.382640999662,7.78694490504645,1.03176428295007,9.88855116514691
"Macao SAR, China",2003,150.78839554326,10.3346413302596,1.17915198424063,13.6347831345337
"Macao SAR, China",2004,148.903750204961,23.5454528451709,2.47146053547528,16.0689606708674
"Macao SAR, China",2005,136.372221937073,3.78678679303218,4.05140517951681,25.5371349381512
"Macao SAR, China",2006,128.785689078596,7.61914824490131,5.22537622408586,33.5204261683499
"Macao SAR, China",2007,130.670598794717,9.64668162095835,4.31524098841543,36.5478705097145
"Macao SAR, China",2008,126.607131209269,-0.393635324657993,3.73065116368133,30.4045920575905
"Macao SAR, China",2009,113.55459255005,2.37763323141643,-1.05978494919527,18.5036286743591
"Macao SAR, China",2010,119.938411439898,24.6371741633376,0.373134761285818,13.2455224408891
"Macao SAR, China",2011,122.886868700544,18.8340221202044,2.31926463992749,13.7719909836121
"Macao SAR, China",2012,123.711349167944,5.6980527343963,3.27546059752472,14.6458075564532
"Macao SAR, China",2013,121.375076167887,6.28976356008269,4.13923548132925,14.0629589797994
"Macao SAR, China",2014,118.580835443557,-6.73432773895128,4.91199595786127,19.7863412477179
"Macao SAR, China",2015,119.250436813256,-24.3342148018188,3.3531529872349,25.3975906300422
"Macao SAR, China",2016,112.890232741859,-2.16245351057516,1.48219480492074,21.8986528399403
"Macao SAR, China",2017,115.454662557842,10.6136017665803,-0.630334933532746,19.6168290048652
"Macao SAR, China",2018,116.568676845013,4.66426775869004,1.60639880582531,17.2841449919479
"Macao SAR, China",2019,115.23129893555,-4.36234107753577,1.96865626033754,14.1724783202989
"Macao SAR, China",2020,123.43437444297,-55.2935602758164,1.9744268917359,26.1685250836783
"Macao SAR, China",2021,171.31597082054,22.9825542159725,-0.424008238139362,23.0842314294918
"Macao SAR, China",2022,170.368049338506,-18.3347299128809,-0.764822083825685,23.2050134288272
"Macao SAR, China",2023,145.874467252327,74.9210250474262,0.221222713921319,15.2974689049317
"Macao SAR, China",2024,142.07943455076,6.56231424335874,1.20077588622782,14.0846664654392
Madagascar,1991,35.7567980580415,-9.06534604960984,2.98892403647048,30.6747092543918
Madagascar,1992,33.1576177671174,-1.81843433556932,3.00913797217694,36.093866863912
Madagascar,1993,32.8658889270584,-0.967365507883727,3.0502535632257,37.8751249459515
Madagascar,1994,43.5589179379958,-3.10023435072759,3.10719838973684,32.8728710665706
Madagascar,1995,45.3744915678324,-1.48672600372494,3.16254820979997,8.87091919130073
Madagascar,1996,35.8824601668345,-1.08018694336826,3.2173927391356,9.52611618731957
Madagascar,1997,36.8737477819441,0.372555082381069,3.25505471239561,10.1519133023369
Madagascar,1998,37.3321870147971,0.572337045613963,3.27159813295267,12.2465309420613
Madagascar,1999,40.9244120208063,1.35457204239148,3.24667519014568,12.2933453010977
Madagascar,2000,42.7771226639725,1.19450196549229,3.17297260783499,11.9305464071932
Madagascar,2001,41.0351260923859,2.76590524360817,3.0798984770565,14.5092173370671
Madagascar,2002,50.1816919379298,-14.9882005086862,2.9899935045994,10.9702431408945
Madagascar,2003,34.030602917475,6.61414736438235,2.93067077025108,13.7245656856915
Madagascar,2004,48.7753818852156,2.23191685103676,2.91610861061954,21.1510251154033
Madagascar,2005,59.1300849357677,1.7317720668288,2.92926937068758,19.3271126967742
Madagascar,2006,62.1028389370244,2.34726337803239,2.93769107946479,20.3112680040621
Madagascar,2007,66.7027353570049,2.65309950729227,2.93494950819065,26.5179313396028
Madagascar,2008,74.357353960806,3.62579150838536,2.93532927308935,38.7460962157139
Madagascar,2009,62.4116975958196,-6.7569485520622,2.93604117284744,37.2218957020948
Madagascar,2010,57.8748945101807,-2.26580252727942,2.90919662127516,27.0273897313715
Madagascar,2011,56.4830925951893,-1.26548226968092,2.83965714379658,23.3511667280009
Madagascar,2012,52.6517140811255,0.20064094160324,2.76626312576328,20.1689187861962
Madagascar,2013,56.3675817900932,-0.444341802421619,2.71964840033078,16.5129132506109
Madagascar,2014,61.9694322111234,0.605710119846222,2.68077948175383,16.4906896468032
Madagascar,2015,61.2203788365078,0.445748708056158,2.63948434650119,15.9918879278761
Madagascar,2016,60.8346984831423,1.31063593376801,2.61335935661539,16.3659933895724
Madagascar,2017,65.3434015072915,1.26236994297058,2.60345495087599,15.8063768976943
Madagascar,2018,67.8415046683582,0.542519018708518,2.60334538024635,20.7029752410218
Madagascar,2019,62.6013230457128,1.73013722889858,2.60136633480103,22.6840481290776
Madagascar,2020,49.0107073664371,-9.49182579621846,2.56778870397591,17.7153251099228
Madagascar,2021,55.2158585927485,2.05115869903585,2.51537360931706,16.3892313120054
Madagascar,2022,70.5471344130961,1.6026818003365,2.48207836172625,22.1619767688281
Madagascar,2023,61.1330416886146,1.66887506096856,2.46201530433165,19.9083555489204
Madagascar,2024,54.9795881437152,1.69312025320663,2.43524760129506,22.224338487768
Malawi,1991,,5.4346573203748,3.07784774072047,
Malawi,1992,,-9.99229540689642,2.91173826494271,
Malawi,1993,,8.10315787740552,1.45890484790257,
Malawi,1994,,-9.1882192265535,-1.16516040362747,
Malawi,1995,,16.8987563989012,-0.145478657197626,
Malawi,1996,,5.22149204417653,1.97165297305688,
Malawi,1997,,1.73065958671548,2.00642058000582,
Malawi,1998,,1.67311324947686,2.16203188036192,
Malawi,1999,,0.66457828968673,2.33453883328598,
Malawi,2000,,-0.830828162365975,2.39808527580859,
Malawi,2001,,-7.24640554406461,2.41939427546647,
Malawi,2002,,-0.760072947056585,2.44868795908692,
Malawi,2003,,3.09254835285383,2.50311318898405,
Malawi,2004,,2.72895046279207,2.58631203946607,
Malawi,2005,,0.539880654549222,2.67801100189358,
Malawi,2006,,1.85481455109522,2.75507030698051,
Malawi,2007,,6.55134655734449,2.82103771276785,
Malawi,2008,,4.5585561584534,2.90426164632368,
Malawi,2009,,5.17234875360792,2.95642545456471,
Malawi,2010,,3.76961752338009,2.94779608735928,
Malawi,2011,,1.91798932347378,2.91504427220952,
Malawi,2012,,-0.983601161818072,2.87064589887138,
Malawi,2013,,2.46076368480048,2.83808966369485,
Malawi,2014,,2.70386402914775,2.80479012384928,
Malawi,2015,,0.00792518281976129,2.75359183453625,
Malawi,2016,,-0.256367435160101,2.72595787740448,
Malawi,2017,45.3003137160008,1.22138049385239,2.70808949087835,20.2873149467203
Malawi,2018,43.578773489,1.60299745635619,2.67117568591664,21.276061190562
Malawi,2019,44.1954524635798,2.9515101541935,2.65059567621331,21.9119103002645
Malawi,2020,41.0323429397328,-1.82835240679078,2.63573735113183,16.7106351396417
Malawi,2021,44.5957618170542,1.88076432929152,2.59415828794597,16.915576065163
Malawi,2022,43.616624856781,-1.63749399398691,2.567947782963,15.9327969038503
Malawi,2023,42.4376683990967,-0.642220906290575,2.57135708610945,14.4830771619003
Malawi,2024,,-0.912638164593119,2.57641467045761,
Malaysia,1991,159.311447263255,6.50385099169159,2.8158546560368,37.7904739350522
Malaysia,1992,150.611220981935,6.0401774276111,2.64753082839941,35.3625515987311
Malaysia,1993,157.940462501597,7.11898849226085,2.55845902443816,39.1837113952867
Malaysia,1994,179.904942673986,6.46922820641041,2.54353236939425,41.2020812335965
Malaysia,1995,192.113200253514,7.07315866013809,2.54130598813685,43.6399023701753
Malaysia,1996,181.766982485457,7.2619407567863,2.52310298452386,41.4791985244273
Malaysia,1997,185.66511116237,4.68611382857154,2.48740927032502,42.9730832697528
Malaysia,1998,209.492202808189,-9.60703707579333,2.45609059309708,26.6749751979749
Malaysia,1999,217.570919391949,3.63588919830164,2.38527879909653,22.3820005053796
Malaysia,2000,220.406788982074,6.33603610574379,2.34480241175698,26.8674891484592
Malaysia,2001,203.364636010653,-1.86947729075297,2.40351289519482,24.398219973396
Malaysia,2002,199.356232695655,2.87262555049826,2.41855547054066,24.7773431485884
Malaysia,2003,194.195129056831,3.31466734765901,2.36624571909165,22.7633850643195
Malaysia,2004,210.374265897124,4.34321310786574,2.31172452935085,23.0495646010531
Malaysia,2005,203.854644595624,2.97037127170485,2.26772984873607,22.3964178094036
Malaysia,2006,202.577146840398,3.25940653936949,2.22705351047756,22.7035242231695
Malaysia,2007,192.465506357652,4.01330440274728,2.17350461828888,23.4095349745995
Malaysia,2008,176.668324785148,2.65806478779189,2.09531674831339,21.4583043811993
Malaysia,2009,162.558970452699,-3.45602642616269,1.99206021194285,17.8356949570531
Malaysia,2010,157.944764886771,5.43424070379723,1.87040612656176,23.3865410976414
Malaysia,2011,154.937684607226,3.46597439015295,1.75128008243176,23.1882579658738
Malaysia,2012,147.841754766013,3.69276569143121,1.70269513202166,25.7486213670602
Malaysia,2013,142.720991464873,2.91923259894287,1.70946282045073,25.9371066959614
Malaysia,2014,138.312231176843,4.20447757863825,1.7147407282165,24.9776084262813
Malaysia,2015,131.37007244526,3.28578556272301,1.73319445645586,25.424263277142
Malaysia,2016,126.8990100257,2.62004557566016,1.76731054757933,25.9955119994004
Malaysia,2017,133.155173371956,3.96186564548185,1.76466064017847,25.5473434515187
Malaysia,2018,130.402625502126,3.07401779071937,1.70174731907235,23.8974199608763
Malaysia,2019,123.028562027943,2.75950122381441,1.59646653343981,21.0482403944815
Malaysia,2020,116.788182437638,-6.7093351308522,1.33363323143911,19.6580082281542
Malaysia,2021,134.035994690727,2.13146199778431,1.15251304394292,22.1257083996672
Malaysia,2022,146.424604753908,7.73357563754043,1.1977720012836,23.5862921622175
Malaysia,2023,132.593461641599,2.26723785284469,1.23402869169549,22.8017590224926
Malaysia,2024,137.362571161559,3.83035137439249,1.22058891015438,21.9538831069426
Maldives,1991,,-1.63819444838322,3.08414944112238,
Maldives,1992,,3.65640861252177,2.86660285823986,
Maldives,1993,,2.82349343554151,2.62350414564248,
Maldives,1994,,5.19860772460727,2.39588951749495,
Maldives,1995,,10.4205369646215,2.29658684319165,
Maldives,1996,,5.51602988994901,2.19586623197496,
Maldives,1997,,6.22760939649747,2.02250438967603,
Maldives,1998,,5.51760973174864,1.85635292041612,
Maldives,1999,,4.3810051908541,1.70471377146204,
Maldives,2000,,2.14940822069896,1.64706787778788,
Maldives,2001,,-5.53403935759995,1.66955947887464,
Maldives,2002,,5.48472446317076,1.67678289699847,
Maldives,2003,,11.879734886166,1.65789955318333,
Maldives,2004,,4.19516512399211,1.64645534671167,
Maldives,2005,,-12.6312667876355,1.65046635945583,
Maldives,2006,,20.7066430063115,2.39322700867029,
Maldives,2007,,3.62432861281428,3.33024681100438,
Maldives,2008,,5.18657527149283,3.53961652894355,
Maldives,2009,,-11.5265024869526,3.53754131988817,
Maldives,2010,,3.08074681818198,3.53092174013543,
Maldives,2011,,5.0911686527859,3.50821445523557,
Maldives,2012,,-1.08988000428648,3.45705386277423,
Maldives,2013,,3.43150186988382,3.36852336235274,
Maldives,2014,165.97925116043,4.32797689766733,3.33008930667728,27.8611798197388
Maldives,2015,143.720506661302,0.341527920426657,3.45425190846638,31.9049232315583
Maldives,2016,144.380212278942,2.73896015037067,3.47818441091268,39.7662853405846
Maldives,2017,141.912110574952,3.57472677178792,3.3230837355609,42.8197158524795
Maldives,2018,142.491128546618,5.16982903680598,3.18090435033978,48.970177770723
Maldives,2019,137.125230875185,3.71535274800274,3.04593554452725,43.161162875967
Maldives,2020,114.361902904327,-34.8311671109222,2.90711274683574,35.5119966004124
Maldives,2021,142.607296696261,33.7685588624398,2.75700187362712,25.1856622862565
Maldives,2022,162.243432933656,12.0990628027296,1.528878337276,32.9897963177697
Maldives,2023,149.349976177434,4.56618167112615,0.359585188904548,33.0509347055178
Maldives,2024,156.473955741011,3.14046759606626,0.342572358181693,30.7946843948579
Mali,1991,36.1545833680932,10.4425642458913,1.98540443777679,18.9494292212105
Mali,1992,37.9740349488916,-6.95383565771893,2.01579765286114,22.5855379968407
Mali,1993,35.7839472513242,2.19547279186931,2.08462699306597,17.4095025914143
Mali,1994,44.0605023392665,3.34314408266553,2.15247098778735,23.465328665618
Mali,1995,45.0810713232829,-1.43053165283814,2.1669139807504,26.6200338251497
Mali,1996,38.9934967655238,4.09767423146987,2.15534830365536,22.8369798368974
Mali,1997,45.0487038446352,1.78182832553178,2.27253609178861,24.6381825418764
Mali,1998,39.830245090196,3.98606276193038,2.53261369818345,20.2497864467837
Mali,1999,40.5393029667541,1.83497199806726,2.78016882660174,18.2687685002919
Mali,2000,44.6657609790519,-3.58595570295952,2.91308874187569,17.6850224025008
Mali,2001,49.3239069915403,12.3755665966627,3.00701165563643,21.2264120603594
Mali,2002,46.3529227419891,-0.11560887230587,3.10676861781848,16.6102396163799
Mali,2003,46.8915346664625,6.36163328047297,3.17894001404545,20.4609529647302
Mali,2004,44.0120986422566,-1.75582979396248,3.23794608826987,18.7459932650163
Mali,2005,44.9124085077551,-0.765580835290066,3.27522299158149,16.4623142097926
Mali,2006,49.0190773449704,0.343315236896274,3.2804387949943,21.1808010889535
Mali,2007,46.8977916240376,-1.5313774567599,3.28796078422057,18.8147103700242
Mali,2008,53.6430193090625,0.28826876189116,3.2862188900418,21.5543695857429
Mali,2009,40.5413815805662,2.07458358612229,3.25780569403424,22.267117298921
Mali,2010,48.8166953660615,2.20222024869554,3.2485140091385,23.0142230994493
Mali,2011,43.1814699132908,-0.338811373050731,3.23250831038309,24.1469415013802
Mali,2012,49.4252356223808,-3.91930567411303,2.91998728475051,20.6933650621448
Mali,2013,54.6032439863007,0.317423676118025,2.92078257453733,24.1390637301209
Mali,2014,51.078682187569,3.18909645758293,3.16065691731413,26.625081854981
Mali,2015,53.5751760102265,2.96620762317433,3.1289280097663,24.8949550301917
Mali,2016,53.6126193604252,2.70047363998611,3.16701291267986,27.3161677115008
Mali,2017,49.4919984941972,2.06891771144161,3.18823649379751,25.5449834134051
Mali,2018,50.6998462523276,1.64097526491582,3.1254232369578,24.4943978534371
Mali,2019,53.9987132798636,1.87829272937594,3.01814494306617,26.5074433150938
Mali,2020,56.0415474422019,-4.1067984565496,3.01751361469378,20.6517365321331
Mali,2021,56.7150525565465,-0.00652431043852175,3.06035796580474,23.8157419439418
Mali,2022,61.5613274861987,0.628812173551424,3.00942592606239,22.1819624772823
Mali,2023,57.5332621823016,1.65672929216636,2.97400537620334,21.5452284920776
Mali,2024,49.8960414309506,1.94925730152001,2.94115084753028,19.5164229348668
Malta,1991,165.237809769569,3.43102736105183,2.69509289211785,28.960017601087
Malta,1992,170.465395838559,3.61645027238262,1.03164027783494,25.2780440388457
Malta,1993,178.905434820049,3.44243601674579,0.998755132026019,27.3768837797339
Malta,1994,181.70194942775,4.6675938127414,0.93526391926236,28.0976320532642
Malta,1995,177.062373580128,5.60371150999319,0.697143006602962,27.0214173332352
Malta,1996,164.098596075226,3.09824363982034,0.656524533590292,27.2050970789107
Malta,1997,155.659193993538,4.4634104100862,0.756792686540295,25.0930086384448
Malta,1998,157.046508810061,4.44456709295284,0.649936278938043,26.0342226180766
Malta,1999,165.170976831894,4.10096902937691,0.592860773979805,23.5976443407146
Malta,2000,189.601219315487,18.911491477925,0.645267230900854,27.3213666957815
Malta,2001,161.325360314794,-1.49982972622371,0.75110649818537,21.0580776540953
Malta,2002,162.524076154238,1.97804086607248,0.745506921127166,17.5128308148246
Malta,2003,154.574161735034,3.01352406880069,0.657732334391546,23.0000965164331
Malta,2004,155.889918335599,-0.264750342451379,0.67162845452858,23.5801220368609
Malta,2005,157.548497842721,2.22751799472962,0.637436918202842,26.7956404943751
Malta,2006,182.434055594702,1.96401929019108,0.364336947162944,20.9091272661548
Malta,2007,184.831334251527,4.67071992966383,0.348755082369901,22.5228784511997
Malta,2008,185.749523785473,3.73344869647698,0.650655460565174,22.2299771488929
Malta,2009,163.556848449111,-2.13584258309241,0.753906931031973,21.2352848005776
Malta,2010,178.232955302139,5.6770062472165,0.49118281065151,21.8643920190938
Malta,2011,192.027341380783,0.565202297816086,0.423700885195294,17.5046053160408
Malta,2012,199.213865142839,3.16977820606121,0.899209211902256,19.2733853410524
Malta,2013,187.432252850045,5.09582251827085,1.13206344183411,17.098762790557
Malta,2014,181.301127112959,5.47839368855718,2.02059558233422,15.9078613410928
Malta,2015,207.196019855244,6.97062722408066,2.44719692467224,23.454925599466
Malta,2016,213.359473242677,1.72282096153398,2.28889794467689,21.9401763037172
Malta,2017,213.047591025756,9.92374326439017,2.73472979835887,19.1594160464417
Malta,2018,228.098550737111,3.46851614170217,3.53282607673569,19.6534112858541
Malta,2019,233.070441910537,-0.0478838227421505,4.05171762437788,20.9696312129439
Malta,2020,242.361190735857,-5.62564990910049,2.2716254974907,20.1169020286086
Malta,2021,220.165634087757,12.829488461795,0.51468710034629,23.068727489021
Malta,2022,245.160375092004,-0.0182292034453724,2.47100289980875,26.3781498400487
Malta,2023,221.061835472405,6.29189585161325,3.99255876861009,19.838129805231
Malta,2024,218.170552427881,3.77715973676817,2.87111128593908,18.9710906304144
Marshall Islands,1991,,-1.97466653136802,2.08218438524189,
Marshall Islands,1992,,5.2469534025757,1.78350893049463,
Marshall Islands,1993,,4.41929617158642,1.50835649253379,
Marshall Islands,1994,,4.50407458142885,1.30585685625334,
Marshall Islands,1995,106.864260168011,6.97121573201034,1.15444404510935,
Marshall Islands,1996,113.293943603529,-11.2390062062195,1.04905074757535,
Marshall Islands,1997,107.516697046996,-7.36490438950175,0.987420553055034,
Marshall Islands,1998,111.950823636278,-1.58910018917851,0.925483489018507,
Marshall Islands,1999,107.997734492788,-2.28792384194793,0.970793961160646,
Marshall Islands,2000,130.083116724792,1.43606867628043,0.998938024888359,
Marshall Islands,2001,118.734360460794,6.05783765607725,0.81902470029652,
Marshall Islands,2002,102.320551682328,3.02717549564456,0.588994174565557,
Marshall Islands,2003,117.024674269896,-1.96961874271634,0.415276541845766,
Marshall Islands,2004,114.023100075245,-0.700644285464008,0.293918803877236,17.6978179082017
Marshall Islands,2005,124.701014492754,1.56552229029398,0.221800143004125,18.0334057971014
Marshall Islands,2006,112.408519553073,0.0102519719929859,0.165547016575545,29.1949022346369
Marshall Islands,2007,114.527707641196,3.60283982880377,0.0826708497774886,26.6901661129568
Marshall Islands,2008,122.046793997271,-7.5574639701523,-0.00960937876105589,19.8806275579809
Marshall Islands,2009,128.862235449735,3.68716247105003,-0.0211438842102896,37.831746031746
Marshall Islands,2010,144.804965859714,5.48848970412462,0.0480478181120274,42.5252017380509
Marshall Islands,2011,153.240162507255,-0.239905288671963,-0.263585880501686,23.0809053975624
Marshall Islands,2012,157.517100166021,-0.35386854623583,-0.944590187330327,12.9106253458771
Marshall Islands,2013,161.91974248927,5.32061452634225,-1.44566670550716,24.3244098712446
Marshall Islands,2014,149.853494623656,0.495281427303354,-1.76164273882982,20.4606989247312
Marshall Islands,2015,138.489820359281,3.96521735177255,-2.0204346660438,17.3935220468155
Marshall Islands,2016,116.326362735382,4.84812588584671,-2.26102535172131,20.8306243805748
Marshall Islands,2017,125.145250350959,6.18444127953049,-2.50442852271303,22.6604117922321
Marshall Islands,2018,128.482272727273,8.38496134170197,-2.70999222878463,22.6444090909091
Marshall Islands,2019,153.007728638901,13.6597363046024,-2.86271396531764,53.1513954486904
Marshall Islands,2020,107.825971877585,0.18904949035759,-3.00092865880133,20.6942928039702
Marshall Islands,2021,120.056180461081,5.46615805932551,-3.18559640580083,19.6887541898137
Marshall Islands,2022,128.337975527291,2.4956900977942,-3.16808578519291,26.439423792135
Marshall Islands,2023,118.493597542315,-1.94973398748974,-3.16867227675357,19.2966214781479
Marshall Islands,2024,123.809133966775,5.99345708321974,-3.34957664335036,20.7436397274432
Mauritania,1991,55.8168511676471,-1.14237368703381,2.92123792785109,14.6338512824731
Mauritania,1992,42.3279201206499,-1.95063934591661,3.82669577865452,14.4443502118254
Mauritania,1993,46.0763040408496,1.67667797837017,4.04483281809764,10.0105901734436
Mauritania,1994,62.6858836744371,-6.29825533315322,3.39678688176153,34.3077171540955
Mauritania,1995,73.416940256179,6.84808514783914,2.74327836229324,14.2385720785393
Mauritania,1996,70.4558897549272,3.74699815689897,1.97732237962951,12.3153931724853
Mauritania,1997,62.7495635657126,-6.158469667584,2.22749819161846,10.5788353809704
Mauritania,1998,51.3910125506772,0.146944912525953,2.593086654003,9.76230646855597
Mauritania,1999,49.016938039756,0.938401960600132,2.67329856414459,11.1407459240874
Mauritania,2000,58.9403747670668,-6.55562473849811,2.78353822069134,11.2958008872593
Mauritania,2001,60.7012124604715,-3.21840327415039,2.46862570579989,12.5085469242344
Mauritania,2002,56.7855296001806,-0.835751865823852,2.2112923085405,9.54379992177407
Mauritania,2003,55.3180243332438,4.50921937569792,2.28829406566231,21.4753295588021
Mauritania,2004,75.2188046787959,2.30058496670189,2.34965515386841,35.2538232287992
Mauritania,2005,88.2350995596491,5.96595714778461,2.42430459268211,48.9053399953357
Mauritania,2006,82.7885012130323,15.4039449102218,2.50658248493226,26.0006568835603
Mauritania,2007,86.0640556779132,-4.48587322919337,2.60052819123955,28.1438610238182
Mauritania,2008,94.1202110004251,-3.15557609857845,2.87480873438379,33.0199276284352
Mauritania,2009,82.0086176018151,-2.98568728628379,3.12899450909418,26.4330171849138
Mauritania,2010,93.4207451334608,-0.603277391963445,3.19159403639576,32.2510831347375
Mauritania,2011,98.485329604158,0.846509288912657,3.24512473547367,38.6535658588818
Mauritania,2012,110.788122743421,1.11502444521069,3.26413503920642,49.1668225188386
Mauritania,2013,102.398824183169,0.935521308544125,3.135806545909,47.5574424488877
Mauritania,2014,91.610371363604,1.18070235725725,3.01218949095495,41.7967195897633
Mauritania,2015,77.3467864944966,2.25580164537985,3.00605924056849,38.4614769908791
Mauritania,2016,73.1532616736712,-1.72979667450247,2.99795842489143,31.2776418660843
Mauritania,2017,78.8149801833884,3.14237147997393,2.98778789331469,37.8824922383055
Mauritania,2018,89.1467294935148,1.70257047246483,2.97356403059489,46.4331362118471
Mauritania,2019,93.4866941351317,0.139308524548838,2.95347297852629,40.0113579283691
Mauritania,2020,86.7761681322741,-3.22895410596585,2.92092559048913,38.6593231676652
Mauritania,2021,88.3068737571235,-2.12417721486563,2.88703345850902,40.6159856690742
Mauritania,2022,102.025899125696,3.71273074709404,2.92956466448208,49.0681215273204
Mauritania,2023,92.1654445146742,3.6874901052298,2.96653079197429,44.5439783104002
Mauritania,2024,93.5988355881472,3.2855217223692,2.88395898961435,43.0818501467663
Mauritius,1991,126.648911355451,3.31416639957489,1.07946362530249,27.8468258956405
Mauritius,1992,120.232699481499,5.12044441463986,1.31574311449685,28.6807204786962
Mauritius,1993,120.896356052865,3.84362800083515,1.18554061440712,30.1338286202766
Mauritius,1994,120.560175858082,2.68832851665618,1.40006449419438,31.3570890735194
Mauritius,1995,118.148720557781,3.39477636345491,0.859933461061684,25.2406484626794
Mauritius,1996,126.159212478576,4.51343261386261,1.02276454116174,24.3508308483947
Mauritius,1997,126.107505043338,4.37241713991033,1.25209760994193,28.9983460324586
Mauritius,1998,130.442832961932,4.96251942601155,1.05142162473208,25.4361341581941
Mauritius,1999,128.954991253643,1.31474866707563,1.27124855157122,26.3498149680411
Mauritius,2000,120.687648773646,7.14471594691584,0.982676166064297,25.6366228937284
Mauritius,2001,128.05457898019,2.5342628530189,0.790047581068153,20.4553975656282
Mauritius,2002,118.230470380251,0.911910216881267,0.694240135210974,21.7589512568517
Mauritius,2003,108.655579313428,5.16167044757961,0.723661765578573,23.3646604962179
Mauritius,2004,107.027698267505,3.67780930188448,0.627103982385528,24.0688056418522
Mauritius,2005,121.608743996836,1.17669908705346,0.592099659929956,22.3668917324186
Mauritius,2006,124.782280192468,4.37758682090856,0.466403525955087,25.1830348660985
Mauritius,2007,118.624058148821,5.24649696534381,0.455526400702738,25.585558474828
Mauritius,2008,113.492663899724,5.00653905530841,0.361630847401639,25.0020821476659
Mauritius,2009,102.458019804655,3.04110046320396,0.265537672832765,23.4177215189873
Mauritius,2010,111.508202075575,4.12919884822152,0.237886692890185,26.7282315985642
Mauritius,2011,115.552473002804,3.91100124069837,0.160140420765724,23.620010739216
Mauritius,2012,117.447639083027,3.20949947880025,0.277321025514609,24.0434130852371
Mauritius,2013,136.552117959236,3.11040555437714,0.242165626741126,21.2822749430924
Mauritius,2014,135.099064765426,3.63919007388208,0.181022097854624,18.8434092990307
Mauritius,2015,133.135069083677,3.55335696562737,0.132404330287967,17.2696292161448
Mauritius,2016,126.310008998042,3.79113070734437,0.0687082325715694,17.0515093773708
Mauritius,2017,126.964059884888,3.84430800639895,0.0901672663767558,17.4349834928399
Mauritius,2018,123.538984386544,3.9500354872734,0.0545354541381391,18.5929173028616
Mauritius,2019,127.940899064133,2.85812532389771,0.0322330642925213,19.1587201983377
Mauritius,2020,121.12522550435,-14.5484955921362,0.00229068020969373,17.9660771142475
Mauritius,2021,135.19300461461,3.37766873430745,0.0252729878913446,19.5586402172747
Mauritius,2022,147.663795034012,9.02116317337462,-0.301401216835277,20.411044705092
Mauritius,2023,147.321392128852,6.17485400645448,-1.1051534726941,19.9232351140484
Mauritius,2024,145.421700301153,5.16667893688918,-0.2299528038748,21.2102068838197
Mexico,1991,35.7865351574196,1.99270147824622,1.92579327419213,23.4262767281749
Mexico,1992,35.553495904112,1.6256225611147,1.89386319441602,23.3205990261669
Mexico,1993,26.1631235736702,0.978743803735597,1.8526849091274,22.6240306711262
Mexico,1994,29.1584721341582,2.51651622705648,1.81495080594105,24.3372579448117
Mexico,1995,43.6658317263397,-7.570493728271,1.78023269604442,19.311543363515
Mexico,1996,47.7678235339067,4.39127291010242,1.73503044582092,19.7376269610509
Mexico,1997,46.4918755715735,5.4105352178055,1.68231791926668,21.1460171251619
Mexico,1998,48.0318841400179,4.45852674996333,1.63934798033611,22.8039516150861
Mexico,1999,48.0122495761105,1.12511671046124,1.5989280275378,22.2434377526015
Mexico,2000,49.9104091872497,3.42140514214798,1.54272528221216,22.2649246086997
Mexico,2001,44.7401090123173,-1.9162965888934,1.48303091731143,20.2738215598554
Mexico,2002,45.209829259652,-1.66063053524651,1.43770526775457,20.4084256272915
Mexico,2003,48.700416880838,-0.219450145073267,1.398263627903,20.8808458699197
Mexico,2004,52.0406200335632,2.16106229645384,1.3653083154997,22.0461782270566
Mexico,2005,52.5626446517886,0.745413251973147,1.34857895792648,21.5221459698375
Mexico,2006,54.4821160886169,3.39577677542312,1.35374920696209,22.5641029454858
Mexico,2007,55.2585243944498,0.650788700685027,1.40789058424163,23.071914687527
Mexico,2008,56.3652818862573,-0.519889925183975,1.46015632826518,24.1213158858044
Mexico,2009,54.5917421313503,-7.65517173118076,1.4619172053372,23.2592508057594
Mexico,2010,59.2733845293851,3.47084287436401,1.43974472572946,23.3314894102504
Mexico,2011,62.1623872764498,1.99026327799889,1.41534883852036,24.2517581318792
Mexico,2012,64.2579318900113,2.1573183045698,1.35716327923769,24.3777390617044
Mexico,2013,62.6916747735807,-0.447810738278491,1.29730808025224,22.6807316074935
Mexico,2014,64.0984090351215,1.27091420531951,1.21002702971431,22.2932759800089
Mexico,2015,70.412974676264,1.60971010585429,1.06956376155677,23.7361297440288
Mexico,2016,75.6903034088551,0.790955216102532,0.969124204799117,24.3433923355958
Mexico,2017,76.9521260407254,0.923425358691205,0.935239396499786,23.8923507095274
Mexico,2018,80.2126616568975,1.01136621686764,0.9466023549862,23.47749306333
Mexico,2019,77.4619722571128,-1.33462176883367,0.950144329831411,22.1485426373991
Mexico,2020,76.8545557056016,-9.10287154605422,0.820454117563552,20.2366593506907
Mexico,2021,83.0692976357895,5.34306679586261,0.66740537533078,21.7074939343756
Mexico,2022,88.7984855867186,2.93163505458958,0.753116988604166,22.7701948909454
Mexico,2023,73.5788616365245,2.45603364564664,0.872178517508623,23.8945184286558
Mexico,2024,74.5889079825143,0.558373546635821,0.860515443690537,24.1235135559623
"Micronesia, Fed. Sts.",1991,,5.47647392532002,1.8326791405429,
"Micronesia, Fed. Sts.",1992,,1.97163978549595,1.97732400975085,
"Micronesia, Fed. Sts.",1993,,5.85797077537799,2.13344445785382,
"Micronesia, Fed. Sts.",1994,,-2.36652800656688,1.85902522746243,
"Micronesia, Fed. Sts.",1995,90.9380243498818,5.89315751631005,1.05333729655509,
"Micronesia, Fed. Sts.",1996,102.980430576115,-3.75813415548045,0.434507789615144,
"Micronesia, Fed. Sts.",1997,107.144341919725,-6.51590445469162,0.325546659835609,
"Micronesia, Fed. Sts.",1998,102.530659392703,2.55427307282692,0.275120651130129,
"Micronesia, Fed. Sts.",1999,95.7647711669065,0.854418547249992,0.271679603302952,
"Micronesia, Fed. Sts.",2000,91.8922118499105,4.28467728576419,0.325401227572671,
"Micronesia, Fed. Sts.",2001,97.2977821855715,1.52926595820708,0.286084977816685,
"Micronesia, Fed. Sts.",2002,91.7298643988442,0.369093335060285,0.0738391496676066,
"Micronesia, Fed. Sts.",2003,96.7006160347744,1.91049095050437,-0.145061053412724,
"Micronesia, Fed. Sts.",2004,95.5259430197585,-2.87900085675574,-0.321127790347554,
"Micronesia, Fed. Sts.",2005,94.3453577773088,2.7852421462828,-0.459396250703375,
"Micronesia, Fed. Sts.",2006,97.351580508194,0.416615570124208,-0.614926692700671,
"Micronesia, Fed. Sts.",2007,100.789149581242,-0.964331358842145,-0.769691346591573,
"Micronesia, Fed. Sts.",2008,111.186554275186,-1.73931186268365,-0.862830740479894,
"Micronesia, Fed. Sts.",2009,111.048565106106,2.01527053940008,-0.902755412822123,
"Micronesia, Fed. Sts.",2010,108.037859484793,2.46196280881719,-0.387012831252087,
"Micronesia, Fed. Sts.",2011,108.539986244713,3.63146339591056,0.146814250624888,
"Micronesia, Fed. Sts.",2012,113.059773722122,-1.86916426162232,0.178117567546797,
"Micronesia, Fed. Sts.",2013,114.766672350061,-3.88222427731633,0.213878078483849,
"Micronesia, Fed. Sts.",2014,107.645357374787,-2.83295569738213,0.254021760761961,
"Micronesia, Fed. Sts.",2015,107.681127672467,4.1262434088662,0.294778945170204,
"Micronesia, Fed. Sts.",2016,102.769230769231,0.61049232202113,0.329674160226437,
"Micronesia, Fed. Sts.",2017,103.342618384401,1.79684086925374,0.371529920950747,
"Micronesia, Fed. Sts.",2018,103.571428571429,-0.389413059895006,0.390173246703998,
"Micronesia, Fed. Sts.",2019,95.6852791878173,3.72960377273995,0.338797095962346,
"Micronesia, Fed. Sts.",2020,85.0087703843389,-2.2349823183628,0.573243642479669,
"Micronesia, Fed. Sts.",2021,87.3335905673594,2.445766552558,0.636292251926478,
"Micronesia, Fed. Sts.",2022,90.6343902457202,-3.33024479737753,0.438013018270765,
"Micronesia, Fed. Sts.",2023,97.8550268716246,-0.00709494631657037,0.459189928699194,
"Micronesia, Fed. Sts.",2024,98.4249672966653,0.247259311366733,0.469463637376133,
"Middle East, North Africa, Afghanistan & Pakistan",1991,62.2180865389261,-0.627067374323957,2.82261520382253,27.3885915615759
"Middle East, North Africa, Afghanistan & Pakistan",1992,58.3991364904487,3.23941520371756,2.89875228865365,26.9254095621686
"Middle East, North Africa, Afghanistan & Pakistan",1993,57.0650732047585,-0.314334968575267,2.74697677178844,24.1963467893633
"Middle East, North Africa, Afghanistan & Pakistan",1994,55.2082643247657,0.445658395447495,2.59508681542991,22.2976495866785
"Middle East, North Africa, Afghanistan & Pakistan",1995,56.9477238036008,0.655924184735284,2.50309144730097,24.0002125532622
"Middle East, North Africa, Afghanistan & Pakistan",1996,56.4960872707665,2.55558349939007,2.45065839826019,24.6934179750572
"Middle East, North Africa, Afghanistan & Pakistan",1997,61.7932846913276,1.64561541758022,2.41680972726462,22.4477561601358
"Middle East, North Africa, Afghanistan & Pakistan",1998,59.9459530079932,1.70114010146997,2.39754689339305,24.2337316501658
"Middle East, North Africa, Afghanistan & Pakistan",1999,61.2849508310536,0.367793695004679,2.38289528338475,23.5031932260398
"Middle East, North Africa, Afghanistan & Pakistan",2000,64.9460012805072,3.9105895945668,2.33477472991639,21.867879665574
"Middle East, North Africa, Afghanistan & Pakistan",2001,66.2309519272174,-0.37814871558102,2.3226065915412,23.2154099380848
"Middle East, North Africa, Afghanistan & Pakistan",2002,67.5082019999665,-0.221656842510129,2.28665463525445,23.0305873900266
"Middle East, North Africa, Afghanistan & Pakistan",2003,72.957307733371,2.3017623725497,2.31684628806507,23.5525814326964
"Middle East, North Africa, Afghanistan & Pakistan",2004,76.8490757974244,5.40707993053728,2.37522274378347,24.3529696648924
"Middle East, North Africa, Afghanistan & Pakistan",2005,80.824896646678,2.80414456132574,2.38776706083866,23.5301599099879
"Middle East, North Africa, Afghanistan & Pakistan",2006,81.2084417530384,3.44244016090374,2.43119729065982,24.5477842894997
"Middle East, North Africa, Afghanistan & Pakistan",2007,83.7194262715484,2.73707802105531,2.40039628658577,27.0257090532108
"Middle East, North Africa, Afghanistan & Pakistan",2008,86.2832310542889,1.92247134945936,2.37925034021145,27.9121004507327
"Middle East, North Africa, Afghanistan & Pakistan",2009,78.609375718454,-1.2488335294929,2.36874901161237,29.0495884985923
"Middle East, North Africa, Afghanistan & Pakistan",2010,76.4082918356658,2.67932145260301,2.05352451276423,27.9941149338235
"Middle East, North Africa, Afghanistan & Pakistan",2011,78.6245304630986,1.53075698496612,2.25112798697392,25.6139879875727
"Middle East, North Africa, Afghanistan & Pakistan",2012,80.1817462636247,1.97906558319009,2.20070345227413,25.2329745343734
"Middle East, North Africa, Afghanistan & Pakistan",2013,79.1645981599337,0.239741354009638,2.14896762786684,25.070403899698
"Middle East, North Africa, Afghanistan & Pakistan",2014,77.1252070547462,1.11442612878025,1.96605692734935,25.9275005278723
"Middle East, North Africa, Afghanistan & Pakistan",2015,72.5138872320369,0.769277917402576,1.96615656404757,26.4927052307785
"Middle East, North Africa, Afghanistan & Pakistan",2016,68.2010695230567,2.60801612911121,1.8256339602922,26.5897708582046
"Middle East, North Africa, Afghanistan & Pakistan",2017,71.0100716035023,0.391890784857125,1.66412778344544,26.2691067663505
"Middle East, North Africa, Afghanistan & Pakistan",2018,73.2048624270573,0.791165236272889,1.58355413714312,25.4622543826177
"Middle East, North Africa, Afghanistan & Pakistan",2019,71.4931636064041,-0.0982006174738359,1.67709090803779,26.2661843109534
"Middle East, North Africa, Afghanistan & Pakistan",2020,67.1458191210406,-5.33009404685959,1.8265650487491,25.4863349063038
"Middle East, North Africa, Afghanistan & Pakistan",2021,71.0588897602113,3.5073642481168,1.46633720086535,25.8897890726161
"Middle East, North Africa, Afghanistan & Pakistan",2022,78.3055019030408,4.43679682623204,1.9060709844483,26.0104856231493
"Middle East, North Africa, Afghanistan & Pakistan",2023,77.1901576989031,0.278616203328113,1.95583616128018,27.1281821123592
"Middle East, North Africa, Afghanistan & Pakistan",2024,58.6400570218676,0.18538812740114,1.90510804908184,27.2207376299755
"Middle East, North Africa, Afghanistan & Pakistan (IDA & IBRD)",1991,47.702413028436,-1.58007176084938,2.79838735116677,28.8908306933113
"Middle East, North Africa, Afghanistan & Pakistan (IDA & IBRD)",1992,45.2636268872504,2.12114162605057,2.74660816304909,27.7800215005717
"Middle East, North Africa, Afghanistan & Pakistan (IDA & IBRD)",1993,45.6537665120127,-1.13580286213283,2.66957291202657,23.0064914125201
"Middle East, North Africa, Afghanistan & Pakistan (IDA & IBRD)",1994,43.045245055531,-0.247020584912093,2.5311567270057,21.6912526063098
"Middle East, North Africa, Afghanistan & Pakistan (IDA & IBRD)",1995,43.0729577152732,0.457383086347818,2.43531193810948,24.5967813582422
"Middle East, North Africa, Afghanistan & Pakistan (IDA & IBRD)",1996,42.1398797174018,3.51462563837389,2.36425932808127,26.4870748427708
"Middle East, North Africa, Afghanistan & Pakistan (IDA & IBRD)",1997,53.0116771288857,1.02149192514973,2.31876667828729,22.6896949118713
"Middle East, North Africa, Afghanistan & Pakistan (IDA & IBRD)",1998,52.61552931561,2.94509869952945,2.31706649829223,23.5055961943071
"Middle East, North Africa, Afghanistan & Pakistan (IDA & IBRD)",1999,54.3254867245084,1.8115085128982,2.30340170576697,23.8662616946728
"Middle East, North Africa, Afghanistan & Pakistan (IDA & IBRD)",2000,55.0242282854231,3.53328397291361,2.22280441613587,22.7121735185342
"Middle East, North Africa, Afghanistan & Pakistan (IDA & IBRD)",2001,54.7206215509906,0.691884526457017,2.18598001825325,24.4345016443161
"Middle East, North Africa, Afghanistan & Pakistan (IDA & IBRD)",2002,56.9244418869532,1.08199620133347,2.15415118484166,24.0104390587846
"Middle East, North Africa, Afghanistan & Pakistan (IDA & IBRD)",2003,63.2136487525393,0.513731269357052,2.19615812834471,25.3090311827711
"Middle East, North Africa, Afghanistan & Pakistan (IDA & IBRD)",2004,63.6694546381331,5.21276759991642,2.2644437016203,27.1106972312053
"Middle East, North Africa, Afghanistan & Pakistan (IDA & IBRD)",2005,66.984634702183,2.555662187842,2.27076517841604,25.384262610346
"Middle East, North Africa, Afghanistan & Pakistan (IDA & IBRD)",2006,63.9551103947093,3.06999362930706,2.27615132512189,26.1517093223604
"Middle East, North Africa, Afghanistan & Pakistan (IDA & IBRD)",2007,62.7680358955928,3.54721125356066,2.18078917349353,26.8038912968416
"Middle East, North Africa, Afghanistan & Pakistan (IDA & IBRD)",2008,66.1993439652474,1.22619258738514,2.16246339743565,28.7627214159114
"Middle East, North Africa, Afghanistan & Pakistan (IDA & IBRD)",2009,58.2832616954928,0.549259631179154,2.20806946205631,28.85002405788
"Middle East, North Africa, Afghanistan & Pakistan (IDA & IBRD)",2010,56.3504582950371,2.58343137173063,2.16064221940925,28.3480511073094
"Middle East, North Africa, Afghanistan & Pakistan (IDA & IBRD)",2011,54.9071270681992,-2.50867928044923,2.09658529368184,26.4580168082563
"Middle East, North Africa, Afghanistan & Pakistan (IDA & IBRD)",2012,55.0589032904778,1.48847521024709,1.99845017760602,26.0313160297715
"Middle East, North Africa, Afghanistan & Pakistan (IDA & IBRD)",2013,54.6579769034834,-0.816467753992626,1.90408584576261,26.2644690695708
"Middle East, North Africa, Afghanistan & Pakistan (IDA & IBRD)",2014,52.1396037362151,0.54841767511347,1.84086612089953,26.3456613539011
"Middle East, North Africa, Afghanistan & Pakistan (IDA & IBRD)",2015,47.6458719758847,-0.620739838303209,1.70873649614423,24.6663741420788
"Middle East, North Africa, Afghanistan & Pakistan (IDA & IBRD)",2016,44.0100590842918,3.83168428604507,1.63269589993256,25.4076390492697
"Middle East, North Africa, Afghanistan & Pakistan (IDA & IBRD)",2017,48.8290176826258,1.70089464941205,1.67605084854725,26.4869824768231
"Middle East, North Africa, Afghanistan & Pakistan (IDA & IBRD)",2018,55.0133472281976,0.328331415918655,1.75747020495062,26.2260289714213
"Middle East, North Africa, Afghanistan & Pakistan (IDA & IBRD)",2019,52.1975359993324,-0.396916211949957,1.78066780462406,26.227824682288
"Middle East, North Africa, Afghanistan & Pakistan (IDA & IBRD)",2020,44.7173286478427,-4.25511974466102,1.74889177292591,25.8304967647651
"Middle East, North Africa, Afghanistan & Pakistan (IDA & IBRD)",2021,49.8345762873386,2.55215277928977,1.7022820773622,25.5122362579723
"Middle East, North Africa, Afghanistan & Pakistan (IDA & IBRD)",2022,58.4110160833412,2.5822446001366,1.69089538433865,25.5920745288039
"Middle East, North Africa, Afghanistan & Pakistan (IDA & IBRD)",2023,56.9141986181208,1.13802408494519,1.73430944588312,26.3284116040986
"Middle East, North Africa, Afghanistan & Pakistan (IDA & IBRD)",2024,55.6175498126857,0.682598330428874,1.7106462612973,26.6669342707775
"Middle East, North Africa, Afghanistan & Pakistan (excluding high income)",1991,47.702413028436,-1.5891973524614,2.80765987845705,29.0904577558697
"Middle East, North Africa, Afghanistan & Pakistan (excluding high income)",1992,45.2636268872504,2.11121401234922,2.75633004446026,27.9719732014016
"Middle East, North Africa, Afghanistan & Pakistan (excluding high income)",1993,45.6537665120127,-1.14601969753629,2.67990765771846,23.165459437677
"Middle East, North Africa, Afghanistan & Pakistan (excluding high income)",1994,43.4443531936829,-0.258327228924585,2.54249201233858,21.8411327218031
"Middle East, North Africa, Afghanistan & Pakistan (excluding high income)",1995,43.5180562604117,0.470567912591775,2.44744363887957,24.7095883104586
"Middle East, North Africa, Afghanistan & Pakistan (excluding high income)",1996,42.5731705641119,3.47120455587996,2.37707509778706,26.5653533886558
"Middle East, North Africa, Afghanistan & Pakistan (excluding high income)",1997,53.3548405297184,1.07601573943809,2.33213920521432,22.7923305100458
"Middle East, North Africa, Afghanistan & Pakistan (excluding high income)",1998,52.9499631080688,3.00358853984366,2.31855947114113,23.6023225069056
"Middle East, North Africa, Afghanistan & Pakistan (excluding high income)",1999,54.7118078579009,1.83961545614461,2.30498416641179,24.0283488412841
"Middle East, North Africa, Afghanistan & Pakistan (excluding high income)",2000,55.3240824365889,3.42237326917181,2.22489913140805,22.7796334072619
"Middle East, North Africa, Afghanistan & Pakistan (excluding high income)",2001,54.9780968493559,0.610202742595405,2.18831509937716,24.4706821215645
"Middle East, North Africa, Afghanistan & Pakistan (excluding high income)",2002,57.1021434623205,0.989163193419998,2.15669736132177,24.0238096787908
"Middle East, North Africa, Afghanistan & Pakistan (excluding high income)",2003,63.3348692145527,0.566106702766206,2.19844605745387,25.3312499747298
"Middle East, North Africa, Afghanistan & Pakistan (excluding high income)",2004,63.8299242541285,5.2877127244486,2.26630272401278,27.0966559960912
"Middle East, North Africa, Afghanistan & Pakistan (excluding high income)",2005,67.13956582775,2.59262184713424,2.27258891220395,25.3763175692279
"Middle East, North Africa, Afghanistan & Pakistan (excluding high income)",2006,64.126872070582,3.02658415178985,2.27794552457032,26.125429254904
"Middle East, North Africa, Afghanistan & Pakistan (excluding high income)",2007,63.0367814039106,3.532320471012,2.18320417992975,26.7722707087092
"Middle East, North Africa, Afghanistan & Pakistan (excluding high income)",2008,66.3214427492211,1.24608181381447,2.16627955714303,28.7100018360115
"Middle East, North Africa, Afghanistan & Pakistan (excluding high income)",2009,58.438341868851,0.58207621071422,2.21106514928359,28.7890907535204
"Middle East, North Africa, Afghanistan & Pakistan (excluding high income)",2010,56.4621369948711,2.58672519426977,2.16349756712473,28.2952604984955
"Middle East, North Africa, Afghanistan & Pakistan (excluding high income)",2011,55.0206005237926,-2.4452298200498,2.0994017558068,26.3982807599356
"Middle East, North Africa, Afghanistan & Pakistan (excluding high income)",2012,55.1680374459496,1.50390698939786,2.0015474490692,25.9904972070086
"Middle East, North Africa, Afghanistan & Pakistan (excluding high income)",2013,54.7645913526087,-0.792879264632248,1.90738057430126,26.2382998388041
"Middle East, North Africa, Afghanistan & Pakistan (excluding high income)",2014,52.2828192211357,0.525218062451131,1.84422023667311,26.3167436054464
"Middle East, North Africa, Afghanistan & Pakistan (excluding high income)",2015,47.8582600813933,-0.604842991894557,1.71263501631525,24.6692844850611
"Middle East, North Africa, Afghanistan & Pakistan (excluding high income)",2016,44.206632754434,3.85304807079763,1.63683109950783,25.4060523135996
"Middle East, North Africa, Afghanistan & Pakistan (excluding high income)",2017,49.0091327240712,1.68282336024173,1.6781681424931,26.4962507207673
"Middle East, North Africa, Afghanistan & Pakistan (excluding high income)",2018,55.1637940210484,0.31617067776979,1.7627509545654,26.2443458299354
"Middle East, North Africa, Afghanistan & Pakistan (excluding high income)",2019,52.351728629491,-0.402142774687064,1.78568343276842,26.2333641959723
"Middle East, North Africa, Afghanistan & Pakistan (excluding high income)",2020,44.9220673488316,-4.32765441714837,1.75398933414753,25.8161645082981
"Middle East, North Africa, Afghanistan & Pakistan (excluding high income)",2021,50.0454660828725,2.56577593677945,1.70753659078455,25.5116833958391
"Middle East, North Africa, Afghanistan & Pakistan (excluding high income)",2022,58.6285724584232,2.57516166281444,1.69604782645998,25.6002391318516
"Middle East, North Africa, Afghanistan & Pakistan (excluding high income)",2023,57.119894629623,1.07954471169691,1.73896313941003,26.3212757476417
"Middle East, North Africa, Afghanistan & Pakistan (excluding high income)",2024,55.8512294209489,0.484158124105761,1.7152640194007,26.6435750577707
Middle income,1991,32.5760180930943,0.979684282729693,1.89132850520897,25.5483816869826
Middle income,1992,36.06515663393,2.48856298014408,1.80184551358988,26.395525396887
Middle income,1993,38.2095093016499,3.30786088031296,1.73781221107615,26.4153841213899
Middle income,1994,39.100053184241,3.46781889796668,1.69195946008556,26.8987772725681
Middle income,1995,39.5650942849794,2.89769705206746,1.66065384549955,26.0213065187831
Middle income,1996,39.2133866244536,4.55768298979113,1.63408272689272,25.4853316153552
Middle income,1997,41.2028162530624,3.97943775587709,1.60720067371003,24.8310974013247
Middle income,1998,42.1077831238564,1.69032440595329,1.57425846738896,24.1005143214031
Middle income,1999,42.0442694090611,2.14845520133223,1.52126851605716,24.6297339065073
Middle income,2000,46.7882032039203,4.06733314259297,1.48737272491373,24.4860790032218
Middle income,2001,46.2299620833046,2.15538733648657,1.45213955125786,25.3663412891042
Middle income,2002,48.6309247515055,3.35015739167727,1.38612295852691,25.8235898415117
Middle income,2003,53.2058824111593,4.52455836239946,1.34751740442319,27.3145482146145
Middle income,2004,58.5674081436041,6.28680991481932,1.34243375401732,29.0752672805994
Middle income,2005,60.2614529639116,5.98951044702407,1.31630103141443,28.8178570541726
Middle income,2006,61.1466068081719,6.89061878849313,1.28782777315203,29.2496148526322
Middle income,2007,59.9819316585137,7.54001169718723,1.25629016051393,30.5499412361359
Middle income,2008,59.6022342417066,4.6304073335572,1.26228216593386,31.7092418422136
Middle income,2009,49.7434305559983,2.7240690540818,1.26151422933704,32.4818055387789
Middle income,2010,52.7919871634024,6.84534343864857,1.2555736244468,33.603418595829
Middle income,2011,54.6821430294468,5.14254450924518,1.25728136141216,33.9960666243042
Middle income,2012,53.3810267366969,4.31380022697256,1.28164256374509,34.0402760238183
Middle income,2013,51.8661100241344,4.34212122599047,1.26319679249784,34.142618928699
Middle income,2014,50.253118896043,3.9156830412617,1.2403757636756,34.1413554302837
Middle income,2015,46.5603151594689,3.55977390805644,1.18402532386119,33.4279796206301
Middle income,2016,44.5710150116721,3.59603410484168,1.14959064999457,33.0404787690555
Middle income,2017,45.9399194756778,4.18723161965634,1.13779637804334,33.4729010033696
Middle income,2018,48.0010524911538,3.88291764165318,1.0884195044931,34.5308354326661
Middle income,2019,45.9919109680023,3.10382343595373,1.03090492064914,33.584206362014
Middle income,2020,43.5321217302778,-2.06094488953545,0.955116865970353,33.8766367326273
Middle income,2021,48.7913104552852,6.55450163482871,0.84767962914538,35.0580725728221
Middle income,2022,52.3921238117968,3.22067257835528,0.759184401757075,34.7077292547052
Middle income,2023,48.4336032714416,4.08594204461366,0.760566614560958,33.678577397214
Middle income,2024,48.641369205624,3.54301515223298,0.808003327636541,33.4332901261953
Moldova,1991,,-16.1029448311885,0.122628205285669,
Moldova,1992,,-29.0857055867621,-0.0201592243976584,
Moldova,1993,,-1.0340366120968,-0.167838142610697,
Moldova,1994,,-30.6852291224891,-0.310329995862598,
Moldova,1995,128.016386523173,-0.947765202549817,-0.457606401290052,24.8766959657948
Moldova,1996,129.237536040111,-5.68841796095853,-0.200220624729015,24.2453602805595
Moldova,1997,127.560400247842,2.02368735233713,-0.369835352113778,23.8135466343687
Moldova,1998,116.803124451539,-6.50442976428336,-0.0403975726076274,25.8731282982353
Moldova,1999,117.527935193889,-3.21641326739017,-0.157010551960425,22.8835502404973
Moldova,2000,126.163100130478,2.31558560482232,-0.203371722054682,23.9469590858874
Moldova,2001,124.500739599353,6.33753269392803,-0.223625637302563,23.2823598271446
Moldova,2002,129.839525501535,8.04993224916466,-0.231580062051396,21.6601824678981
Moldova,2003,140.056529925052,6.90061128351323,-0.281602495320467,23.1775987544806
Moldova,2004,132.69906968032,7.66608705336095,-0.247447154059097,26.3591502247752
Moldova,2005,143.023568469138,7.76188624467986,-0.243318711825946,30.8255630510995
Moldova,2006,137.154763819994,5.09166801572276,-0.277922768195992,32.7480806184922
Moldova,2007,142.720539023021,3.238946835622,-0.231718324871942,38.1055549316863
Moldova,2008,134.4216013477,8.00539195483559,-0.190349156188775,39.227918692985
Moldova,2009,110.363326850495,-5.88123771461969,-0.12626339171085,23.1418973846398
Moldova,2010,87.9378518951573,7.20697461136707,-0.0998329740168972,23.8517865932859
Moldova,2011,98.6175965326556,5.87938512338968,-0.0578362648793712,24.0486714251096
Moldova,2012,96.3064098336294,-0.576700868382531,-0.0131095435392298,24.1985192443336
Moldova,2013,95.6872968332383,9.0730755766005,-0.0267837694756349,24.9382002000225
Moldova,2014,94.2282919690928,5.06366581042911,-0.0609720602101012,23.7825706600568
Moldova,2015,88.9664154565323,0.429158887977096,-0.767049559673864,24.0620907895527
Moldova,2016,89.0046837188671,5.87017576429136,-1.16302237797705,21.9868853235417
Moldova,2017,88.6233902754378,5.99041199822246,-1.72705846625605,21.9389542125047
Moldova,2018,87.4467874275648,5.92036718190722,-1.75700442074845,26.5918106703471
Moldova,2019,87.6322371148906,5.22280984962049,-1.60031653578231,25.1036618823408
Moldova,2020,79.265722119158,-7.26326976771907,-1.09803165876287,23.8644443526077
Moldova,2021,88.4708865399267,15.6557976122015,-1.50342952349937,26.8561258664432
Moldova,2022,112.117671579766,-2.06640428713339,-2.62110760462091,27.3104295249444
Moldova,2023,93.9946211488052,4.11813611077881,-2.84274212689094,20.084591001224
Moldova,2024,88.6661154286831,2.41476213011262,-2.28306147072637,21.1312285971513
Monaco,1991,,0.134442109756321,0.875659466022369,
Monaco,1992,,0.506793651306438,0.851871454058648,
Monaco,1993,,-1.70632831575767,0.802932259811704,
Monaco,1994,,1.43699365480825,0.76466914483534,
Monaco,1995,,1.36118434819619,0.743049271679595,
Monaco,1996,,0.386629436841616,0.71872452628236,
Monaco,1997,,1.51661744831787,0.707358191973761,
Monaco,1998,,2.84889260369977,0.63423187882689,
Monaco,1999,,2.84475445173365,0.442198101388181,
Monaco,2000,,3.76615473587731,0.138749733197593,
Monaco,2001,,2.21292868129454,-0.0246525532048751,
Monaco,2002,,1.10439722287524,-0.077078423400188,
Monaco,2003,,1.23741613461443,-0.148157320761246,
Monaco,2004,,2.68299142149206,-0.207170649691514,
Monaco,2005,,2.20227083533935,-0.300696167174622,
Monaco,2006,,6.32268952424462,-0.476139508779456,
Monaco,2007,,15.2283004153469,-0.688643282374539,
Monaco,2008,,0.750035773265338,-0.00314104879645484,
Monaco,2009,,-12.7834725197235,1.64489690019902,
Monaco,2010,,-0.393849531303786,2.4388102675618,
Monaco,2011,,4.5537743299959,2.33362301181285,
Monaco,2012,,-1.21400229828895,2.22856128605207,
Monaco,2013,,7.3019059415093,2.09819835631417,
Monaco,2014,,5.1665902777315,1.90295648042493,
Monaco,2015,,3.11510490897003,1.7260495743784,
Monaco,2016,,1.57423975069067,1.40210042123736,
Monaco,2017,,-4.23891093966274,1.07266818197735,
Monaco,2018,,4.37923997124996,1.2554231770143,
Monaco,2019,,7.24738037567747,-0.118012680389237,
Monaco,2020,,-13.1045741376188,-0.15493904017385,
Monaco,2021,,20.7188673661029,1.24582098923186,
Monaco,2022,,10.1116479795959,1.04315542231896,
Monaco,2023,,5.37628226810594,0.064195567574974,
Monaco,2024,,9.42342942977361,-0.837774113919638,
Mongolia,1991,136.6037874065,-11.5032310198363,3.12554463819911,30.9643591559953
Mongolia,1992,65.2956469006826,-9.35893880867637,0.112989877088484,25.6548697879487
Mongolia,1993,129.742059708532,-3.04982824808563,-0.122780957606697,21.0659575413413
Mongolia,1994,99.1572950855527,1.00243035352044,1.11448441138802,19.0665976685934
Mongolia,1995,82.1036587592106,4.67675252336375,1.61069462565483,26.784995815134
Mongolia,1996,77.9740756901741,0.671279562919665,1.54144516833781,26.2010287581871
Mongolia,1997,99.9914490021753,2.43497398038362,1.41690699648118,25.0346861382196
Mongolia,1998,107.351210779428,1.9142707948799,1.38919318660692,30.4655243154493
Mongolia,1999,112.241338547745,1.62700695420628,1.41026329390347,31.6881228223749
Mongolia,2000,121.886609754208,-0.187391049653314,1.32711144076984,29.0107404848956
Mongolia,2001,115.81832687888,1.69858502304278,1.22563721499933,25.173949785278
Mongolia,2002,118.517253113943,3.39545599901953,1.28530335948394,24.6417075952243
Mongolia,2003,120.299393514881,5.65230856172873,1.27185524409713,32.2627884248842
Mongolia,2004,131.329318233554,9.38888056764907,1.12405283429406,31.1831570262103
Mongolia,2005,122.381459889773,6.06987814990435,1.10986290557005,37.528559156119
Mongolia,2006,112.929983096983,7.25546356240756,1.20548331364776,35.8851879544863
Mongolia,2007,117.880426425377,8.77843828826261,1.34193846720281,38.7051385960366
Mongolia,2008,121.198013401183,7.19669912596376,1.57679522082476,43.5661414829151
Mongolia,2009,107.813757166177,-3.02646374326369,1.79649232006396,34.3709459159075
Mongolia,2010,103.350031656557,4.52004039651671,1.74992683110286,42.0869542882428
Mongolia,2011,126.999228633482,15.2830434931644,1.7265777901103,58.1507247959228
Mongolia,2012,109.588564338415,10.2081460867694,1.89795214519602,55.8986192180437
Mongolia,2013,100.311989662943,9.36487841658389,2.06694708057063,53.2757084028233
Mongolia,2014,109.322311877187,5.5513088464518,2.18707605433318,35.1752976434075
Mongolia,2015,89.653663477814,0.223539088154311,2.12866951701474,24.5138485191018
Mongolia,2016,101.055237224997,-0.547071462431205,2.02736957640078,22.6294099437432
Mongolia,2017,115.932901867963,3.6220070103727,1.92577883760149,27.4062542965908
Mongolia,2018,126.355873241513,5.75427016552706,1.86480192831175,39.3779275132102
Mongolia,2019,124.396514621165,3.67988421239794,1.8371507310985,35.591845156927
Mongolia,2020,112.838647629317,-6.26542378289111,1.80542008661223,22.3835976647751
Mongolia,2021,119.098078437771,-0.0614212834574062,1.684959051396,36.7190295728399
Mongolia,2022,136.327929944516,3.50307766866899,1.46704738017187,42.3321000384678
Mongolia,2023,142.864246599181,5.95952333228973,1.3708886685104,33.9003731595217
Mongolia,2024,138.448379141249,3.82045181254634,1.24590299529718,35.5452639328236
Montenegro,1991,,,0.120809885832418,
Montenegro,1992,,,0.232144826993095,
Montenegro,1993,,,0.271440061763539,
Montenegro,1994,,,0.199581093444201,
Montenegro,1995,,,0.0528165715682825,
Montenegro,1996,,,-0.115971437246349,
Montenegro,1997,,,-0.243010697842063,
Montenegro,1998,,5.22075029120799,-0.305295583261971,
Montenegro,1999,,-9.15167080621777,-0.4193256157655,
Montenegro,2000,87.9252021443203,3.27911916013548,-0.0279740186992493,22.3884042304628
Montenegro,2001,100.409386075314,0.693867401671582,0.402363248322291,23.4356927210816
Montenegro,2002,95.2294000160253,1.496373122454,0.400750772330341,18.7610862768708
Montenegro,2003,77.5983890107329,2.07441379687545,0.399151168806326,15.4139251772035
Montenegro,2004,100.109654967142,4.24115443247463,0.177216475615812,16.6311430886528
Montenegro,2005,104.625139256659,4.02660484276159,0.147929262061512,17.7265048810079
Montenegro,2006,118.177129375183,8.43155401049704,0.12429981279666,23.6547243870948
Montenegro,2007,128.844214152476,6.98968425407895,0.138110347731053,34.4986756450316
Montenegro,2008,132.48054069386,6.70904934455439,0.177475866720179,40.8364739584696
Montenegro,2009,99.8255760432413,-6.19590190743681,0.214529295893828,26.6711101832825
Montenegro,2010,98.8684992495822,2.58744435496348,0.183239906425096,22.2701240129796
Montenegro,2011,106.752728264703,3.25692677248162,0.147930333573243,19.1045005763001
Montenegro,2012,108.779987603414,-2.65570357284696,0.172818849821581,20.0742817028936
Montenegro,2013,103.785966371179,3.1920026066844,0.187941422115648,18.8466986569303
Montenegro,2014,100.438431458711,2.18041940678877,0.185665017136334,19.4950094143958
Montenegro,2015,104.12510886943,2.37419874424694,0.145306599207243,19.7357949684861
Montenegro,2016,104.135954584294,3.32318817615919,0.11231965238542,24.9598939884942
Montenegro,2017,106.711366689116,3.11297073146422,0.100532639617139,28.6467194795715
Montenegro,2018,111.098935509174,4.65668340285264,0.0728190255904537,31.3513275722887
Montenegro,2019,110.0161238696,4.34144828521134,0.0502716675485305,30.9122493495261
Montenegro,2020,87.8612027134909,-14.970505034482,-0.0260104378320954,30.0875172767022
Montenegro,2021,105.719249175045,13.3242405343679,-0.245597310506825,25.4685729632185
Montenegro,2022,125.455937754994,7.99214069071184,-0.234174139002603,27.5825933417284
Montenegro,2023,116.806669538329,6.48895040768953,-0.00994290846928265,25.4474865908397
Montenegro,2024,109.944104480975,3.16476067540844,-0.000641511915285095,25.880193688808
Morocco,1991,49.7792954766494,5.37416537843612,1.72232725594236,27.3221610641672
Morocco,1992,50.2633161845725,-3.71287726230331,1.65347397517767,27.7103685909534
Morocco,1993,49.668456614101,-2.3082713662061,1.58233207878875,26.474195560737
Morocco,1994,47.3135537325048,8.93493014775943,1.49661980506301,25.6674729824651
Morocco,1995,51.7150253841236,-6.85093735561554,1.52142282241445,25.3939420349467
Morocco,1996,47.0955434479783,10.6261769917233,1.53619606424248,24.4714406112807
Morocco,1997,51.1501546486104,-3.05848049935375,1.5002842238488,24.9216637673309
Morocco,1998,45.6723595943991,5.6191020810503,1.48926290977857,24.999620047703
Morocco,1999,48.578876486646,0.193527268702582,1.45749048336448,23.2448568962671
Morocco,2000,53.4403058388785,1.11923449171742,1.40392630100829,23.8068463049384
Morocco,2001,53.4915710187871,6.22462901700752,1.36697144784375,24.8603718465594
Morocco,2002,54.31012791421,2.33486055707684,1.32213816814169,24.4137992922944
Morocco,2003,52.3318582669923,4.79759279351288,1.27031081599857,26.0506060390894
Morocco,2004,55.5516384744536,3.20713471239438,1.28219021585352,27.8984050253427
Morocco,2005,61.4938276863235,1.78494971981462,1.34347301576107,27.4168142643006
Morocco,2006,64.6721977787154,6.31205425044466,1.35136550551358,27.9527831008725
Morocco,2007,71.3496467796657,2.03302704420354,1.34058101398506,30.8038848648652
Morocco,2008,77.8344716425602,4.24978033517071,1.33869604527126,35.5127958030057
Morocco,2009,62.3709560152269,2.34392549842086,1.33260098178586,32.1852748633952
Morocco,2010,69.541979610144,2.07976488720576,1.35274286216317,31.4907166374774
Morocco,2011,76.8258714906247,4.06561020586629,1.36305168989377,32.9462436922694
Morocco,2012,78.2221018956072,1.66384638357194,1.3359712863904,32.1793544302158
Morocco,2013,73.8577565315318,2.7578648778037,1.28781015302784,32.0046200923723
Morocco,2014,71.8935667539398,1.43852495314533,1.22723874148544,30.7742542343433
Morocco,2015,67.2886759253849,3.10634719191513,1.17075639938741,30.1771882324678
Morocco,2016,71.1226603816864,-0.693616602037565,1.19450726277516,31.9579912798641
Morocco,2017,74.1733578786573,3.78371209116371,1.20034336418867,31.658071451264
Morocco,2018,77.2548875243989,1.91410663270995,1.1036421008163,32.1395672992051
Morocco,2019,75.9981158798422,1.81642055572905,1.03022315933698,30.594933523466
Morocco,2020,68.8438033904364,-8.13866950405836,1.02565486360782,28.7769734233308
Morocco,2021,75.5234171756506,7.0606299574828,1.00691847923959,30.6763551818437
Morocco,2022,100.906310201651,0.779078150413596,1.00863622672701,30.4603014984939
Morocco,2023,93.1178844179777,2.58793464682357,1.02195181223548,28.9983598724931
Morocco,2024,92.1872446062404,2.77494467917541,0.972827595296714,30.0743550064848
Mozambique,1991,49.4808133334293,2.90150857904059,1.94778065719176,31.6011365745236
Mozambique,1992,59.3371692453075,-9.35015950296335,1.93755044660082,34.8577791542607
Mozambique,1993,55.2402685663295,7.4832084877323,3.16588006726726,34.0763948960849
Mozambique,1994,58.7422249366162,-0.517089157596189,6.7597292831862,30.1617062031693
Mozambique,1995,63.7735360253924,-3.80641661568473,5.98142746197679,39.0848425172299
Mozambique,1996,51.0292925616374,7.12551466304502,3.2785719951388,25.5217857542613
Mozambique,1997,43.2986819731024,8.79691551855426,2.73622524372659,25.1781264491375
Mozambique,1998,39.0075460593046,7.88387808921387,2.27759580542587,27.6954548193794
Mozambique,1999,45.5276131355411,9.33253113812987,2.24695033794385,44.3028710892868
Mozambique,2000,47.9208808015891,-1.43002745719546,2.20366517231952,41.1306699228634
Mozambique,2001,50.4153095777265,10.3674476794306,2.22591756896921,33.5003655629406
Mozambique,2002,73.309162757423,7.23540386040537,2.24357740312433,40.5930874570462
Mozambique,2003,70.1683599479183,4.81743112185357,2.26412694670583,33.4266191606781
Mozambique,2004,72.0520001612374,5.76229495896818,2.28307737180822,28.5978286726962
Mozambique,2005,72.0092609780982,3.88124108732595,2.31300566720779,25.3698573633999
Mozambique,2006,67.3498976872689,7.35938789849386,2.3486041998682,23.9349486697295
Mozambique,2007,66.1203821840516,5.11813481404295,2.37944111058302,22.3504915090903
Mozambique,2008,64.981416499828,4.27502296305138,2.46564120587285,22.0302459322751
Mozambique,2009,67.898572768141,3.21964861492762,2.59095643753164,19.7560524022268
Mozambique,2010,73.8373532681892,3.86194568743883,2.67685903538336,23.195521262122
Mozambique,2011,84.4062119333019,4.19033881987379,2.78615253564474,29.4060839527514
Mozambique,2012,105.934588060511,4.93805479095479,2.87101074780924,50.5904295928331
Mozambique,2013,109.38537659913,3.53500457192386,2.89055494992619,56.3958108944659
Mozambique,2014,116.356855242217,4.62514159794316,2.89895498583923,53.6431747577994
Mozambique,2015,98.7612036510901,4.32231286612486,2.90106067133475,42.245787501845
Mozambique,2016,110.394358201481,1.67319789859388,2.93066434696089,46.2803958702032
Mozambique,2017,105.745640702087,-0.38371430909207,2.98845927899068,32.2043068430655
Mozambique,2018,124.607457525372,0.445674338631605,2.98089902972538,45.9807658182121
Mozambique,2019,105.591171401921,-0.646283515954551,2.9397415898529,40.8461199313593
Mozambique,2020,99.906146051979,-4.10527399484737,2.96490034295304,44.8266764679686
Mozambique,2021,112.078964458333,-0.606316436997986,2.9577768101764,40.369313777893
Mozambique,2022,135.279578416991,1.33335997379926,2.9473431712575,43.2043468044561
Mozambique,2023,106.058613430022,2.41156866266468,2.95358093047219,19.535274541865
Mozambique,2024,95.659420351194,-0.791001789666225,2.91994049442347,17.6602368096018
Myanmar,1991,,-2.06950928482055,1.43848109338153,
Myanmar,1992,,8.17152631473792,1.36750903862328,
Myanmar,1993,,4.62881857490504,1.33917937317586,
Myanmar,1994,,6.06541834448598,1.32297300734248,
Myanmar,1995,,5.56695024355048,1.2997864871869,
Myanmar,1996,,5.08730337678504,1.28154909567186,
Myanmar,1997,,4.31262080345346,1.27543675227322,
Myanmar,1998,,4.55299760975552,1.24820598731574,
Myanmar,1999,,9.63242064027712,1.1902615071828,
Myanmar,2000,,12.482374612359,1.11707426022512,
Myanmar,2001,,10.1756123569494,1.05489130356671,
Myanmar,2002,,10.9072271265814,1.00325836797547,
Myanmar,2003,,12.7839447542935,0.93550676889734,
Myanmar,2004,,12.5957538910265,0.856837524813252,
Myanmar,2005,,12.6841326603106,0.78215232398828,
Myanmar,2006,,12.2555240244746,0.728331835978341,
Myanmar,2007,,11.2004378218927,0.708807824555326,
Myanmar,2008,,9.64981113277751,0.550688224031359,
Myanmar,2009,,9.93736426370333,0.555720175554536,
Myanmar,2010,,8.82058943535873,0.745099607969388,
Myanmar,2011,,4.74658078594661,0.803379211413432,
Myanmar,2012,,6.43324807639843,0.841507088171189,
Myanmar,2013,,7.50873881521075,0.849578652965248,
Myanmar,2014,,7.27568618509038,0.830118073348831,
Myanmar,2015,,6.13960007817474,0.800670952631538,
Myanmar,2016,,5.02652118853597,0.792792538685626,
Myanmar,2017,,5.31957403505668,0.772302033467657,
Myanmar,2018,,5.50179746363222,0.72443284342539,
Myanmar,2019,,5.83309474734135,0.702425162747352,
Myanmar,2020,,-9.69306034482335,0.711376906349628,
Myanmar,2021,,-12.627100008178,0.696558038955431,
Myanmar,2022,,3.32202841461704,0.690074759264932,
Myanmar,2023,,0.255328677987336,0.698879396261223,
Myanmar,2024,,-1.63760945284048,0.674364862610485,
Namibia,1991,93.8647252200558,4.62186313943347,3.33109552708536,15.4214866479585
Namibia,1992,91.9734600107459,3.84175231745985,3.17286989481137,18.4509600248293
Namibia,1993,96.0955780096704,-4.67006650318467,3.19048589219443,15.2887662020072
Namibia,1994,89.4936808345247,-1.38201534236413,3.10674150290496,19.0676453255667
Namibia,1995,93.5608471865094,0.924653081983507,2.90451809453557,19.3480050447911
Namibia,1996,96.5442239771745,0.43724120271753,2.70517158693344,20.4759778969673
Namibia,1997,92.8410903733921,1.55725793627271,2.58822548786846,17.7196320713032
Namibia,1998,92.1305009296504,0.699616557473064,2.54139251078514,22.349702659318
Namibia,1999,91.1002051465947,0.830796514901323,2.48639740874389,20.5107182612744
Namibia,2000,85.1322442947268,1.08624861082079,2.35219877188535,17.0414659698036
Namibia,2001,88.5841018380245,-0.914261311645021,2.08953121470852,22.2525424516009
Namibia,2002,94.4152228948906,2.96331356534192,1.75728257510242,18.5884486772501
Namibia,2003,95.9524743817213,2.74512795300122,1.44425237074387,19.3882824399724
Namibia,2004,81.8622605916543,10.8464095671906,1.27571138513782,19.0604614572453
Namibia,2005,80.6803802939816,1.25193634526472,1.25364169808749,19.669813393528
Namibia,2006,86.8339693259998,5.71286099626298,1.27859222127371,22.2120214706566
Namibia,2007,104.979303758915,3.97963640998429,1.3321269140493,24.0613337128992
Namibia,2008,119.644498184785,1.22288329166788,1.39984615902945,27.4739234636227
Namibia,2009,123.762844292976,-1.16873879710282,1.47115601688196,26.1159251664954
Namibia,2010,108.072477173606,4.40996877603639,1.54841464345813,23.7799989593426
Namibia,2011,102.189147754138,3.30348908465837,1.71587072736176,22.0540088688971
Namibia,2012,100.2134087743,2.74809367129893,2.22673258326321,26.7226689596707
Namibia,2013,97.7249042303832,2.90208375663774,2.60198589808047,29.3954197576571
Namibia,2014,103.080137009254,3.35635017944713,2.61288080068243,34.7765509650404
Namibia,2015,97.2390317873478,1.53445826192009,2.65295870908636,30.5564396891943
Namibia,2016,93.966187960162,-2.62833210419717,2.69727890929136,22.0299428254904
Namibia,2017,81.2196661011436,-3.69773452685817,2.73527353433315,17.7664956160323
Namibia,2018,81.7138652963804,-1.70342664632669,2.77246337174234,14.9163471003735
Namibia,2019,82.9011507426355,-3.57649160039189,2.79932223646079,15.3291127102813
Namibia,2020,76.9252424036465,-10.7372931134497,2.91019887709682,13.9292034235476
Namibia,2021,83.5443030923624,0.588992664401843,2.95314556354467,17.5126568387859
Namibia,2022,99.2625547814064,2.51308808227621,2.77600581415178,19.9742056445263
Namibia,2023,110.770713965983,1.85444870324957,2.50947899094054,28.0124983478241
Namibia,2024,109.628509818932,1.41712041604308,2.23715227334598,25.6134843991812
Nauru,1991,,-20.8688549941773,2.34193119067356,
Nauru,1992,,-17.6892529379695,1.72114358921943,
Nauru,1993,,-16.7899147476723,0.805053296966897,
Nauru,1994,,-4.19805084719633,0.34586723544018,
Nauru,1995,,-8.17712065666727,0.275835068004739,
Nauru,1996,,-12.0153026740854,0.176921610921852,
Nauru,1997,,-9.07861489575517,0.137389619256035,
Nauru,1998,,-11.796625369622,0.00980632508753104,
Nauru,1999,,-6.46732163625637,-0.107922502503471,
Nauru,2000,,-6.68214425925784,-0.186686372077639,
Nauru,2001,,-6.41132789982009,-0.374421562656096,
Nauru,2002,,-9.5427609001939,-0.474966260015287,
Nauru,2003,,0.513958692297393,-0.228389950823792,
Nauru,2004,,-4.32433795357886,0.00994085193919146,
Nauru,2005,,0.109463628221704,-0.109403760477152,
Nauru,2006,,8.61282905726155,-0.149380100476041,
Nauru,2007,,-21.9690489151566,-0.139623040534244,
Nauru,2008,164.285714285714,20.1318813068238,-0.109840741983694,
Nauru,2009,145.0,-5.62156105786306,0.0699126120860941,
Nauru,2010,100.0,-0.268843970925019,0.269206005345923,
Nauru,2011,130.30303030303,14.0811226451365,0.546151002552194,
Nauru,2012,120.408163265306,22.3119628983076,1.65974838801037,
Nauru,2013,179.347826086957,1.6485827070359,2.40581272210636,
Nauru,2014,197.222222222222,13.4151871712962,2.11682959453762,
Nauru,2015,200.0,1.4172709809001,1.95433948782621,
Nauru,2016,170.149253731343,2.30174554349074,1.77348115445981,
Nauru,2017,142.068965517241,-7.78820653423327,1.54848693435255,
Nauru,2018,140.640059171598,-2.16926114572468,1.34206654488781,
Nauru,2019,155.906685714286,7.51652861776262,0.953874731639391,
Nauru,2020,134.980107526882,1.08625303568498,0.482136103995375,
Nauru,2021,110.796255319149,7.14457374271909,0.565263581170869,
Nauru,2022,167.338761904762,2.07566850510726,0.782649677702407,
Nauru,2023,143.955555555556,0.0717850570483023,0.625107627709329,
Nauru,2024,165.846774193548,0.77785683063172,0.604485091438176,
Nepal,1991,34.6750551287954,3.65047375085233,2.58817841764484,20.2534712966777
Nepal,1992,41.6954131372025,1.21094958738936,2.82065681366559,20.7046617738733
Nepal,1993,47.1895811750777,1.05282878357509,2.73026688257275,22.5708951400827
Nepal,1994,50.432072744791,5.53859144431293,2.50525729621082,22.4035489180617
Nepal,1995,59.49051839854,1.01279328094282,2.40195786457922,25.1994981179423
Nepal,1996,58.4577686983002,3.02911523214613,2.20703682810923,27.2050877214127
Nepal,1997,64.0355348949959,2.88786824199163,2.07834822711058,25.3407150470745
Nepal,1998,56.7096012897007,1.01136751517303,1.96550365283425,24.8393691103392
Nepal,1999,52.5669812534353,2.48732085355503,1.86110099800161,20.4835163550036
Nepal,2000,55.7105890041319,4.37721035459148,1.73127486408485,24.3148663462349
Nepal,2001,55.7999210803706,3.11851050390348,1.61738284845393,22.3430462169922
Nepal,2002,46.2307185004451,-1.39074360828988,1.52057612057996,20.2462111730944
Nepal,2003,44.2478836156195,2.48926345447566,1.41042300664335,21.4093789298114
Nepal,2004,46.1472867206087,3.36324782625996,1.26834840063401,24.5311495689792
Nepal,2005,44.0629474798613,2.32754534491777,1.11915460082368,26.4511581033301
Nepal,2006,44.7619877569242,2.36866119233534,0.968206396130087,26.8519028137059
Nepal,2007,44.5792750200254,2.55045520091535,0.83618340426827,28.6852507532697
Nepal,2008,46.0362063511913,5.31231494291112,0.749540559520267,30.3156469991099
Nepal,2009,47.0794477633688,3.82909610583356,0.675732337813135,31.6743770945651
Nepal,2010,45.9849057742707,4.16886489216166,0.619710468212554,38.271206448162
Nepal,2011,36.296758890097,2.96035780817019,0.447181720951167,27.8102444789254
Nepal,2012,37.921906058758,4.40244630730626,0.256079255262795,28.6027052400212
Nepal,2013,41.8653757376722,3.31847430980025,0.199840751964584,29.6766090195384
Nepal,2014,45.9826416115927,5.69591211662627,0.298119921280857,30.9860882268693
Nepal,2015,46.6657303895158,3.4108030002933,0.545118124856758,31.2774348208688
Nepal,2016,42.115486124737,-0.0405110299060141,0.472697719209503,28.2409991995242
Nepal,2017,44.6424106224996,8.76020605401564,0.199389989212823,37.3250540060946
Nepal,2018,48.4473869461067,7.36009731523737,0.244000280298262,39.5478003355175
Nepal,2019,49.2495265874454,5.40192160337148,1.18377302604311,41.3787409108185
Nepal,2020,40.9188741243442,-4.23182776858643,1.92583106605859,30.4402815098213
Nepal,2021,43.0538047919129,3.02971971240495,1.74002411752275,35.1635974644693
Nepal,2022,48.9734014799428,4.77665725235042,0.81238557412485,37.6438482526851
Nepal,2023,41.5701502933145,2.05405906860061,-0.0700958873206174,31.1493001529726
Nepal,2024,40.5298226771909,3.81766783822374,-0.146800968936231,30.3993910198841
Netherlands,1991,105.194616821176,1.63505476802885,0.788031035375139,23.0045923528186
Netherlands,1992,102.080770696115,0.940014971552714,0.756056593396787,22.9958118547438
Netherlands,1993,99.0328336645559,0.554249718693711,0.696991330125143,20.9693925297175
Netherlands,1994,103.046028953898,2.34216819213047,0.602938474274189,21.2124676655347
Netherlands,1995,107.916808067097,2.60797332606091,0.49392737251493,21.422165123382
Netherlands,1996,108.664639443962,2.94449834083628,0.461395747607711,22.2339994207935
Netherlands,1997,114.295027863442,3.71322161762264,0.514767002117464,22.5539685116053
Netherlands,1998,112.408095451564,4.00446947960582,0.616640530679659,22.7426875258017
Netherlands,1999,114.327740793016,4.34658615125738,0.665493187073143,22.9712264633708
Netherlands,2000,125.667030082421,3.47747780858097,0.714770362784392,22.4588724676077
Netherlands,2001,119.47546387654,1.55410416356578,0.754840057734904,22.6044175168395
Netherlands,2002,112.750024358671,-0.392037086310523,0.638291666268526,20.9657566797441
Netherlands,2003,111.30450319576,-0.373331238838787,0.471814398788212,20.4311120001709
Netherlands,2004,116.958160026939,1.66244352424715,0.347475412048658,20.2354145150337
Netherlands,2005,122.255849523252,1.79582591930534,0.23366314793854,20.3913422355285
Netherlands,2006,127.195613539333,3.37121339494911,0.160613668857538,20.9352721280667
Netherlands,2007,129.798241740597,3.6595790579472,0.217521601194242,23.2286138653607
Netherlands,2008,130.152049980117,1.72005565007052,0.389292461499527,22.2059299952863
Netherlands,2009,115.109660363107,-4.15945322331045,0.514284544827762,20.5767305168581
Netherlands,2010,130.081707935343,0.800960653466348,0.512923100553586,20.0371060399178
Netherlands,2011,141.757099325776,1.29975033814375,0.466428782200821,19.9116480923396
Netherlands,2012,149.393223058131,-1.34363605737404,0.370055034770235,18.5826577863124
Netherlands,2013,150.651850226949,-0.324530183160419,0.294820793441482,18.3607360340882
Netherlands,2014,151.715891056501,1.24763624808071,0.359828172726548,17.7066341303839
Netherlands,2015,160.325812564809,1.66898777013176,0.443220089035769,22.1699860549934
Netherlands,2016,150.96552921165,1.88065314524779,0.532178879608489,19.7764432256049
Netherlands,2017,159.646059656847,2.17569091526914,0.591203366164118,20.2151929584837
Netherlands,2018,163.559146573044,1.66335743670078,0.583933408920832,20.4804432515785
Netherlands,2019,160.676671884999,1.63214291771632,0.65507157480522,21.7580356895369
Netherlands,2020,152.233230409706,-4.40052537279003,0.55554079025497,21.3519779830807
Netherlands,2021,163.154842689698,5.72193522957718,0.523490508168757,22.1938197521171
Netherlands,2022,184.107484252682,4.0109788096194,0.953278922854537,22.8632951641142
Netherlands,2023,165.030429478933,-1.57745734337647,0.990139686700227,20.0805040885297
Netherlands,2024,153.83065216636,0.427291768689813,0.648823280021657,19.6654844408571
New Caledonia,1991,49.5270631140171,2.13222042921386,2.67395311361723,
New Caledonia,1992,45.3918800288466,-2.09143329184117,2.63226109383085,
New Caledonia,1993,43.3764634226507,-1.99060054931688,2.5390760953236,
New Caledonia,1994,42.0579770877214,0.0953679299492904,2.46188731434976,
New Caledonia,1995,41.9516201470912,3.42078383494169,2.40672436191472,
New Caledonia,1996,43.0935194214281,-1.83068993009077,2.29652457440987,
New Caledonia,1997,44.711963671281,-0.195960722861727,2.18342754952717,
New Caledonia,1998,51.7164362042632,-5.22945773355342,2.11855225357606,21.2664855722331
New Caledonia,1999,56.3940656975839,-1.16837174714553,2.07139596197975,22.3639043976261
New Caledonia,2000,60.3667225164618,0.0082048320171566,2.07015601128576,22.9397967696956
New Caledonia,2001,58.1843523272091,,2.04485779933828,22.9193844603045
New Caledonia,2002,56.1330040352377,,1.96943812043973,24.4979751984607
New Caledonia,2003,61.8880338996498,,1.89464715384192,29.4288037375607
New Caledonia,2004,58.5813378645702,,1.74820694207225,26.6026771710216
New Caledonia,2005,61.9103270015257,,1.45458459025355,29.8467414376013
New Caledonia,2006,68.0205144787445,,1.28719801022213,33.8730980715663
New Caledonia,2007,72.1743887166465,,1.27562580041589,37.5729019029881
New Caledonia,2008,67.9174783843244,,1.22883322130144,41.3029052100014
New Caledonia,2009,56.0771570332275,,1.34033215268725,34.0404047185836
New Caledonia,2010,68.1684823937939,,1.66994351621015,42.4438821088297
New Caledonia,2011,66.8445220722878,,1.8787771558269,41.6650421162352
New Caledonia,2012,63.7533913097757,,1.89163090783472,40.917085959253
New Caledonia,2013,58.8723435046881,,1.89228098410746,39.3440879548823
New Caledonia,2014,58.9577979346478,,1.57768044469833,35.603196951695
New Caledonia,2015,60.0467960954308,,0.688885628400534,34.7225325646771
New Caledonia,2016,58.0296161468389,,0.0900120253294113,29.2358447236138
New Caledonia,2017,58.9281826221283,,0.0433886162840042,27.7917371370667
New Caledonia,2018,59.0970833,0.401770467057673,-0.00176339785610822,27.5984468
New Caledonia,2019,58.210367099604,-1.42259825250524,0.0229217470195887,29.456560049901
New Caledonia,2020,54.5818048353384,-2.59576600416644,0.200781353226217,27.31694264264
New Caledonia,2021,49.0442343110991,-2.45629457179525,0.364601116942216,26.2186187184748
New Caledonia,2022,50.4727487439639,2.81185763592613,0.66709196832953,26.1746329039214
New Caledonia,2023,51.6307347204266,1.82579915134372,0.952185123510063,25.5600389261255
New Caledonia,2024,40.368957724281,-14.3184777148637,0.95072208560765,22.1189475350042
New Zealand,1991,54.6355654428897,-5.76868280785115,,17.5444600945147
New Zealand,1992,59.2340588498117,0.0461709248823894,1.04173538422176,18.6659858300887
New Zealand,1993,57.553650605971,5.18530911444842,1.14023110662887,21.2249482707656
New Zealand,1994,58.8145695364238,3.7312097203412,1.32923733494336,22.5816777041943
New Zealand,1995,56.9142524626959,3.19974240620451,1.46436378746179,23.6533106114136
New Zealand,1996,55.1161709577551,1.98496136384595,1.58266192727998,23.1451716600231
New Zealand,1997,55.2468635214425,0.748379237952108,1.31235828649882,22.9289700901589
New Zealand,1998,57.8960178233763,-0.0325316016859745,0.887279888633483,20.8114129519031
New Zealand,1999,61.4012311333669,4.82543761135132,0.525484536213216,23.2325640957705
New Zealand,2000,68.5169268768932,2.26739583876633,0.587564086381346,22.0345630387436
New Zealand,2001,67.2338243520418,2.80339857456191,0.589286034969052,22.9520169059606
New Zealand,2002,62.6559945554479,2.9101304553614,1.73717486434422,22.7465398243836
New Zealand,2003,57.914769345753,2.68143475144709,1.97355854434158,24.128385766287
New Zealand,2004,58.7995522745359,2.55242862499898,1.48621908244575,25.2816076708571
New Zealand,2005,58.0187434407163,2.19286668317011,1.12877350967992,25.4208681883182
New Zealand,2006,59.6032650403479,1.53451584031141,1.21898486028427,23.7593311783447
New Zealand,2007,58.4251605749091,2.09997633054701,0.932407687512324,24.7759451018626
New Zealand,2008,64.2611448527979,-1.85355347358967,0.848701402422591,22.9039037931743
New Zealand,2009,55.0143501856026,-1.03184078096996,0.999728031208421,19.926477761063
New Zealand,2010,58.1047406012087,0.336940895877831,1.1117260560215,20.3756573267404
New Zealand,2011,59.1724105593848,1.31801414005311,0.762479795105218,20.6489426548507
New Zealand,2012,56.9087671962042,1.80664874629129,0.548220797298334,21.2760294778962
New Zealand,2013,55.9861241102171,1.80431778832353,0.768347998194806,22.1773812692661
New Zealand,2014,55.0986550961851,2.11605987877432,1.66101200071152,23.059728219927
New Zealand,2015,54.851331734287,1.60054496622324,2.0360339086492,23.1953014645751
New Zealand,2016,52.4062478142589,1.47418017961533,2.24603210015584,23.1657261077796
New Zealand,2017,54.1432970416804,1.24183177643995,2.08872272281936,23.70401682613
New Zealand,2018,55.7664814899437,1.6336762235868,1.79124016759035,23.9860432020994
New Zealand,2019,54.4542971758367,0.882643007578949,1.41225538599445,23.7676954815243
New Zealand,2020,43.9772422862431,-2.31391634084866,2.03338779187545,23.1117429315929
New Zealand,2021,48.5412477650846,4.28458318360995,0.240228529431089,25.1120938859399
New Zealand,2022,53.4761627655817,3.55544968252481,-0.0570512394609476,26.2630138517952
New Zealand,2023,50.4064316790513,-0.912467413170035,2.3012774309073,23.8211315596966
New Zealand,2024,51.224397222513,-0.387550970211336,1.66869187850147,22.5146260046291
Nicaragua,1991,74.327973742158,-2.46398821920231,2.30539160027034,20.7763790214245
Nicaragua,1992,70.5176260597947,-1.85750643208351,2.26057691432804,20.9248103525212
Nicaragua,1993,68.285966789153,-2.55575157455552,2.19526818654442,19.4660216754268
Nicaragua,1994,39.0812162921941,1.16653527605601,2.12344956001799,17.531319764363
Nicaragua,1995,44.0397944057464,3.77641566640617,2.03689558542684,18.9290842452396
Nicaragua,1996,48.4828382973154,4.38727575317672,1.85738578138211,22.1768029647152
Nicaragua,1997,58.0055306487605,2.24599060138242,1.66886011283246,26.2856001166473
Nicaragua,1998,57.0137150680369,2.1384399499342,1.52856081444745,25.8244333825796
Nicaragua,1999,62.5376445208417,5.51571518995972,1.43050495553198,33.0026827089006
Nicaragua,2000,61.2984974600022,2.67944162568968,1.3755333704478,26.6547531947905
Nicaragua,2001,57.9801315472268,1.64157183542785,1.28961325996451,24.3069078331637
Nicaragua,2002,58.0912844080785,-0.460685992278769,1.21286138243943,22.4323122258435
Nicaragua,2003,62.1750658877514,1.31955360750133,1.1785630920639,22.2505089888938
Nicaragua,2004,67.195316780004,4.0749066715682,1.18180960798577,24.1110027775569
Nicaragua,2005,71.6457237072991,2.93169257880047,1.30369984372022,25.8852137273664
Nicaragua,2006,87.309670832079,2.67777444612834,1.42647684672934,28.2526153890838
Nicaragua,2007,93.025730229333,3.57801456385216,1.43621553103677,31.3040549268068
Nicaragua,2008,96.7939847302055,1.96391791132177,1.43313226086457,33.6019904976752
Nicaragua,2009,86.9936104453444,-4.66051140515347,1.42451653487476,23.2004558310499
Nicaragua,2010,100.364058423919,2.9388092403868,1.41916789623706,24.8398681398148
Nicaragua,2011,111.827453935999,4.82579847166105,1.41223292768918,30.9826454263625
Nicaragua,2012,115.177288474198,5.0120845551519,1.40332726881517,31.0116770587447
Nicaragua,2013,110.984207880382,3.47943447123747,1.3892875213501,30.9047521156944
Nicaragua,2014,106.698200190796,3.35791289379488,1.37171758610881,28.8793454871994
Nicaragua,2015,98.194164594236,3.37914204919937,1.35767667855894,33.4766376040407
Nicaragua,2016,93.8137278130087,3.16650951067395,1.34468900607336,31.2003868955466
Nicaragua,2017,96.3805864351182,3.24691576299918,1.33184988677682,29.9154305259361
Nicaragua,2018,93.9847404925404,-4.62941675714166,1.31878207820366,24.0746137195471
Nicaragua,2019,94.0422159246213,-4.14856907147293,1.29742127419157,17.831076630152
Nicaragua,2020,88.6381231228968,-3.4517971097024,1.25084741191992,20.3366366143416
Nicaragua,2021,106.20739081994,9.13330681920195,1.20325375827905,23.7920651013382
Nicaragua,2022,115.454678712865,2.22853832012306,1.28466010240759,21.7526844449914
Nicaragua,2023,105.003097611103,3.00511061205397,1.37167812196347,22.1511227447242
Nicaragua,2024,98.5258377100159,2.20198911444788,1.34687135560209,24.6940528397434
Niger,1991,30.336179238057,-3.47795488612833,3.0994180029753,12.0903747791133
Niger,1992,28.7066499462238,-1.13103705292642,3.11848225510655,8.50126215541979
Niger,1993,26.098937648296,-2.79968693637561,3.16076464061933,6.5313439333274
Niger,1994,33.6425286170597,-1.36907813994121,3.21632398923127,12.9826219518429
Niger,1995,34.7775356997428,-0.878404477406505,3.3098246971535,12.033346265753
Niger,1996,36.539997643493,-3.19125592898469,3.34376645351566,14.6672771049093
Niger,1997,33.1743453903346,-1.78818258744471,3.32029101351841,13.6301846813521
Niger,1998,35.0196895457842,6.31303577624729,3.38434700775298,14.6266294101088
Niger,1999,31.3752367245391,-3.59420117545913,3.4405793301062,11.1995269286568
Niger,2000,34.7127807043604,-4.57504226731116,3.46716382832898,13.1422096449305
Niger,2001,33.0136670843015,3.56959177749576,3.50878624306039,13.7924282479468
Niger,2002,30.8343857497549,1.27795509678579,3.53148102432579,14.6260219197075
Niger,2003,33.3827931416238,-1.40492633289823,3.5622769230714,13.930300225432
Niger,2004,36.9641044464896,-3.18333778722413,3.59824904350361,12.4971525069023
Niger,2005,38.3477418070736,3.50589535528762,3.62970414217364,19.3354300345284
Niger,2006,36.5313731842429,2.12703436992842,3.65709371425878,19.8084879016599
Niger,2007,35.5028028471007,-0.585038841788489,3.68110827846052,18.9137733233404
Niger,2008,39.7112440540383,3.81608288917157,3.70203244818704,26.4435525343116
Niger,2009,49.5122567031625,-1.75785643451498,3.71708044318123,28.4722719649335
Niger,2010,51.9459863027627,4.60766589552573,3.72535077368531,32.6404605165102
Niger,2011,50.2463951569345,-1.38136228282855,3.72138303234104,31.613128828242
Niger,2012,45.08596447308,6.45537638540985,3.77324639644684,29.3142436915252
Niger,2013,46.2951491493291,1.43045373805732,3.75837207594511,29.7124814690798
Niger,2014,45.7416008365932,2.77949866185601,3.6892808045974,31.1100819925506
Niger,2015,44.727430371186,0.604320140159473,3.69640590007582,32.3568228692158
Niger,2016,36.4881092245519,1.92620628769158,3.67426137513091,27.5210696310413
Niger,2017,39.0711117370149,1.33285572403285,3.56007044831691,26.0152521380461
Niger,2018,37.5388483992356,3.57478885227313,3.45088050525461,28.9187722247215
Niger,2019,37.1025664250801,2.43270218960372,3.36654855482346,30.6723209374769
Niger,2020,35.5129906570841,0.189464640804786,3.29977391625444,28.4897323087862
Niger,2021,37.0158935503713,-1.86257596023195,3.25425239869281,27.5604161245789
Niger,2022,52.8061484327332,8.3198637261773,3.25170642220024,29.6208107643846
Niger,2023,46.4755580630668,-1.62761880925538,3.29489175812772,21.6844069972649
Niger,2024,49.9759837351389,6.73976595652603,3.28101480132484,22.0531487338986
Nigeria,1991,,-2.25751903462209,2.64110316371064,
Nigeria,1992,,1.92006635002696,2.62528760714312,
Nigeria,1993,,-4.59723301462516,2.65014775362862,
Nigeria,1994,,-4.37439193637937,2.64135723468862,
Nigeria,1995,,-2.6729475916287,2.63662927453146,
Nigeria,1996,,1.50723164585267,2.61429682326517,
Nigeria,1997,,0.292131866739084,2.60308705392213,
Nigeria,1998,,-0.0648532095970893,2.61337639810203,
Nigeria,1999,,-2.03256096941413,2.63592921799734,
Nigeria,2000,,2.24461411109775,2.67439784501828,
Nigeria,2001,,3.07926731844439,2.7163954653619,
Nigeria,2002,,12.2103862832199,2.74147056608815,
Nigeria,2003,,4.42833467516175,2.75673506428828,
Nigeria,2004,,6.26527336879505,2.77053967849452,
Nigeria,2005,,3.53183710668041,2.76883385211034,
Nigeria,2006,,3.17092810336983,2.76124698861505,
Nigeria,2007,,3.67720698171571,2.77180099910734,
Nigeria,2008,,3.83258898509833,2.78453384410814,
Nigeria,2009,,5.06718321393218,2.78730820935027,
Nigeria,2010,,5.0285377931029,2.795149361277,
Nigeria,2011,,2.39734841623091,2.80278519998649,
Nigeria,2012,,1.37822146587332,2.77422930277333,
Nigeria,2013,,3.81449207685264,2.71468991073627,
Nigeria,2014,,3.53757268118461,2.64221399374699,
Nigeria,2015,,0.081979577825436,2.53617348598208,
Nigeria,2016,,-4.01892534268501,2.47183239057048,
Nigeria,2017,,-1.61585537268604,2.43170936923065,
Nigeria,2018,,-0.406836852099559,2.31217263003389,
Nigeria,2019,,-0.0100047593980293,2.1944019229433,
Nigeria,2020,,-8.34242347930724,2.13029714344341,
Nigeria,2021,,-0.988127022973842,2.09618685225463,
Nigeria,2022,,2.15831410306673,2.09281687128387,
Nigeria,2023,,1.18123657085347,2.09838916935738,
Nigeria,2024,,1.91718752367555,2.08297776184189,
North America,1991,22.2997073496744,-1.58828007731844,1.32680596162554,20.0416047335742
North America,1992,22.7499040349425,1.90515273388601,1.36649823887321,19.9362456844622
North America,1993,23.3065668236783,1.42077409080643,1.29669476300867,20.2447897566311
North America,1994,24.7553859922795,2.80944804944052,1.21316336153584,21.149851516034
North America,1995,26.4326877065767,1.48533854399004,1.175185020471,21.134115629769
North America,1996,26.7487361806805,2.42030959493502,1.1515754395111,21.4999995309442
North America,1997,27.7747438107916,3.20593580716975,1.18305184867505,22.3241304652612
North America,1998,27.5434501503238,3.26080818752101,1.13250002702297,22.8320757154392
North America,1999,28.1631311424315,3.65266415902956,1.1152659124768,23.2379719613289
North America,2000,30.0260640256008,3.02812437689315,1.09487429044742,23.4697871555051
North America,2001,27.6951346171638,0.0261768537352509,0.999111327504388,22.0119991105585
North America,2002,26.8472966246706,0.846098824682556,0.943123172764975,21.5921829627111
North America,2003,26.6582225240946,1.83375097574796,0.86329811235113,21.6514515750268
North America,2004,28.353601414015,2.83045426408125,0.926016512556795,22.5522346969653
North America,2005,29.405458088413,2.50952342681205,0.924079326653074,23.3126702665501
North America,2006,30.4823201867921,1.78323819203241,0.968958000292518,23.5394422284951
North America,2007,31.2795345195426,1.04072699228743,0.952856906506988,22.6785072510405
North America,2008,33.0400663833457,-0.774583298127922,0.959364165339977,21.3229186368217
North America,2009,27.6380218671293,-3.48026523536252,0.90301120571731,18.129451959659
North America,2010,30.9654332343502,1.83197585431824,0.872248322965573,19.1365502498694
North America,2011,33.5593766435031,0.866034186742809,0.810385884625871,19.5586980653018
North America,2012,33.4199285706579,1.40156558008549,0.82654950888601,20.4445532177109
North America,2013,32.7735025853399,1.33398941244307,0.785955296629689,20.8641141273243
North America,2014,32.953701201886,1.71579172278278,0.816364811510733,21.330490034507
North America,2015,31.1110366043156,1.94760118036193,0.79398878386799,21.6978585309488
North America,2016,29.9310232391542,0.926061167821771,0.820075680421435,21.140054214581
North America,2017,30.5531390166267,1.74400056322017,0.743268119320072,21.4750577639498
North America,2018,30.9546539826741,2.25839584129849,0.671925189322868,21.8261391369335
North America,2019,29.860572028922,1.90509345167946,0.61147351678854,21.9200114783332
North America,2020,26.639115129293,-2.85385206673897,0.477755736563311,21.784323148841
North America,2021,28.7516975878901,5.83668186440146,0.198231862530836,21.8761323286256
North America,2022,30.7440903175145,1.92138164111387,0.703165039262701,22.5299204665702
North America,2023,28.8348431936674,1.71033834019217,1.04975731366805,22.0247893697498
North America,2024,28.789622276997,1.48577449165037,1.18928067982524,21.9361386424785
North Macedonia,1991,46.3763429752066,-5.81959155370519,-0.373572867090514,16.8078512396694
North Macedonia,1992,102.38399161696,-5.4862400516152,-1.14815508117598,14.7211026922457
North Macedonia,1993,96.4424485401636,-6.28574163754088,-1.27095567119672,15.2046341972908
North Macedonia,1994,82.3350649350649,-1.05867357276367,-0.709488114346886,14.7032467532468
North Macedonia,1995,72.0437886613838,-1.40506990392927,0.294047115056872,19.7346209712244
North Macedonia,1996,57.9231431142338,0.480270787981112,0.699015358344186,19.0979185637389
North Macedonia,1997,71.8342589043406,2.23672096612285,-0.782361148312478,19.9395889871872
North Macedonia,1998,76.5874821175197,2.83010081232176,0.532116992485007,21.1653905377665
North Macedonia,1999,72.6249786897251,3.84147389382692,0.478003427125101,18.7271147661783
North Macedonia,2000,80.1601473580914,4.07405080631071,0.455448702114895,21.8801026358759
North Macedonia,2001,71.4782105684389,-3.47368322147879,0.420168685369998,17.3554734085335
North Macedonia,2002,71.5334846721143,2.23345659919198,-0.726260079023056,20.8302234116196
North Macedonia,2003,71.0693204909674,2.09282245300516,0.127038105260946,17.9293173647346
North Macedonia,2004,80.8704849956907,5.01357406752894,-0.323800435972555,21.045921092932
North Macedonia,2005,85.8410034787176,5.29102012277241,-0.539897211401132,19.845548830107
North Macedonia,2006,92.5516664675666,5.71920223477417,-0.55220427661592,21.408135228766
North Macedonia,2007,106.092966003288,7.08313931163076,-0.570953120211137,23.7126866171971
North Macedonia,2008,111.570054713298,6.08402471253315,-0.578593804248589,27.9327050543518
North Macedonia,2009,87.1767537660809,0.287981674208055,-0.646827222901633,25.7424835151053
North Macedonia,2010,97.8810691156562,4.02171749784563,-0.63937448291812,24.4680948373642
North Macedonia,2011,113.19191013947,2.81001401364465,-0.458327097678151,26.9131339592319
North Macedonia,2012,112.214834702155,-0.0653472343038857,-0.391858319665176,28.9271763841244
North Macedonia,2013,104.857229956305,3.30559670350297,-0.368848270904885,28.8080479626054
North Macedonia,2014,112.537928969299,3.90792755780767,-0.268678976911211,30.2952252615938
North Macedonia,2015,113.698443879103,4.13429050530651,-0.267729528193655,30.4035752494839
North Macedonia,2016,116.185408418026,3.1782257470099,-0.320367473371963,32.5096882119049
North Macedonia,2017,124.13728389629,1.48936718625188,-0.40242158713311,32.2729434757145
North Macedonia,2018,133.215207648008,3.40375411089484,-0.507220756968942,32.3288110664903
North Macedonia,2019,138.576231840539,4.61869501137757,-0.679308688552216,34.2601160992835
North Macedonia,2020,128.241244322257,-3.65436823824773,-1.07910572041332,29.9173738943342
North Macedonia,2021,146.721411484074,5.59213007924724,-1.02945804668594,32.2207980039619
North Macedonia,2022,166.147357379878,3.06193588427661,-0.294481335654044,36.0166355424196
North Macedonia,2023,147.79425348309,2.77356173391705,-0.212923714310977,29.6278058870411
North Macedonia,2024,136.324876175556,3.18889944421623,-0.189311904958652,30.5962109009491
Northern Mariana Islands,1991,,,2.39596575611076,
Northern Mariana Islands,1992,,,1.75948451311367,
Northern Mariana Islands,1993,,,1.69207289433758,
Northern Mariana Islands,1994,,,1.67889832865758,
Northern Mariana Islands,1995,,,3.04746150270432,
Northern Mariana Islands,1996,,,7.071285719985,
Northern Mariana Islands,1997,,,9.0364482394478,
Northern Mariana Islands,1998,,,8.04449384289569,
Northern Mariana Islands,1999,,,7.19979543858211,
Northern Mariana Islands,2000,,,3.63481386361787,
Northern Mariana Islands,2001,,,-0.545695941220662,
Northern Mariana Islands,2002,151.947040498442,,-1.7898698391983,
Northern Mariana Islands,2003,152.703793381759,2.42454664863909,-2.05303771417549,
Northern Mariana Islands,2004,178.099173553719,-0.829932545374945,-2.29294440205974,
Northern Mariana Islands,2005,174.552309142319,-10.4852551650988,-2.50860397803261,
Northern Mariana Islands,2006,159.69696969697,-4.30544836131968,-2.71807103115674,
Northern Mariana Islands,2007,128.571428571429,-3.92765941553607,-2.9110170154091,
Northern Mariana Islands,2008,100.851970181044,-8.28281999633768,-3.08575533313163,
Northern Mariana Islands,2009,84.5283018867925,-14.854218227401,-3.24545043037063,
Northern Mariana Islands,2010,92.6157697121402,3.70912591649699,-2.25570725189976,
Northern Mariana Islands,2011,105.075445816187,-6.54977616215164,-0.896950274724624,
Northern Mariana Islands,2012,114.879356568365,1.51906574643922,-0.700102071490281,
Northern Mariana Islands,2013,120.077720207254,3.60738653208077,-0.898187033104677,
Northern Mariana Islands,2014,119.831730769231,5.33556203023453,-1.10544695125402,
Northern Mariana Islands,2015,122.747252747253,4.71604040189382,-1.28073347255599,
Northern Mariana Islands,2016,152.845528455285,31.097890849885,-1.44888981594755,
Northern Mariana Islands,2017,131.410256410256,25.1775968489283,-1.61620481831009,
Northern Mariana Islands,2018,108.762490392006,-18.0505598698509,-1.78121757640998,
Northern Mariana Islands,2019,104.749787955895,-9.70326849241671,-1.95055872430955,
Northern Mariana Islands,2020,78.9838337182448,-28.1627780007682,-1.25658949836081,
Northern Mariana Islands,2021,78.8840262582057,6.19656514048702,-1.16183177026859,
Northern Mariana Islands,2022,93.1569343065693,18.9235637680801,-1.93650806828242,
Northern Mariana Islands,2023,,,-2.05003835843766,
Northern Mariana Islands,2024,,,-1.93472893815204,
Norway,1991,69.589804667081,2.5944060142092,0.476503585004921,22.3126060800899
Norway,1992,66.7110650319213,2.97836952395049,0.577180268126687,21.6355324667658
Norway,1993,67.2506812594327,2.23483627884877,0.5952293301816,22.1558076270661
Norway,1994,67.6345957946686,4.45880136804293,0.569388227765026,23.0188733920169
Norway,1995,67.2992862912687,3.61634550965195,0.519125519812519,24.2056693848649
Norway,1996,70.2016361484898,4.49689278199928,0.506881682762136,22.9008639652897
Norway,1997,72.1536965321464,4.71527738632528,0.54221993602931,25.1989766414916
Norway,1998,71.6226841846104,2.05920289540578,0.595410343346654,28.2518520937403
Norway,1999,69.5067285818851,1.37548680034543,0.684759433412698,24.579083636869
Norway,2000,74.3125187193698,2.65053093720739,0.649044821192665,21.8180384485916
Norway,2001,73.1583039085777,1.55192755877651,0.506046910557235,20.55022378133
Norway,2002,67.5170140875686,0.832308736735257,0.539290805050494,20.3302123524354
Norway,2003,66.3207509412935,0.354567435549953,0.586532691986894,19.4284817082745
Norway,2004,68.671953774992,3.40174616090181,0.590930939690253,21.5094822895293
Norway,2005,70.4694504909023,1.98813847350503,0.681072964187373,22.4223186651023
Norway,2006,71.6599299465003,1.63957006794733,0.805392739160981,23.929297473876
Norway,2007,71.9420263082298,1.85464333724661,1.03473451527827,27.0747410995969
Norway,2008,74.7852799340995,-0.762647949902117,1.24633301535167,25.7831499903704
Norway,2009,67.4643154601855,-3.16925631537788,1.2611272893768,24.2956955575084
Norway,2010,68.2395193584281,-0.460631240331892,1.24566617956207,24.9886867450873
Norway,2011,69.5987336334833,-0.197405946610559,1.297189390693,25.4459810194492
Norway,2012,68.4985528389766,1.37764088326504,1.31344098868985,25.8720343590957
Norway,2013,67.9727925936832,-0.197883206152966,1.20914158930136,27.3276198211521
Norway,2014,69.1373772209037,0.903762655946366,1.12773667734928,27.2099921057026
Norway,2015,70.431856540017,0.848799114123295,0.995084736958414,26.9188414862645
Norway,2016,69.1168423974699,0.277407788765373,0.880969815359919,27.7264215581661
Norway,2017,69.1087817621061,1.63950712591077,0.807673181884948,27.5528323979124
Norway,2018,70.0031957894984,0.165560788690883,0.660090844249,27.7268430380858
Norway,2019,70.8958205272987,0.44339856309783,0.675061373245644,29.611444403947
Norway,2020,65.3539790413323,-1.85769609648001,0.588757324043059,31.3521157276673
Norway,2021,71.2227137759599,3.35449506555356,0.534772281874925,25.0880506650083
Norway,2022,82.6094798361389,2.32282354360895,0.898395220610608,21.1777624084125
Norway,2023,80.3638456401269,-1.06055299614016,1.13831142739624,24.2545661042046
Norway,2024,81.3635091827243,1.13204599317447,0.949855138372357,24.1355030571877
OECD members,1991,35.6304240270649,0.18881775700315,0.962637947205179,25.0041118180295
OECD members,1992,35.5493661893834,1.19202905867203,0.945948192455025,24.2292103702901
OECD members,1993,35.2976539361395,0.565492669711489,0.896172263666274,23.6231900462954
OECD members,1994,37.0925616974344,2.44724507241195,0.837094763378002,24.0086251028614
OECD members,1995,39.1321164699811,1.9311100089011,0.805342307194175,24.2019365617774
OECD members,1996,39.934705428393,2.31727399455673,0.781063701996324,24.1376614585779
OECD members,1997,41.9362397012007,2.8435456228693,0.771759399416469,24.0145245397887
OECD members,1998,42.4915063424956,2.24539848367453,0.740037296962581,23.8590775966384
OECD members,1999,42.6097089169714,2.6850682437819,0.736106220073812,23.8753477753268
OECD members,2000,46.534067458032,3.38358033239497,0.713186353783694,24.3139469368631
OECD members,2001,45.2983384003555,0.662547168056449,0.736132197504569,23.1784424346402
OECD members,2002,43.9440166913101,0.787239841267692,0.739737687423553,22.3792899159626
OECD members,2003,43.6586466918344,1.30446896400942,0.727683961257127,22.3602657549174
OECD members,2004,45.9205478825801,2.52025081610002,0.72028584405618,22.8329020051783
OECD members,2005,47.8020579797862,2.12210719845869,0.705153004624058,23.3630946804863
OECD members,2006,50.4825046161208,2.29500718412092,0.726517310724537,23.8759601287393
OECD members,2007,51.5718790530773,1.89195839486409,0.712694819028126,23.8336601513328
OECD members,2008,53.7397893077779,-0.390411305010346,0.786225083052498,23.2607651046325
OECD members,2009,46.8151221511615,-4.07725162035277,0.723981348565654,20.1713774957885
OECD members,2010,51.3749798935763,2.27181056932486,0.677505276897995,20.99196365578
OECD members,2011,55.1446791568073,1.3337683013055,0.535651294988134,21.6747880744885
OECD members,2012,55.5603613008186,0.749695629432395,0.620463861117399,21.5675485612669
OECD members,2013,55.2364422331733,1.02605204308735,0.586652242777087,21.5790132358481
OECD members,2014,55.3540917702241,1.55824511829341,0.608723123928783,21.9042449791926
OECD members,2015,54.326966680855,1.87785864067101,0.618839305259752,22.1867415823857
OECD members,2016,53.2538860639634,1.21893880306618,0.633792325125237,22.0189048632388
OECD members,2017,55.1566982734809,2.00912212945479,0.59407935406895,22.4499842976728
OECD members,2018,56.5031104357881,1.73497111872246,0.617004283166527,22.7419829163901
OECD members,2019,55.8638308489572,1.27273225543357,0.564229644583923,22.8622153639619
OECD members,2020,51.4197334624688,-4.25172726812703,0.377835338214323,22.6817813136877
OECD members,2021,55.7122002805394,5.7843268436343,0.180575896167617,23.0692877647227
OECD members,2022,63.1404421686003,2.58793345160666,0.493072946245184,23.7286077889906
OECD members,2023,58.4878077289189,1.1377176009201,0.674656635893151,22.9171429166999
OECD members,2024,57.2355487697044,1.1523100461559,0.644919078002539,22.5215811958572
Oman,1991,62.7126492319462,1.05996361946717,4.84236583473938,13.1867689396227
Oman,1992,64.7278861669356,3.5607492636871,4.57977744514796,14.3574886313628
Oman,1993,65.0815118064186,1.66643798436652,4.21470627849959,15.3940346516558
Oman,1994,62.689996465182,0.874063800580799,2.9322860255282,13.8211382113821
Oman,1995,64.1500694766095,3.08090662761251,1.84158782920155,13.1509296632039
Oman,1996,69.3906831462689,1.30704570533138,1.70189456325344,12.0234341139723
Oman,1997,71.594365872295,4.39784180446976,1.55461970088471,15.4909678070441
Oman,1998,80.4830604636084,-1.496337274152,1.43974820927183,38.1439455341222
Oman,1999,76.611197806525,-1.05667687405796,1.35945310317145,27.6430352793618
Oman,2000,81.4132822358275,4.83264880749192,1.2887385532573,22.5837734261812
Oman,2001,84.5270024947002,3.34135289623774,1.22318039389784,24.0557032595074
Oman,2002,83.6537485764543,-1.92709599366199,1.158650010904,25.9564535952282
Oman,2003,84.846636733578,-3.29759460918538,1.13408417793778,29.3792914901
Oman,2004,88.611307129045,0.252575657950231,1.72066711093441,33.6840272368192
Oman,2005,86.7613020421318,0.482138133458704,2.26053863867014,28.4118543259793
Oman,2006,86.1457079854133,2.38091766222423,2.21104303950359,33.6000635265804
Oman,2007,94.8657889777347,2.71865852745317,2.17823116003406,39.7555394017715
Oman,2008,94.7619029877161,6.61241844727729,2.16896017651993,42.0046274389994
Oman,2009,91.6279353346997,3.68717578981379,2.18905153725591,34.0609039447334
Oman,2010,96.3865546218487,-0.232906393185388,2.6751170964985,29.3865546218487
Oman,2011,101.641731939942,-7.78414520830087,10.9573181300856,27.6617736879904
Oman,2012,102.0747604043,-5.57202783891576,14.2253989455262,30.2100349016772
Oman,2013,112.543521763774,-2.64416002304453,7.77538929058871,32.3564793929509
Oman,2014,102.27872108813,-2.97274165335905,4.30179726376903,28.6217693334979
Oman,2015,96.3775801852347,0.438450329868957,4.45776887230624,36.3715664991426
Oman,2016,82.8642642018901,0.118553614303224,4.80473653238819,36.0864748848963
Oman,2017,88.9531480182956,-2.93490377016138,3.28242998732701,33.8433678359827
Oman,2018,89.2792178262847,-0.0452382355009746,1.32413960038748,31.675193269668
Oman,2019,86.4782010313236,-0.985733221362153,-0.144431732263903,26.8649178662351
Oman,2020,91.8758908014472,-1.91104857604375,-1.50860829621662,27.6206693345028
Oman,2021,95.9494877293305,3.08530454964595,-0.489266037731458,27.8559089826066
Oman,2022,105.745009280655,2.73958764672784,4.98013669293962,27.3208738967385
Oman,2023,106.446730998207,-4.99392969767024,6.52704988451128,26.6618980934734
Oman,2024,114.852671522017,-2.83787602327396,4.49738628465102,24.8481263106812
Other small states,1991,,-2.5006418651315,2.01087581896192,
Other small states,1992,,-3.86585828729376,0.768068189277883,
Other small states,1993,104.384039150878,-0.144662291955029,0.516147074171147,24.0932930599554
Other small states,1994,107.703669114434,1.97559698043261,0.851399277601467,24.4805565171553
Other small states,1995,114.325729448978,3.65699812099287,0.659566950676745,25.0941896218759
Other small states,1996,116.473995874181,2.13468931720351,1.0931923958603,26.1516095235048
Other small states,1997,118.940734552549,4.84871740500783,1.31534234736945,26.0985661485305
Other small states,1998,120.366651119297,2.06464450199782,1.31660230928611,25.8268184968063
Other small states,1999,116.782484627195,2.46747391109376,0.125281856948694,23.394908229994
Other small states,2000,118.255040556278,6.98081673443964,0.304071119083061,24.8220196301468
Other small states,2001,117.040406205058,1.39267838683739,1.75641709134838,23.4033277679177
Other small states,2002,113.311813613671,1.71260960572819,1.73610314500155,25.5397266753665
Other small states,2003,106.916022240314,2.91458658789713,1.30772245277832,24.6650858200703
Other small states,2004,108.708260296227,3.43362222910186,0.983525086728544,25.8521436053394
Other small states,2005,111.044105388371,3.51831923619561,1.04346547541932,26.6159062863527
Other small states,2006,115.805444138093,4.98307924012693,1.15277468684613,29.5839447772085
Other small states,2007,115.216873283869,4.19267687882456,1.20960326850617,29.9679628740695
Other small states,2008,118.531567750872,-0.329979030183651,1.22518060464554,28.8053640007676
Other small states,2009,109.364504535334,-6.2265255923673,1.16169892994006,23.2145252485027
Other small states,2010,119.126686482258,1.34228557298526,1.11211730324926,23.7061166083862
Other small states,2011,128.360268155001,2.24411503825024,1.01840380102388,23.5296573437076
Other small states,2012,131.07383729886,0.131076147013403,1.06209068668662,25.051336638641
Other small states,2013,134.032600749168,-0.267592657067752,1.05650163375909,23.8184349120972
Other small states,2014,132.582084724743,1.00116691056722,1.08086870918851,21.1492800024053
Other small states,2015,132.437583359015,2.19438711041253,1.1255181203762,22.1413541138262
Other small states,2016,129.901502426289,2.97316828163399,1.09883402957305,23.5694305841344
Other small states,2017,132.347378512211,3.85663116302722,1.15304626269071,24.3450340863843
Other small states,2018,134.560562449216,3.10362098447028,1.20956677579268,25.2710206314071
Other small states,2019,136.659428766832,3.00016732105183,1.20113624131693,24.2008074519599
Other small states,2020,132.479064295408,-6.82487650611408,1.0966115325234,24.3682907818577
Other small states,2021,148.260014155323,6.93254890369701,0.998084267144432,23.9214119805842
Other small states,2022,164.573905802679,3.06589843930138,1.24494821200593,24.1895032173507
Other small states,2023,152.406560349637,2.21880056414282,0.964925235955626,23.4414338916726
Other small states,2024,147.991826543495,2.01015816134924,0.852252955825721,22.9378166543877
Pacific island small states,1991,,-1.96373859719836,1.44945226409515,
Pacific island small states,1992,,3.30287975744984,1.42545965105308,
Pacific island small states,1993,,0.445091594511467,1.39943591432399,
Pacific island small states,1994,,3.38335277991216,1.33252935546185,
Pacific island small states,1995,,3.09152906832449,1.25802332121135,
Pacific island small states,1996,,1.65983488607824,1.28315263449086,
Pacific island small states,1997,,-2.71245496688806,1.4584188758485,
Pacific island small states,1998,,-0.12317271995154,1.53408224064431,
Pacific island small states,1999,,2.71418777609776,1.47184006625357,
Pacific island small states,2000,,-2.88477265229781,1.37976133820373,
Pacific island small states,2001,,-0.411227823876274,1.3048387301221,
Pacific island small states,2002,,0.721126794638465,1.25715749305751,
Pacific island small states,2003,,0.677559720532386,1.20114398382466,
Pacific island small states,2004,,2.7654713213678,1.16796609205945,
Pacific island small states,2005,,1.26913480649955,1.13655756125424,
Pacific island small states,2006,,1.21936320449352,1.11066069971186,
Pacific island small states,2007,,-0.954038844749846,1.08624420608688,
Pacific island small states,2008,,0.935672498174696,1.00961415963041,
Pacific island small states,2009,,-1.51688167346323,0.964522671636588,
Pacific island small states,2010,,2.44596970536266,1.183838881745,
Pacific island small states,2011,,2.46050053880926,1.36652729130065,
Pacific island small states,2012,,-0.303933171091018,1.32791059696534,
Pacific island small states,2013,,1.899266336541,1.30975260096464,
Pacific island small states,2014,,2.22137777697044,1.309388684516,
Pacific island small states,2015,,2.65848978175927,1.30244106727406,
Pacific island small states,2016,,2.38484005774976,1.29191080769398,
Pacific island small states,2017,,2.57970696819001,1.29137065436152,
Pacific island small states,2018,,1.42746309116907,1.26723585430322,
Pacific island small states,2019,,0.0850091885625375,1.0428091638606,
Pacific island small states,2020,,-11.178473460178,1.04048475391698,
Pacific island small states,2021,,-3.81568047733052,1.1481035475349,
Pacific island small states,2022,,7.21815863879054,1.15709923057953,
Pacific island small states,2023,,5.60988451444753,1.24129959209673,
Pacific island small states,2024,,2.13023100559637,1.22857783792362,
Pakistan,1991,35.4196551048403,1.64455814439934,3.30645345087216,18.8964334705075
Pakistan,1992,37.6945397210631,4.66648101392903,2.86254207102062,20.1334835745861
Pakistan,1993,38.4993168752315,-1.02474092628785,2.7725055318492,20.6850030820741
Pakistan,1994,35.0577237131595,0.779593544127223,2.89269657804833,19.3974052458304
Pakistan,1995,36.132753673519,1.97228554754696,2.89031173222832,18.5455233391321
Pakistan,1996,38.3301268339895,1.83880828653224,2.9106898704011,18.9966573482447
Pakistan,1997,36.8522661008964,-1.80254112696187,2.82827034753681,17.9191965447603
Pakistan,1998,34.011725180531,-0.242732275330027,2.76128567260809,17.7111996462578
Pakistan,1999,32.3199628094266,0.876623662652293,2.7219371038823,15.5649424393518
Pakistan,2000,21.4599638884654,1.35619796881565,2.82475983542412,16.3106779166157
Pakistan,2001,23.5772074298467,0.793239199866164,2.79615830892104,15.9969087412847
Pakistan,2002,23.1290159545291,0.110981031379026,2.45080308981688,14.9624104299322
Pakistan,2003,24.6501585248398,2.94922564327645,2.35391613887513,15.3148655927028
Pakistan,2004,24.8083348519064,5.20245589475688,2.4680911760913,15.6507707143799
Pakistan,2005,29.8784940550747,4.7286345998931,2.40377350441569,16.2664437881869
Pakistan,2006,33.0497193672284,3.55533116774782,2.3820052866049,18.2822141634905
Pakistan,2007,30.7878814312746,1.72148373910261,2.6420312522935,17.535936222635
Pakistan,2008,34.3489608135242,-0.577212099008804,2.67715693120755,17.996422608907
Pakistan,2009,33.3268872863988,0.87615081009595,2.5412831091032,17.5777374307953
Pakistan,2010,31.9890020462315,-0.97547471765489,2.47081701538021,15.9615524272363
Pakistan,2011,32.3626382751438,0.408754534144464,2.23690940334662,14.6316275197265
Pakistan,2012,31.3189732760076,1.08227196914481,1.90619981284679,15.1689869381562
Pakistan,2013,30.8902743401844,2.68232501000951,1.62722414834854,14.9823804459246
Pakistan,2014,29.4698256903998,2.56600413102157,1.50032405388564,14.9075542099107
Pakistan,2015,26.6881860172247,2.76648640710329,1.40250113589189,15.8109305453177
Pakistan,2016,24.7015780480573,5.19506859858923,1.30216393815952,15.9357468463989
Pakistan,2017,25.472035002344,2.96623678403046,1.41409990353131,16.3328910849517
Pakistan,2018,27.6260570796337,4.44201942237108,1.62371483290292,17.0682908414203
Pakistan,2019,28.9055769867032,0.778096107046181,1.69187124669657,15.4996449690024
Pakistan,2020,26.7162807328814,-3.03889328268374,1.80375141301202,14.8155399944077
Pakistan,2021,27.0304204125548,4.52304565172781,1.8867779716011,14.5346921503021
Pakistan,2022,33.031353478032,2.96250287218002,1.74799739792983,15.5605425943116
Pakistan,2023,28.4676925469837,-1.94543125066376,1.54880458608849,13.9681470393061
Pakistan,2024,27.5784683520695,1.50503969652753,1.50959876314033,13.1665315730663
Palau,1991,,2.5200990842261,2.29984547885007,
Palau,1992,,-8.5952979245323,2.37330381051841,
Palau,1993,,-14.3516567863505,2.36715728268732,
Palau,1994,,4.75349452330333,2.4019017204961,
Palau,1995,,8.15893044538321,2.5027068049112,
Palau,1996,,7.52966723750706,2.63437427138116,
Palau,1997,,-0.264852834914663,2.53914429756709,
Palau,1998,,-0.290664340906304,2.27133590447933,
Palau,1999,,-7.28690312682065,2.01476421003137,
Palau,2000,,-4.01065598578731,1.45489580126701,
Palau,2001,,6.38071260767974,0.903198457623669,
Palau,2002,,3.90423259365231,0.777252658271531,
Palau,2003,,-2.90440833277607,0.796694883502806,
Palau,2004,,2.6319920900543,0.815628017637243,
Palau,2005,118.684212734217,2.89001848505217,-0.00504553596313102,42.5713470915388
Palau,2006,126.265837749007,1.38420011754485,-1.14687139535809,38.5029204698331
Palau,2007,114.786531729944,2.85014910413659,-1.49636421036855,34.7564259136722
Palau,2008,126.283114552247,-3.73360277889407,-1.52961662609278,31.8131934339114
Palau,2009,111.737676211137,-5.03782795273666,-1.59078597207349,25.1428708956954
Palau,2010,120.658686278989,-0.986778712066226,-1.68714418256042,25.5895440521578
Palau,2011,135.599929518963,6.9406210208851,-1.74375203014582,29.4900169678969
Palau,2012,143.64119233429,3.44620204916832,-1.74654999032287,28.1241819101368
Palau,2013,142.194634239769,-1.90623711880076,-0.66077669618437,24.7760618562854
Palau,2014,145.702065814239,4.77040588838096,0.378927580628865,31.3617786823136
Palau,2015,126.495484250397,7.58608327744872,0.309990384912456,28.0369805436802
Palau,2016,118.020274395929,1.17313151858609,0.151826160128869,28.7378750670262
Palau,2017,121.741750995626,-3.07119789167072,0.0842483691607325,32.5363464410459
Palau,2018,117.866019647923,-1.25499460640414,0.0112277550221814,28.8202414282981
Palau,2019,115.461972278731,-0.272456364116394,-0.0898573575007226,34.5619657323095
Palau,2020,103.352188901493,-6.84092605925699,-0.0337173366498603,41.7198941678954
Palau,2021,81.1478453400346,-13.2161327171514,-0.0505973306648282,38.6656325799361
Palau,2022,105.200935152021,1.64986606087638,-0.135051508906549,44.8827523005509
Palau,2023,106.697590281594,2.40051382141797,-0.180352864081089,35.6249678298297
Palau,2024,,,-0.180678723422048,
Panama,1991,140.246558305042,7.12083869286595,2.12270714752088,24.1073587050035
Panama,1992,144.87918854738,5.95973635976357,2.09377182912446,29.7586645733615
Panama,1993,139.679221337261,3.28771278936753,2.07729579468022,31.0611952603387
Panama,1994,143.609032792557,0.752456347526049,2.06064651920927,33.6833730441529
Panama,1995,146.905380036798,-0.302769545385956,2.03974255911592,38.044095217771
Panama,1996,165.609679774913,1.99565817140169,2.02267329531161,26.7353923529743
Panama,1997,174.713863282649,5.56495545354083,2.01070630711665,27.0385979913156
Panama,1998,157.996408668151,6.24441499576056,1.99702689961855,29.8237024815487
Panama,1999,131.557397200745,3.1476339041262,1.98126957046463,29.0771343998188
Panama,2000,139.197934301758,2.18230247843243,1.96400557919623,28.4060430231237
Panama,2001,135.584350668206,-0.995989550927675,1.94640732840296,22.3776157571357
Panama,2002,126.024482739773,0.549728555297065,1.92966620283568,21.2012571870394
Panama,2003,117.267478912327,3.10474228889662,1.91370154774712,25.4834955114556
Panama,2004,124.761756836196,6.13442201164611,1.90499044238143,27.1054925681242
Panama,2005,139.211164757519,6.25411767660357,1.8851653336108,27.0343389822576
Panama,2006,141.472571182754,7.83920002702018,1.85404642513367,28.6053781471378
Panama,2007,148.665601032972,11.0968500583192,1.83391184872287,35.3865142071901
Panama,2008,164.586286421944,8.20927222938532,1.82065403181381,41.3904764890482
Panama,2009,137.046021377188,-0.205009199670286,1.80423120361282,30.856549564699
Panama,2010,145.448718647896,4.19797192886546,1.78385792968885,37.34120254137
Panama,2011,158.20839556043,9.94036228958628,1.774688616656,37.618517893377
Panama,2012,153.208620289839,7.70986516046257,1.76451937667994,42.5040223606148
Panama,2013,133.071568994167,4.48786620046779,1.74234111694192,43.0705309243778
Panama,2014,114.970604967371,2.83087716733978,1.73046380036004,43.5746775001882
Panama,2015,96.5791573893461,3.46107394258979,1.73037489560864,42.2663686447881
Panama,2016,84.3959718486228,2.77979898980544,1.72866876171939,40.2623341033399
Panama,2017,84.0475372059131,3.94788151319156,1.71320068899723,41.4845748182451
Panama,2018,86.1309615270001,2.19399066127643,1.67311565171591,41.1990909850311
Panama,2019,80.4286505707227,1.47570139893878,1.59097727067192,38.0674658664723
Panama,2020,68.7004234799646,-18.9421659787374,1.37340966978709,23.9546077936228
Panama,2021,80.1334636057057,15.0695424121278,1.20723809203153,31.2989342828485
Panama,2022,93.4752688168442,9.64152425334943,1.26612423517538,35.8548981085663
Panama,2023,88.3489105288611,5.77263521106902,1.30902688797168,37.492889940595
Panama,2024,83.6737787798304,1.45504306659862,1.26624987466078,33.5339875592363
Papua New Guinea,1991,94.4197914355447,6.13244781862461,3.16649253096029,27.404592855558
Papua New Guinea,1992,93.5519772673455,9.89093849851174,3.53853521817667,23.3033388586313
Papua New Guinea,1993,89.5892872552444,13.9847111131626,3.63331181284897,17.6347311540753
Papua New Guinea,1994,93.3026653165289,2.17433937373166,3.62122401820228,21.3665642008571
Papua New Guinea,1995,104.739980951459,-6.7281630247188,3.59664503111954,21.939185109852
Papua New Guinea,1996,107.803352613066,3.9492432113811,3.5759668470744,22.7455163583381
Papua New Guinea,1997,99.2079750268377,-7.26669749488677,3.56159785450897,21.0575795242669
Papua New Guinea,1998,102.860932133887,-7.09404356703858,3.51626141886498,17.9066853759803
Papua New Guinea,1999,116.006802066106,-1.62782619823496,3.47976948021788,16.3683366937768
Papua New Guinea,2000,115.421837958873,-5.80069881814661,3.44925161413658,21.892017091559
Papua New Guinea,2001,117.580367053663,-3.45795715085934,3.39779731324978,22.9518867289324
Papua New Guinea,2002,118.919110291279,-3.45493602471663,3.35700333077379,21.1919831839046
Papua New Guinea,2003,123.449069006746,-1.1723144679098,3.32025850994105,19.9214691833082
Papua New Guinea,2004,131.082911016249,-0.591008801262731,3.27757216652727,20.0013064999479
Papua New Guinea,2005,,2.96266985795965,3.23201129836566,
Papua New Guinea,2006,,2.1010623787835,3.18938474785493,
Papua New Guinea,2007,,4.47661413613285,3.1455292294859,
Papua New Guinea,2008,,-3.34540325323914,3.10574391860633,
Papua New Guinea,2009,,3.57848686707685,3.06322204516619,
Papua New Guinea,2010,,6.85231014831385,3.01998467654888,
Papua New Guinea,2011,,-1.79758471709076,2.9153928127454,
Papua New Guinea,2012,,1.78156409666185,2.7860490568137,
Papua New Guinea,2013,,1.05749757557005,2.70166347823205,
Papua New Guinea,2014,,10.6031750853758,2.62396103229344,
Papua New Guinea,2015,,3.8989789371627,2.54613840522555,
Papua New Guinea,2016,,2.91791021651957,2.46804330802257,
Papua New Guinea,2017,,1.08692627161339,2.3925157995011,
Papua New Guinea,2018,,-2.56991254975047,2.32386877655607,
Papua New Guinea,2019,,2.14824964998061,2.25754045467385,
Papua New Guinea,2020,,-5.20688760573694,2.12866309675902,
Papua New Guinea,2021,,-2.47024589818922,1.98860312209741,
Papua New Guinea,2022,,3.73630441950243,1.88244961375761,
Papua New Guinea,2023,,1.94776007385025,1.81103162496893,
Papua New Guinea,2024,,1.96584743874992,1.78260733820852,
Paraguay,1991,89.1393192206208,0.781250906471186,2.65579242385309,19.1088821478828
Paraguay,1992,89.4975575588359,-0.91522118243283,2.60163442704891,18.4930645370958
Paraguay,1993,113.603763547842,2.31226251074852,2.53245316780671,19.6686179608213
Paraguay,1994,123.079329466864,2.75714792528987,2.4615145741962,24.4135653897535
Paraguay,1995,118.064074196549,4.29466444194986,2.39512785223415,22.0208311357834
Paraguay,1996,103.035267206036,-0.760754495670795,2.32519254374256,22.1294363736811
Paraguay,1997,95.9342762479745,1.91891657612904,2.25425084909918,22.9182364662212
Paraguay,1998,101.606320138559,-2.08878505050501,2.17892340656023,20.1120681390739
Paraguay,1999,77.5552756906357,-3.39883387970877,2.08244088073438,18.9705834507195
Paraguay,2000,78.6447297611485,-4.18580870385856,1.93460053752763,17.3392448147808
Paraguay,2001,72.6056990118238,-2.49369285917085,1.6877597301062,17.9677838077187
Paraguay,2002,79.4415656482927,-1.42073243570553,1.40951477388826,18.0997007043384
Paraguay,2003,81.1273637701163,3.04557479031354,1.22988802352585,20.6270244034487
Paraguay,2004,80.1044466155542,2.86510353489651,1.15243910027232,20.0681902485099
Paraguay,2005,85.0219636540457,1.01015474976116,1.1059635782753,20.9031844113431
Paraguay,2006,84.7335313048126,3.72097911920059,1.04172810758939,21.9503842549058
Paraguay,2007,79.0011374202968,4.39311756937708,0.980401604621513,21.3245681130039
Paraguay,2008,80.7775746572591,5.46828018341716,0.969992282647573,22.2482943437117
Paraguay,2009,70.8419818624334,-1.27522707846056,1.0219490065143,18.9159699698811
Paraguay,2010,81.2575233746789,9.80314731435514,1.16985801191993,23.834958440668
Paraguay,2011,78.4921238489902,2.91154988839506,1.32708039585856,24.6615700086338
Paraguay,2012,74.7649574561086,-2.09516519053814,1.40686361602641,21.2642113310265
Paraguay,2013,73.369871384133,6.74651223746731,1.43842436376869,22.0169832494221
Paraguay,2014,69.0837249630891,3.78558222391715,1.44981205714477,22.6588064100141
Paraguay,2015,66.9150655259457,1.46452361944058,1.46036822105512,21.878682412934
Paraguay,2016,67.7593152322119,2.76597250767421,1.45104639106418,19.806173956137
Paraguay,2017,71.0801344038459,3.32962942295241,1.42257756735462,20.6000429017992
Paraguay,2018,72.0692236259495,1.77964425721512,1.38999117307295,22.7820847953359
Paraguay,2019,71.2221617342433,-1.74219112721019,1.35488116957369,21.6853116218499
Paraguay,2020,62.7602174748575,-2.15166731598009,1.35198907049682,20.0414603496263
Paraguay,2021,69.74227302112,2.7649134745394,1.21078357917422,23.9981273744216
Paraguay,2022,73.7379050218566,-0.954302474160954,1.13476871860664,27.6864351426555
Paraguay,2023,82.4052107741573,3.71542341761371,1.23021616038983,20.1583849669205
Paraguay,2024,76.8311565430624,2.97101932232356,1.23438951533718,22.8357199630034
Peru,1991,26.659254111884,0.0869996669868414,2.10803008186069,17.3980924261389
Peru,1992,27.9772921552067,-2.54546849500791,2.0364508690957,17.784731115296
Peru,1993,28.7665865706199,3.14244822528774,2.01664193906499,19.0714045693532
Peru,1994,28.9229957698901,10.1088493477559,1.977894145288,22.2471317420546
Peru,1995,30.9272178475508,5.34941937026248,1.93836467845591,24.7391134430373
Peru,1996,31.6542040912644,0.883745825089093,1.88065410074516,22.5867586979927
Peru,1997,33.4695458506827,4.52636436123332,1.84880202733493,23.7894193215196
Peru,1998,32.9530217853936,-2.18705299448793,1.81901745317137,23.2049499956946
Peru,1999,33.2057765558493,-0.243054508218478,1.72719734410339,20.6612543344774
Peru,2000,35.5380321623178,1.10433498225969,1.56043059120612,19.6279847605546
Peru,2001,35.0644014310212,-0.748837166204879,1.3676462262452,18.1595051690983
Peru,2002,35.2491813317695,4.20293608263907,1.19300655774598,17.9681458916088
Peru,2003,37.6246103251002,3.06117676528694,1.06536414066423,17.5102893749052
Peru,2004,41.9360782679273,3.93432882456604,0.980296012446146,16.8556825410753
Peru,2005,47.3573174768394,5.34332345958555,0.889996951132914,17.2838176822241
Peru,2006,51.7850560338442,6.68113849738523,0.791526842084803,19.6506023681318
Peru,2007,55.6881132836815,7.73406209571857,0.725382868960412,22.0323873215866
Peru,2008,58.4337673899053,8.4109066563893,0.657968680657885,26.178345935433
Peru,2009,48.1119296153519,0.473893281807491,0.617089075143821,19.9786779797935
Peru,2010,51.6728089370033,7.6277436246787,0.652636898148331,23.7605090406542
Peru,2011,55.9882802838607,5.53595626254707,0.746934823460309,24.200875596397
Peru,2012,52.6198952632294,5.25513020005759,0.83691693370644,24.6060563122502
Peru,2013,49.7871424471444,4.90271487934022,0.901339196033327,25.5741818690255
Peru,2014,46.8531210912899,1.36938882425959,0.994129278893009,24.6661205071214
Peru,2015,45.1627686891148,2.09361990664132,1.12847381931302,24.3051143583227
Peru,2016,45.3888411964154,2.57623039728159,1.33357065112944,22.0213133889585
Peru,2017,47.5135503619971,1.01943141648242,1.47336535107465,20.7118137063238
Peru,2018,48.631470171736,2.1018453903506,1.81253577188754,21.3111751422932
Peru,2019,46.9435053754409,0.502286291227506,1.71486934751345,20.8336395514866
Peru,2020,44.245967197744,-11.989123385761,1.19250495254373,18.1912588877919
Peru,2021,55.427249365522,12.2777396432111,0.961612354333265,22.3148400113403
Peru,2022,57.2969759649721,1.82762015025182,0.959183909355287,22.3663937709414
Peru,2023,50.7851842068664,-1.49255980889144,1.09975320783678,19.1844089781649
Peru,2024,51.4758878672647,2.18017278753871,1.0937871324756,19.4197023486874
Philippines,1991,44.2199237760081,-2.7987132409376,2.40127859344235,19.7170925076743
Philippines,1992,44.9911427301615,-1.93397839592187,2.36968384705809,20.7483312409355
Philippines,1993,50.4650429209218,-0.245903974024316,2.4046342517232,23.1855368033691
Philippines,1994,52.5265038023175,2.12244103611494,2.1804905774884,23.3114526483211
Philippines,1995,57.3305579762779,2.3606395486743,2.18824211617999,21.7942950820214
Philippines,1996,63.8553035508774,3.44957899709138,2.30364180162275,23.2823367017063
Philippines,1997,77.2286459172662,2.74055980419841,2.35271515939024,24.0644880296074
Philippines,1998,80.077201518421,-2.98474954559696,2.51478327457395,19.9889156434332
Philippines,1999,77.1614937122172,0.738331283023413,2.55605721072455,16.2006540383433
Philippines,2000,85.1533684600039,1.9282797124846,2.37926588939747,15.684364157955
Philippines,2001,84.9003886237531,0.800810377832349,2.20604531885261,18.9451758766766
Philippines,2002,83.8448040937789,1.63440956717702,2.02766985591781,20.4591371369749
Philippines,2003,87.5746443636636,3.02447664962099,1.98211355051959,19.5287356084063
Philippines,2004,87.1252848232048,4.51829535753411,1.94326756715565,20.731007446127
Philippines,2005,83.8456745708051,3.00922096669444,1.85941217176991,18.5665300720434
Philippines,2006,80.8505386728775,3.55972238279863,1.68208380821541,16.0153377703844
Philippines,2007,73.6449799920629,4.68750495300476,1.73463407300361,16.1286471132386
Philippines,2008,67.6810707730401,2.51657128580275,1.76733466433421,18.9671469154789
Philippines,2009,60.8865907869758,-0.362955289837316,1.801550616238,17.4317211991991
Philippines,2010,66.1042785137797,5.15869430276467,2.04795425200975,20.4417711390659
Philippines,2011,60.7958366999075,1.83760514144211,1.96473852483036,20.7399365678349
Philippines,2012,57.8420055133082,4.8407653397621,1.94226237851608,19.5607279687897
Philippines,2013,55.8247812320298,4.76266633818079,1.87971579705684,20.642224107669
Philippines,2014,57.4681720875945,4.61514068278228,1.64283283802775,20.9239704373705
Philippines,2015,59.1415921053094,4.7872505574235,1.47875384302116,21.3409478711064
Philippines,2016,61.7760657653871,5.7212148588973,1.34190709540685,24.618503101685
Philippines,2017,68.1683697426727,5.56223020665776,1.28830186666283,25.5587738639602
Philippines,2018,72.1633982990273,5.03429067114457,1.23686033319068,27.1505820415621
Philippines,2019,68.8418422595678,4.83577546655691,1.21615534645287,26.4018084647284
Philippines,2020,58.1695603022281,-10.5488615065624,1.1455140860985,17.4333790282876
Philippines,2021,63.4846098136712,4.76163916254069,0.905660310915421,21.1407371483135
Philippines,2022,72.4296836107599,6.76595410569132,0.760479216015364,24.6858616763102
Philippines,2023,67.4199693173966,4.66769736279124,0.810000998681961,23.4061516163008
Philippines,2024,65.8854725286968,4.82301240715314,0.825602488528657,23.6846445959545
Poland,1991,,-7.34479099617246,0.354679168347882,
Poland,1992,,2.2010658533475,0.306681390812185,
Poland,1993,,3.47468275954095,0.254450913938076,
Poland,1994,,5.07085552254539,0.211012328819338,
Poland,1995,43.5552180979904,7.78327567268047,0.13572103385363,19.862521327671
Poland,1996,45.3767344453465,6.01319811600105,0.0760741823645528,21.8581629640564
Poland,1997,50.376378640536,6.28931151450062,0.0654553694247315,23.7783189882881
Poland,1998,56.5460556555084,4.58421234371184,0.0357533013623718,25.2181635520769
Poland,1999,53.8980187624686,4.70787806733438,-0.0083027528251411,25.5001823677686
Poland,2000,60.6107209423297,5.75502267661936,-1.04433539837844,24.6999676719407
Poland,2001,57.8785312712895,1.26167597595419,-0.0275871247282958,20.6408974856903
Poland,2002,60.7967990573911,1.94840486282048,-0.0463189372499392,18.5444793558839
Poland,2003,69.2134479841788,3.59326547651193,-0.067492701646486,18.9111542221715
Poland,2004,70.9815765694162,5.15230495657681,-0.0585127351273288,20.4890653221513
Poland,2005,70.3114790902584,3.30621477152089,-0.043948953332248,20.1073600639489
Poland,2006,77.7008035402352,6.26942932351373,-0.0633705742926632,21.9561662978922
Poland,2007,80.745399056691,6.81843988104569,-0.0543050208038707,25.4186459060222
Poland,2008,80.5746815569207,4.36953645222033,0.0136373796827091,24.7561450970576
Poland,2009,74.9685965264269,2.54561682473884,0.067763227021235,20.7579141114998
Poland,2010,82.2258523219922,3.46400853867873,-0.285609121534849,20.8586688863455
Poland,2011,86.9236892837618,5.19888222323388,0.0537697088781007,22.3450463094694
Poland,2012,88.8299033066583,1.51202436704637,-0.000239076003298365,20.8019518666142
Poland,2013,90.4175072415629,0.745031977271424,-0.0603600174744649,19.1280449978263
Poland,2014,92.0340197113178,3.99831832124629,-0.0748462292920506,20.8272789201168
Poland,2015,92.2554272741942,4.50138467634895,-0.0666411009657168,20.8016958781231
Poland,2016,96.8659028060623,3.07547528252388,-0.04298513087435,20.0873009067718
Poland,2017,100.56589524628,5.13933542172569,0.0124800985844923,19.9081446848915
Poland,2018,102.442462168005,6.24607110540019,-0.000200132782838419,21.443880969665
Poland,2019,101.581033817373,4.60600727341085,-0.0244271070993493,20.7076794491101
Poland,2020,99.2590912303436,-0.861202002378917,-1.19164026205913,18.8394051569485
Poland,2021,110.874283021945,8.47171799983406,-1.4341408496549,21.8106734577786
Poland,2022,123.021332860345,5.7122759744731,-0.433070695882457,22.059467565345
Poland,2023,110.024935041815,0.616853101336787,-0.365658526875775,17.6684506133329
Poland,2024,100.359442847164,3.38947422901255,-0.349832361234927,17.8032326864165
Portugal,1991,60.3666002157807,4.60903326381703,-0.230481754329704,25.738680472155
Portugal,1992,56.3072775978983,1.1681037872908,-0.0777492667122609,24.9460022225038
Portugal,1993,54.1752326633391,-2.16302137348492,0.122316595483017,22.1454534250659
Portugal,1994,57.1773600156865,0.693517750119014,0.269089467950249,22.950768391851
Portugal,1995,59.9144721620053,3.92237331178322,0.346203938301886,24.1933776372451
Portugal,1996,60.2098050471666,3.11580522976421,0.375996187340096,24.4083515242472
Portugal,1997,62.3049515024583,3.93579786843061,0.446460604971181,26.5243441476558
Portugal,1998,63.8308988570361,4.27961126929266,0.505389233382722,28.3167621107077
Portugal,1999,63.3143298172237,3.3205096130955,0.565630442435222,29.0278207613076
Portugal,2000,67.4529979863247,3.08905313202446,0.702859953319024,28.7766387963597
Portugal,2001,65.0919551771122,1.22726326221765,0.705230637323876,28.1574917811274
Portugal,2002,62.3082594169772,0.220543241020806,0.547667939660689,25.9043294973227
Portugal,2003,61.1389474883653,-1.30174193891358,0.375411414855816,23.1147053583821
Portugal,2004,63.2045936670279,1.54561995012715,0.239128989611917,23.8243238411168
Portugal,2005,62.944504560452,0.595038072485551,0.185532266654625,23.3586139281485
Portugal,2006,68.5470531182009,1.44193756415369,0.18033244147767,22.9256733300806
Portugal,2007,69.9461175817991,2.30555184529184,0.196304384487306,23.0998862393828
Portugal,2008,72.0757429221604,0.174699975144293,0.144191279853498,23.5794931626439
Portugal,2009,61.4926935267759,-3.21438882343172,0.0953308592370666,20.8425074783613
Portugal,2010,67.6892401927983,1.69092747575826,0.0459100367184907,21.1994526798182
Portugal,2011,73.0075756700531,-1.56885655182528,-0.147084878575482,18.6613799007397
Portugal,2012,75.9411067187813,-3.66111452137058,-0.405421787747567,15.7536608050077
Portugal,2013,78.0305056874282,-0.439198387971658,-0.548815210952228,14.6835299275763
Portugal,2014,80.220669072079,1.28604644379557,-0.539190466792077,15.3444039472278
Portugal,2015,80.6346756266443,2.01139554784055,-0.414141101993213,15.9379888733382
Portugal,2016,79.5223464844001,2.32643063621838,-0.315459016997883,16.0283624571119
Portugal,2017,84.8077923069539,3.56700126187077,-0.243889410358812,17.44628649988
Portugal,2018,86.7356954918399,3.11123658697107,-0.160104021146769,18.5247214985093
Portugal,2019,86.7709889083586,2.72130207848775,0.0237334946497115,18.76826598288
Portugal,2020,76.5086407209215,-8.30107079726919,0.10511412524675,19.4185791809348
Portugal,2021,85.8735452148975,4.89913107175563,0.626850165433157,20.9347674224953
Portugal,2022,101.364146479435,6.24247031136021,0.697256448023043,21.3735177177842
Portugal,2023,93.1358537072038,1.69802567248595,1.36912985956796,20.4972768619235
Portugal,2024,89.696408854026,1.02697035140542,1.09536933248007,20.3671429506228
Post-demographic dividend,1991,38.3656833001392,0.321543668658549,0.715033304987389,25.0745064302452
Post-demographic dividend,1992,38.173543087103,1.25821867148539,0.697246433316432,24.3329776353533
Post-demographic dividend,1993,38.0421157680366,0.583357616873315,0.643085033860218,23.6992407275605
Post-demographic dividend,1994,39.7582858446116,2.64498874377959,0.570363319240377,24.0970339773059
Post-demographic dividend,1995,41.7882961767347,2.23207971199318,0.534884886479851,24.3211290558475
Post-demographic dividend,1996,42.2982483707644,2.37378306399307,0.550879595069052,24.2136144879988
Post-demographic dividend,1997,44.1878088000679,2.89635539281197,0.524712979339849,24.1267898563885
Post-demographic dividend,1998,44.5019453314371,2.30844346045799,0.494153540136483,23.8700166559478
Post-demographic dividend,1999,44.8782264763312,3.04480466314048,0.483856476819839,23.9550149094808
Post-demographic dividend,2000,49.1400552221071,3.54045979773565,0.506639541129563,24.4311059219751
Post-demographic dividend,2001,47.6421982076697,1.02929385274859,0.484093598871689,23.3179305020974
Post-demographic dividend,2002,46.3129093077392,1.01416114384421,0.505167279967622,22.4494844858333
Post-demographic dividend,2003,46.3128363818632,1.51784529691609,0.502572879325375,22.3674716967948
Post-demographic dividend,2004,48.8751932354852,2.66750516291651,0.518876120315171,22.8045684452691
Post-demographic dividend,2005,51.0077219194158,2.27618775359171,0.502564815977713,23.2994739925664
Post-demographic dividend,2006,53.7456671257982,2.37254513634181,0.545356150465832,23.7642099760129
Post-demographic dividend,2007,54.7024472855933,1.95952491028055,0.594784935011008,23.6914212768531
Post-demographic dividend,2008,57.2798524365616,-0.243213113261604,0.607735102357025,23.1186027158735
Post-demographic dividend,2009,49.4819156318551,-3.86841275386007,0.516160510005987,20.0671436208601
Post-demographic dividend,2010,54.4570351096697,2.41621359372009,0.474124527896789,20.8322582188431
Post-demographic dividend,2011,58.3851696973325,1.35768767244657,0.302401977706299,21.4035429248629
Post-demographic dividend,2012,58.7316776887312,0.798969678971588,0.436781344037018,21.3419691790191
Post-demographic dividend,2013,58.4295340186293,1.12482134520626,0.389474489390099,21.3841999013186
Post-demographic dividend,2014,58.2965136824546,1.58559628249988,0.421858541514507,21.7226607415823
Post-demographic dividend,2015,56.6599997566859,1.78134919091057,0.444076527741648,21.9351563896289
Post-demographic dividend,2016,55.0563588663846,1.34527072340545,0.461347089514667,21.7173535619657
Post-demographic dividend,2017,57.0436446034332,2.09679756822752,0.379583274623515,22.1701915291581
Post-demographic dividend,2018,58.3139473708289,1.87530341050142,0.380062376158498,22.5276683525486
Post-demographic dividend,2019,57.3640224856089,1.49272130539835,0.316344378025529,22.5107550639474
Post-demographic dividend,2020,52.7599442931164,-4.24653175893069,0.188955928303597,22.3710598108246
Post-demographic dividend,2021,57.3497614199247,5.72848338169605,-0.038028730230042,22.8435263734502
Post-demographic dividend,2022,64.4700799127373,2.71804589310725,0.0726915141290977,23.3962527772653
Post-demographic dividend,2023,60.2975474441614,1.47572526546938,0.350275071395141,22.620945030484
Post-demographic dividend,2024,59.3011266026333,1.15835257357264,0.627845757449373,22.3582344141554
Pre-demographic dividend,1991,,-10.3579401791071,2.48750233752924,
Pre-demographic dividend,1992,,-0.645368738418753,2.80035638879804,
Pre-demographic dividend,1993,,-3.71189298665496,3.12028414547701,
Pre-demographic dividend,1994,,-3.19540614990552,3.316006658201,
Pre-demographic dividend,1995,,-0.0487126760722987,3.12848658099881,
Pre-demographic dividend,1996,,2.86392598718004,2.6685262044999,
Pre-demographic dividend,1997,,3.51486186315411,2.61874115194892,
Pre-demographic dividend,1998,,3.96879016903731,2.80894056466618,
Pre-demographic dividend,1999,,1.26748229523785,2.86382997947923,
Pre-demographic dividend,2000,,2.55973704375705,2.80153478897719,
Pre-demographic dividend,2001,,1.44008702253603,2.83264279830511,
Pre-demographic dividend,2002,,2.88940625930805,2.98432231022507,
Pre-demographic dividend,2003,,-3.50768189506954,3.00003592133816,
Pre-demographic dividend,2004,,8.78912091128936,2.91607231983193,
Pre-demographic dividend,2005,,2.89888748673749,2.94081209755926,
Pre-demographic dividend,2006,,3.22000986519448,2.86177365336787,
Pre-demographic dividend,2007,,3.21869510682598,2.72188103114979,
Pre-demographic dividend,2008,,3.37371254092017,2.87295652078933,
Pre-demographic dividend,2009,,1.75785567343129,2.98790052643859,
Pre-demographic dividend,2010,,3.56794283345492,2.93512437276865,
Pre-demographic dividend,2011,,1.32867633291151,2.95063160509303,
Pre-demographic dividend,2012,,1.27001641384122,2.98073103262682,
Pre-demographic dividend,2013,,2.80468698100424,2.97967615927728,
Pre-demographic dividend,2014,,2.15570228982773,2.91077860350398,
Pre-demographic dividend,2015,,0.181829679038486,2.8152055837107,
Pre-demographic dividend,2016,,-0.434138445615474,2.79230800776337,
Pre-demographic dividend,2017,,-1.14338819579875,2.78999365524279,
Pre-demographic dividend,2018,,-0.135464700555943,2.75861627724359,
Pre-demographic dividend,2019,,0.465943631739947,2.70891780222761,
Pre-demographic dividend,2020,,-6.60523575667818,2.67116196637692,
Pre-demographic dividend,2021,,-0.268411877394158,2.60305790141094,
Pre-demographic dividend,2022,,2.06352561321953,2.52799513873611,
Pre-demographic dividend,2023,,-0.118876526790984,2.53814397128917,
Pre-demographic dividend,2024,,0.722534822065214,2.53910269133085,
Puerto Rico (US),1991,115.301094114228,1.58322781466529,0.707415569453379,15.5975939689221
Puerto Rico (US),1992,105.221044035549,3.89131652355152,0.645450037357204,15.4534610167994
Puerto Rico (US),1993,97.9799393626469,3.76693631202613,0.842176258032361,16.0490407247015
Puerto Rico (US),1994,96.765407855708,3.22267934513472,0.928877577460167,16.3290429000497
Puerto Rico (US),1995,99.9544379459526,3.58766383111009,0.923749875729803,16.8692854425052
Puerto Rico (US),1996,92.6434195576681,1.17230270783932,1.12186266889252,17.4552188992549
Puerto Rico (US),1997,94.0796549047141,3.90993879974577,0.929312007272833,18.5658388347954
Puerto Rico (US),1998,96.272630457934,4.92588689891826,0.574788689661522,16.9175615311797
Puerto Rico (US),1999,104.080496533601,4.86331730461553,0.500714523269446,20.7001953631507
Puerto Rico (US),2000,106.169512072581,2.98675150054237,0.276558688867414,19.7145610014619
Puerto Rico (US),2001,109.88564971882,6.08604917663311,0.214145951376015,17.5690537564804
Puerto Rico (US),2002,106.32948683044,0.78642430938811,0.128937305848895,16.193840010611
Puerto Rico (US),2003,118.84015748242,-0.00918394623066376,0.0625899064015263,15.5278186867377
Puerto Rico (US),2004,117.000863757497,8.72642633155034,0.0204626359646878,15.3173676659436
Puerto Rico (US),2005,113.744794728395,-1.84546035319809,-0.144242360500613,14.5964259942695
Puerto Rico (US),2006,117.728477994388,-0.991030023306365,-0.423467205495354,13.9914627137303
Puerto Rico (US),2007,117.595779058079,-0.582297403436883,-0.585620757159528,13.3905727827244
Puerto Rico (US),2008,116.277994389108,-1.26658342180474,-0.58667739163101,12.146158717547
Puerto Rico (US),2009,105.262196842682,-1.41621092108605,-0.54540189449208,10.430914991451
Puerto Rico (US),2010,104.153228306599,0.0130918561743698,-0.427201373092374,9.16037905577584
Puerto Rico (US),2011,108.558400106824,0.477827773852212,-0.835844626893592,10.0696849181429
Puerto Rico (US),2012,103.311186552821,0.915046581773325,-0.881614530044632,10.3344859636409
Puerto Rico (US),2013,104.89224011713,0.506273089098627,-0.812294181036195,9.52952659834065
Puerto Rico (US),2014,102.385456504805,0.0887811529566989,-1.28624679549527,8.94121574530142
Puerto Rico (US),2015,108.880634192821,0.346031006728381,-1.40026759210966,8.59855575063724
Puerto Rico (US),2016,110.274045470098,0.289081770174349,-1.5604116086776,8.07529852870562
Puerto Rico (US),2017,113.131649032582,-0.903680354883278,-2.01987082911005,7.79415247642478
Puerto Rico (US),2018,106.001202479048,-0.869549149955759,-3.58604464903081,15.3314097630601
Puerto Rico (US),2019,107.571456836722,1.30600530158883,0.364032148393714,15.3486659868501
Puerto Rico (US),2020,103.509811317462,-3.56474634356229,-0.640952967813737,10.880928994123
Puerto Rico (US),2021,96.7453625315476,0.966080975048015,-0.576961615031384,11.3679286945181
Puerto Rico (US),2022,98.2564691765992,4.31830960037016,-1.31345396519316,14.8152247335601
Puerto Rico (US),2023,101.657550951677,1.24540069820311,-0.508879698773044,14.2399370270239
Puerto Rico (US),2024,94.6225085555605,3.19308375394527,-0.0155140706220036,14.1765984690411
Qatar,1991,,-4.83556929422517,3.28019147147729,
Qatar,1992,,7.82129196669182,3.20283512184474,
Qatar,1993,,-4.35699356954633,3.12076652290476,
Qatar,1994,78.6499268740476,-1.60968553843938,3.0315206362832,24.5240841329484
Qatar,1995,87.6679520311654,-0.560501390372877,2.93298487226868,35.0854096291325
Qatar,1996,83.5092210549861,1.47482709329236,2.81689866772079,35.7654059244725
Qatar,1997,84.4470388418955,24.9388543086998,3.98026081252323,35.4318648630863
Qatar,1998,91.0581255555736,5.46365137697904,5.31317487167119,31.9742817907545
Qatar,1999,85.7329697856399,-1.15743551900648,5.35902375394354,18.8823125180111
Qatar,2000,89.6126597159917,2.58659735173823,5.16843199678991,20.1512854623643
Qatar,2001,94.968671679198,-1.14955560400423,4.98033999658033,29.1196741854637
Qatar,2002,88.4697236252199,2.16668917936438,4.79240521936012,32.6471255887861
Qatar,2003,90.1649486943021,-0.942747091301968,4.59965670712594,34.8656946406266
Qatar,2004,90.3724288385622,14.8021552361276,3.77511702353838,31.5110118429254
Qatar,2005,94.7455441696331,0.710908911730286,6.51693576890975,34.3078887785256
Qatar,2006,98.570919313572,7.05038196586418,16.4332567938557,41.8887149103609
Qatar,2007,96.1141057101106,-5.0301345727959,21.700342942038,46.0165706250517
Qatar,2008,89.4328416546905,-0.340739470062928,16.6072361839519,41.1179671245022
Qatar,2009,80.1441629727012,-0.705591683176323,12.0021690542876,42.9640491480002
Qatar,2010,87.1111970364642,19.0056903213096,0.491609879237911,31.6551222991847
Qatar,2011,98.7216351018991,12.8219517991965,0.489204894825294,29.0318354942345
Qatar,2012,105.746286433535,-1.20900847640003,5.83800010216327,27.1443989918744
Qatar,2013,102.383154379024,-5.12869057023956,10.6721263976401,27.8278903298317
Qatar,2014,99.0343138952759,-6.18522597672184,11.5817147814941,31.790053219975
Qatar,2015,93.7076739370818,-3.86139446926616,8.58173306173289,37.067203825843
Qatar,2016,89.5476231430097,-2.45109169349175,5.49972976958708,48.8690827894008
Qatar,2017,91.4945574785855,-4.15596174260121,2.73590293320866,42.6113473715086
Qatar,2018,91.838343273294,-0.134744639831709,1.3621056096195,40.6590534659993
Qatar,2019,90.0462934117559,-1.52202223094245,2.21962210028933,43.7353659391394
Qatar,2020,90.0189857283633,-8.92441265745882,5.72571544841687,43.8491508547382
Qatar,2021,92.7790897626963,13.3616375901992,-10.9274424335586,36.8015347930758
Qatar,2022,100.213640845612,-1.79101615520977,5.90701824957099,30.643232538678
Qatar,2023,,1.58952825429188,-0.0489708509014485,
Qatar,2024,,-4.86788389922177,7.32265165181291,
Romania,1991,39.1351694722991,-12.1584413412518,-0.868693831241648,28.0457371024094
Romania,1992,63.9902474623499,-7.93923952826758,-0.9034629284532,31.405493266105
Romania,1993,51.003703370966,1.66711860968309,-0.136109142211483,28.9277193823057
Romania,1994,51.8670700671661,4.08314789943742,-0.14537906455364,24.809134731324
Romania,1995,56.291225396158,6.44865941446349,-0.20231879638046,23.3161642971645
Romania,1996,60.7813693722174,4.20752254376104,-0.288129485530899,23.0950938293071
Romania,1997,63.205242332383,-4.5747304296564,-0.287897951541563,21.2987400049412
Romania,1998,53.838795710082,-1.82682397441751,-0.206980241940766,18.3829311197399
Romania,1999,57.9736750449875,-0.220150554902901,-0.156978616024445,15.6493077726824
Romania,2000,48.5213253850786,2.59397523199067,-0.129440039806255,19.6695811091698
Romania,2001,51.9285910211481,6.69667366637488,-1.39542998635748,22.7560110876947
Romania,2002,53.7102478139376,7.65586943426131,-1.83065499370162,22.1726981083131
Romania,2003,56.1795270470243,3.08196384315724,-0.7212622974018,23.1953192411743
Romania,2004,60.6264786669408,11.0591132161949,-0.569786272532879,24.2165645026754
Romania,2005,59.3605494490555,5.3165061122384,-0.61753095660306,22.9306854622381
Romania,2006,61.6836259265159,8.67067585292331,-0.592402560029107,27.4669698502695
Romania,2007,63.5051566734658,8.82964823723904,-1.47722298197717,31.3370187913254
Romania,2008,65.1752009979412,11.1442089014979,-1.66638264306554,33.0936844355478
Romania,2009,58.4700583666529,-4.72628859385392,-0.833088754778975,27.2026875632393
Romania,2010,69.9549354932718,-3.33335291355054,-0.593959183588628,27.1890794202952
Romania,2011,76.271356441629,5.01083371448033,-0.491866212866043,27.809701397226
Romania,2012,76.5943239913672,2.35828066727251,-0.445177936198383,26.7222427286412
Romania,2013,81.3976131747183,0.651822267051088,-0.371323062878035,25.2514905784046
Romania,2014,83.3751429575201,4.50672544401942,-0.374575497762261,25.2257196462876
Romania,2015,83.5205767017155,3.64306941096366,-0.470052227864654,25.4960152893431
Romania,2016,85.8925282906884,3.45169541464914,-0.573660845379617,23.6646873522112
Romania,2017,87.1560645667801,8.82266657090874,-0.578007015146885,23.9867377562262
Romania,2018,87.0911701095809,6.01553045118388,-0.587493307403584,23.0435742456948
Romania,2019,84.9063630584793,4.50941296110349,-0.526814821936341,24.4073793139433
Romania,2020,78.3616463562709,-3.06561724934225,-0.550759892541776,24.3319634913981
Romania,2021,87.0711965460145,6.37801653902932,-0.746036478523061,26.4231138988583
Romania,2022,93.9496509383447,4.59004052061825,-0.385412679960785,27.0611653434665
Romania,2023,83.3753324062231,2.19035297025793,0.0659152146414443,26.2097285719548
Romania,2024,77.2149837939003,0.965042709085722,-0.0485820204761977,24.9970256084173
Russian Federation,1991,26.2567036110118,-5.31876190965632,0.286681805330924,36.2674293886307
Russian Federation,1992,110.577064702788,-14.6139171358036,0.0969789790408762,34.6133613887428
Russian Federation,1993,68.6984432394613,-8.6196861844154,-0.0534820276606834,27.0071715934931
Russian Federation,1994,50.9537126483831,-12.5397898608654,-0.0342679070319955,25.5374539500614
Russian Federation,1995,55.1829054657257,-4.12277236522603,-0.0216487632128753,25.4388784044713
Russian Federation,1996,47.922500819419,-3.61497549497646,-0.145451546598357,23.6674001136852
Russian Federation,1997,47.2569214100748,1.56770414975504,-0.165341653753189,21.9763894687502
Russian Federation,1998,55.7722532849766,-5.14311536211871,-0.165486143348056,14.9641222334913
Russian Federation,1999,69.393281498812,6.72950292335021,-0.309278191504336,14.8303000466388
Russian Federation,2000,68.0939070373555,10.4637091559227,-0.420614990249978,18.6937601947688
Russian Federation,2001,61.1108586644206,5.54671833932643,-0.424090524785415,21.9498173349418
Russian Federation,2002,59.6454457319607,5.18275023824988,-0.460024258081391,20.0295461890033
Russian Federation,2003,59.1282690076014,7.78796752390349,-0.453780668020263,20.8589584807348
Russian Federation,2004,56.5818523984055,7.63249118230908,-0.402681471328549,20.9012750797344
Russian Federation,2005,56.7132484905422,6.80660765259209,-0.381452794741516,20.0774969178103
Russian Federation,2006,54.733401867266,8.55494147469737,-0.327445270108383,21.1715918033474
Russian Federation,2007,51.7061227454606,8.68576548155966,-0.17108203294568,24.1645140334655
Russian Federation,2008,53.3824660408908,5.24621001829865,-0.0439492591634852,25.5012197086864
Russian Federation,2009,48.4350610278181,-7.8277499767233,0.030107060167659,18.9263757354968
Russian Federation,2010,50.3555054872589,4.45309639834757,0.0448964884428055,22.6150505519736
Russian Federation,2011,48.0353994077919,4.17697624368184,0.118045544446964,24.2607379312639
Russian Federation,2012,47.1513903857957,3.76271915500016,0.251575708072649,24.5536933545168
Russian Federation,2013,46.287149400499,1.45314767875932,0.297503474179596,23.2716819870194
Russian Federation,2014,47.8013412628116,-1.12194041744186,0.299667432459938,22.3908642287739
Russian Federation,2015,49.3593493116887,-2.2762114110788,0.279352077762368,22.148725318159
Russian Federation,2016,46.5181198396096,-0.0904862004782103,0.258751057379474,23.0954224731096
Russian Federation,2017,46.8765243371311,1.61387325924203,0.191382528772924,23.6067558621651
Russian Federation,2018,51.5809003703964,2.71659271660542,0.0721356165400605,21.9180891512463
Russian Federation,2019,49.2287536619033,2.14202624717367,0.037947213753429,22.6615137722235
Russian Federation,2020,45.9669082029127,-2.52680431743222,-0.143202031827637,23.4558291480158
Russian Federation,2021,50.5861954621752,6.21857740869952,-0.343724409889771,23.0093392226061
Russian Federation,2022,42.7827864294811,-1.09717176252111,-0.352843110363082,23.2028710254613
Russian Federation,2023,40.8343264105273,4.37751097028844,-0.285217600763343,27.0076136288036
Russian Federation,2024,39.5081647660396,4.55626099351906,-0.203423663777625,26.2988564685306
Rwanda,1991,25.3719737830637,-4.47859361408995,2.03545104921753,14.0217499685173
Rwanda,1992,23.8314470330714,3.71896576533675,2.05526782083456,15.6340960424373
Rwanda,1993,25.6790070069858,-11.5381924060062,3.80355388592275,16.747020875705
Rwanda,1994,71.0956283073375,-41.5406116027371,-16.1282982694482,9.98250901704606
Rwanda,1995,30.9721731494864,61.8735350146221,-17.9882140556853,13.4091329900849
Rwanda,1996,32.2300658207659,-4.64228854077255,16.7499598547072,14.3704263730672
Rwanda,1997,33.4674605100182,-1.51287157331262,14.4953754701447,13.8097794362117
Rwanda,1998,28.7944635910011,4.46154584531892,4.12314094141164,14.8076611218115
Rwanda,1999,27.3335364212359,3.50365506460074,0.816180266067736,11.9734139200974
Rwanda,2000,27.4848638250445,7.49987106581409,0.806991709703052,12.2911723538114
Rwanda,2001,29.1989094376925,7.52679928708999,0.886774966312804,12.7844289211049
Rwanda,2002,27.6094381162173,11.6682445124781,1.35537693210796,12.6161021461481
Rwanda,2003,29.3106242354101,-0.0196868446927851,2.19817405049677,13.1689898461308
Rwanda,2004,33.4616731030871,4.64511890543764,2.6429108159401,14.3572006203523
Rwanda,2005,34.2165383418652,6.50669742325816,2.66009812240039,15.1471395794747
Rwanda,2006,33.2214370724059,6.3526672914531,2.66683575241351,15.0250898905664
Rwanda,2007,35.9709731972278,4.80790992688792,2.66008171576066,16.7899322992344
Rwanda,2008,37.6045108548055,8.27757420238298,2.62837643087324,21.3446999189279
Rwanda,2009,36.8056280084816,3.54291916809377,2.57922030255665,21.0151940236714
Rwanda,2010,37.2788790923351,4.65979796365141,2.52365134392041,20.5325011611394
Rwanda,2011,39.71610247751,5.34277697300234,2.45262873450153,20.9013969880418
Rwanda,2012,40.5408629987193,6.07172678530065,2.39380128171382,23.3041445547138
Rwanda,2013,42.6934924295362,2.23301483103715,2.40340085493768,24.4311537415127
Rwanda,2014,43.902733691075,3.63164570583949,2.41721473954366,23.2290320311828
Rwanda,2015,45.2019756159103,6.28259221925458,2.39322566941773,24.240978094561
Rwanda,2016,49.4849071069892,3.48878829333981,2.36997866838859,25.8958453602119
Rwanda,2017,53.6752674177253,1.50906456900377,2.34556709244995,23.8350248025789
Rwanda,2018,55.7841263739603,6.03177996523696,2.31630729613291,22.3221933243073
Rwanda,2019,57.9756628637954,6.97929630145144,2.28086099658628,27.0287152007204
Rwanda,2020,55.1879515519855,-5.51636902603423,2.24244883430144,23.7346563348968
Rwanda,2021,54.2938318463367,8.45600930488553,2.1909353521865,26.7349156072212
Rwanda,2022,61.1450795033651,5.81773274151854,2.19046619232976,25.7418263768417
Rwanda,2023,64.9069041420041,5.8960009035884,2.1984982050137,23.5855215423605
Rwanda,2024,69.9544135680561,6.58326731079626,2.14176839550509,25.914149825303
Samoa,1991,,-2.48806559580488,0.192665760966229,
Samoa,1992,,-0.764226258204729,0.566974044499184,
Samoa,1993,,3.22549145241983,0.84360565196507,
Samoa,1994,,-3.32161058915646,0.803058822004789,
Samoa,1995,,5.81082409795567,0.812128813006775,
Samoa,1996,,6.2658800455369,0.855578710009327,
Samoa,1997,,-0.193253144597321,0.834803981602527,
Samoa,1998,,1.41916707044376,0.761957610122648,
Samoa,1999,,1.40887608750961,0.762852410408108,
Samoa,2000,,4.27745070826087,0.779095553168233,
Samoa,2001,,6.52181954391313,0.811842716200751,
Samoa,2002,87.9199711386734,4.90454737398483,0.709942405793495,
Samoa,2003,76.272148769255,4.66849415235475,0.518518278484343,
Samoa,2004,72.5293703149674,2.633950603366,0.440703577844664,
Samoa,2005,76.2247442670718,6.22343288364944,0.390647475706685,
Samoa,2006,82.4691938417408,1.73439136988327,0.390192842270374,
Samoa,2007,83.2022041824641,-0.0698092296218391,0.55463907450516,
Samoa,2008,73.8864270586579,2.81854653180625,0.714778949876493,
Samoa,2009,75.9793921615973,-1.27185467227797,0.736861989277852,31.7413750566996
Samoa,2010,78.5698016774915,5.29451664588825,0.785366135493998,14.6447083760345
Samoa,2011,81.600955014363,2.94772599922624,0.871732674893699,37.1493303117706
Samoa,2012,82.7339794775292,-4.60663349940492,0.912557360248924,40.299132906469
Samoa,2013,77.877751737476,-0.786395614806608,0.89673977043707,9.01812018037557
Samoa,2014,80.5007740440855,-0.23024857506843,0.888269859280603,37.3331843934814
Samoa,2015,74.6343545643839,2.95226941311462,0.868555727857733,35.86163557511
Samoa,2016,75.2118171706314,7.07276114056432,0.847318414943751,35.4648816749749
Samoa,2017,74.011085031494,0.460419453590006,0.937123219994916,32.1825873287296
Samoa,2018,78.9349676190658,-1.6472076564482,1.04941192646969,33.1401660265809
Samoa,2019,83.3310820410377,3.35744960284687,1.05329202031498,33.6506488929242
Samoa,2020,77.4848006217247,-4.09792925699939,1.0262726301153,33.1905048673993
Samoa,2021,59.7697791857954,-5.858576704261,0.862068229419543,35.2314178501277
Samoa,2022,60.8477796541449,1.56297610835598,0.690847424147793,32.1879710524759
Samoa,2023,80.8405125235965,14.4879479256995,0.649190563116911,36.0680830328679
Samoa,2024,79.5241461770504,4.09688706632852,0.62390639530784,29.0207325813273
San Marino,1991,,,1.36234972179124,
San Marino,1992,,,1.36891249128106,
San Marino,1993,,,1.42809596235528,
San Marino,1994,,,1.42410358895514,
San Marino,1995,,,1.34052946785269,
San Marino,1996,,,1.27963831425084,
San Marino,1997,,,1.24021713683827,
San Marino,1998,,6.12872599430349,1.25182183574034,
San Marino,1999,,7.67279692432976,1.27036547927293,
San Marino,2000,,0.883025780040143,1.27682083101072,
San Marino,2001,,4.24028336900209,1.27546128614055,
San Marino,2002,,-0.959002843255874,1.27394921306293,
San Marino,2003,,2.55977184007274,1.27229099015188,
San Marino,2004,,-1.17956792743588,5.63499845738975,
San Marino,2005,,1.12402388406122,1.2784145237654,
San Marino,2006,,2.63299672869908,1.15962645690926,
San Marino,2007,,3.5848833240598,3.34586141198724,
San Marino,2008,,-1.91822422078984,1.43466268697041,
San Marino,2009,,-14.1287766020679,4.33883404775675,
San Marino,2010,,-6.05328650752219,0.615052590123215,
San Marino,2011,,-6.48781473647414,-1.97304928375177,
San Marino,2012,,-9.40251314800584,2.56940400817854,
San Marino,2013,,0.501232920728725,-1.28704227360667,
San Marino,2014,,0.471381910733299,-1.17512311839658,
San Marino,2015,321.364013420909,1.53901918424206,0.738348484872901,12.0862040532505
San Marino,2016,320.146089060708,1.7136618106599,0.618202520367254,15.7691979335881
San Marino,2017,313.85032377067,-1.88769119879011,2.16366806498297,19.119353754217
San Marino,2018,309.487956436918,-0.555259040981809,2.03966279076457,20.6091867014135
San Marino,2019,307.264778080283,1.6505086881123,0.407603368403658,24.0244731514119
San Marino,2020,304.903167579063,-6.93518932061002,0.308211037123611,18.05086817635
San Marino,2021,342.470174007962,15.6202890686695,-1.50099888558244,22.2349479785745
San Marino,2022,370.436071813414,9.48711055571971,-1.46164026701119,23.025957538683
San Marino,2023,340.983395012486,0.0905880817326192,0.310582221115543,16.5828775318379
San Marino,2024,,,0.344944841346899,
Sao Tome and Principe,1991,,-0.986502855129885,2.18525084376235,
Sao Tome and Principe,1992,,-1.19672530387369,1.90150209053952,
Sao Tome and Principe,1993,,-0.726460943635203,1.82310513532768,
Sao Tome and Principe,1994,,0.456013669997787,1.72117364864983,
Sao Tome and Principe,1995,,0.364462927056991,1.6164640326471,
Sao Tome and Principe,1996,,-0.0318143345786694,1.5206817055962,
Sao Tome and Principe,1997,,-0.428599449412303,1.42091094568126,
Sao Tome and Principe,1998,,1.16804370483166,1.3079747242935,
Sao Tome and Principe,1999,,1.2831775781198,1.19425275204243,
Sao Tome and Principe,2000,,-0.65084592250922,1.10033924534294,
Sao Tome and Principe,2001,,1.4048895414449,1.62335301537299,
Sao Tome and Principe,2002,,0.9147926463327,2.39433369314868,
Sao Tome and Principe,2003,,5.55138791437551,2.56289213876339,
Sao Tome and Principe,2004,,0.983351604603726,2.49821189998236,
Sao Tome and Principe,2005,,4.01981821374629,2.46392543668319,
Sao Tome and Principe,2006,,6.23775372046612,2.44392306226435,
Sao Tome and Principe,2007,,1.16067244882319,2.42274880138795,
Sao Tome and Principe,2008,,3.72699030635786,2.38327636004872,
Sao Tome and Principe,2009,,0.944228915067228,2.30924305588459,
Sao Tome and Principe,2010,,-0.755150615358019,2.1960816383463,
Sao Tome and Principe,2011,,-0.114189921572034,2.09396113456698,
Sao Tome and Principe,2012,,0.883420959148197,2.02092788368455,
Sao Tome and Principe,2013,,3.10107564312558,1.93896614465408,
Sao Tome and Principe,2014,,2.97674276212585,1.85635532189371,
Sao Tome and Principe,2015,,-0.246825905363622,1.77510214302047,
Sao Tome and Principe,2016,,3.42223386315462,1.6823011731644,
Sao Tome and Principe,2017,,2.46252459071385,1.59795344333085,
Sao Tome and Principe,2018,,2.78057714923384,1.54237554431048,
Sao Tome and Principe,2019,,0.482132360625684,1.51332392108067,
Sao Tome and Principe,2020,,0.716646434339125,1.87691054092554,
Sao Tome and Principe,2021,,-0.17852659147141,2.06017354745306,
Sao Tome and Principe,2022,,-1.75407310474412,1.93819561963228,
Sao Tome and Principe,2023,,-1.6128371937285,1.99754660166419,
Sao Tome and Principe,2024,,-0.902376020183738,2.0004655038868,
Saudi Arabia,1991,74.6992988351616,3.17804810163011,4.7717195983932,19.9856212740521
Saudi Arabia,1992,75.0920345777317,-0.125826730999037,4.60467680578702,22.963649750484
Saudi Arabia,1993,67.80697438575,-3.96857631363621,4.42858817368274,25.0549737431346
Saudi Arabia,1994,60.0713114592181,-3.27657789168325,4.27991376620104,20.3571499120953
Saudi Arabia,1995,65.0417272083752,-3.75839336006798,4.1420652625708,20.2861294288588
Saudi Arabia,1996,66.653820067958,-0.741787099435172,3.99580388744035,18.5713011472742
Saudi Arabia,1997,65.1880669440449,-1.2367563168653,3.85735211036338,18.7775729083204
Saudi Arabia,1998,56.0883926105725,-0.966317239561079,3.73624103162125,22.9493393991366
Saudi Arabia,1999,57.8460488194196,-4.16496281769805,3.61877543912069,21.513622969499
Saudi Arabia,2000,68.1664488005167,0.150492543589365,4.45983244526442,19.3169649955465
Saudi Arabia,2001,63.5605836794513,-4.74097088807815,5.20103909905512,19.6231513824444
Saudi Arabia,2002,64.5927974099254,-5.50962678622284,4.97645227766539,19.6933428220224
Saudi Arabia,2003,69.831170708742,3.69783168216851,4.77427146298185,19.4924123818856
Saudi Arabia,2004,75.0828366569341,3.75594009248144,4.59154568390222,19.8646168179799
Saudi Arabia,2005,81.9540759410158,1.35662290420511,4.42738945238289,20.1748334986768
Saudi Arabia,2006,89.9446046768984,-1.01590810452811,4.28087578648729,22.2151611310309
Saudi Arabia,2007,94.8633170967657,-1.94086075361376,4.14945109151013,26.4729184187854
Saudi Arabia,2008,96.1026308742185,2.04298819113291,4.02875655811595,27.2957945617723
Saudi Arabia,2009,84.8583415624843,-4.86501611210622,3.91489465968371,31.7152823567211
Saudi Arabia,2010,82.5496850227537,6.08720360847519,-0.992481797243179,30.9262320159049
Saudi Arabia,2011,84.3594342438995,6.79984191573597,4.53867163626294,26.765793867763
Saudi Arabia,2012,81.74067854616,1.40889754697817,4.20264227505544,26.4578386746131
Saudi Arabia,2013,80.2515014286783,-2.47720466086211,5.41149124124804,26.2949562527888
Saudi Arabia,2014,78.000111117736,1.5065962283723,2.45043139330282,28.5328325808043
Saudi Arabia,2015,67.1052692300592,-0.634810334471936,5.18685551856216,32.4339384933454
Saudi Arabia,2016,57.9216635110364,-2.03439520588341,3.74506540506437,28.1170520868555
Saudi Arabia,2017,59.5319791578229,1.10646877226159,0.0747825622238132,25.4757265766537
Saudi Arabia,2018,59.1029104697141,5.89707730206987,-2.5537682578428,22.3727056762612
Saudi Arabia,2019,56.7938204886513,2.09953683085793,-0.439701419074031,25.5522842268021
Saudi Arabia,2020,47.533159225048,-8.3434729070232,4.833138517103,23.3158218039549
Saudi Arabia,2021,50.8839263398787,9.17745692710805,-2.46456261487283,26.3426467287873
Saudi Arabia,2022,56.8241647749332,7.15912905732745,4.41891994509507,26.5159908508109
Saudi Arabia,2023,54.1690118283683,-4.01429387790023,4.63821572656175,29.2016398479372
Saudi Arabia,2024,54.6787052668733,-2.61945058525819,4.63120232685885,30.2367878635492
Senegal,1991,42.1828996492748,-0.216527599094078,2.84196309841074,14.6927405145281
Senegal,1992,41.4568617276384,-1.47449734866765,2.79707003044845,15.3394151148933
Senegal,1993,38.7742599564223,-1.39091737666223,2.75172642740774,14.6596389049948
Senegal,1994,54.7381345984609,-2.68759159773336,2.67683552339622,17.1399920981717
Senegal,1995,52.7254034277702,2.79825042307988,2.56448010712284,15.2995419739429
Senegal,1996,46.272432717398,-0.443182026754187,2.44401329997373,16.3904751259118
Senegal,1997,47.2413224036235,0.642689765162558,2.35950995516652,15.8480598951591
Senegal,1998,48.0986748167655,3.45290634461773,2.33643949046346,18.7449802067005
Senegal,1999,49.4852621662422,3.79374220499105,2.37025662196919,22.0105963596568
Senegal,2000,48.680089723263,1.41335705319622,2.41009917724256,22.3732272873417
Senegal,2001,49.7205780648314,1.81176865944212,2.42496943712898,25.5702135059709
Senegal,2002,53.1442994641329,-2.35286664944574,2.44966153599012,23.1150021289388
Senegal,2003,50.8212198933376,3.08280432027999,2.40684962152091,23.9262712508604
Senegal,2004,53.6592031275529,2.21660237161285,2.34632515714346,23.6336696840746
Senegal,2005,54.9032435689485,1.8985497213755,2.33918136359556,24.5728792485602
Senegal,2006,54.1362378092613,-0.0239030984175912,2.32792929230269,22.4168252607608
Senegal,2007,59.2713043549794,0.466183194352098,2.32279384441662,24.6184148818474
Senegal,2008,62.7617698176319,1.30518111750766,2.3395118470328,26.2267083321653
Senegal,2009,52.3072908773365,0.349911484355829,2.36561415953051,20.3974883741685
Senegal,2010,52.4578551962948,0.952269607225944,2.38690195279185,20.0869466642817
Senegal,2011,57.5768785989578,-1.19544188286081,2.52791519909846,21.0003400122128
Senegal,2012,61.9753040040375,1.2557464643975,2.67702425205872,24.6240972538796
Senegal,2013,60.6267663596737,-0.578035528287558,2.96345954605318,24.0663485140699
Senegal,2014,58.4425289760992,2.91207940579723,3.16757470346908,25.8807867671935
Senegal,2015,58.1103376742017,3.15103873013858,3.07014792428801,25.8333087504104
Senegal,2016,54.1081692072139,3.23503572393487,2.97843134010735,25.3616730282266
Senegal,2017,57.7052798455617,4.3502357301897,2.88769908740551,29.8155743419591
Senegal,2018,61.7898394793183,3.27615846996514,2.8004569855314,32.6479409412239
Senegal,2019,64.2362506061005,1.80892290260792,2.71760793051867,31.9656603434826
Senegal,2020,60.0468716137065,-1.29147593329481,2.63303572524896,35.632965093467
Senegal,2021,69.3759939883832,3.8734325976821,2.53848919398481,38.3530133013182
Senegal,2022,79.5998216515832,1.31913435017567,2.46764281803509,45.3064643568889
Senegal,2023,71.3930249127445,1.79788238969797,2.38738348832592,41.928839419992
Senegal,2024,68.1405147656211,3.62766288039693,2.32058603495657,37.4782050534292
Serbia,1991,,,-3.90277142857118,
Serbia,1992,,,0.11088378609906,
Serbia,1993,,,0.134902586702462,
Serbia,1994,,,0.110034513212393,
Serbia,1995,12.5744954171822,,0.072821576920751,13.17077399576
Serbia,1996,27.3190037104059,6.24963337834654,-0.079722247154375,13.265301224482
Serbia,1997,32.6780204946957,9.27221864432266,-0.310721363571753,13.7460593712061
Serbia,1998,39.1669755756981,5.77127675484668,-0.406072368732139,8.67046343948887
Serbia,1999,24.1979423920709,-10.0003160706524,-0.361977304916285,7.70935558979106
Serbia,2000,21.109043880746,6.39450401120698,-0.319524801286905,9.06363107933195
Serbia,2001,53.8950786178485,6.96228282256826,-0.171946646904854,14.7411020982562
Serbia,2002,54.302882889577,6.58937282180869,-0.0453495280597072,17.3776527581948
Serbia,2003,58.2946720222191,4.83141187581582,-0.259535430666336,18.3879552623779
Serbia,2004,72.2876162455649,6.93608982587538,-0.233328451597809,24.8595661186449
Serbia,2005,71.9925488520017,6.22214171795731,-0.300431132565912,21.7943857064162
Serbia,2006,75.529235364472,4.31001289636497,-0.393204593401,21.7288994079008
Serbia,2007,72.7165875771534,8.27017213045292,-0.405458541825536,24.898939060219
Serbia,2008,75.7432462868839,5.60952327700927,-0.425705551624613,25.9133962645148
Serbia,2009,63.5017226157541,-2.75343779759604,-0.400994905201716,18.554576515854
Serbia,2010,73.7088615865295,2.02027708357562,-0.402005900874718,17.3241841893613
Serbia,2011,75.7493613069523,0.813571323609423,-0.756021911874037,18.149940401775
Serbia,2012,82.0766814348254,0.040200455150412,-0.485136859373739,18.8103783793047
Serbia,2013,84.3322563766638,0.941379127713546,-0.48641352023891,17.1235575159888
Serbia,2014,88.3815023270446,-1.32558635982964,-0.486295171509944,16.4778532272023
Serbia,2015,93.5281477663237,1.81545266180656,-0.511754332722809,18.5143098449514
Serbia,2016,97.6906940431804,3.5158880281917,-0.523694463062603,18.1669241245312
Serbia,2017,102.740445166934,2.90962447502095,-0.532191341024444,19.7183969139317
Serbia,2018,105.563713028559,5.22266888313776,-0.546351968633598,22.4992604945944
Serbia,2019,107.577309546092,5.31381889246718,-0.536610017822353,24.9266250234247
Serbia,2020,100.324460810129,-0.288042264925664,-0.666107601320794,24.0974936172696
Serbia,2021,112.342298324945,8.97258082321535,-0.943688169512831,24.9450929619478
Serbia,2022,131.913292283516,5.32139169050186,-2.5170575672922,26.3842034681714
Serbia,2023,114.49206464322,4.3943385787905,-0.621120944154492,24.6160934874749
Serbia,2024,111.725028388916,4.52924814890834,-0.555761423984425,25.0264449793479
Seychelles,1991,56.0589192181602,1.40077156197198,1.33196201246149,22.0366510941658
Seychelles,1992,52.3955389700337,6.68233459671488,0.458917817927268,21.2917079085588
Seychelles,1993,57.891896451761,5.09056268455059,2.08375833946223,28.0941242267158
Seychelles,1994,50.072344089516,-5.00302413951677,2.66576847259254,26.9424629748869
Seychelles,1995,53.3925777094071,-0.981459839210345,1.47017208971374,30.0161166378703
Seychelles,1996,98.0553434635995,8.3958454530317,1.46719302641952,39.0761097711862
Seychelles,1997,76.647187022948,10.8847957386616,1.17345364830244,31.3988822674612
Seychelles,1998,78.9739492859688,0.482967628956303,1.95568618974172,34.433684667664
Seychelles,1999,88.3643279187233,-0.109437696562779,1.96419636705016,42.906222053203
Seychelles,2000,151.302447835167,3.32671456371403,0.892658566766174,24.9183939465335
Seychelles,2001,179.884914877473,-2.35661333545873,0.0874745178458057,40.395100282651
Seychelles,2002,156.9298895573,-1.83480695440478,3.05738532610948,27.588134558915
Seychelles,2003,168.844235034216,-4.81617833042706,-1.13151642070391,10.9629831806923
Seychelles,2004,149.54093675029,-2.49000825290008,-0.370334934558794,17.4160642655973
Seychelles,2005,171.101735954764,8.5018972132326,0.463308214458562,23.8691409523337
Seychelles,2006,177.56693551462,7.15334515370103,2.0805967352947,30.3222238580205
Seychelles,2007,174.928462798259,8.32165420663699,0.510514982843497,29.2244294345938
Seychelles,2008,208.842968505327,-4.87712623002744,2.23628271543202,27.643033995501
Seychelles,2009,221.933825358009,-2.86142425794473,0.39253094807516,28.0272254229443
Seychelles,2010,198.162692424328,1.62737013590673,2.79232906929128,37.0314238165867
Seychelles,2011,210.075382747992,12.4265876590009,-2.62865635521684,34.816249355555
Seychelles,2012,222.178254853141,2.10412826503328,0.980980190128322,37.7299203495349
Seychelles,2013,196.517733268793,-0.599133304568014,1.84687609296508,38.5669057079413
Seychelles,2014,213.354469426486,2.45761243916046,1.55539570911507,29.0548988749451
Seychelles,2015,187.475012467679,6.51232550996488,2.22979505321923,26.8795153716518
Seychelles,2016,180.866188390939,10.6277900412689,1.33763477950025,25.1347394249892
Seychelles,2017,197.442236417869,5.65298679577909,1.22403375818123,24.5351766928824
Seychelles,2018,185.7075372109,3.94280692985572,0.954291917891324,21.9869866164983
Seychelles,2019,173.407846880196,4.58155113586345,0.887925293341637,22.0855945287218
Seychelles,2020,153.48333156592,-12.4901374474458,0.853707878128979,21.3213198960022
Seychelles,2021,183.77081501466,-0.254097866449726,0.805183391179401,16.4677161262206
Seychelles,2022,189.826835436591,-6.67665692527599,,18.0729742622698
Seychelles,2023,180.82726250166,2.34889965056195,-0.0876274304874622,20.5743415497622
Seychelles,2024,188.369185297411,2.11772970143255,1.31136094801067,17.169290907803
Sierra Leone,1991,60.2440496086611,1.16028435358966,1.17112421590504,10.9088699140053
Sierra Leone,1992,64.4928752528777,-17.4597698249032,-1.89960509806835,8.36977422841006
Sierra Leone,1993,52.8598375891873,1.59977635482602,-0.221926070264204,7.74811426056782
Sierra Leone,1994,55.1600675188324,-2.3227387628037,0.38354307131519,8.66377045690347
Sierra Leone,1995,45.029250437578,-8.13346547365364,0.145445271515241,5.57286605626242
Sierra Leone,1996,49.5955306540939,1.26843628467385,0.478159659694952,11.03600434571
Sierra Leone,1997,28.2780240362665,-7.08314721958494,1.28965414945358,-2.42435790046364
Sierra Leone,1998,35.3326795564082,0.788222799625672,0.984135554562289,5.31347525555798
Sierra Leone,1999,33.7491637023642,-2.48454916239004,0.516798095780814,0.292869776037837
Sierra Leone,2000,57.5299628959222,4.10749847441832,2.41540405213567,1.09681037230364
Sierra Leone,2001,35.9381586081315,-11.7160994484665,5.90551884410875,10.9930810148955
Sierra Leone,2002,38.9169111968846,19.430674044243,5.76970115082171,11.8061528715886
Sierra Leone,2003,46.4464363702625,5.12237538056517,4.06499006251213,11.3298833061018
Sierra Leone,2004,46.1719991766037,2.93937041660126,3.38061570413438,10.4298347150006
Sierra Leone,2005,47.547983989225,1.58434555022808,2.68947280362006,11.4096079062413
Sierra Leone,2006,22.0888664739674,2.0071311854182,2.2066693720303,10.5468598425727
Sierra Leone,2007,21.8067992689239,1.49613150255581,2.19611425557566,10.1591673004271
Sierra Leone,2008,21.2566155636984,1.12905319443597,2.49702214618885,10.3794057886037
Sierra Leone,2009,23.0753395976546,-1.1672975048301,2.69336857329164,11.2088615902087
Sierra Leone,2010,27.9541259241389,3.5002192188053,2.72150859888002,34.433555789299
Sierra Leone,2011,43.7807969332619,5.31595837430623,2.60978263924562,46.5454157294241
Sierra Leone,2012,53.3813447139398,7.81299564274897,2.53259491687101,29.4098051807138
Sierra Leone,2013,53.3627646114117,11.8800866018127,2.45725730456865,17.6517899195356
Sierra Leone,2014,51.1187772788807,-9.99126868436694,2.38905832119365,15.982290990834
Sierra Leone,2015,36.4823958242319,-6.55487587621558,2.31819402812025,18.0613249475414
Sierra Leone,2016,43.0672126969961,3.96056326178993,2.35457342669593,17.6618966541204
Sierra Leone,2017,41.5213782343591,0.774679247758442,2.38578952940087,19.1399846347627
Sierra Leone,2018,37.3774604106006,0.50674429876733,2.34731039123252,15.6172570776756
Sierra Leone,2019,37.5619530302056,3.08171137743476,2.32146457882717,16.0259388280212
Sierra Leone,2020,30.6131009514507,-3.50677788869559,2.30847202655897,15.3412107315104
Sierra Leone,2021,42.1435161280127,3.51527957069044,2.27463021517533,14.0995510593104
Sierra Leone,2022,45.0542127390319,2.99519003006155,2.22598462352813,14.876867806648
Sierra Leone,2023,55.2867969448945,3.41471641633679,2.19524258771884,19.7051016386647
Sierra Leone,2024,40.5454450452166,2.10273334346427,2.1226891332086,20.4557869154859
Singapore,1991,323.887994825751,3.69538228225123,2.84548286486563,33.9799446925753
Singapore,1992,311.312267281518,3.48371824424044,3.00425639462047,35.5156959121622
Singapore,1993,313.416139807665,8.67530488824424,2.5298067473268,37.2020493632248
Singapore,1994,316.216547584567,7.66515847504049,3.13658693183625,32.9120593059062
Singapore,1995,345.459263895462,3.9685677515225,3.03781348481124,33.8813128046581
Singapore,1996,334.911163288092,3.1909851392228,4.06431846839031,35.0401245569948
Singapore,1997,323.86442214814,4.73992674717256,3.35744219516066,38.1697972076704
Singapore,1998,312.079255674686,-5.45798667446206,3.39721227677289,31.4900376302754
Singapore,1999,336.484846412882,4.87689184197752,0.799148451003927,32.6914753593956
Singapore,2000,364.364520468218,7.16598820156491,1.73204223254257,35.1740359977879
Singapore,2001,349.292105694978,-3.70366595204537,2.69735584326358,27.6094317950146
Singapore,2002,349.746013985676,2.97922962062731,0.912639805776796,25.0736127933875
Singapore,2003,377.218564301581,6.10127554555405,-1.47453284191939,17.2245248736318
Singapore,2004,401.523712538509,8.5722052915981,1.2519166730553,22.8924616706012
Singapore,2005,420.430512920559,4.87209326850753,2.35051128857175,21.506936250429
Singapore,2006,425.363399543019,5.64834329383781,3.1293891560754,22.3792634447668
Singapore,2007,394.288471919078,4.57298627096552,4.16600286360933,23.0659529090098
Singapore,2008,437.326714891057,-3.41549269446281,5.32151708302623,30.1596763689779
Singapore,2009,358.192811828842,-2.84677194924208,3.0159499147579,27.3701152111674
Singapore,2010,369.685555787646,12.5085215498552,1.77183287926401,27.6582275190447
Singapore,2011,379.098631377539,4.02338164865897,2.08490245606007,26.6919943455279
Singapore,2012,369.212965787665,1.90446223662212,2.45339033031018,29.2629426703058
Singapore,2013,367.041780049019,3.13397914899265,1.61930809858875,29.9795021855415
Singapore,2014,360.467319166237,2.59472315486744,1.29844017799226,29.4300082792766
Singapore,2015,329.471398940262,1.76232468638902,1.18637693749822,25.353193018866
Singapore,2016,302.839656046574,2.41021443466256,1.29743609938602,26.3971777576543
Singapore,2017,316.794409287568,4.38437834929044,0.0885954699924263,27.2765104656237
Singapore,2018,326.59658728675,2.96719699276471,0.469704298714121,24.7748536752848
Singapore,2019,324.394985115301,0.15539750940367,1.14428330688929,24.5014074011136
Singapore,2020,332.040805481913,-3.51423380533573,-0.311904961250833,22.8053955630909
Singapore,2021,329.161383683762,14.4308159309526,-4.17033630017526,24.0192234940025
Singapore,2022,332.34956775484,0.719821622511958,3.30862052439523,22.2139256940454
Singapore,2023,325.69322405378,-3.00715571486563,4.85831607781442,21.2437977714338
Singapore,2024,322.371427934716,2.32663656705263,1.99449365639324,22.200257821565
Sint Maarten (Dutch part),1991,,,6.8348828682187,
Sint Maarten (Dutch part),1992,,,4.93827304900289,
Sint Maarten (Dutch part),1993,,,1.44358017700243,
Sint Maarten (Dutch part),1994,,,-0.34092896979464,
Sint Maarten (Dutch part),1995,,,-0.455338443145306,
Sint Maarten (Dutch part),1996,,,-0.549157132022842,
Sint Maarten (Dutch part),1997,,,-0.615855411464812,
Sint Maarten (Dutch part),1998,,,-0.674156266717121,
Sint Maarten (Dutch part),1999,,,-0.694871703790685,
Sint Maarten (Dutch part),2000,,,-0.660731148699809,
Sint Maarten (Dutch part),2001,,,-0.152848043546464,
Sint Maarten (Dutch part),2002,,,0.758684701305817,
Sint Maarten (Dutch part),2003,,,1.1784296790245,
Sint Maarten (Dutch part),2004,,,1.15208281910581,
Sint Maarten (Dutch part),2005,,,1.15143945524835,
Sint Maarten (Dutch part),2006,,,1.15066788701478,
Sint Maarten (Dutch part),2007,,,1.11318403688444,
Sint Maarten (Dutch part),2008,,,1.07377881990499,
Sint Maarten (Dutch part),2009,,,1.03848703265675,
Sint Maarten (Dutch part),2010,,2.2746924085417,0.900652591853574,
Sint Maarten (Dutch part),2011,,3.15617110858607,1.38995199936431,
Sint Maarten (Dutch part),2012,,-0.798052973690176,2.18221965906343,
Sint Maarten (Dutch part),2013,,-1.04128853057725,2.34501483099113,
Sint Maarten (Dutch part),2014,,-0.685454189827837,2.25583842596276,
Sint Maarten (Dutch part),2015,,-2.02875877780978,2.15537793742833,
Sint Maarten (Dutch part),2016,,-1.0859663357852,2.05501156733828,
Sint Maarten (Dutch part),2017,,-9.30645194996998,1.93416606270848,
Sint Maarten (Dutch part),2018,,-8.53633432632274,1.81943322551715,
Sint Maarten (Dutch part),2019,,9.11581322620327,1.6805019872063,
Sint Maarten (Dutch part),2020,,-14.6336937315718,1.53087407274557,
Sint Maarten (Dutch part),2021,,3.16129245692684,1.36356391629724,
Sint Maarten (Dutch part),2022,,12.364719143786,1.35708688873829,
Sint Maarten (Dutch part),2023,,2.31884254602448,1.43721256242405,
Sint Maarten (Dutch part),2024,,1.57201845444075,1.39608999302398,
Slovak Republic,1991,86.7736125430284,-14.6399588000325,0.0774724369780578,28.1067038693956
Slovak Republic,1992,131.441897608458,-6.7517666501482,0.0324651148981277,25.9816664070658
Slovak Republic,1993,110.829226635557,1.51309257483364,0.381719886651125,23.8741457665104
Slovak Republic,1994,107.060186670689,5.78784641289319,0.39405443003197,20.3090050171094
Slovak Republic,1995,107.235188114551,5.53421489297541,0.29263220653253,24.0544141900947
Slovak Republic,1996,110.817704215698,5.89518837997754,0.211674396431709,34.5070223435691
Slovak Republic,1997,117.288133745109,5.29126136870515,0.184629991205462,35.4088096834732
Slovak Republic,1998,101.906217751394,3.68694784286308,0.13412159848536,35.0370947134417
Slovak Republic,1999,97.530252180251,-0.574779582477817,0.102053161046239,29.9860460577947
Slovak Republic,2000,108.939262958746,0.925761788954276,-0.135376487794425,27.8153225458448
Slovak Republic,2001,121.931131222912,3.1136989179886,-0.18301227099618,31.4531074581958
Slovak Republic,2002,120.599168045888,4.45521871825531,-0.0363525509687338,30.8750199344027
Slovak Republic,2003,125.998506220804,4.92573949451423,-0.0658215070322074,26.5046804353507
Slovak Republic,2004,140.222460021585,5.41095986972041,-0.0203617202597358,27.5953334016425
Slovak Republic,2005,148.705461161746,6.47448748514556,0.00980913417308711,30.5761492545056
Slovak Republic,2006,164.992205726236,8.92067971952331,0.00459711883568263,29.2662149111272
Slovak Republic,2007,166.580025216882,10.78629912015,0.0291784011934372,29.0013589753236
Slovak Republic,2008,162.464472991641,5.27306126349816,0.0857552995195914,29.292929955951
Slovak Republic,2009,136.714352092364,-5.6311751026805,0.133257321027673,21.4028753757641
Slovak Republic,2010,155.108497681586,6.69110844613654,0.0931912731899838,25.3783368279954
Slovak Republic,2011,169.178076311066,2.43026958601608,0.128936462723796,26.5333923090075
Slovak Republic,2012,176.968958181431,1.39646371759601,0.170183855326072,21.474904237703
Slovak Republic,2013,180.903136491458,0.595167879643,0.107458009492367,22.1131489252307
Slovak Republic,2014,176.756316098132,2.608326498525,0.0970454215834878,22.7798159146212
Slovak Republic,2015,179.42602289503,5.07697290945579,0.0950338786482762,25.7777282551685
Slovak Republic,2016,182.757379596201,1.81646959957402,0.128922329956911,24.5392697834922
Slovak Republic,2017,186.644687399549,2.71521709643727,0.155178995687406,23.5559590901028
Slovak Republic,2018,188.732964699496,3.91808506492153,0.138508159611326,24.2014212638106
Slovak Republic,2019,183.722608631236,2.13758470717096,0.135328072840865,24.0619105210669
Slovak Republic,2020,167.534173320366,-2.66902849173539,0.0857694756149868,20.2268098788151
Slovak Republic,2021,181.97948448512,5.88046673143569,-0.212358807611049,22.6863824228676
Slovak Republic,2022,204.056318531151,0.831412246801008,-0.284860959688394,23.3083572565552
Slovak Republic,2023,181.39087235645,2.20694498399155,-0.0923148510113108,19.7276184665634
Slovak Republic,2024,171.212800151635,2.02649250952174,-0.0861108401600769,20.1257200812979
Slovenia,1991,130.099381673414,-8.95788175613163,0.0634382236559831,17.1814162058285
Slovenia,1992,98.3919559552935,-5.3249118126253,-0.14669940294923,17.8660812435688
Slovenia,1993,96.0223552504566,3.08878791417652,-0.23830047754197,19.6537032397846
Slovenia,1994,97.1248049291133,5.44941394044245,-0.115694093241137,21.2722098093561
Slovenia,1995,93.0505272972723,4.08471371052772,0.0215614999899353,25.258028068208
Slovenia,1996,93.6684415177777,2.97799607802567,-0.0625361337459717,25.0155793219414
Slovenia,1997,96.4295395033677,5.31284081186544,-0.134454343022371,26.1603855436481
Slovenia,1998,97.068081542623,3.28887170317242,-0.218117656735081,27.2139263723358
Slovenia,1999,92.9581874247278,5.19284002726599,0.0714308445137258,29.1616388039395
Slovenia,2000,104.620348581459,3.1919411832727,0.29607496005045,29.0574911701523
Slovenia,2001,105.583223530684,2.66685838002488,0.157498742047657,26.8861602046924
Slovenia,2002,104.880458289416,3.15467990613811,0.123915442323272,25.70100156278
Slovenia,2003,103.280027127626,3.13282664775699,0.0602967792572922,26.8382582282831
Slovenia,2004,112.399933466762,4.47906492828298,0.0640662022616923,29.0471155904874
Slovenia,2005,121.127284217914,3.6743988121375,0.173208905073743,28.6986499842107
Slovenia,2006,130.517913086158,5.57134966652504,0.31911453657107,30.5745557357793
Slovenia,2007,137.66309435102,6.54177241190229,0.559207815536831,33.2981260591771
Slovenia,2008,135.387093664802,3.20889412209657,0.158140843634363,33.1452787386717
Slovenia,2009,114.482301023638,-8.42208868943828,0.903875535210913,23.7456185537015
Slovenia,2010,128.606575425363,0.672167911403392,0.43607948463593,22.5601344858632
Slovenia,2011,140.332355750319,0.446560894988352,0.207732702329724,21.8690049997807
Slovenia,2012,143.656448572975,-3.11922481726151,0.210024305900448,18.8609355850954
Slovenia,2013,145.168789432403,-0.958293257973466,0.135726228915631,19.7842267864778
Slovenia,2014,146.471705096746,2.66181374029557,0.0983519219451147,19.7452653119649
Slovenia,2015,147.218367714503,2.31634491842804,0.075190689011533,19.4686216573949
Slovenia,2016,148.238448080388,2.95902414777296,0.0731972072415279,18.8479088939625
Slovenia,2017,158.70213584467,5.10589384792048,0.0651590392490152,20.2503347880345
Slovenia,2018,162.613493975851,4.00130649890984,0.362584395134764,21.5608446841882
Slovenia,2019,160.044275685249,2.78704541391961,0.696304046333357,20.8345240702316
Slovenia,2020,147.549008584942,-4.72524968037921,0.669754656164979,20.1896719461532
Slovenia,2021,161.788727511439,8.12577517618843,0.268851969969908,21.7979271644933
Slovenia,2022,186.647076274632,2.47421045586167,0.189424378732817,24.5714885958339
Slovenia,2023,160.1596693009,1.97100496138407,0.396216782960902,22.510001872287
Slovenia,2024,155.657928684474,1.39957708502673,0.326705896075754,21.5339676972715
Small states,1991,,-1.94339638614582,1.59036847554682,
Small states,1992,,-1.8534749811036,0.852086464146259,
Small states,1993,,-0.200004941616186,0.689838922375873,22.5903771184044
Small states,1994,,2.21239492855763,0.889663782655115,22.6804163392714
Small states,1995,,3.11726167369611,0.78260091253967,23.9041259359017
Small states,1996,,2.69025837209573,1.06170924441906,24.6910018293195
Small states,1997,,3.9653998122446,1.21551650316496,25.0097515238132
Small states,1998,,2.52747532350841,1.22099168662333,25.0909483147653
Small states,1999,,2.99884870367156,0.467922089269321,22.7950556188952
Small states,2000,116.684319259518,5.3720255339683,0.56346741191941,23.8690562402233
Small states,2001,114.753435257116,1.23914060994838,1.45341264754823,23.8394956886544
Small states,2002,111.231711512916,2.0967691926884,1.44008640185084,24.3553203991443
Small states,2003,105.653574751767,3.52879950480312,1.16812684611627,24.3126551771118
Small states,2004,107.887081094218,3.51785238126925,0.944330013631572,23.9986341252791
Small states,2005,110.336323133329,3.79334148139428,0.61392879633674,24.2232946456879
Small states,2006,111.808212183291,5.48794914325799,1.0081446776882,27.5508436228822
Small states,2007,111.567046346364,3.58844819814456,1.05499280838558,29.1659835872679
Small states,2008,114.90041679007,0.145026740148751,1.05553601041805,27.8234936851545
Small states,2009,105.257596398861,-5.29690835276183,0.985225774709059,24.997316555287
Small states,2010,113.977029067704,1.29615727130572,1.00805671545675,23.6457548627131
Small states,2011,124.02373971019,1.51756797151101,0.979641176990648,23.6375881974454
Small states,2012,126.178432046115,1.1051725631723,0.999210240289512,24.4987280034463
Small states,2013,129.030954637763,0.0883399841103483,1.00324280772,23.319781587367
Small states,2014,127.607507784766,1.29476445527013,1.01586382738715,21.46223369203
Small states,2015,126.536433539563,1.18329039736385,1.03601606918122,22.5232777281661
Small states,2016,123.964615392101,0.735704384818135,1.01453694865616,22.9432432338221
Small states,2017,126.096083557867,2.15061144391014,1.03612470789208,23.9847065162421
Small states,2018,128.426612296639,2.15710662809512,1.15640527639564,24.92799955944
Small states,2019,130.087047215398,2.00039254990662,1.08792342830391,23.8742214024752
Small states,2020,124.130074337816,-7.77905714423389,0.920713681116119,23.9743706752205
Small states,2021,138.942181677335,6.15791396712378,0.891610040984682,23.8499705183546
Small states,2022,154.50732220142,6.32204425610587,1.04213937591557,22.8328016239268
Small states,2023,144.853941375448,4.09009938024438,0.897105994356687,22.4157098274374
Small states,2024,141.289655089115,5.26940640827125,0.806191276603831,21.7333410683083
Solomon Islands,1991,168.200409411776,2.80422579820127,3.0612649631935,9.55132257487468
Solomon Islands,1992,149.791776736118,9.35072472383121,3.01690308400192,7.87041538782995
Solomon Islands,1993,161.468807053225,0.951992030002074,2.97458172666175,9.07479729562696
Solomon Islands,1994,136.814712152103,4.96526753173474,2.94272259646508,6.86336207598753
Solomon Islands,1995,114.205186316442,6.92444722853128,2.91631515355324,5.25368874621093
Solomon Islands,1996,98.795453322306,-1.28334307048851,2.88873510615365,5.71135472235677
Solomon Islands,1997,100.91097317163,-3.70203446896066,2.8540188695447,6.59114710842544
Solomon Islands,1998,83.1388019998149,-1.51153942338946,2.80632296765175,7.21564930020228
Solomon Islands,1999,69.1617439923623,-3.12765542837077,2.69069672268738,6.90346862875386
Solomon Islands,2000,58.5523280892414,-16.2171420100004,2.28927444576947,7.62912028660779
Solomon Islands,2001,45.1100685673042,-9.73056127432767,1.94611771082024,7.91161202565028
Solomon Islands,2002,45.1275100252581,-4.61497956625686,1.8849339938907,5.94570985166908
Solomon Islands,2003,55.9586091334969,4.58496890932756,1.83654662621824,9.0353023276316
Solomon Islands,2004,62.8118976683083,5.76484741556582,1.79794695108568,9.91933482221827
Solomon Islands,2005,66.5710765635257,5.47693948660554,1.76867502615455,12.6024533088224
Solomon Islands,2006,69.7893991429226,2.33369145793722,1.74709011654713,11.6455348040394
Solomon Islands,2007,83.7476138715,1.86556171568819,1.72668771876675,13.1013585665304
Solomon Islands,2008,87.3526158028726,4.42328745185992,1.71153079844048,13.3782748829013
Solomon Islands,2009,71.8849530192377,1.00843919853824,1.8212048247057,12.7912021106499
Solomon Islands,2010,96.1485545423385,6.65612594404901,2.82139788482931,17.9438829858377
Solomon Islands,2011,107.247515572534,3.54895845172413,3.67971542315203,15.0193620851994
Solomon Islands,2012,104.823434628967,-1.22485253459861,3.668421041016,14.6175746552631
Solomon Islands,2013,99.6074605551315,1.46287648550671,3.65262148165308,14.646866906762
Solomon Islands,2014,93.4534070100296,-2.41306586755394,3.62509398993661,12.6368121226921
Solomon Islands,2015,88.1884859107326,-1.90313667351086,3.58337916462009,15.944874295532
Solomon Islands,2016,85.54984577725,1.8954619438627,3.52842038261052,17.2166308860163
Solomon Islands,2017,82.1974922027324,-0.426120235207534,3.45614796025836,19.5610453907099
Solomon Islands,2018,88.4949614655388,-0.648914414273463,3.35985912747517,19.1385050921666
Solomon Islands,2019,82.9985659020552,-0.912183037350545,2.65049803426017,22.6955773604969
Solomon Islands,2020,60.2204365577573,-5.50324350800385,2.22072148638778,16.7238165802949
Solomon Islands,2021,67.4200567835061,-2.59513572745166,2.40116798691356,22.4863245864744
Solomon Islands,2022,74.8355405329858,-4.88870843999941,2.39378076885188,20.8786485938958
Solomon Islands,2023,101.13453179317,0.406498798558516,2.39583243369756,21.2240408441806
Solomon Islands,2024,111.352972064455,0.584428781115449,2.37078352276169,19.4589053652813
"Somalia, Fed. Rep.",1991,,7.01572048804404,-3.87267657909347,
"Somalia, Fed. Rep.",1992,,-3.99871765062359,-4.78949728181007,
"Somalia, Fed. Rep.",1993,,1.09111141759455,2.82782725608436,
"Somalia, Fed. Rep.",1994,,-21.8851715399096,5.04035864614898,
"Somalia, Fed. Rep.",1995,,0.304750694625795,3.60874173050947,
"Somalia, Fed. Rep.",1996,,4.19202924808484,3.63215700093217,
"Somalia, Fed. Rep.",1997,,-2.31159144349297,3.51230611737778,
"Somalia, Fed. Rep.",1998,,2.26192984676543,4.14193373307933,
"Somalia, Fed. Rep.",1999,,3.06398619740938,4.04491224932546,
"Somalia, Fed. Rep.",2000,,2.90945170867951,4.00097862828906,
"Somalia, Fed. Rep.",2001,,2.92091623470341,3.98983884745091,
"Somalia, Fed. Rep.",2002,,3.66803447110399,3.75080850397474,
"Somalia, Fed. Rep.",2003,,3.72989683773058,3.69115278037828,
"Somalia, Fed. Rep.",2004,,3.23637071321343,3.68380578936556,
"Somalia, Fed. Rep.",2005,,3.45521790909243,3.47204363776718,
"Somalia, Fed. Rep.",2006,,3.27228849951535,3.06479248294565,
"Somalia, Fed. Rep.",2007,,3.4237661469617,3.11334404047468,
"Somalia, Fed. Rep.",2008,,3.5794262149137,2.96295013077131,
"Somalia, Fed. Rep.",2009,,4.03513734394411,2.52395215945852,
"Somalia, Fed. Rep.",2010,,4.07910489707555,2.48169887268086,
"Somalia, Fed. Rep.",2011,,5.94202931699242,0.707617147612372,
"Somalia, Fed. Rep.",2012,88.5736460782288,5.73256533810552,0.905528519522503,15.7360330751388
"Somalia, Fed. Rep.",2013,83.3409991258378,7.43785495856901,3.22508679396084,14.3695600150118
"Somalia, Fed. Rep.",2014,81.7010414559322,5.13914593415699,3.58614089585868,13.4104063533751
"Somalia, Fed. Rep.",2015,76.4793322385239,6.72219258601305,3.44441462928404,13.1480812127699
"Somalia, Fed. Rep.",2016,74.3615625516249,2.99347020739935,3.8489103342184,12.8456368959279
"Somalia, Fed. Rep.",2017,68.6756490932841,10.3677043802939,3.88144974373944,13.8251070470324
"Somalia, Fed. Rep.",2018,73.8219230280706,-1.48470237917039,3.52933303532182,16.1056776324146
"Somalia, Fed. Rep.",2019,70.2980591497227,-0.909258009902032,3.67525774477084,16.0813308687616
"Somalia, Fed. Rep.",2020,75.6954102920723,-6.38636194168187,3.79592066888979,16.006026889198
"Somalia, Fed. Rep.",2021,79.0994411051355,-0.267727633939771,3.65720037777736,17.9795423389223
"Somalia, Fed. Rep.",2022,90.7576203077526,-0.342614533940647,3.0251275475745,23.6499068901304
"Somalia, Fed. Rep.",2023,103.121007483117,1.01616806512138,3.07939219638342,23.6083226866216
"Somalia, Fed. Rep.",2024,130.325060583271,0.548466776307393,3.48215481810475,26.7485585359739
South Africa,1991,34.8816092569776,-3.25400629067984,2.28466181858316,17.8354850806236
South Africa,1992,34.3213534993474,-3.87926236884013,1.79631209038171,15.7145549853145
South Africa,1993,35.6981243460429,-0.76236352634794,1.99129597975592,14.161207817224
South Africa,1994,37.1146091666279,1.54195948087219,1.61967461179144,16.4704957860317
South Africa,1995,39.4780337793026,1.85604954250009,1.21388535311637,17.7000132325077
South Africa,1996,42.199251732528,2.95596987945947,1.29699420436442,16.5683988950434
South Africa,1997,42.3013344291831,1.37819585551415,1.19798957270412,16.2941004369842
South Africa,1998,44.0357453368965,-0.711121199354281,1.2124158688717,16.4278913701127
South Africa,1999,42.2582960172673,1.29020714023875,1.08969778624124,15.6550464913797
South Africa,2000,46.2207217354077,3.25127058182207,0.914659168313889,15.0602810875446
South Africa,2001,49.170945185829,1.82108406092082,0.859492168208101,14.5737803066035
South Africa,2002,53.4655016294369,2.72292924025332,0.947036940076663,15.036119660525
South Africa,2003,45.723862568979,1.92822490144245,0.996556488051653,15.6571145272722
South Africa,2004,45.6435752240041,3.50654128784933,1.00742279739678,16.9603513170499
South Africa,2005,47.4277813970329,4.21638584977106,1.01260946155511,16.8318153447643
South Africa,2006,53.7681412741145,4.53031944639788,1.02172490694402,18.4902026867601
South Africa,2007,57.125139137747,4.25469604690063,1.05506511201209,19.3259650755187
South Africa,2008,65.9745237996233,2.00798658438173,1.15309551684298,21.2872491181391
South Africa,2009,49.5875353278801,-2.70664075062311,1.19390450655684,18.7669441984248
South Africa,2010,50.4060871625999,1.82804672464107,1.1829095702162,17.5956446037105
South Africa,2011,54.6363504358971,1.90092049729387,1.23631458705301,18.8532376550132
South Africa,2012,55.5826171933345,0.897179683754416,1.47479434391075,18.5845354435045
South Africa,2013,58.875027630051,0.805658809846705,1.65265199501405,19.1687625943111
South Africa,2014,59.4995740550593,-0.257188966137676,1.66144540694123,18.4879638168327
South Africa,2015,56.7266761447156,-0.694265293924985,2.00988840160514,18.6332066638376
South Africa,2016,55.8612575048782,-0.277781475736276,0.940521897823675,16.9604522948246
South Africa,2017,53.5359318293741,0.49869596172698,0.653837462693277,16.6107340612402
South Africa,2018,54.4855451276341,-0.1374850396532,1.68236992028419,16.1705829786619
South Africa,2019,53.8979964081406,-1.3803610544763,1.64957495527878,15.8207933783179
South Africa,2020,50.7596590804177,-7.67873309598839,1.62216431400652,12.3455441478462
South Africa,2021,56.1647136277546,3.25562042833964,1.54055743832642,12.8355522251838
South Africa,2022,64.94713440234,0.62521727101273,1.41397227960081,15.6721092997041
South Africa,2023,65.6798759740707,-0.523851146279725,1.32810094082844,15.3913174995668
South Africa,2024,61.646770473025,-0.713538079423742,1.24951426055192,14.0695508769888
South Asia,1991,19.0283642393774,-0.619111860461615,2.12482191400023,24.7188081221266
South Asia,1992,20.632661546356,3.2168715982841,2.10476453746125,26.8776334267627
South Asia,1993,22.1435015639159,2.66819961686737,2.07670147527085,22.7998317135381
South Asia,1994,22.5996081681671,4.23775582851773,2.02240418352352,26.1336997285472
South Asia,1995,25.6439157995539,5.07850991951908,1.99663515240926,28.6870464444794
South Asia,1996,24.5507617422728,4.9736393799147,1.98137773016869,23.1257668445364
South Asia,1997,25.2735184456204,2.19286365433125,1.95521739172978,25.789835835099
South Asia,1998,26.2166679182593,3.95906973188784,1.93054510841714,25.2073399935541
South Asia,1999,27.2022491059018,6.17158601438994,1.9003911093533,30.5809208804172
South Asia,2000,29.4521345638678,2.15841091909901,1.87010525668308,26.1066188065722
South Asia,2001,28.6226894432911,2.66761394482486,1.83909851813667,29.6730585034684
South Asia,2002,31.2058856438684,1.95675617604107,1.76474012365179,30.0450492519964
South Asia,2003,32.0000779732296,5.67266297800695,1.68257244504411,30.6241629908476
South Asia,2004,38.1607950166867,5.79387533132034,1.64264882971034,34.6488556333599
South Asia,2005,42.4971464403536,5.97128261077107,1.56659200685869,36.947149379445
South Asia,2006,45.9944214475263,6.29308020187152,1.49600531261475,38.4951974601093
South Asia,2007,46.0171112034336,6.00206729199451,1.43510998704335,41.4057562329764
South Asia,2008,52.8016359534609,2.0751047111367,1.36756382052146,37.941433053461
South Asia,2009,45.9241017213063,5.93398148883213,1.36492318210314,38.6643831554497
South Asia,2010,48.318869674409,6.72705848193058,1.36549213990938,39.1895716886255
South Asia,2011,54.781912294079,4.05367435272134,1.33404162065593,38.8851663202108
South Asia,2012,55.002840478453,4.2793019246337,1.30130285791405,37.7307820828982
South Asia,2013,53.1281840147581,4.95217158296022,1.21325530961961,33.6267425535216
South Asia,2014,48.7343658963128,5.96282550708489,1.20320813189132,33.8859355326314
South Asia,2015,42.3320491860183,6.4617391741595,1.1468644959451,31.9449594509372
South Asia,2016,39.7938034454886,6.73733729876977,1.14742662932202,30.4067900213796
South Asia,2017,40.3089858984443,5.60196771937704,1.11322183437414,31.3448894997866
South Asia,2018,43.1541039748077,5.27934085504376,1.0528841436166,32.5827015595688
South Asia,2019,39.8164418526812,3.04100951066972,1.01724945450809,30.5798864359397
South Asia,2020,36.988453773768,-5.90537298008972,0.970749727379122,29.3401016860698
South Asia,2021,44.0145414114724,8.33028192650551,0.842298209099239,32.1325895667968
South Asia,2022,48.8421502668149,6.24173655777911,0.805672047808918,33.3730230791229
South Asia,2023,43.9719896808723,7.55433820267355,0.880272546944629,32.9237448741538
South Asia,2024,43.2964086980872,5.29503146643988,0.886479316682577,32.5426603489501
South Asia (IDA & IBRD),1991,19.0283642393774,-0.619111860461615,2.12482191400023,24.7188081221266
South Asia (IDA & IBRD),1992,20.632661546356,3.2168715982841,2.10476453746125,26.8776334267627
South Asia (IDA & IBRD),1993,22.1435015639159,2.66819961686737,2.07670147527085,22.7998317135381
South Asia (IDA & IBRD),1994,22.5996081681671,4.23775582851773,2.02240418352352,26.1336997285472
South Asia (IDA & IBRD),1995,25.6439157995539,5.07850991951908,1.99663515240926,28.6870464444794
South Asia (IDA & IBRD),1996,24.5507617422728,4.9736393799147,1.98137773016869,23.1257668445364
South Asia (IDA & IBRD),1997,25.2735184456204,2.19286365433125,1.95521739172978,25.789835835099
South Asia (IDA & IBRD),1998,26.2166679182593,3.95906973188784,1.93054510841714,25.2073399935541
South Asia (IDA & IBRD),1999,27.2022491059018,6.17158601438994,1.9003911093533,30.5809208804172
South Asia (IDA & IBRD),2000,29.4521345638678,2.15841091909901,1.87010525668308,26.1066188065721
South Asia (IDA & IBRD),2001,28.6226894432911,2.66761394482486,1.83909851813667,29.6730585034684
South Asia (IDA & IBRD),2002,31.2058856438684,1.95675617604107,1.76474012365179,30.0450492519964
South Asia (IDA & IBRD),2003,32.0000779732296,5.67266297800695,1.68257244504411,30.6241629908476
South Asia (IDA & IBRD),2004,38.1607950166866,5.79387533132034,1.64264882971034,34.6488556333598
South Asia (IDA & IBRD),2005,42.4971464403536,5.97128261077107,1.56659200685869,36.947149379445
South Asia (IDA & IBRD),2006,45.9944214475263,6.29308020187152,1.49600531261475,38.4951974601092
South Asia (IDA & IBRD),2007,46.0171112034336,6.00206729199451,1.43510998704335,41.4057562329763
South Asia (IDA & IBRD),2008,52.8016359534609,2.0751047111367,1.36756382052146,37.941433053461
South Asia (IDA & IBRD),2009,45.9241017213063,5.93398148883213,1.36492318210314,38.6643831554497
South Asia (IDA & IBRD),2010,48.318869674409,6.72705848193058,1.36549213990938,39.1895716886255
South Asia (IDA & IBRD),2011,54.781912294079,4.05367435272134,1.33404162065593,38.8851663202108
South Asia (IDA & IBRD),2012,55.002840478453,4.2793019246337,1.30130285791405,37.7307820828982
South Asia (IDA & IBRD),2013,53.1281840147581,4.95217158296022,1.21325530961961,33.6267425535216
South Asia (IDA & IBRD),2014,48.7343658963128,5.96282550708489,1.20320813189132,33.8859355326314
South Asia (IDA & IBRD),2015,42.3320491860183,6.4617391741595,1.1468644959451,31.9449594509372
South Asia (IDA & IBRD),2016,39.7938034454886,6.73733729876977,1.14742662932202,30.4067900213796
South Asia (IDA & IBRD),2017,40.3089858984443,5.60196771937704,1.11322183437414,31.3448894997866
South Asia (IDA & IBRD),2018,43.1541039748077,5.27934085504376,1.0528841436166,32.5827015595688
South Asia (IDA & IBRD),2019,39.8164418526812,3.04100951066972,1.01724945450809,30.5798864359397
South Asia (IDA & IBRD),2020,36.988453773768,-5.90537298008972,0.970749727379122,29.3401016860698
South Asia (IDA & IBRD),2021,44.0145414114724,8.33028192650551,0.842298209099239,32.1325895667968
South Asia (IDA & IBRD),2022,48.8421502668149,6.24173655777911,0.805672047808918,33.3730230791229
South Asia (IDA & IBRD),2023,43.9719896808723,7.55433820267355,0.880272546944629,32.9237448741537
South Asia (IDA & IBRD),2024,43.2964086980872,5.29503146643988,0.886479316682577,32.5426603489501
South Sudan,1991,,,2.06902707902113,
South Sudan,1992,,,1.49949056534963,
South Sudan,1993,,,0.937654698124933,
South Sudan,1994,,,2.29749535929988,
South Sudan,1995,,,3.00404641411754,
South Sudan,1996,,,2.4775331375234,
South Sudan,1997,,,2.80176886344108,
South Sudan,1998,,,1.99359584146431,
South Sudan,1999,,,2.66104262937174,
South Sudan,2000,,,4.41687038815206,
South Sudan,2001,,,4.47577583092792,
South Sudan,2002,,,4.47049405409342,
South Sudan,2003,,,4.53889048481808,
South Sudan,2004,,,4.66850589649025,
South Sudan,2005,,,4.81908754947047,
South Sudan,2006,,,4.96525465188372,
South Sudan,2007,,,5.03930740277703,
South Sudan,2008,97.2662973183488,,4.98590020248472,13.7699875260258
South Sudan,2009,94.8357640879963,0.201710077462366,4.71716057220357,13.6521309804579
South Sudan,2010,90.9434483661131,0.0553052206663267,5.29254618151503,10.2896550768433
South Sudan,2011,93.226859754919,-9.66551859182802,5.41366403885379,9.48877706805626
South Sudan,2012,71.6198113947489,-48.4287258315307,4.44972889782953,7.0742528372385
South Sudan,2013,50.8112465907463,8.97551236063792,3.74120236356755,11.3677738263753
South Sudan,2014,64.6345178070809,2.7406396602203,0.614232824755906,7.9945088302124
South Sudan,2015,65.5513491845003,-9.76929494253935,-1.14143555707987,5.75075637151052
South Sudan,2016,,,-2.52965683465808,
South Sudan,2017,,,-5.41590990485178,
South Sudan,2018,,,-1.33625896422837,
South Sudan,2019,,,2.92439531185626,
South Sudan,2020,,,2.60487164966918,
South Sudan,2021,,,1.55179411079181,
South Sudan,2022,,,1.42002025455897,
South Sudan,2023,,,4.10816463205266,
South Sudan,2024,,,3.92792442239756,
Spain,1991,35.5206586037759,2.28532468887114,0.254527424551043,26.0175021899712
Spain,1992,36.020774482446,0.436115155748553,0.48975790543999,24.0663837338676
Spain,1993,36.9951619593819,-1.54335835145426,0.518543520866421,21.4639090625489
Spain,1994,41.6958801099563,1.89690694701672,0.476100555169168,21.6518714365569
Spain,1995,44.8306279725111,2.30495702556625,0.441365749537872,22.5192771895824
Spain,1996,46.2977506718533,2.18092390343854,0.416515798212804,22.2359933407779
Spain,1997,51.2271398594527,3.15405367665298,0.41911951720212,22.6184122041501
Spain,1998,52.730313072059,3.87121830463626,0.413847481113965,23.934271607516
Spain,1999,54.6969131882495,3.98652877279852,0.405323025522848,25.5474244088959
Spain,2000,60.1216241049216,4.73130032942612,0.447137014535835,26.6723700485971
Spain,2001,58.0138895625701,3.20031684797794,0.694068084334464,26.4824711323646
Spain,2002,55.1021415309759,1.31414120540325,1.41259540475782,26.705648861478
Spain,2003,53.4357897202258,1.0944115829832,1.80845446818345,27.5285511216757
Spain,2004,54.4795182656074,1.35058688382759,1.7254663034483,28.3028257363739
Spain,2005,54.6991667043772,1.81657732789419,1.68934904712031,29.4041085115965
Spain,2006,56.0839263823216,2.29951501349761,1.69035255626114,30.5843124611931
Spain,2007,57.6269487657546,1.63463980710374,1.85108130845179,30.458980215138
Spain,2008,55.8281315172523,-0.827648476802253,1.59533049906372,28.4790441123592
Spain,2009,46.8366899971109,-4.61672962915983,0.88573598057307,23.3519417701936
Spain,2010,52.6933699734019,-0.365660089983677,0.460408305051304,22.3988413816153
Spain,2011,58.5118228859632,-0.992358604711711,0.355338396471428,20.7135839205008
Spain,2012,60.5540346961864,-2.92815897770406,0.0649259625617232,18.5944685336556
Spain,2013,61.6687726441327,-1.07017018206768,-0.361668780017733,17.412338687976
Spain,2014,63.39926213895,1.83396646193863,-0.308309722343882,18.1481477916625
Spain,2015,63.5820412248232,4.14701193619516,-0.0827492378541321,19.3734408230247
Spain,2016,63.1886778507294,2.83577124069477,0.0771658726133905,19.0611122143393
Spain,2017,66.167446137857,2.64617061107108,0.243134086570712,19.5656670290524
Spain,2018,67.0094103982921,1.93406292039191,0.451573724507016,20.7061758213476
Spain,2019,66.3662250440692,1.23303741249605,0.716697775475724,20.9088226144802
Spain,2020,59.4461280147076,-11.3931290455953,0.510010189620998,20.6266482703898
Spain,2021,66.524588943191,6.49336738803039,0.178046695121711,21.8740337716536
Spain,2022,78.4657338703054,5.60841068844668,0.718854879160094,22.6896137188078
Spain,2023,71.7976366055733,1.26057958891062,1.17836618688432,21.1209265029601
Spain,2024,69.9502612382631,2.40413218623925,1.02121260938381,21.1732200987249
Sri Lanka,1991,67.5959123930763,3.81973572214518,0.748734482407864,22.8701875948381
Sri Lanka,1992,72.8037565573982,2.75390592994462,1.58927250831319,24.2753648746834
Sri Lanka,1993,77.1475183409566,5.10038391966494,1.69784789442256,25.557234794271
Sri Lanka,1994,79.4307906970319,4.07265463723363,1.45683441097245,27.0271670431233
Sri Lanka,1995,81.6350490886111,3.76841651865469,1.65501088509534,25.7310878563342
Sri Lanka,1996,78.8739637143809,1.8233928834009,1.92257845082404,24.2490834860857
Sri Lanka,1997,80.1375533095503,4.40430271746983,1.89854362715713,24.3861426620179
Sri Lanka,1998,78.4949891255872,2.74023742948491,1.88802201260991,25.1367897004477
Sri Lanka,1999,78.7514783496374,2.38061253046646,1.85791802193191,27.2905151438158
Sri Lanka,2000,88.636441704913,4.0862744786218,1.82192893868799,28.0392736849136
Sri Lanka,2001,80.8986015327576,-3.08904716018746,1.58029006941291,22.0040128023487
Sri Lanka,2002,76.3351317826517,2.8865391549469,1.04243651089033,23.2890507211333
Sri Lanka,2003,75.336247330543,5.16625254648899,0.733298046863635,22.0204689465055
Sri Lanka,2004,79.4829449011187,4.7307209819853,0.679757715006083,25.2537615246688
Sri Lanka,2005,73.6039729580533,5.56425373682754,0.639733163202014,26.8274555178569
Sri Lanka,2006,71.2611784883009,6.94942271248222,0.669909171598541,27.9799093470538
Sri Lanka,2007,68.6065116601391,6.06651827130165,0.686177993870037,27.9521433553302
Sri Lanka,2008,63.369043608222,5.24732975759279,0.665501489405385,27.5523830555003
Sri Lanka,2009,49.1491415308235,2.90511614609032,0.614014271918797,24.4338657450541
Sri Lanka,2010,,7.38142864801097,0.589181271319281,
Sri Lanka,2011,,7.99726895717046,0.620507027958285,
Sri Lanka,2012,,7.80902906849383,0.760628047767682,
Sri Lanka,2013,,7.00602738719888,-2.79968273298027,
Sri Lanka,2014,,5.38986888056003,0.933207942647201,
Sri Lanka,2015,46.9179708088816,3.25185230562724,0.91981102654886,34.2757988098221
Sri Lanka,2016,46.4715370252187,3.86979649875681,1.13327749793807,36.453044458329
Sri Lanka,2017,47.1404098004644,5.24982935111058,1.14388758411593,39.7266305226638
Sri Lanka,2018,49.8093967521361,1.28556702964238,1.0064319813899,38.0567747750533
Sri Lanka,2019,49.42552388546,-0.829146715022418,0.611875945764341,34.1087160599303
Sri Lanka,2020,37.089118857292,-5.12926234602416,0.530626559530355,32.8711231474519
Sri Lanka,2021,41.2288463291999,3.09278196860629,1.07544995696428,36.7330983742473
Sri Lanka,2022,46.6826080196819,-7.45361888091261,0.112772639779474,27.2717494247654
Sri Lanka,2023,43.5362302960951,-1.69162602435424,-0.651320770103285,24.5850342832275
Sri Lanka,2024,42.3975008711047,5.58848090094126,-0.550589519145017,26.9589666223169
St. Kitts and Nevis,1991,,-1.68474926558146,-0.183191040214603,
St. Kitts and Nevis,1992,,3.35471559982065,0.880693467540221,
St. Kitts and Nevis,1993,,5.43720892471435,1.28605796589797,
St. Kitts and Nevis,1994,,3.95570416288516,1.28648573786985,
St. Kitts and Nevis,1995,,4.01375437413185,1.30795424814889,
St. Kitts and Nevis,1996,,4.48268214386603,1.29339971902145,
St. Kitts and Nevis,1997,,5.46861986409,1.27688427411293,
St. Kitts and Nevis,1998,,-1.77595335466278,1.30397839701118,
St. Kitts and Nevis,1999,,1.82436633230189,1.36121019596059,
St. Kitts and Nevis,2000,,8.46930909930006,1.44021899747842,
St. Kitts and Nevis,2001,,4.07351451919244,1.12737297055115,
St. Kitts and Nevis,2002,,0.797218805613539,0.564388462760083,
St. Kitts and Nevis,2003,,-4.25794420201746,0.338409798424049,
St. Kitts and Nevis,2004,,3.68423412350383,0.30057001145304,
St. Kitts and Nevis,2005,,9.44452895015881,0.263067255385927,
St. Kitts and Nevis,2006,,2.85800106872907,0.283852845256594,
St. Kitts and Nevis,2007,,0.305516416409375,0.293755236701893,
St. Kitts and Nevis,2008,,11.0104297068936,0.275815058165901,
St. Kitts and Nevis,2009,,-3.5715108939693,0.172798199816465,
St. Kitts and Nevis,2010,,0.0951505914335229,-0.149314248854052,
St. Kitts and Nevis,2011,,1.52991480984264,0.0853497256607942,
St. Kitts and Nevis,2012,,-1.04787778946711,0.313035956599999,
St. Kitts and Nevis,2013,,5.64641698929439,0.0765127239724214,
St. Kitts and Nevis,2014,,7.53127511202617,0.0424817865731795,
St. Kitts and Nevis,2015,,0.69841246781877,-0.00424736663332803,
St. Kitts and Nevis,2016,,3.95919692482656,-0.0254879889232652,
St. Kitts and Nevis,2017,,0.274193507101955,-0.0531208511827516,
St. Kitts and Nevis,2018,,2.09466207201663,-0.0893066039921832,
St. Kitts and Nevis,2019,,3.06102179372833,-0.119199673543347,
St. Kitts and Nevis,2020,,-15.1537081395497,-0.174799132141861,
St. Kitts and Nevis,2021,,0.597261391032816,-0.228551998925832,
St. Kitts and Nevis,2022,,10.6082200037537,-0.11554263524381,
St. Kitts and Nevis,2023,,2.91331421745427,0.104849849656036,
St. Kitts and Nevis,2024,,0.130203089601792,0.181622041143753,
St. Lucia,1991,,-0.820743643335049,1.19910441469639,
St. Lucia,1992,,6.35455541558694,1.49182703899205,
St. Lucia,1993,,-0.892733394374474,1.47824786663391,
St. Lucia,1994,,0.0915392271761561,1.4944203866875,
St. Lucia,1995,,0.156865158765669,1.57637794278676,
St. Lucia,1996,,1.39827512027458,1.49210520637537,
St. Lucia,1997,,-2.08248177579216,1.40792081597188,
St. Lucia,1998,,4.83795668922615,1.37221189361173,
St. Lucia,1999,,1.34383057850798,1.30068408511276,
St. Lucia,2000,,-1.15852753925388,1.21402743138722,
St. Lucia,2001,,-4.38521361096242,1.01677824289198,
St. Lucia,2002,,-0.455758268918373,0.872385751343311,
St. Lucia,2003,,3.41053937654591,0.822512392357976,
St. Lucia,2004,,6.44252113072108,0.771973333919315,
St. Lucia,2005,,-1.13924471405971,0.734635032623395,
St. Lucia,2006,,5.43753454391749,0.716076160693592,
St. Lucia,2007,,1.01330265983917,0.669266875500453,
St. Lucia,2008,,4.29652830468692,0.623950967419395,
St. Lucia,2009,,-3.43582922693658,0.626557735548289,
St. Lucia,2010,,-0.278750187807233,0.608614599646534,
St. Lucia,2011,,3.78344996295867,0.52231324992803,
St. Lucia,2012,,-0.563683330885993,0.456462690189925,
St. Lucia,2013,,-2.26163327907432,0.452081381366467,
St. Lucia,2014,,0.880621538906311,0.442581735190879,
St. Lucia,2015,,-0.337052867572226,0.439488105791393,
St. Lucia,2016,,2.9915396739198,0.422763651310013,
St. Lucia,2017,,2.97179882236796,0.395468542730377,
St. Lucia,2018,,2.49445186760282,0.382048183874964,
St. Lucia,2019,,-1.06027192026241,0.3631466895222,
St. Lucia,2020,,-24.6114092144696,0.330981923965865,
St. Lucia,2021,,11.4287492509851,0.152478363043745,
St. Lucia,2022,,20.2140364685689,0.144975018605125,
St. Lucia,2023,,1.9225537588581,0.281512532799571,
St. Lucia,2024,,3.62644896169468,0.255689791113258,
St. Martin (French part),1991,,,2.02027073175195,
St. Martin (French part),1992,,,0.970965282762913,
St. Martin (French part),1993,,,0.688795280176105,
St. Martin (French part),1994,,,0.446376071270989,
St. Martin (French part),1995,,,0.193604326560294,
St. Martin (French part),1996,,,-0.0916605906688667,
St. Martin (French part),1997,,,-0.408399982270362,
St. Martin (French part),1998,,,-0.739349594205661,
St. Martin (French part),1999,,,0.606259670624174,
St. Martin (French part),2000,,,2.40227476547467,
St. Martin (French part),2001,,,2.65480483944633,
St. Martin (French part),2002,,,2.56716070268805,
St. Martin (French part),2003,,,2.47203950414339,
St. Martin (French part),2004,,,2.36719103264538,
St. Martin (French part),2005,,,2.25646319439153,
St. Martin (French part),2006,,,2.12879470457641,
St. Martin (French part),2007,,,1.94019944267035,
St. Martin (French part),2008,,,1.7421017059346,
St. Martin (French part),2009,,,1.50154629037256,
St. Martin (French part),2010,,,0.965137402578689,
St. Martin (French part),2011,,,0.57626131737988,
St. Martin (French part),2012,,,0.556864711599445,
St. Martin (French part),2013,,,0.38289088882727,
St. Martin (French part),2014,,,0.082811315154676,
St. Martin (French part),2015,,1.21892477722176,-0.216522625657602,
St. Martin (French part),2016,,5.54794889038332,-0.520499136043373,
St. Martin (French part),2017,,-7.15585200915483,-0.913371749973348,
St. Martin (French part),2018,,-5.8923641662807,-2.26505586002549,
St. Martin (French part),2019,,11.9233703264347,-4.96694243141292,
St. Martin (French part),2020,,-5.67034471115365,-7.51568506574733,
St. Martin (French part),2021,,11.2897229582813,-5.91294053455205,
St. Martin (French part),2022,,,-3.70935422542636,
St. Martin (French part),2023,,,-4.80716831631216,
St. Martin (French part),2024,,,-5.16855018990472,
St. Vincent and the Grenadines,1991,,0.766079149440529,0.366016281210552,
St. Vincent and the Grenadines,1992,,6.10658038959106,0.255416614554016,
St. Vincent and the Grenadines,1993,,4.04173919943855,0.200671339382992,
St. Vincent and the Grenadines,1994,,-1.40766591680416,0.162195973569135,
St. Vincent and the Grenadines,1995,,7.64367574826734,0.114176986713966,
St. Vincent and the Grenadines,1996,,1.22344246518328,0.0636700498150164,
St. Vincent and the Grenadines,1997,,3.48502454079123,0.0194466543528162,
St. Vincent and the Grenadines,1998,,4.05432713327265,0.0344643231392806,
St. Vincent and the Grenadines,1999,,2.54179354025959,0.164205099002532,
St. Vincent and the Grenadines,2000,,1.47880127546429,0.157771141222912,
St. Vincent and the Grenadines,2001,,1.78767492091447,-0.0387586661300469,
St. Vincent and the Grenadines,2002,,5.48525117619123,-0.135773754811697,
St. Vincent and the Grenadines,2003,,6.88559351311582,-0.181908142422976,
St. Vincent and the Grenadines,2004,,4.39705000606179,-0.270825385911129,
St. Vincent and the Grenadines,2005,,2.83945191097459,-0.341789621854884,
St. Vincent and the Grenadines,2006,,7.41339795731157,-0.388481492207911,
St. Vincent and the Grenadines,2007,,3.77042261406409,-0.432128431956044,
St. Vincent and the Grenadines,2008,,0.859512861875416,-0.452015740934878,
St. Vincent and the Grenadines,2009,,-0.914124585036191,-0.469450522710604,
St. Vincent and the Grenadines,2010,,-3.99351095016873,-0.498034748761649,
St. Vincent and the Grenadines,2011,,-0.0518118530617357,-0.556296690606872,
St. Vincent and the Grenadines,2012,,1.73945379802912,-0.562167608407819,
St. Vincent and the Grenadines,2013,,3.0319570809024,-0.554247952481518,
St. Vincent and the Grenadines,2014,,1.71007773700347,-0.55640705517064,
St. Vincent and the Grenadines,2015,,3.33765430602968,-0.536144317925753,
St. Vincent and the Grenadines,2016,,4.74804540016839,-0.572879410655285,
St. Vincent and the Grenadines,2017,,2.20738641850942,-0.647135439549124,
St. Vincent and the Grenadines,2018,,3.90031671690731,-0.699944450029761,
St. Vincent and the Grenadines,2019,,1.40193657114291,-0.725995928811949,
St. Vincent and the Grenadines,2020,,-3.67618803165428,-0.617259161571258,
St. Vincent and the Grenadines,2021,,2.77342166309265,-0.663868269423874,
St. Vincent and the Grenadines,2022,,3.91412869594379,-0.776041417794061,
St. Vincent and the Grenadines,2023,,6.07793111453327,-0.711025816110263,
St. Vincent and the Grenadines,2024,,4.79304780177681,-0.700214310937747,
Sub-Saharan Africa,1991,,-2.29389637684496,2.70741591674027,22.2480411474543
Sub-Saharan Africa,1992,,-3.14237499999656,2.69884127134497,22.0817676313747
Sub-Saharan Africa,1993,,-3.71831335359504,2.74189662859336,20.771280445497
Sub-Saharan Africa,1994,,-1.62251908542356,2.65743059420154,22.4513691773691
Sub-Saharan Africa,1995,,0.627998347623659,2.64720633049829,20.0714818278675
Sub-Saharan Africa,1996,,2.36835824608785,2.67552322798334,17.9426952204305
Sub-Saharan Africa,1997,,1.37301258586797,2.62617746423427,17.090565109584
Sub-Saharan Africa,1998,,-0.172445635831167,2.65965913886723,17.5415637418672
Sub-Saharan Africa,1999,,-0.510141292609262,2.66674764793134,23.2246397371806
Sub-Saharan Africa,2000,,0.723664781943853,2.65831046632059,22.8785984953851
Sub-Saharan Africa,2001,,1.46324896733061,2.67464265484851,22.1389594255994
Sub-Saharan Africa,2002,,3.56983874235337,2.68989361840303,20.5081653576455
Sub-Saharan Africa,2003,,1.34900613824107,2.69807319395616,22.1529036635121
Sub-Saharan Africa,2004,,3.82459812317673,2.71725874978109,23.1519368824591
Sub-Saharan Africa,2005,,3.15251962823744,2.73198030159647,22.3432289491186
Sub-Saharan Africa,2006,,3.19003225635876,2.73326949914783,21.9765308917893
Sub-Saharan Africa,2007,,3.28453705644878,2.74451556542587,23.1490305512457
Sub-Saharan Africa,2008,,2.32992171401153,2.76531669457357,24.7207058358151
Sub-Saharan Africa,2009,,0.339923746524846,2.75968154282892,25.2698560911255
Sub-Saharan Africa,2010,,3.16844388175733,2.75588804167845,23.5907011298288
Sub-Saharan Africa,2011,65.1480935458417,1.62754935672116,2.74094333211085,24.1644824465298
Sub-Saharan Africa,2012,63.9868573624282,0.553475191099452,2.72928770709672,24.6458689916243
Sub-Saharan Africa,2013,62.322232769437,2.27925791342862,2.7412792516206,24.7041097442684
Sub-Saharan Africa,2014,60.7573821380911,1.92436540010212,2.71479329402014,24.8424740871133
Sub-Saharan Africa,2015,57.3062145931923,0.1936142856446,2.69786163686542,24.4848904657793
Sub-Saharan Africa,2016,55.1399503297354,-1.41348557528737,2.65386426029608,24.2013605603209
Sub-Saharan Africa,2017,54.233275881935,-0.16268087093458,2.63563421698701,24.5237699684756
Sub-Saharan Africa,2018,56.6953501994876,0.105204898423764,2.6524755991363,24.2067946433439
Sub-Saharan Africa,2019,55.7540212745659,-0.0398203828858783,2.60704344275351,21.2236835807486
Sub-Saharan Africa,2020,51.2033981131689,-5.69478945537233,2.57341526368873,19.9016690576483
Sub-Saharan Africa,2021,55.7046429671208,1.05955638175814,2.53359221017648,20.6268036414187
Sub-Saharan Africa,2022,59.1775548748557,1.50504262495832,2.48727039207262,21.5824283689986
Sub-Saharan Africa,2023,57.3480479141028,0.21460415605894,2.46538573177545,22.2305720746048
Sub-Saharan Africa,2024,56.0208720264168,1.09736188644867,2.44275570503129,24.1017537269599
Sub-Saharan Africa (IDA & IBRD countries),1991,,-2.293896376845,2.70741591674027,22.2480411474543
Sub-Saharan Africa (IDA & IBRD countries),1992,,-3.14237499999656,2.69884127134497,22.0817676313747
Sub-Saharan Africa (IDA & IBRD countries),1993,,-3.71831335359501,2.74189662859336,20.771280445497
Sub-Saharan Africa (IDA & IBRD countries),1994,,-1.62251908542366,2.65743059420154,22.4513691773691
Sub-Saharan Africa (IDA & IBRD countries),1995,,0.627998347623702,2.64720633049829,20.0714818278675
Sub-Saharan Africa (IDA & IBRD countries),1996,,2.36835824608785,2.67552322798334,17.9426952204305
Sub-Saharan Africa (IDA & IBRD countries),1997,,1.373012585868,2.62617746423427,17.090565109584
Sub-Saharan Africa (IDA & IBRD countries),1998,,-0.172445635831124,2.65965913886723,17.5415637418672
Sub-Saharan Africa (IDA & IBRD countries),1999,,-0.510141292609333,2.66674764793134,23.2246397371806
Sub-Saharan Africa (IDA & IBRD countries),2000,,0.723664781943896,2.65831046632059,22.8785984953851
Sub-Saharan Africa (IDA & IBRD countries),2001,,1.46324896733057,2.67464265484851,22.1389594255994
Sub-Saharan Africa (IDA & IBRD countries),2002,,3.56983874235344,2.68989361840303,20.5081653576455
Sub-Saharan Africa (IDA & IBRD countries),2003,,1.34900613824101,2.69807319395616,22.1529036635121
Sub-Saharan Africa (IDA & IBRD countries),2004,,3.82459812317668,2.71725874978109,23.1519368824591
Sub-Saharan Africa (IDA & IBRD countries),2005,,3.15251962823744,2.73198030159647,22.3432289491186
Sub-Saharan Africa (IDA & IBRD countries),2006,,3.19003225635883,2.73326949914783,21.9765308917893
Sub-Saharan Africa (IDA & IBRD countries),2007,,3.28453705644878,2.74451556542587,23.1490305512457
Sub-Saharan Africa (IDA & IBRD countries),2008,,2.32992171401153,2.76531669457357,24.7207058358151
Sub-Saharan Africa (IDA & IBRD countries),2009,,0.339923746524804,2.75968154282892,25.2698560911255
Sub-Saharan Africa (IDA & IBRD countries),2010,,3.16844388175738,2.75588804167845,23.5907011298288
Sub-Saharan Africa (IDA & IBRD countries),2011,65.1480935458417,1.62754935672109,2.74094333211085,24.1644824465298
Sub-Saharan Africa (IDA & IBRD countries),2012,63.9868573624282,0.553475191099466,2.72928770709672,24.6458689916243
Sub-Saharan Africa (IDA & IBRD countries),2013,62.322232769437,2.27925791342865,2.7412792516206,24.7041097442684
Sub-Saharan Africa (IDA & IBRD countries),2014,60.7573821380911,1.92436540010212,2.71479329402014,24.8424740871133
Sub-Saharan Africa (IDA & IBRD countries),2015,57.3062145931923,0.193614285644571,2.69786163686542,24.4848904657793
Sub-Saharan Africa (IDA & IBRD countries),2016,55.1399503297354,-1.41348557528737,2.65386426029608,24.2013605603209
Sub-Saharan Africa (IDA & IBRD countries),2017,54.233275881935,-0.162680870934523,2.63563421698701,24.5237699684756
Sub-Saharan Africa (IDA & IBRD countries),2018,56.6953501994876,0.105204898423764,2.6524755991363,24.2067946433439
Sub-Saharan Africa (IDA & IBRD countries),2019,55.7540212745659,-0.0398203828859351,2.60704344275351,21.2236835807486
Sub-Saharan Africa (IDA & IBRD countries),2020,51.2033981131689,-5.69478945537236,2.57341526368873,19.9016690576482
Sub-Saharan Africa (IDA & IBRD countries),2021,55.7046429671208,1.05955638175814,2.53359221017648,20.6268036414187
Sub-Saharan Africa (IDA & IBRD countries),2022,59.1775548748557,1.50504262495836,2.48727039207262,21.5824283689986
Sub-Saharan Africa (IDA & IBRD countries),2023,57.3480479141028,0.214604156058869,2.46538573177545,22.2305720746048
Sub-Saharan Africa (IDA & IBRD countries),2024,56.0208720264168,1.09736188644871,2.44275570503129,24.1017537269599
Sub-Saharan Africa (excluding high income),1991,,-1.98986957997597,2.54291367282659,22.5474698404219
Sub-Saharan Africa (excluding high income),1992,,-2.85308068382064,2.54347128862216,22.2695571580039
Sub-Saharan Africa (excluding high income),1993,,-3.88033247458227,2.66118908440142,20.8195957551358
Sub-Saharan Africa (excluding high income),1994,,-1.57368282100329,2.57058980113904,22.3795036391683
Sub-Saharan Africa (excluding high income),1995,,0.658410683349004,2.56684702491857,19.9504067189311
Sub-Saharan Africa (excluding high income),1996,,2.28868513429219,2.60878945785148,17.8160876501041
Sub-Saharan Africa (excluding high income),1997,,1.44700213830096,2.56391682543668,16.9651285574658
Sub-Saharan Africa (excluding high income),1998,,0.00411702766058397,2.60758053277641,17.3794632699455
Sub-Saharan Africa (excluding high income),1999,,-0.518638421067578,2.61691205271161,23.1171074308271
Sub-Saharan Africa (excluding high income),2000,,0.714554224091259,2.61361550472722,22.8187914246268
Sub-Saharan Africa (excluding high income),2001,,1.4260319553173,2.63547779264762,22.0512088488814
Sub-Saharan Africa (excluding high income),2002,,3.72115564872628,2.65070938782086,20.3998096999308
Sub-Saharan Africa (excluding high income),2003,,1.5241832441788,2.66273545310051,22.033744866258
Sub-Saharan Africa (excluding high income),2004,,3.7327715149017,2.68675372370088,22.9954538198623
Sub-Saharan Africa (excluding high income),2005,61.5510618557835,3.05748481604158,2.70612891158939,22.1885484693607
Sub-Saharan Africa (excluding high income),2006,60.5153584119905,3.10691061261281,2.71051922619823,21.8280374014595
Sub-Saharan Africa (excluding high income),2007,65.4742188898109,3.18328201025209,2.72395898645877,23.0422284613092
Sub-Saharan Africa (excluding high income),2008,71.0301694388832,2.21912413097003,2.75088284917451,24.706693099555
Sub-Saharan Africa (excluding high income),2009,61.9482023104464,0.21391366383925,2.75095482005636,25.3948915540208
Sub-Saharan Africa (excluding high income),2010,63.1923561038087,3.00944156841349,2.74695987259406,23.5572587441409
Sub-Saharan Africa (excluding high income),2011,65.8871881265174,1.44816447303793,2.72996711531039,24.1091135302916
Sub-Saharan Africa (excluding high income),2012,64.7988837082235,0.404882079153481,2.72105594587291,24.2788162190645
Sub-Saharan Africa (excluding high income),2013,63.2800252500623,2.10981743049847,2.74394474194483,24.4272393551474
Sub-Saharan Africa (excluding high income),2014,61.6491663437902,1.73977087236761,2.71849791002178,24.3275793593543
Sub-Saharan Africa (excluding high income),2015,58.0976904467267,-0.0708722890952629,2.69938168879427,23.553306186842
Sub-Saharan Africa (excluding high income),2016,56.0750400501484,-1.72207898529992,2.64790496261761,23.179289065493
Sub-Saharan Africa (excluding high income),2017,55.2967796869229,-0.442090802118727,2.62566106244893,23.4150059015056
Sub-Saharan Africa (excluding high income),2018,57.9010902669809,-0.0660860789963778,2.64764083970782,23.3622414850272
Sub-Saharan Africa (excluding high income),2019,57.0496136105605,-0.293239453515341,2.59769218054589,20.1501016088522
Sub-Saharan Africa (excluding high income),2020,52.5305501818009,-6.11520973147537,2.55803335029237,18.8789527383369
Sub-Saharan Africa (excluding high income),2021,57.2231609205256,0.973685385834017,2.5180092722059,19.8869671320255
Sub-Saharan Africa (excluding high income),2022,60.7745506282043,1.44652961413327,2.47025582601609,21.0723002293907
Sub-Saharan Africa (excluding high income),2023,59.1849913767203,0.0195988297970047,2.44994313969744,21.9115797941941
Sub-Saharan Africa (excluding high income),2024,57.9632700444269,0.886394285803462,2.4268482433654,24.0367754599636
Sudan,1991,15.0729562327699,5.35245970415686,2.0192784229958,10.512988259954
Sudan,1992,19.6706332930978,4.54963665240291,2.01195688460037,12.3698610342809
Sudan,1993,11.4660832437785,2.49041697350873,2.23517636613403,15.1992923724007
Sudan,1994,14.610015048858,-1.46917150041169,2.52008196636254,10.6553007246765
Sudan,1995,14.7723984872323,3.22166623716427,2.57914709353572,5.5391670895105
Sudan,1996,20.0298432137309,3.52820988912499,2.24195302329294,12.006718003226
Sudan,1997,17.858606720307,15.5899602143833,2.22732302778578,8.97458620000376
Sudan,1998,21.8751479870534,1.8044093130267,2.52287733643727,10.2263950817264
Sudan,1999,24.7143682332999,0.524555771446217,2.50663940455787,10.3437659226407
Sudan,2000,29.4042344599492,3.37132975440942,2.49754561643296,24.8880308630392
Sudan,2001,20.2933456223411,3.51515858633522,2.48541577821616,20.5310077647122
Sudan,2002,25.6255617213052,3.04640852451755,2.46596917532427,21.5663517910828
Sudan,2003,26.4402280670553,3.47662601258492,2.25738358789851,22.074814442888
Sudan,2004,30.4323376195052,2.38501078452138,2.18560495236388,23.6117319230397
Sudan,2005,35.8715914021946,2.75337218040758,2.28355924873297,21.2067763046123
Sudan,2006,36.2025936172703,3.55587752590014,2.30819636827177,22.8891769937744
Sudan,2007,34.4033361615632,2.69329211251048,2.38350034195252,21.3061261282548
Sudan,2008,36.7410978273835,0.693530743818769,2.59050308685206,20.668907969621
Sudan,2009,32.7808783344833,-5.81042185394722,2.77210926299041,22.325908295006
Sudan,2010,32.728309950035,0.758886048751407,2.41578933319134,20.3985392323003
Sudan,2011,27.512339023518,5.87200118550977,2.0304098222439,23.2624340175259
Sudan,2012,21.8561745247301,-7.20056369222739,2.14168968629865,19.7241316199789
Sudan,2013,26.8585245020134,-0.372546263586997,2.30951835174238,17.1950466966314
Sudan,2014,20.8451090041313,1.86452924090501,2.70863780408064,15.0415341466529
Sudan,2015,18.3782728546541,-1.14810293147822,3.04689971719172,12.8081335322639
Sudan,2016,15.2816698903461,0.369473161527822,3.04008474256183,9.3059152625505
Sudan,2017,17.8313898297102,-2.71987452387332,3.46430091592296,10.7686344431485
Sudan,2018,21.8679187274323,-6.01716755998106,3.48828675547566,9.9893502376745
Sudan,2019,26.1196204552625,-5.00795943799888,2.93537902352139,14.3050078362201
Sudan,2020,9.95514507626151,-6.18595807947966,2.6882512565735,5.78653523341068
Sudan,2021,4.12754863828426,-4.47700779563793,2.6941220236505,3.46580920270714
Sudan,2022,2.69883443585856,-3.59800846557803,2.70189520043666,2.17826429341476
Sudan,2023,2.47372878267665,-30.363173571103,1.32652175747925,2.17279846218936
Sudan,2024,1.99541210225008,-14.6570236407403,0.808373216038761,2.88674000548273
Suriname,1991,,2.07639457886468,0.6090609107497,
Suriname,1992,,-0.2193419760994,0.618785018405407,
Suriname,1993,,-7.09224118960068,0.421296747951677,
Suriname,1994,,2.65994989666993,0.718288232960697,
Suriname,1995,,-1.68317016056574,1.69749645431176,
Suriname,1996,,-1.12297125235634,2.12435847636189,
Suriname,1997,,3.52096892509446,2.08306804632028,
Suriname,1998,,0.211310826230431,2.06286243195902,
Suriname,1999,,-3.40825462183219,2.05779708457492,
Suriname,2000,,0.016412852428175,2.06184130338408,
Suriname,2001,,2.07621012945627,2.0592440925481,
Suriname,2002,,0.731583130433549,2.03259733141667,
Suriname,2003,,4.22968365512362,1.96683193341399,
Suriname,2004,,6.9146916825718,1.47189322083765,
Suriname,2005,,3.41538457225288,1.04333354504085,
Suriname,2006,98.1681931723564,4.64814560762545,1.0885764053437,40.1609769636414
Suriname,2007,101.377000372162,3.92006219934488,1.13996043251437,46.1853368068478
Suriname,2008,109.166838523407,2.93593297564139,1.16620762103283,44.3081047638688
Suriname,2009,87.9206617785298,1.81540250702821,1.17005849053812,50.1880052641474
Suriname,2010,90.9613941465855,3.95347703289852,1.16234546951658,36.2044525973484
Suriname,2011,,4.64182224452708,1.14737217748715,
Suriname,2012,,1.52880858968571,1.1375560373964,
Suriname,2013,,1.77805890287095,1.12880323190541,
Suriname,2014,,-0.851471419293389,1.11029432439557,
Suriname,2015,,-4.45160318607753,1.08108226631897,
Suriname,2016,,-5.90338246401519,1.04842483742266,
Suriname,2017,,0.547149370341614,1.00824404428043,
Suriname,2018,,3.93294702617604,0.972162135207174,
Suriname,2019,,0.12296002295291,1.03794155144619,
Suriname,2020,,-16.8738740468232,1.07530477821816,
Suriname,2021,,-3.31629942420831,0.907003624018977,
Suriname,2022,,1.54051769500568,0.848956801428746,
Suriname,2023,,1.48474172349111,0.914027369002208,
Suriname,2024,,0.831904488689332,0.877853398525397,
Sweden,1991,51.1702274975964,-1.81751515509977,0.681643117607529,24.6555310368538
Sweden,1992,50.8524074665653,-1.73663035646904,0.586529928761034,22.6710211839454
Sweden,1993,58.2335910018621,-2.6328084512474,0.580838814302139,18.7234834432765
Sweden,1994,63.9497416473143,3.27914084779151,0.710705461619655,20.0212847705087
Sweden,1995,68.6810841853675,3.54963299122375,0.524703941553734,20.458951437596
Sweden,1996,66.506522070023,1.54298849078722,0.159147080582875,20.1959941036278
Sweden,1997,71.9948985844646,3.00599147276768,0.0572622034229794,19.9815532657995
Sweden,1998,74.3347541033848,4.18797877983562,0.0555121222123307,21.1029627211546
Sweden,1999,74.8479171666973,4.11994996519324,0.0779271508703018,21.2259014669133
Sweden,2000,81.4721590850121,4.46324425617721,0.160575484575313,22.2311755975548
Sweden,2001,80.5691828117714,1.08904749433709,0.268470527954234,22.3039192201803
Sweden,2002,77.0853186972402,1.94541903904167,0.325438067703728,21.60471563059
Sweden,2003,75.3282174864238,1.50263999618741,0.372092942799084,21.245941934027
Sweden,2004,78.7358819187356,3.77065163055421,0.393298991357658,21.1628436942009
Sweden,2005,84.167923018031,2.38284512787561,0.399942762807279,21.277313898577
Sweden,2006,88.3302608918239,4.08894162666398,0.562483906481893,22.4549230007772
Sweden,2007,89.5469236610223,2.46223270145694,0.741552514625445,24.0781550268935
Sweden,2008,92.8083687095596,-1.6919565204184,0.779033290770134,23.9610681178216
Sweden,2009,81.958313967393,-5.06780005582803,0.851904412936677,20.4603001983975
Sweden,2010,85.0914849272733,4.85304553694191,0.852524628765313,22.4219023210946
Sweden,2011,86.3907448060188,2.38777753247983,0.755150133665177,23.2373150954555
Sweden,2012,85.2980605424359,-1.14837721022437,0.739763272434863,21.9937736525354
Sweden,2013,81.6402521329964,0.284298669472349,0.847348652246305,21.899375975039
Sweden,2014,83.8229810483527,1.28579244857269,0.992219728591882,22.8644895912017
Sweden,2015,84.1730765958171,3.29020421290397,1.05745468551674,23.7906694877918
Sweden,2016,83.4519478574149,0.855975824436371,1.25645398510305,24.3491111935187
Sweden,2017,86.0693088740521,0.519214362381689,1.34744505956262,25.0919649215298
Sweden,2018,90.4087142361701,0.594886136077946,1.16164515996039,25.3360254860097
Sweden,2019,92.7511390290561,1.57332206499805,1.01372226345511,24.4772455073125
Sweden,2020,84.4745958141618,-2.63997048116038,0.722703912882934,24.4207542408468
Sweden,2021,91.1102374413042,4.5957806799404,0.600591532839468,25.2716067156906
Sweden,2022,107.111751826512,0.568648782156174,0.68058286829853,26.9218066455024
Sweden,2023,107.619709443974,-0.674701257933236,0.472717863265105,25.2626527566229
Sweden,2024,105.883091480464,0.504564017875396,0.313432129983607,25.3566898119593
Switzerland,1991,78.2239128940406,-2.14648986937067,1.24982602441627,31.7129837017764
Switzerland,1992,78.8826452809998,-1.13971907473382,1.10252107229095,28.9646035109986
Switzerland,1993,77.6711336900876,-1.03142243029649,0.910715565788466,27.5820508505769
Switzerland,1994,76.1553638103637,0.465686525977333,0.797158411024818,28.3186953218297
Switzerland,1995,76.2521729078802,-0.188350817628518,0.668242326234317,28.0636964208527
Switzerland,1996,78.7524849566866,0.0285406433398379,0.441636406706345,27.6082607656129
Switzerland,1997,88.4699784559434,2.01528322095787,0.240891210155647,26.0901916943064
Switzerland,1998,88.2156167655547,2.72428479200173,0.297135765740057,27.4131052425492
Switzerland,1999,89.8170140994489,1.17900570197709,0.476919931285641,27.0802719493725
Switzerland,2000,97.9368562124093,3.37615748239699,0.561954617400164,27.2341910868659
Switzerland,2001,96.0398378851633,0.934949672470367,0.632771238018431,27.695136995311
Switzerland,2002,91.7818508640225,-0.826280599815533,0.756469145838096,26.2149402183817
Switzerland,2003,90.3354961093127,-0.771333118455232,0.74191960337232,25.9844181861728
Switzerland,2004,95.5170944588529,1.99813197598502,0.687425960233006,24.548464470039
Switzerland,2005,102.261172141836,2.09358672785885,0.640601540243491,27.1892189955534
Switzerland,2006,106.245154784945,3.42255062788115,0.627558473346134,27.9189340638126
Switzerland,2007,113.331857768509,2.99182197798172,0.893690977823134,26.7888145984599
Switzerland,2008,116.778000147488,1.50995075456851,1.27061807385776,27.4120262151199
Switzerland,2009,109.775984598968,-3.51055875649962,1.24948463127384,28.3419894943657
Switzerland,2010,120.065123269341,2.17363798688378,1.0415580576588,25.8955591965806
Switzerland,2011,125.556273159907,0.687339980952387,1.11187894263206,28.4924187348254
Switzerland,2012,126.453860464505,0.110596623356798,1.06181932886789,26.66022900376
Switzerland,2013,133.693708414477,0.628360626093993,1.14987975781229,25.1549339552027
Switzerland,2014,120.213423375239,1.10869373261926,1.22010397343287,25.5531960420311
Switzerland,2015,117.138482218872,0.494129645915152,1.13833715247736,25.0748632817703
Switzerland,2016,123.565924513577,0.960131696221239,1.09203117387253,25.561928395454
Switzerland,2017,123.621807602301,0.421326259922779,0.933155888738653,26.0443143419626
Switzerland,2018,124.428504325808,2.10552471989985,0.736633975172522,25.7344532320312
Switzerland,2019,124.127612180467,0.423089633793808,0.713313668444329,26.4377929043745
Switzerland,2020,121.785977998371,-2.85415823647342,0.730676195047382,29.5787498388343
Switzerland,2021,130.016261288489,4.75464519304134,0.765501039496593,26.1555657203382
Switzerland,2022,138.500698753519,2.1924092887961,0.829927183900371,24.8173430933187
Switzerland,2023,135.32000224909,-0.582278335714477,1.26498425447772,25.9871467150257
Switzerland,2024,134.09514852061,-0.0110810035101565,1.30500749907811,26.9877309828941
Syrian Arab Republic,1991,56.4792466395347,4.33538047795443,3.14276682156051,
Syrian Arab Republic,1992,63.888006888572,9.55674328354266,3.07043753248059,
Syrian Arab Republic,1993,68.7691991637563,2.99526601339912,3.01785988391191,
Syrian Arab Republic,1994,78.4544982128073,4.09745194329328,2.94902840334724,
Syrian Arab Republic,1995,68.9765751565305,4.03755108447395,2.83254019010482,
Syrian Arab Republic,1996,69.9141790558683,6.89088933598605,2.70847861472762,
Syrian Arab Republic,1997,66.2229786914424,2.30284558838696,2.62495453798521,
Syrian Arab Republic,1998,61.424844770787,4.06598851033671,2.57951161365654,
Syrian Arab Republic,1999,64.3084049166638,-5.97618190709545,2.54408360788724,
Syrian Arab Republic,2000,65.2849861212903,-1.80421522520456,2.49405999884142,
Syrian Arab Republic,2001,67.3681324999384,-1.40284325455362,2.45461714631082,
Syrian Arab Republic,2002,71.6443076814108,1.47328181768793,2.41609659016013,
Syrian Arab Republic,2003,61.5469905405418,4.68174171715712,2.38129035278314,
Syrian Arab Republic,2004,78.1149285929097,4.2935988060548,2.47115145720736,
Syrian Arab Republic,2005,80.1330024866606,3.52095168365396,2.56920506363659,
Syrian Arab Republic,2006,74.2052265865927,0.644012233201963,4.28105517398245,
Syrian Arab Republic,2007,76.3793535157197,-0.635804298088587,6.15726388722661,
Syrian Arab Republic,2008,74.2279600990172,0.843363715439807,3.53953603606328,
Syrian Arab Republic,2009,59.9438252393676,4.27155320051828,1.561038004306,
Syrian Arab Republic,2010,64.0101646947258,2.82697106833621,2.27386735787712,
Syrian Arab Republic,2011,50.6960943456553,1.07121071780338,1.74463187292712,
Syrian Arab Republic,2012,35.3686903315942,-25.9560309972065,-0.518583748688814,
Syrian Arab Republic,2013,44.7052547833532,-22.5827773307621,-4.92076611917059,
Syrian Arab Republic,2014,54.2644225210945,-4.14663574302196,-6.64640777600442,
Syrian Arab Republic,2015,51.0862078228369,0.00846503865736281,-4.27812265662123,
Syrian Arab Republic,2016,67.1119365330928,-5.28022453338099,-1.19521490586433,
Syrian Arab Republic,2017,61.0508521719631,-0.882509407808485,0.160516443980316,
Syrian Arab Republic,2018,50.6590991144828,-0.435918888364867,1.82043236963093,
Syrian Arab Republic,2019,41.9994711236162,-2.63689452644155,3.88559879868016,
Syrian Arab Republic,2020,44.818335302748,-3.98011071488936,3.36188761247899,
Syrian Arab Republic,2021,61.2204850955149,-0.874333294023842,2.71541292038855,
Syrian Arab Republic,2022,35.6094680799956,-3.00434829701605,3.78051313340953,
Syrian Arab Republic,2023,,,4.91861526815481,
Syrian Arab Republic,2024,,,4.46809539676654,
Tajikistan,1991,,-9.48799907614494,2.6041206740472,
Tajikistan,1992,,-30.3597640189133,1.93373586962239,
Tajikistan,1993,70.196305829774,-17.5038570568868,1.32919819031035,39.1579215342404
Tajikistan,1994,86.3658415841584,-22.6560518622999,1.73808466897799,32.3193069306931
Tajikistan,1995,137.515902578797,-14.2304868196184,2.09310346198551,28.6683381088825
Tajikistan,1996,156.670590142672,-18.3194300083395,1.96324157737844,22.3203307392996
Tajikistan,1997,181.590119644925,0.466665814442905,1.20112677928097,19.6888653029718
Tajikistan,1998,106.89554276797,4.68935188724895,0.593820013625566,15.4240612503657
Tajikistan,1999,133.60594795539,3.1654997926537,0.516328987572414,17.3349814126394
Tajikistan,2000,175.351206134214,7.00808967496647,1.22252956506886,9.41400347008451
Tajikistan,2001,146.657305562056,7.48337681079825,1.93263055464193,16.3827950698182
Tajikistan,2002,138.6839688324,8.69157571922234,1.92125173999603,9.29571889906082
Tajikistan,2003,137.669592976856,8.88444644359714,1.92429974773697,9.13672029235099
Tajikistan,2004,128.338170674363,8.15635551136702,1.96260002776105,11.7772898999562
Tajikistan,2005,126.994699303416,4.63258511919481,1.95661200705717,11.6476563150445
Tajikistan,2006,141.153912074728,4.98592039180348,1.90026148122724,15.9664495672294
Tajikistan,2007,145.528099715723,5.74856457778455,1.92134154744809,24.6329386773297
Tajikistan,2008,114.480149093579,5.78378645390583,1.98075956919701,26.5087253628508
Tajikistan,2009,85.9781370434108,1.79394759926346,2.04782606461211,24.8447536175679
Tajikistan,2010,73.493044509473,4.24657467143167,2.13859732955825,23.8461818667509
Tajikistan,2011,79.7842446734572,5.0303552095006,2.23107820470165,29.2094402931719
Tajikistan,2012,83.1759445401528,4.96076448659319,2.39042338057157,23.2673636939311
Tajikistan,2013,71.7437428882341,4.75131202806213,2.49710956677516,24.9057147542124
Tajikistan,2014,54.6071596053705,4.0554323883913,2.50974038960922,26.5156987249439
Tajikistan,2015,49.9378160689555,3.34193519398252,2.55779351442662,44.6894530560362
Tajikistan,2016,55.7246446907573,4.2256886170877,2.53351872618566,40.5223187316003
Tajikistan,2017,53.7861046057767,4.50305161526772,2.45467083241302,29.9295561525461
Tajikistan,2018,55.8461114113303,5.04059320866072,2.40737599740749,37.2634366837792
Tajikistan,2019,56.0450159145896,4.89098971791482,2.36385658944468,35.3886623401905
Tajikistan,2020,55.7491040194954,2.05116680370303,2.27553632959872,33.4749512555638
Tajikistan,2021,71.825937435383,7.01157366120653,2.20738922074721,34.8738527231408
Tajikistan,2022,65.4355115893577,5.71622455034235,2.13728529423458,35.4675046982739
Tajikistan,2023,65.6347010367354,6.13628181088259,2.01812009749216,31.6513056719952
Tajikistan,2024,,6.34141937002055,1.91732317936133,
Tanzania,1991,30.2316225499322,-0.476012505289418,2.53453102605205,18.1352206240194
Tanzania,1992,35.6677963323106,-1.88980012132932,2.49709386912698,18.7525701085471
Tanzania,1993,45.2364974710923,-1.91363289102119,3.13737726435695,17.3020323198502
Tanzania,1994,44.2367675621224,-2.2538960665397,3.84179855606781,16.9743701832328
Tanzania,1995,45.1619199872127,0.368447209863618,3.14652813346473,13.6278212738224
Tanzania,1996,35.7265066969485,2.65168980698766,1.83364600544135,11.4571208610568
Tanzania,1997,28.8587832233337,1.45902793566377,2.02274347919653,10.2603824139834
Tanzania,1998,26.1436420608095,1.02063893946291,2.63261492761807,21.0338676209662
Tanzania,1999,25.0220548113162,2.09994947542917,2.67776635574134,18.2183314204882
Tanzania,2000,23.9891151549808,1.59942658531416,2.84152432501121,17.462796824131
Tanzania,2001,28.0301432282533,3.25057961835962,2.70152074754623,18.3167930926191
Tanzania,2002,27.4992172734904,4.36368727532306,2.58850722069614,18.0880950947047
Tanzania,2003,30.4488358249326,3.89344253690891,2.64525638066994,20.6843865054193
Tanzania,2004,33.609786736665,4.63163110389122,2.71326096371365,24.4935805724156
Tanzania,2005,36.9592732894013,4.54018649750061,2.77513941065557,27.3958979170045
Tanzania,2006,42.7681664691467,3.59554927104524,2.80055623798532,30.3239644518197
Tanzania,2007,48.0583947796554,3.83493311688827,2.79133312179469,32.6512173460431
Tanzania,2008,49.0265445510865,2.87353898673082,2.70285900109119,37.4895216967723
Tanzania,2009,43.5326006456317,2.70936589724377,2.46693695085578,34.3556768729289
Tanzania,2010,47.6404394295683,3.67041498018565,2.54448522649017,32.0172443063631
Tanzania,2011,56.1661241821809,4.70485004341454,2.79985031213535,34.7360333035223
Tanzania,2012,54.3689490815138,1.53892032694513,2.8799437394168,34.8451015083251
Tanzania,2013,48.6316275295495,3.62722794168234,3.01455736724095,37.470607348423
Tanzania,2014,45.3560223433065,3.51147946313948,3.08040316049107,37.6539665632561
Tanzania,2015,40.7576808778314,2.77038211960942,3.26181042317192,32.7586922845607
Tanzania,2016,35.4204704002636,3.30400665890222,3.40729531415315,32.1747860509655
Tanzania,2017,33.1125919853124,3.23688527604725,3.3414302210835,32.354141404315
Tanzania,2018,32.6426099043737,2.24213027557943,3.15572113764533,38.3765744836496
Tanzania,2019,33.0185892502311,2.71005881950599,2.98060939385811,39.7264057276571
Tanzania,2020,27.9630151969884,-0.998987836780785,2.99305168844906,38.7464874924603
Tanzania,2021,29.9151840074048,1.25401761079502,3.00113934816488,39.6866788606001
Tanzania,2022,35.0034517101994,1.54299792361155,2.95046658393064,41.0677624080732
Tanzania,2023,38.212034806339,2.08099243052513,2.90250073555304,41.0023887360591
Tanzania,2024,41.5131207208244,2.5538482690819,2.87426672866542,39.764568079457
Thailand,1991,78.4711349774175,6.80395089988883,1.62920710678797,42.8413775479448
Thailand,1992,77.9546456926093,6.37902716428354,1.58945961673195,39.9639476511796
Thailand,1993,77.7461171174097,6.59374093147665,1.54362711687309,39.6561466385326
Thailand,1994,81.2489529938277,6.41647263711154,1.47432944245539,40.9077848466695
Thailand,1995,89.7561749368245,6.58833087971311,1.42705987153545,42.8626944049408
Thailand,1996,84.2741479979753,4.20287810846418,1.38103987322343,42.5326887141045
Thailand,1997,95.0517906464755,-4.04196098576827,1.33372170098054,34.2747292641036
Thailand,1998,100.240473732828,-8.8321682116602,1.30564502997303,20.0714955249893
Thailand,1999,100.706288704433,3.26905660525905,1.25409899110086,20.1734050464464
Thailand,2000,121.297955351472,3.28023479514871,1.13127017975852,22.2826056940878
Thailand,2001,120.267966273533,2.39873161764822,1.01584846841136,23.1124372100211
Thailand,2002,114.969743021067,5.13275009732257,0.962026884907362,22.7441937694577
Thailand,2003,116.692819704865,6.19493623168337,0.931947504633534,23.829298673817
Thailand,2004,127.411873720393,5.34116205951062,0.896077275303913,25.6814147024811
Thailand,2005,137.853866832247,3.29537578511341,0.860087894461849,30.4207508630674
Thailand,2006,134.086946191268,4.10011779691514,0.83006330336846,27.0116433930542
Thailand,2007,129.873226989717,4.5949892120282,0.800044180541195,25.4960142904031
Thailand,2008,140.437011540931,0.947280170156503,0.768156179389423,28.2264349517752
Thailand,2009,119.269418854589,-1.42135866699509,0.73854268159594,20.6363983767118
Thailand,2010,127.250522638251,6.79479928649167,0.670617338343587,25.3566546340746
Thailand,2011,139.675407224576,0.215045559628464,0.621807948253872,26.7914582468449
Thailand,2012,137.67493851024,6.58038336266074,0.619591346751357,28.0241657146011
Thailand,2013,132.462274174269,2.08615316028128,0.587325698680648,27.4571011829666
Thailand,2014,130.905495444398,0.45053655380589,0.530129864137193,23.9190195478501
Thailand,2015,124.839662152526,2.65971785318402,0.460976294059414,22.3556406383245
Thailand,2016,120.57522728913,2.96944155296718,0.451266062797186,21.1054892015174
Thailand,2017,120.891427433638,3.73797800283087,0.422963510133952,22.9342956887695
Thailand,2018,120.841864730984,3.90762624173355,0.302929452489855,25.2195901594439
Thailand,2019,109.689514715166,1.90583495758329,0.204609851692418,23.8147525746375
Thailand,2020,97.8007432465178,-6.20637326420599,0.166540794566251,23.7553851722696
Thailand,2021,117.252944620852,1.43062175645008,0.119758274714782,28.6690364408067
Thailand,2022,132.858712082871,2.56894316437668,0.0111485454856964,27.8584292539583
Thailand,2023,128.824114152375,2.06455231923211,-0.0458651887192549,22.4605099910508
Thailand,2024,136.747107022451,2.59107416696065,-0.0480210554154485,21.5809288126556
Timor-Leste,1991,,8.16321368133181,2.33115091847767,
Timor-Leste,1992,,7.55195553736829,2.66750772525115,
Timor-Leste,1993,,7.23725954144756,2.72963814698554,
Timor-Leste,1994,,4.19821471942177,2.76812017321357,
Timor-Leste,1995,,3.77468913704429,2.76234559956866,
Timor-Leste,1996,,5.06129450080917,2.74223228341134,
Timor-Leste,1997,,1.1763426433297,2.75258803206647,
Timor-Leste,1998,,-4.63535853017653,2.7259642618715,
Timor-Leste,1999,,-27.1136472308212,-12.1498964309756,
Timor-Leste,2000,175.648459523834,77.0895736636832,-11.356645253535,33.5311847889519
Timor-Leste,2001,166.743432303288,6.72745528143174,8.63046111911907,30.2100602574471
Timor-Leste,2002,180.403747192172,-13.8014085738351,7.91588252986364,27.9094615155518
Timor-Leste,2003,122.311960519559,-6.20634357279006,4.20086521764908,22.3030813913249
Timor-Leste,2004,107.330836147183,-0.917955727961413,1.3213970309566,17.0930770730948
Timor-Leste,2005,74.6712693208544,0.895492560789137,2.04941163420411,15.7907893078582
Timor-Leste,2006,98.8757187138751,-6.89325901359257,2.93915722136614,12.1372083743395
Timor-Leste,2007,128.760893188042,7.16092800232913,2.85582868913771,18.6637430520559
Timor-Leste,2008,135.250768661926,8.42335661758385,2.7037190705407,31.3273900724289
Timor-Leste,2009,157.686439820937,7.40540253023865,2.52049124930661,48.864062081455
Timor-Leste,2010,134.400510427226,6.72117942930667,2.41648998363508,42.7178116804653
Timor-Leste,2011,140.766344089557,3.52215352261622,2.32623937394203,70.3349362705814
Timor-Leste,2012,128.500488863095,2.58043399760261,2.19848397897983,60.0291209351753
Timor-Leste,2013,79.634121567732,0.985680210416689,2.07630476166789,41.7887778225651
Timor-Leste,2014,82.7357767711716,2.42106373753114,1.98314794878844,43.1474080051201
Timor-Leste,2015,60.0769230184537,0.50481165896521,1.94624234080117,36.9492795233264
Timor-Leste,2016,60.3106239445445,1.06590529631157,1.90525943887907,39.8487595941984
Timor-Leste,2017,58.6347534789983,-4.99167831534328,1.88641549739516,35.6344545611536
Timor-Leste,2018,64.8191803659945,-2.35863567554246,1.91930286555216,35.9232510314811
Timor-Leste,2019,70.6142431890513,21.8272415651768,1.93928707188808,26.7767827713997
Timor-Leste,2020,84.7503102509987,29.2315968537651,1.91159373351817,16.4657019820047
Timor-Leste,2021,99.8599994214434,3.49004182057652,1.80006893139932,14.3998179677712
Timor-Leste,2022,97.6211103607359,-21.6343437136427,1.40884587356384,10.6054855112109
Timor-Leste,2023,89.3046529157582,-19.0224448140371,1.08884743970717,20.4884518790722
Timor-Leste,2024,95.4485021286221,-10.161913982094,1.17433638550192,30.1076519396981
Togo,1991,59.4614554308219,-3.51808811446465,2.87903492173325,37.4254388530191
Togo,1992,49.6550131360584,-6.65824410271924,2.82817980707413,36.6292329480502
Togo,1993,42.7125004415732,-14.5678518231059,-0.619923393390871,7.83623038965214
Togo,1994,57.5643564343816,14.5607335600402,0.367409145018829,33.2638322628292
Togo,1995,55.6017737303644,3.251830754685,4.35317658540081,37.7241690516579
Togo,1996,59.4098688003353,4.86520885642857,3.71683062271981,27.3625391935796
Togo,1997,53.2069014922318,10.8148777243175,3.1642270108889,26.1903864591866
Togo,1998,55.737924512227,-5.03100668335236,2.83523702193122,20.9660389265605
Togo,1999,50.108899621779,-0.374384292236613,2.8265430635721,20.4000271297644
Togo,2000,48.8080041114183,-3.48137743099034,2.75685668978126,29.4974703074911
Togo,2001,51.3941520650307,-1.80051289577126,2.63698635340958,29.3205669194724
Togo,2002,51.609565282441,1.22021333251216,2.54239439953807,30.669067157494
Togo,2003,55.389978417259,4.05045980094252,2.53342165886308,32.0951600439821
Togo,2004,57.8710938708872,-3.48771797818526,2.56650535233,35.5641648807502
Togo,2005,61.4542800128481,-7.08238240739422,2.56701065239466,25.1114080668295
Togo,2006,61.6128604620733,-0.185446239510938,2.80124284070489,19.0238222894344
Togo,2007,61.7740721086659,-4.01253675594127,2.91316321758797,18.7845380616733
Togo,2008,62.3076674472105,1.08763807878243,2.87454303428326,17.0859273927781
Togo,2009,62.210419994299,2.50752980203251,2.83367889670304,14.4916428488121
Togo,2010,66.7974885937104,3.0128532960463,2.72101716624637,15.8404247844887
Togo,2011,77.732312664143,3.00979901078473,2.69461885935872,19.9043015015358
Togo,2012,75.7132085684163,3.54419025979273,2.62923384476283,17.6964729054914
Togo,2013,82.1477877564195,3.14131477096478,2.56796697750519,22.1146688275227
Togo,2014,70.9156517502517,2.98962512799103,2.53448135308774,22.3769666612391
Togo,2015,69.1281378813376,2.84283067512166,2.52060746648904,25.1850151673938
Togo,2016,66.4450409805081,1.62761006802251,2.51398996486491,20.1572457451871
Togo,2017,58.2088602526732,1.44098718199137,2.49897565726694,16.8360654544298
Togo,2018,57.5737388499452,2.23660975297031,2.47179798610782,19.1360002540754
Togo,2019,56.3421740349757,2.39010092347198,2.44351209316794,18.6016944291693
Togo,2020,55.0659513954403,-0.272860217710488,2.41247393684318,19.8105297114895
Togo,2021,56.3775580757321,2.65816955613427,2.37825002957617,21.5046308367343
Togo,2022,61.575092396894,3.82282707918289,2.35270895960531,24.4982811109098
Togo,2023,,3.74285776726366,2.33345506489111,
Togo,2024,,4.17083175833358,2.2413667842624,
Tonga,1991,83.4620679999067,6.20722629218118,0.195395738411958,16.7380346766854
Tonga,1992,72.6308207233457,0.124681393866538,0.127052743972781,17.727819239393
Tonga,1993,67.443522721344,3.65411673840201,0.0809494110412487,18.0935983722022
Tonga,1994,62.9597680826041,4.88651073265973,0.0629153808908238,20.3685217198402
Tonga,1995,71.1192857546477,6.16562631440283,0.0588848817609876,25.9729521011094
Tonga,1996,77.8333565419141,0.0430089681125168,0.0498753127545872,25.903042224632
Tonga,1997,71.850198257484,-0.994486483653645,0.397116207949899,17.3515332881513
Tonga,1998,78.2916318575919,1.57220624694287,0.706716722309235,20.4553114477437
Tonga,1999,60.7775208771412,1.64280890829436,0.646895105662644,19.3034503975617
Tonga,2000,61.508239295468,3.1164781634571,0.616444657597358,20.2585110596869
Tonga,2001,62.4065643935194,0.8921026437352,0.593306428110937,23.4882946134657
Tonga,2002,73.8374093817514,3.84009133315611,0.565742330137992,24.2790513677234
Tonga,2003,73.2160568173731,-0.5132750153019,0.566388827048018,20.4410390934732
Tonga,2004,73.9737151214869,-2.53428308034319,0.579379767566292,20.0226658814699
Tonga,2005,76.2080494394572,-1.22171662108754,0.56941817120878,21.9887117022834
Tonga,2006,66.3549884749532,-2.70155026186355,0.549254886800715,20.8303893305934
Tonga,2007,68.2299182500325,-2.89657717629593,0.444175977594245,20.5428386523307
Tonga,2008,72.6563791156237,4.57476736236848,0.275093040718062,20.3560838021782
Tonga,2009,74.3406648891028,-5.29112664808726,0.170850043659503,24.6640364368878
Tonga,2010,70.7976681214649,0.639458308941471,0.183594875501069,29.15474136719
Tonga,2011,78.8578648859134,6.53506653770044,0.158161636914974,35.2538323322593
Tonga,2012,77.9722872799652,1.02306619626815,-0.102311314323862,36.4235322935616
Tonga,2013,82.731581196292,0.752077131516813,-0.356114444715887,23.4827148315196
Tonga,2014,74.7304245935745,2.43921846288526,-0.438960491824116,22.5969084625018
Tonga,2015,81.3902410936397,1.6036112932528,-0.483301677921251,25.3614845265729
Tonga,2016,87.7771675387955,7.1755196846192,-0.539650395978897,24.6899407124926
Tonga,2017,88.0434937486257,3.36688225938528,-0.159332355407353,27.9030716330403
Tonga,2018,86.1039624323194,0.326899215374226,0.20007307916608,24.5166595302554
Tonga,2019,88.0453900968952,-0.381461325779526,0.09657445504329,27.5971984846829
Tonga,2020,81.8494988890262,1.77247797101046,0.0331168127621577,24.5728729162426
Tonga,2021,68.5461486002269,-0.733960091098751,-0.202657341819835,33.1404848782355
Tonga,2022,70.1272756617234,-1.71112661451836,-0.425589151486705,27.3260198961571
Tonga,2023,79.6239205024045,3.22745653546359,-0.424539964766316,25.9304513697377
Tonga,2024,,,-0.404269322267007,
Trinidad and Tobago,1991,,2.29848572718151,0.792486108298516,
Trinidad and Tobago,1992,,9.27027370604701,0.750088861459708,
Trinidad and Tobago,1993,,-1.35114548259963,0.688993141481666,
Trinidad and Tobago,1994,,2.93412495729879,0.61312700175952,
Trinidad and Tobago,1995,,3.2626377788537,0.528584437291786,
Trinidad and Tobago,1996,,6.66021028344292,0.443666738699283,
Trinidad and Tobago,1997,,7.1187287096166,0.376559274218246,
Trinidad and Tobago,1998,,7.76236764753639,0.335542949338288,
Trinidad and Tobago,1999,,7.65646569196778,0.341570955039463,
Trinidad and Tobago,2000,,6.49101487437005,0.384592207827917,16.7852491790067
Trinidad and Tobago,2001,,3.71328614066861,0.437978261429968,26.7132302680376
Trinidad and Tobago,2002,,7.41453370120124,0.48495379094578,22.6251554450169
Trinidad and Tobago,2003,,13.868403750776,0.501588638492564,25.188354480181
Trinidad and Tobago,2004,,7.41478653453842,0.497078430407533,16.624019381715
Trinidad and Tobago,2005,,10.3839653520046,-3.855661582685,11.363899726627
Trinidad and Tobago,2006,,12.9071459292893,0.26615888493115,17.921380553648
Trinidad and Tobago,2007,,4.33268105297186,0.403209610635395,26.5072464540625
Trinidad and Tobago,2008,,2.96516094023625,0.413435896307233,23.0445264115121
Trinidad and Tobago,2009,,-4.50258208171535,0.116012084682397,31.4254022882359
Trinidad and Tobago,2010,,2.72667409792857,0.579036711567976,23.1421157657785
Trinidad and Tobago,2011,,-1.06803812728484,0.778994109506155,21.8928313859828
Trinidad and Tobago,2012,,6.13730928249969,0.538824146577348,20.8107387973003
Trinidad and Tobago,2013,,2.95466061754502,0.400859959050308,20.7680433910262
Trinidad and Tobago,2014,,3.3020638436403,0.356379989236334,19.6970291308161
Trinidad and Tobago,2015,,-0.725356979544244,0.32088962269951,25.510909120035
Trinidad and Tobago,2016,,-7.82511237114002,0.312772812072739,19.554532751341
Trinidad and Tobago,2017,,-5.06473832096466,0.202027127649021,20.9091101135151
Trinidad and Tobago,2018,,-1.13201603020309,0.18852465203732,22.9190828412
Trinidad and Tobago,2019,,0.114767755861862,0.351942101931713,20.9735100285165
Trinidad and Tobago,2020,,-8.97165770967038,0.200680476473799,20.515037518445
Trinidad and Tobago,2021,,-0.777215541824603,0.0609300519200696,20.2761339028349
Trinidad and Tobago,2022,,0.990715463329252,-0.128266918103601,17.1792577387006
Trinidad and Tobago,2023,,1.33995194217194,0.124756950526578,18.9857170569527
Trinidad and Tobago,2024,,2.44755276913735,0.0601642729371072,
Tunisia,1991,85.6860202181431,1.73746449049477,2.10770264279961,25.9884610268688
Tunisia,1992,86.0000875541741,5.56226775420092,2.10298061493524,29.1942097506165
Tunisia,1993,88.4109677419355,0.166338940851446,1.99999574167744,29.2395826229285
Tunisia,1994,92.8043860425704,1.34172547583501,1.79614120435734,24.6442980181866
Tunisia,1995,93.7144465686907,0.756163865617296,1.57112483149253,24.7006181165625
Tunisia,1996,85.7203547620671,5.61085297467285,1.44320056827616,25.0137677472819
Tunisia,1997,80.5007104439621,4.02139832385444,1.35543878502605,24.4588857797885
Tunisia,1998,79.9794582620079,3.46159826406904,1.26983091069473,24.9171281844729
Tunisia,1999,77.9051139411665,4.79928371775667,1.19074438326818,24.6202573505096
Tunisia,2000,82.639110670191,3.54145974209786,1.12222559070037,25.8988088362201
Tunisia,2001,89.5522011944661,2.6947331733366,1.06692195988269,26.1793463195827
Tunisia,2002,85.3421759692656,0.287760873614303,1.02654008179225,23.8112895578277
Tunisia,2003,82.390340709916,3.66160593216975,0.999023084325491,23.3233069103163
Tunisia,2004,86.9253446966283,5.24794746880204,0.934209359397325,23.3018782908712
Tunisia,2005,90.2512478803945,2.58534081098441,0.874656405933051,21.6794440065917
Tunisia,2006,93.9409304094309,4.31907482857264,0.8828182844401,23.449499739926
Tunisia,2007,104.059400976647,5.73567938504127,0.916799634880203,23.6821787042886
Tunisia,2008,114.343660218696,3.23983058347032,0.961991588143559,25.52358104832
Tunisia,2009,93.0168787876722,1.99812423215356,1.01963219046734,24.2886504468516
Tunisia,2010,100.151009836799,1.86835635362381,1.07673286637757,25.8362686991415
Tunisia,2011,100.106379304237,-3.1268978636142,1.10896127086771,25.0372425723868
Tunisia,2012,101.550723929668,3.04657312459409,1.12911133130148,26.0970264685305
Tunisia,2013,98.9549566862038,1.2189966874892,1.18925109300243,23.8678486722665
Tunisia,2014,96.1071038558701,1.87486431059185,1.18603354474404,23.8646110150307
Tunisia,2015,87.2485306596052,-0.165402101671091,1.12871973379756,21.7389997127019
Tunisia,2016,87.0926643641466,0.00849827158573646,1.10253911569433,20.4750075823644
Tunisia,2017,95.8091979825804,1.18340493178839,1.05116025482594,21.294559927067
Tunisia,2018,103.871824260635,1.60391587948506,0.982378425356264,22.9635661213165
Tunisia,2019,102.332614725789,0.613127731689971,0.926946081730267,19.803398083912
Tunisia,2020,84.3333297071767,-9.72752601384167,0.830022185577052,12.6882289097848
Tunisia,2021,93.6334140664079,4.08785924151975,0.620790374510459,15.8458804086219
Tunisia,2022,116.095794384146,2.15276458662672,0.585173208533683,16.6738021219912
Tunisia,2023,112.128858013354,-0.481913639518325,0.666925034776371,8.20796640437897
Tunisia,2024,106.298549204247,0.979801739421518,0.626519256572759,7.85819532475466
Turkiye,1991,30.4760116733895,-1.03629423936702,1.75939857025913,22.7120396231239
Turkiye,1992,31.737365644504,3.26017406696464,1.70479077867469,23.3622714401738
Turkiye,1993,33.0170877754618,5.81013070866136,1.72507084421117,26.6156090890252
Turkiye,1994,41.7458523409412,-6.31116935299956,1.73850114428048,21.3205329264016
Turkiye,1995,35.9924804952774,6.12697954474808,1.63671354378767,27.4023252690356
Turkiye,1996,39.6477180344549,5.55499104784674,1.5070440949697,29.0861159032907
Turkiye,1997,42.7610666826994,5.81746162836372,1.44522126567333,27.0279861254657
Turkiye,1998,40.3769887377902,0.499222307705665,1.39260558297453,25.2997631419224
Turkiye,1999,37.6665043273244,-4.33986843724782,1.33651905329422,21.5049637841958
Turkiye,2000,42.3746746988077,5.62145840894716,1.28297648712556,24.011318241332
Turkiye,2001,49.9447830679013,-6.62846843803128,1.2442785656482,19.6143621979648
Turkiye,2002,48.1026101234402,5.15974085311868,1.20587153637377,21.525989356389
Turkiye,2003,46.3681553387846,4.57792705344551,1.16094416683032,22.8567811256469
Turkiye,2004,48.9934575435266,8.70602046453412,1.11548254617054,25.167773403717
Turkiye,2005,46.3088308846211,7.95177362643042,1.06864181704433,27.5674708715615
Turkiye,2006,48.9456766641314,5.97350417809075,1.02715519431982,30.1577149171837
Turkiye,2007,48.027468179713,4.93924794926627,0.160856263475951,29.5493413273707
Turkiye,2008,50.7612500066681,-0.349081731358567,1.26560336535681,29.7262007474574
Turkiye,2009,47.0391385732199,-6.18658127732729,1.3803027157145,23.6948756749495
Turkiye,2010,46.9433366709891,6.90544093016851,1.51943093763293,28.4520777825517
Turkiye,2011,53.651583897618,9.36292358017863,1.46777416449143,31.958286232969
Turkiye,2012,53.3277612968607,3.48010432023058,1.27471801981307,29.421538205313
Turkiye,2013,53.0683530043043,7.10372830173409,1.28441474668,31.3649431990856
Turkiye,2014,54.30677404128,3.19911298885714,1.3490889002021,30.2115390664919
Turkiye,2015,51.8749252596832,4.4033792666971,1.33411577030414,30.062899150791
Turkiye,2016,48.870183807987,1.9428315705164,1.34542593504869,29.8288300175216
Turkiye,2017,56.1356585158689,6.43664614092381,1.29675571220462,32.7946921972451
Turkiye,2018,62.8251323851165,2.07704135618785,1.35360298648434,31.3408009091416
Turkiye,2019,62.5784589326239,-0.136378469205951,1.42969688109789,27.5058303832163
Turkiye,2020,60.389853117297,0.819957444576985,0.970386031353162,34.1540560799477
Turkiye,2021,69.6088976086437,10.797736075363,0.910444902564511,34.3761444701623
Turkiye,2022,79.8982722314341,4.40815937187469,0.984586244469359,38.602139717568
Turkiye,2023,65.6832084738667,4.61909774991381,0.406389351118662,34.5882765114043
Turkiye,2024,54.5988061195916,3.09479882124933,0.225580501096507,30.7311559549208
Turkmenistan,1991,66.1016949152542,-6.9637748965612,2.50344724262282,45.7627118644068
Turkmenistan,1992,105.3125,-16.8801033284759,2.27672304793338,
Turkmenistan,1993,146.067864271457,-0.70795577280451,2.19933509118075,36.9261477045908
Turkmenistan,1994,170.258027522936,-18.9924697404977,2.06791726669577,
Turkmenistan,1995,168.179524539877,-8.85049827300539,1.79451640950769,
Turkmenistan,1996,152.516129032258,4.88281215588242,1.7177432660259,49.4207741935484
Turkmenistan,1997,103.690369036904,-12.8895821438518,1.69553703429869,38.6768676867687
Turkmenistan,1998,96.3201143265452,5.30847915925526,1.68690409367485,45.4948195784209
Turkmenistan,1999,90.4761904761905,14.3821501150928,1.83462323809047,39.6709050112191
Turkmenistan,2000,103.580317825005,3.38607015598539,1.99474439724003,34.7386559448593
Turkmenistan,2001,81.9858549438358,2.27429126448536,2.00333203545625,31.7126612120372
Turkmenistan,2002,63.7046861184792,-1.71993686168285,1.99174937358472,27.5596816976127
Turkmenistan,2003,63.201750694386,1.26454237644147,1.95992500636987,25.4187357966501
Turkmenistan,2004,59.3199674884855,3.00488650007382,1.91878016561315,23.0536196152804
Turkmenistan,2005,53.9723419741336,10.9273057666726,1.88138831359517,22.9195946475561
Turkmenistan,2006,52.4473010022922,8.92835366680281,1.85993465591178,19.5019564924266
Turkmenistan,2007,56.2777777777778,9.00626645930463,1.86589170971238,18.6
Turkmenistan,2008,94.7240751970891,12.5329864814578,1.90736323009162,31.7
Turkmenistan,2009,104.95217927132,4.02604918231428,1.97407060173285,46.6
Turkmenistan,2010,96.8630558404027,6.98701634742274,2.0473578649564,51.8808271961717
Turkmenistan,2011,111.062833823441,12.2971678479084,2.11713816000684,51.9318442057253
Turkmenistan,2012,109.333652637251,8.70665885774136,2.17776450077759,47.2
Turkmenistan,2013,98.5928226795449,7.77319736128649,2.22679030905497,
Turkmenistan,2014,91.0934829576602,7.83190052629024,2.26303880447268,
Turkmenistan,2015,81.2999305660859,4.09291832714018,2.28610385900461,
Turkmenistan,2016,62.0460846966262,3.79096200658724,2.2945212778352,
Turkmenistan,2017,53.5753567069955,4.09374782222559,2.28530711165221,
Turkmenistan,2018,50.9002726399821,3.83102484770528,2.25592915498978,
Turkmenistan,2019,44.2857594037204,3.98119112698603,2.20552575085177,
Turkmenistan,2020,35.9365938526967,3.67579761156229,2.12265535789649,
Turkmenistan,2021,33.0581170797482,4.07165530742274,2.02444537373143,
Turkmenistan,2022,37.3609509597775,4.17079684424029,1.92922787802207,
Turkmenistan,2023,34.0992738017257,4.36243135913014,1.83970100027524,
Turkmenistan,2024,28.7346076303052,4.45469950237209,1.75064111797897,
Turks and Caicos Islands,1991,,,5.14430093946209,
Turks and Caicos Islands,1992,,,5.26333144853333,
Turks and Caicos Islands,1993,,,5.09539924209708,
Turks and Caicos Islands,1994,,,4.97387455535085,
Turks and Caicos Islands,1995,,,4.8179136428359,
Turks and Caicos Islands,1996,,,4.62814202658333,
Turks and Caicos Islands,1997,,,4.44765833441677,
Turks and Caicos Islands,1998,,,4.33379386351613,
Turks and Caicos Islands,1999,,,4.24845670602461,
Turks and Caicos Islands,2000,,,4.20351344193977,
Turks and Caicos Islands,2001,,,4.41778096843734,
Turks and Caicos Islands,2002,,,5.084110798197,
Turks and Caicos Islands,2003,,,5.34102926307635,
Turks and Caicos Islands,2004,,,5.06579381753678,
Turks and Caicos Islands,2005,,,4.83400403777914,
Turks and Caicos Islands,2006,,,4.62300559145202,
Turks and Caicos Islands,2007,,,4.4643842476665,
Turks and Caicos Islands,2008,,3.70447487476251,4.31003259671228,
Turks and Caicos Islands,2009,,-22.8174275175901,4.1459119693161,
Turks and Caicos Islands,2010,,-2.92353368570767,3.94722663611378,
Turks and Caicos Islands,2011,,0.865882697036824,3.65477665825526,
Turks and Caicos Islands,2012,,-6.54753243910046,4.06897157854252,
Turks and Caicos Islands,2013,,-3.51219274120511,4.64054070760549,
Turks and Caicos Islands,2014,,4.37835200669825,4.06734083176964,
Turks and Caicos Islands,2015,,6.58611583730091,4.34092296180069,
Turks and Caicos Islands,2016,,2.46456149346457,4.56566213237616,
Turks and Caicos Islands,2017,,67.5979946960904,4.08606209437612,
Turks and Caicos Islands,2018,,2.52456646348665,4.04120189777229,
Turks and Caicos Islands,2019,,1.07340727929571,3.79390439929271,
Turks and Caicos Islands,2020,,-35.6362101547339,2.78709560637585,
Turks and Caicos Islands,2021,,27.1739181653097,1.91238576461203,
Turks and Caicos Islands,2022,,12.5841107323701,1.32618037626777,
Turks and Caicos Islands,2023,,12.8670493869653,0.762674129802692,
Turks and Caicos Islands,2024,,4.87181797375062,0.726821053031156,
Tuvalu,1991,,2.10053706362609,1.46679827124271,
Tuvalu,1992,,1.53776356935819,1.22455053501328,
Tuvalu,1993,,3.10690611589052,0.968957151612279,
Tuvalu,1994,,9.31314182840417,0.883658180049794,
Tuvalu,1995,,-5.75172304445364,0.789748249240041,
Tuvalu,1996,,-6.58547612978641,0.665881528180704,
Tuvalu,1997,,9.3245589994677,0.618932719604204,
Tuvalu,1998,,14.8778924542227,0.541086673696092,
Tuvalu,1999,,-2.03034363495608,0.475010129444783,
Tuvalu,2000,,-1.46854206811803,0.504202748824808,
Tuvalu,2001,,-0.43813895263925,0.43910159418246,
Tuvalu,2002,,9.10269542712648,0.385236563682417,
Tuvalu,2003,,-5.05818777047784,0.745422232035146,
Tuvalu,2004,,-3.47739312439801,1.24034187139951,
Tuvalu,2005,,-5.84062514622619,1.25533132598724,
Tuvalu,2006,,1.25734908900401,1.16024506194636,
Tuvalu,2007,,5.81698796194968,1.24519841921979,
Tuvalu,2008,,5.23011336110841,1.3559199103652,
Tuvalu,2009,,-7.50466016633209,1.34734017778276,
Tuvalu,2010,,-3.63168142704605,1.45198280440794,
Tuvalu,2011,,5.17330072524878,1.55186810751479,
Tuvalu,2012,,-3.50614324243331,1.41846349919564,
Tuvalu,2013,,3.71231073854945,0.610897728449108,
Tuvalu,2014,,0.154770575382372,-0.154650929162867,
Tuvalu,2015,,10.6281735534677,-0.1913701773267,
Tuvalu,2016,,5.97938856186022,-0.301466450395575,
Tuvalu,2017,,3.02336313631166,-0.559660160739733,
Tuvalu,2018,,2.5000826037985,-1.09159270779589,
Tuvalu,2019,,15.650825095542,-1.59388335810663,
Tuvalu,2020,,-2.59958228889671,-1.73502922439289,
Tuvalu,2021,,3.8514037023984,-1.99103357602457,
Tuvalu,2022,,2.71261925845695,-2.00145390945735,
Tuvalu,2023,,5.71488075368194,-1.77710654146662,
Tuvalu,2024,,,-1.74703857618302,
Uganda,1991,29.4022018591267,2.14720744383359,3.28085919198602,15.1712651209099
Uganda,1992,33.0521440510063,-0.0452355171633343,3.40647506748478,15.9389277365969
Uganda,1993,28.2398345380313,4.64880550066493,3.4537864825563,15.2457864755434
Uganda,1994,27.8393598574633,2.89205348201035,3.35593325916572,14.6818263424744
Uganda,1995,32.62314586277,8.51809025515809,2.73161443108009,12.4120253617356
Uganda,1996,35.3854868820104,6.16502322616066,2.70145587024081,20.1726894202289
Uganda,1997,34.1585669652784,2.09696413485794,2.8989305129642,18.1785564881152
Uganda,1998,30.043921931244,1.83132276374145,2.97399633980632,16.4471450744691
Uganda,1999,36.0247101570245,4.60903573362658,3.24006928294857,19.5491206383786
Uganda,2000,32.7490333383822,-0.0506112736721605,3.14418360294887,19.483821715744
Uganda,2001,35.3299767819725,2.01473762716464,3.05906863525199,19.3020594186146
Uganda,2002,36.2777941561831,5.38039055287112,3.13158750187579,20.2174228036338
Uganda,2003,36.5857264641268,3.163140555198,3.15822372497188,20.9841415782684
Uganda,2004,35.4600862456436,3.65117760961586,2.99944519470383,20.1456899167115
Uganda,2005,38.9942854839061,3.25713954596638,2.93492118829227,22.355145856388
Uganda,2006,43.6332857896204,7.58857752601207,2.92745935131587,21.130370024996
Uganda,2007,46.7774166522822,5.27037575377261,2.94106654284048,22.0830552692819
Uganda,2008,56.2582682050634,5.5545038560267,2.9444861420196,22.9777738426393
Uganda,2009,47.0638780748379,3.70592159085399,2.94129171098808,26.6160387564841
Uganda,2010,38.2692490371291,2.57308463341826,2.9438913354304,27.1039553534011
Uganda,2011,39.7552255606122,6.23090993981926,2.93194913680129,26.7549805283512
Uganda,2012,43.5021371397314,0.865151267915266,2.90422608403173,26.1771756452378
Uganda,2013,43.1091548734687,0.656669463732158,2.86955163863091,31.9739798099079
Uganda,2014,36.0144010819085,2.04948459267207,2.95144499872136,26.853454663727
Uganda,2015,37.6892983324358,2.00429943099081,3.07329293941893,23.8597944507535
Uganda,2016,31.2093620232119,1.35743312909598,3.32192491389275,25.4152882648293
Uganda,2017,36.8370529334101,-0.406390812740796,3.49059590870242,24.6140426859449
Uganda,2018,36.6384055999567,2.75300382511665,3.39741097582772,24.3285989781833
Uganda,2019,39.3610539647435,2.88958690241905,3.39132142318772,25.5294607796946
Uganda,2020,37.0006923916369,-0.423922683361482,3.33341751069644,24.2159505553913
Uganda,2021,41.7136307424781,0.258075577364949,3.21773661761443,24.0863683469285
Uganda,2022,34.5053019270937,1.48927085105888,3.00759449042677,24.201342621546
Uganda,2023,33.3416963302219,2.42759459782118,2.80083228962433,22.8160132458418
Uganda,2024,42.6527889088562,3.17493921238938,2.75373170025335,22.3995184838424
Ukraine,1991,50.133779264214,-8.90451869290497,0.224262872730958,26.3879598662207
Ukraine,1992,45.9686071925293,-10.1629691607265,0.292283164777446,34.4506258692629
Ukraine,1993,52.0688190027854,-14.2433546055169,0.0505475129812724,36.2925144834191
Ukraine,1994,73.9440042067872,-22.4941466864469,-0.525019256069775,35.3314464818416
Ukraine,1995,97.2296964841051,-11.5024738356575,-0.791314942324349,26.6832084718696
Ukraine,1996,93.8566450766079,-9.22795603769922,-0.854165873072084,22.6707881598155
Ukraine,1997,84.2414161623735,-2.16111095277036,-0.861119151410882,21.4459381995394
Ukraine,1998,86.0497284415116,-1.10718093619529,-0.804922047186478,20.8172104334604
Ukraine,1999,101.951706965548,0.605336123329252,-0.803711705470069,17.5129546465096
Ukraine,2000,115.735714934593,6.79706549402465,-0.843515300409476,19.8037790697674
Ukraine,2001,99.9261276192731,9.79657550011422,-0.911802334090355,21.8131881141234
Ukraine,2002,95.994669810112,6.26926483071821,-0.878622609109747,20.1906567921482
Ukraine,2003,102.590182257396,10.337484498259,-0.746752569088852,21.9426366930468
Ukraine,2004,109.981708544962,12.5773931558428,-0.697090406399135,21.0958651242924
Ukraine,2005,94.6475701087848,3.92453428899148,-0.824471243376951,22.5065325534357
Ukraine,2006,89.181052639031,8.26961304502665,-0.646951976746368,24.5427579298359
Ukraine,2007,88.0465606718626,8.71227296398449,-0.457691249751745,27.781165374794
Ukraine,2008,94.1718921417534,2.77550904646171,-0.518999631278387,27.3925913814733
Ukraine,2009,87.4761626200316,-14.7807201233911,-0.418318079718443,17.0684087928518
Ukraine,2010,95.72973045329,4.46782513515676,-0.360396778842802,18.3723680042121
Ukraine,2011,104.805073904259,5.78262206521443,-0.319413470604977,20.4440036822421
Ukraine,2012,102.622788356626,0.364275557578679,-0.211412120058561,19.6146792260413
Ukraine,2013,94.0016694501782,0.226082936004985,-0.180396113217713,16.4257610216877
Ukraine,2014,100.691782483624,-5.08846879597155,-0.335269423483557,13.3964957165318
Ukraine,2015,107.806616298156,-9.27686663817931,-0.40865263025121,15.9333160342442
Ukraine,2016,105.521204913122,2.94151228987063,-0.36774838525265,21.7241623615989
Ukraine,2017,104.034982911399,2.86027869650954,-0.397112648136029,19.9647326419625
Ukraine,2018,99.1998150718675,4.09937975447431,-0.501151978990809,18.5883388544006
Ukraine,2019,90.5112342910763,3.87284698333255,-0.557746010589576,14.8903574828309
Ukraine,2020,79.1564523761815,-3.08458576352871,-0.619037730087783,8.93229932738453
Ukraine,2021,82.69796136345,4.41050883289091,-0.857231073467664,14.4674526848937
Ukraine,2022,87.3965139907244,-22.7456813021158,-7.61932022603164,12.1132886209386
Ukraine,2023,77.5096141935657,15.4480219876898,-8.42300777431605,18.0705046393604
Ukraine,2024,77.7530113300514,2.53118166051888,0.33702862573394,18.6430287599957
United Arab Emirates,1991,,-4.58878497796955,5.55380997102418,
United Arab Emirates,1992,,-1.93799997086113,5.24724401080608,
United Arab Emirates,1993,,-3.63136091579908,4.95223997523987,
United Arab Emirates,1994,,2.02491526781941,4.66407380953512,
United Arab Emirates,1995,,2.02215215126262,4.4717655242434,
United Arab Emirates,1996,,-0.836570707044856,6.47661448989632,
United Arab Emirates,1997,,-0.251832471408235,8.12439404457886,
United Arab Emirates,1998,,-7.06429544482174,7.61779694622865,
United Arab Emirates,1999,,-4.20539217851939,7.15727575370797,
United Arab Emirates,2000,,3.63193280286305,6.73568170124179,
United Arab Emirates,2001,89.8645799289427,-4.86457732769431,6.37626894621745,22.5025971503274
United Arab Emirates,2002,93.0716588147781,-3.6045063779694,6.07539320463732,22.5456815521944
United Arab Emirates,2003,102.300169490783,2.68556331171168,5.78447695225097,22.1297618369823
United Arab Emirates,2004,116.622612523831,3.71551069282259,5.48794157690806,19.9785190602061
United Arab Emirates,2005,119.552871642254,-0.445687772577529,5.18764431874288,20.1668488058722
United Arab Emirates,2006,119.470669577786,2.28744303095432,7.12134410320015,19.2703996822451
United Arab Emirates,2007,136.798152865771,-8.10764986229219,11.5899798855336,25.1991828204692
United Arab Emirates,2008,148.513544025723,-7.90935166190489,11.3816344065238,25.0980915438506
United Arab Emirates,2009,153.461944358373,-10.9561860264524,6.2188003600278,31.6335487625593
United Arab Emirates,2010,135.485709128426,-0.804617484632146,2.39801204084647,28.9193053739198
United Arab Emirates,2011,144.176786868982,3.21040480797836,3.35932096341285,24.7738271342481
United Arab Emirates,2012,156.637694501481,0.619829719966987,3.95899214220379,23.421423689147
United Arab Emirates,2013,157.398083989641,0.805452996724028,3.99911978796443,21.1407254569336
United Arab Emirates,2014,159.515615057764,-0.124078023674471,4.65292210905658,22.1222022367368
United Arab Emirates,2015,164.286182737903,1.47473600077311,5.38380162241984,21.643204001152
United Arab Emirates,2016,165.39501917458,0.574841518832997,4.93046894788046,20.9292537892622
United Arab Emirates,2017,165.476542469815,-4.15218113866617,3.17379785893425,20.6035948096274
United Arab Emirates,2018,154.747005019293,0.195794810557288,1.32986873264335,21.1611309818493
United Arab Emirates,2019,163.822152944853,0.209030520233554,1.0545163442516,23.185328258013
United Arab Emirates,2020,181.29188817064,-8.258825738052,-0.474850154644905,22.8266562576
United Arab Emirates,2021,182.909355066597,2.65160401509495,1.83513009029147,25.3830049451598
United Arab Emirates,2022,185.741660982819,2.18063316393284,5.08834153373914,26.058486930344
United Arab Emirates,2023,199.044979237546,0.234354339957449,3.97717097504667,26.6386707861598
United Arab Emirates,2024,,-0.766018786578641,4.68316095317394,
United Kingdom,1991,45.3156600809302,-1.59721933146524,0.309247932319381,20.0945518746354
United Kingdom,1992,46.3059467099097,1.0211660302119,0.270431182081877,19.3151113557582
United Kingdom,1993,49.7481967801462,3.24267090591322,0.239745439286479,18.8481723359341
United Kingdom,1994,51.886107010773,4.6865535618182,0.254586486858912,19.8743554715806
United Kingdom,1995,50.8300766971451,3.25985802369149,0.264547416858702,18.9204616566911
United Kingdom,1996,52.0576088895797,2.35396378671228,0.254626384215086,19.1254683349223
United Kingdom,1997,50.7045618383811,4.61021097170145,0.257553323280351,18.297638385084
United Kingdom,1998,49.1409088914683,2.94588672989829,0.291406085432392,18.7986884775091
United Kingdom,1999,49.4683905163429,2.60180734515576,0.333405882184416,18.5387402828054
United Kingdom,2000,52.3380212335903,4.15158061382745,0.357300887421605,18.9469377484139
United Kingdom,2001,52.6342367336438,1.9975992432021,0.384975969564228,18.7962716702215
United Kingdom,2002,51.2361820991323,1.27936543722539,0.423337079636281,18.6991795058955
United Kingdom,2003,50.0681187039704,2.73900554436896,0.465641113602993,18.3223472121232
United Kingdom,2004,50.2885521756133,1.74549468873848,0.568943113421317,18.1006116145736
United Kingdom,2005,52.5442740383211,2.08729988072291,0.68661130607346,18.4132680657531
United Kingdom,2006,56.7047791729812,1.4414302818718,0.73504867842129,18.909666594501
United Kingdom,2007,52.7493524964733,2.13253558466515,0.778666112441256,19.1749332518758
United Kingdom,2008,56.4365501052604,-0.832967942760902,0.787032622318939,18.2886587771819
United Kingdom,2009,54.6537301085991,-5.30637777763782,0.756390859593407,15.9866102776379
United Kingdom,2010,59.0511802227821,1.46206947680976,0.783888646646516,16.6181160375508
United Kingdom,2011,63.3240615708901,0.0663488911998797,0.781506562236639,16.491680863741
United Kingdom,2012,61.9688704472535,0.807661642969506,0.712282568284022,16.5145890011547
United Kingdom,2013,61.7195395154583,1.03970154694078,0.669537112028056,17.1697393956196
United Kingdom,2014,58.8210228333296,2.39229911882015,0.747135714780007,18.4324178455585
United Kingdom,2015,57.125044605439,1.40598896714546,0.721624002974263,18.4755209500336
United Kingdom,2016,59.8395315138259,1.39799087279013,0.79421971482011,18.5956388685899
United Kingdom,2017,63.1899245764158,2.46254947655839,0.545706020084833,19.1317371265417
United Kingdom,2018,64.9097721959201,1.05651160071312,0.488451313281444,18.8761161911788
United Kingdom,2019,65.0035664177054,0.736576132017404,0.514596380840432,19.0285140310906
United Kingdom,2020,59.1598893030611,-10.2001887936603,0.169447088341033,18.2807146353402
United Kingdom,2021,58.53838629291,8.15420782581518,0.358937930235741,18.8987416108827
United Kingdom,2022,69.1989264413981,4.18537017111771,0.921336799385098,18.3468561370256
United Kingdom,2023,64.9923841747803,-1.02837368059031,1.30497972307431,18.4594014019513
United Kingdom,2024,62.8401605267118,0.0541839994899789,1.0659564474212,19.1197244388535
United States,1991,19.7864481240974,-1.43424757841728,1.33626074073779,20.1106050230516
United States,1992,19.9505945023923,2.09666863144402,1.38688569247935,20.0775819985715
United States,1993,20.0446187019752,1.40572318704217,1.31867999977741,20.39362787431
United States,1994,21.0554591617453,2.76110897028734,1.2262960888682,21.2790967659069
United States,1995,22.4533816490568,1.46892916699841,1.19078709090209,21.2726491406982
United States,1996,22.6870719902412,2.57246399944282,1.16341161998189,21.7018149855781
United States,1997,23.4283210916839,3.19716560770618,1.20396029701272,22.4097090800901
United States,1998,22.8258909523693,3.27222984199015,1.16571452642589,22.9583331986162
United States,1999,23.3135637046602,3.59198037193539,1.14834004729055,23.4191271539738
United States,2000,25.1029953595813,2.92586254370109,1.11276899679534,23.6783758995788
United States,2001,22.967181335596,-0.0387319237247254,0.989741382223669,22.1767205993556
United States,2002,22.2863741094897,0.7612368560753,0.927797485710314,21.7226504088227
United States,2003,22.6273130062789,1.91588247508415,0.859481712840946,21.7456431157622
United States,2004,24.4480622643257,2.89111091581917,0.925483968943482,22.652150581142
United States,2005,25.6385530316517,2.53411070482159,0.921713167161207,23.3757146806707
United States,2006,26.9752780973197,1.79819874456308,0.964253917136075,23.5375233223135
United States,2007,28.0120176822667,1.03834382130532,0.951055242772428,22.5575778342408
United States,2008,29.8677957945319,-0.828888119464764,0.945865287282592,21.0374941906914
United States,2009,24.7595311689876,-3.42683193789478,0.876651298802912,17.7687557814347
United States,2010,28.2198952346731,1.82992369379657,0.846129865832117,18.6722216698461
United States,2011,30.8424862411943,0.762796405429199,0.79239433316435,19.0335432552974
United States,2012,30.6818353657295,1.47570596897309,0.79838290137163,19.950723147015
United States,2013,30.0079539684645,1.34816252731798,0.756560083436754,20.4246273846192
United States,2014,30.0044781614855,1.71094543857326,0.796023797809134,20.969620342419
United States,2015,27.8235649187872,2.12741138123612,0.797904713382564,21.5198755166573
United States,2016,26.6079620604584,1.02266589117943,0.785625485688815,21.0106376645574
United States,2017,27.3130208877206,1.75014094923958,0.692906252591617,21.3021477015707
United States,2018,27.6103792720958,2.36444249943987,0.586433075122573,21.6987608435503
United States,2019,26.4537594940475,2.05676590328193,0.515108555014533,21.8309630674538
United States,2020,23.4015629969394,-2.56180738534749,0.408427566758519,21.7174460747964
United States,2021,25.6095576621932,5.88834103890834,0.157317408951545,21.6682502425803
United States,2022,27.3139397355363,1.92386172918107,0.575744520494521,22.2944256402277
United States,2023,25.2903297883366,2.03559987540991,0.83149318773707,21.8792709647143
United States,2024,25.3786342507088,1.79419235153047,0.976421684505429,21.8410127699649
Upper middle income,1991,32.1626602125751,1.5672548600874,1.51247540561419,26.1029708232645
Upper middle income,1992,36.1563605282626,3.0854020005461,1.40441476386464,26.6934368990762
Upper middle income,1993,38.4550433409066,4.54533343533087,1.30739208379772,27.2104968560043
Upper middle income,1994,39.2887254975992,4.24235443826962,1.25486556115804,27.4136057153011
Upper middle income,1995,39.3055736293408,3.20489762744056,1.2185145027514,26.4530294453441
Upper middle income,1996,38.8577115954794,4.98043878358567,1.19226307293947,26.6610837245068
Upper middle income,1997,40.9253319396083,4.87512184275288,1.16393703268586,25.5764362184369
Upper middle income,1998,42.0757681517331,1.82521651941501,1.11783507429108,24.7989878895802
Upper middle income,1999,41.9895383903132,2.17071376775012,1.05486611036966,24.0820414620849
Upper middle income,2000,47.1823474943021,4.95337561227957,1.00921793611471,24.6083181619435
Upper middle income,2001,46.5010655557084,2.47556997182117,0.958818558410288,25.1723704526382
Upper middle income,2002,48.8308594289528,3.92750453778092,0.897792802154781,25.8856617464543
Upper middle income,2003,54.0413079679727,5.0244627558034,0.869155962789881,27.5915623725516
Upper middle income,2004,59.3494212601276,6.95601119213929,0.869654478922375,29.1338843026729
Upper middle income,2005,60.8011770145163,6.65616673138665,0.863485642969324,28.5468505235076
Upper middle income,2006,61.5280610647733,7.73220783240116,0.824386652978004,29.0352359423828
Upper middle income,2007,59.7632633960464,8.61162647780075,0.752460958512945,29.9888722347658
Upper middle income,2008,58.2503689563174,5.4661097089224,0.800097287009485,31.8289613848258
Upper middle income,2009,48.1119418220704,2.69734173400471,0.812950150647403,32.609411213366
Upper middle income,2010,51.7572368823425,7.67784718481796,0.798255018018448,33.8943674288794
Upper middle income,2011,53.1476528157562,6.03565946240623,0.823344491997743,34.4651272205824
Upper middle income,2012,51.7870217514451,4.82499029491701,0.906967733816151,34.7505580642778
Upper middle income,2013,50.3500252988917,4.70396484061297,0.915957203261257,35.3479667239225
Upper middle income,2014,49.0484726298494,4.07349611357411,0.873451577178723,35.3757267422505
Upper middle income,2015,45.5281569598987,3.64522902064131,0.830608839693522,34.6688597472868
Upper middle income,2016,43.6191177262139,3.73735608309609,0.795561604174454,34.2367640103991
Upper middle income,2017,44.7327115720683,4.52333824410101,0.800586206483316,34.4108444426956
Upper middle income,2018,46.5311022437582,4.13658309435006,0.745062564115356,35.4651928596494
Upper middle income,2019,44.6140731594082,3.50854538115179,0.666110611947599,35.0041443773449
Upper middle income,2020,42.6567911287372,-0.912965696976485,0.536733852008647,35.7316260244866
Upper middle income,2021,47.6181805542543,7.27565155283803,0.398949427804185,36.4842947285075
Upper middle income,2022,50.7033867956823,3.19270382977793,0.253684711043361,35.8470921491672
Upper middle income,2023,46.8657180267541,4.36253868088723,0.213509142909735,34.4989010145773
Upper middle income,2024,47.32254661857,3.85362366219807,0.313313419354961,34.1139307117567
Uruguay,1991,38.5549047407092,2.94354443405069,0.576577815081659,15.1253447103372
Uruguay,1992,40.0730436292529,7.33522697716671,0.554068643934089,15.3848955969299
Uruguay,1993,38.6849667589585,2.11624610972325,0.528682164061756,15.6412955091165
Uruguay,1994,40.1488337195203,6.72380888757364,0.52104822142472,15.8716341305374
Uruguay,1995,38.0976748425287,-1.96071762661492,0.522015798423953,15.4077114197278
Uruguay,1996,39.5284364552889,5.02200077420791,0.527975679567825,15.2402122742298
Uruguay,1997,37.706397080707,7.97449289236334,0.529453063948236,16.8452933890758
Uruguay,1998,35.6400154006956,4.00473000143258,0.493144265488424,17.3375780810385
Uruguay,1999,33.3864489469027,-1.96688389558119,0.45385356103469,15.0753309600382
Uruguay,2000,36.7137381507902,-2.29597374962009,0.373944815859448,14.4570209010912
Uruguay,2001,36.3095126435057,-4.08038978630051,0.246007398484151,14.3279397868346
Uruguay,2002,40.02906730756,-7.86190240623733,0.140879525241248,13.0729059521491
Uruguay,2003,51.7591995826472,0.734039111911073,0.0707006512477159,15.2063088501279
Uruguay,2004,61.4766880860242,4.94141016509036,0.0597775816533495,17.468462801397
Uruguay,2005,58.8776963255774,7.37434772026329,0.0798609372229262,17.6988581639875
Uruguay,2006,61.9715745165876,3.98038082694534,0.113607393322573,19.4605734296218
Uruguay,2007,59.2104478374095,6.35892754413862,0.171519933968135,19.5260552843706
Uruguay,2008,65.2080950071821,6.94817225721984,0.212934707039678,23.2080945884283
Uruguay,2009,53.3944192683736,3.99426146565813,0.239373352045262,19.6247745177406
Uruguay,2010,51.6990372012256,7.52764617823019,0.256129913246022,19.4076054759968
Uruguay,2011,53.2470340109018,4.90150561357953,0.248141512237734,20.8823110125109
Uruguay,2012,55.0611541633768,3.27196082931438,0.257451630638359,22.9153797295437
Uruguay,2013,49.7178464746233,4.32675421961548,0.297452387025821,22.4844120119644
Uruguay,2014,49.0876240632174,2.9005302021196,0.328187100513488,21.2028122395297
Uruguay,2015,45.3282408087534,0.0225745559950212,0.347483697847475,19.7053903958941
Uruguay,2016,48.4705583785623,1.35078037686081,0.333941294134426,17.3891577314177
Uruguay,2017,46.3780042035515,1.46549073530204,0.270549143036717,15.9240356668873
Uruguay,2018,47.7913104806475,-0.0151011267874139,0.179744266709225,14.8534986544499
Uruguay,2019,49.7448341159636,0.848968097010115,0.0786838170441181,14.1208503918774
Uruguay,2020,47.7318733182088,-7.40535234478858,0.0518527053450753,16.2336764872534
Uruguay,2021,58.3150410230338,5.91510198505092,-0.0668956092956434,18.1967631399395
Uruguay,2022,61.0307951043821,4.66439124923403,-0.170369337727093,18.6551845628116
Uruguay,2023,52.910987066463,0.826336249281525,-0.0835522251458198,17.5353424867451
Uruguay,2024,52.4649167856379,3.15371074530447,-0.0440759548302792,15.5966726541364
Uzbekistan,1991,,-2.85571795412289,2.40407257640565,
Uzbekistan,1992,,-13.3582215361321,2.46045204933374,43.9301488105631
Uzbekistan,1993,,-4.53440108888314,2.31355972382299,14.6502375108632
Uzbekistan,1994,,-7.20602185350127,2.1387662310173,18.2004266495678
Uzbekistan,1995,,-2.86447069203842,2.00222286057627,24.1998260825338
Uzbekistan,1996,,-0.191816644156489,1.87771255752777,23.000095157758
Uzbekistan,1997,57.1985913618542,3.39797706295913,1.72779025760169,18.8993990766049
Uzbekistan,1998,45.4179547762326,2.6752358801326,1.57004048296478,20.9006339688086
Uzbekistan,1999,36.6188588125863,2.84655466460448,1.40332451286924,17.1003354222844
Uzbekistan,2000,44.0540299791129,2.53200282225691,1.26281282930164,19.6000122865217
Uzbekistan,2001,56.776277587152,2.90496458528349,1.21591389648504,21.0999939090005
Uzbekistan,2002,58.954524710746,2.70575973852742,1.2267746913706,21.1999946310166
Uzbekistan,2003,70.4592746850874,2.97071220194471,1.21806027288929,20.8
Uzbekistan,2004,76.5956691950086,6.1359228663663,1.22957581560979,24.5
Uzbekistan,2005,69.5252584247083,5.62058695275762,1.25081983337066,28.0
Uzbekistan,2006,67.4712921717973,6.07475146177367,1.28947762259063,29.6100809944662
Uzbekistan,2007,74.4141929762327,7.948870305745,1.40203000437259,28.2057467186946
Uzbekistan,2008,79.7479920348578,7.36856523907177,1.53479281387558,32.0363460936417
Uzbekistan,2009,68.673142199791,6.33169102436078,1.60393517508693,29.9477879762474
Uzbekistan,2010,49.2689977994484,5.90590026943735,1.58433607799586,27.1781979326708
Uzbekistan,2011,49.6542884929351,5.89233420258107,1.5301816854096,26.7079576787677
Uzbekistan,2012,44.2393191333204,5.49671909783243,1.51059514364954,30.0719329557159
Uzbekistan,2013,42.3779149727359,5.62825943062448,1.56705560068108,27.4742199751097
Uzbekistan,2014,36.3570546649043,5.109537480447,1.66460383205049,27.9591702320365
Uzbekistan,2015,30.7561914307089,5.38345590914129,1.72657003352444,26.3433388950891
Uzbekistan,2016,29.1922970388042,4.11984456589953,1.7256215086876,25.7592542108704
Uzbekistan,2017,42.5595081895217,2.64127716153368,1.69442489458676,27.2291863632714
Uzbekistan,2018,64.1381394985773,3.7517684514097,1.72706882389247,34.9925116035851
Uzbekistan,2019,64.9639227632407,4.86486140745366,1.80974442927918,39.1565362701328
Uzbekistan,2020,56.0515308349971,-0.316556159759102,1.86830671569358,37.5933580339099
Uzbekistan,2021,57.4589716973222,5.960906100364,1.9382099918182,37.6931748383509
Uzbekistan,2022,62.8412525378517,3.89199511169356,2.00999064709715,34.8667419109999
Uzbekistan,2023,66.1051443040339,4.16467615314973,2.02114614047908,34.6156267803286
Uzbekistan,2024,60.7274403812997,4.42179800265912,1.97065383660565,33.2966957187478
Vanuatu,1991,94.2228152101401,0.612997939991217,2.48798917256925,24.4563042028019
Vanuatu,1992,94.6391665612215,0.0703543901579025,2.48222737130955,19.7730819520014
Vanuatu,1993,94.9704627502461,-1.69982007313997,2.44718960885344,19.9253363964555
Vanuatu,1994,92.8723717100426,6.50928779878551,2.38628076907314,21.7725334509631
Vanuatu,1995,91.9615068150109,-1.30636375843737,2.31391073037782,21.2356455478839
Vanuatu,1996,92.9417808219178,0.0677771442323802,2.23291177885691,18.4931506849315
Vanuatu,1997,96.196924634563,2.67502125431653,2.1503590941633,17.6706954375751
Vanuatu,1998,94.7409334170479,-0.915191995716683,2.08938889180461,17.1465303315693
Vanuatu,1999,91.232330240222,-1.72128358303503,2.07299555325541,18.9922816754835
Vanuatu,2000,87.1557917790657,3.5178018108289,2.29858977943606,19.9139980235571
Vanuatu,2001,87.7721451440768,-5.79960877399309,2.51794321791389,18.3537886872999
Vanuatu,2002,91.6997236888901,-7.5371051751447,2.49797166968152,19.5414877027877
Vanuatu,2003,91.5679895901106,1.75159744658461,2.4624992109609,16.8458035133377
Vanuatu,2004,98.7059775016543,1.47757366141985,2.44318438167928,23.238487366125
Vanuatu,2005,100.173820339297,2.78261536346285,2.42477741761316,24.1193102808937
Vanuatu,2006,89.5414618090556,5.86726101068508,2.42018173069706,28.547036678941
Vanuatu,2007,90.1716511021211,0.387169374214395,2.44889284600333,32.8934931377368
Vanuatu,2008,105.774852580058,2.9853548158102,2.50809716109013,41.7403070343952
Vanuatu,2009,108.489179063187,0.453966271093378,2.53915174529987,41.6412412855494
Vanuatu,2010,103.823312203828,-1.08593808514806,2.34288677835416,37.0068927318604
Vanuatu,2011,96.9987664175314,0.92597879599046,2.16980126854337,28.7250562368478
Vanuatu,2012,104.451629665983,-1.1852141346526,2.19727458776971,24.088455209446
Vanuatu,2013,106.410757127713,-1.74696050530071,2.22472000551293,27.3921776488311
Vanuatu,2014,105.199318296807,0.305492659735435,2.23741755913055,24.223098021463
Vanuatu,2015,108.758665668253,1.67602106503972,2.22716537972059,33.6795574772338
Vanuatu,2016,106.351935265734,1.19513802690024,2.22459321328248,25.5704936446263
Vanuatu,2017,105.526573713997,2.00579895676259,2.3321325606252,27.8615616470117
Vanuatu,2018,110.679659822766,0.464610871247203,2.39543458138902,26.800369153824
Vanuatu,2019,99.3829688227082,0.86298251414631,2.33048915705222,24.4374127501163
Vanuatu,2020,69.9148948336494,-7.17743078607894,2.32661131084294,33.2424782471957
Vanuatu,2021,59.9521259721408,-3.80855711163811,2.31850921412366,46.6118070042202
Vanuatu,2022,63.5996121674253,2.77435704923444,2.31965082626492,38.3165436886822
Vanuatu,2023,,-0.252371345822354,2.32481600892244,
Vanuatu,2024,,-1.32686347809192,2.27351944261437,
"Venezuela, RB",1991,55.7196397554298,7.14736069243568,2.38168897149485,18.0744838175705
"Venezuela, RB",1992,53.4761391974746,3.63070846237486,2.31745661857209,22.9548082371391
"Venezuela, RB",1993,52.3901855240183,-1.95882619704076,2.25329732143847,18.1451118584251
"Venezuela, RB",1994,51.4448140048405,-4.46489699167782,2.19027461047796,13.6989226265485
"Venezuela, RB",1995,47.3423429413769,1.75662202828958,2.13415920641198,17.5285944745481
"Venezuela, RB",1996,55.9724277883021,-2.26024782234198,2.08805824636671,16.0198316565822
"Venezuela, RB",1997,51.2450364065399,4.21167918783001,2.05088234370289,27.6725251281193
"Venezuela, RB",1998,43.5993929334366,-1.7017344675955,2.01000402655574,30.6604025312076
"Venezuela, RB",1999,42.0702304843238,-7.78823968801154,1.95213333149154,26.5167782746872
"Venezuela, RB",2000,47.8572215529808,1.74180263726997,1.89379499634952,24.1703919915729
"Venezuela, RB",2001,42.141268017362,1.51834092591805,1.83097359469052,27.5241676945984
"Venezuela, RB",2002,48.5757106494068,-10.4887455154669,1.80801767033013,21.1588880528986
"Venezuela, RB",2003,50.577007378194,-9.38351088983944,1.78086326604433,15.2174422722
"Venezuela, RB",2004,55.3674556023219,16.2742041798105,1.71593189812023,21.798464440157
"Venezuela, RB",2005,60.1273297561422,8.48531169784627,1.67515351433713,23.0040335685058
"Venezuela, RB",2006,58.6655915584603,8.10092910086581,1.62520895526481,26.921912843379
"Venezuela, RB",2007,56.1990954818909,7.08319155201518,1.54785544927575,30.3400382701657
"Venezuela, RB",2008,51.8290123789932,3.7605028775954,1.45176982660994,26.8261258775663
"Venezuela, RB",2009,38.5209296583297,-4.5114030823229,1.36163698615317,25.7969460220917
"Venezuela, RB",2010,46.1368935240203,-2.77023251504848,1.30934216855774,21.9716579748512
"Venezuela, RB",2011,49.6381215967995,2.84817755288964,1.28319630933634,23.0723970782658
"Venezuela, RB",2012,50.6485838828706,4.30852326939915,1.25510683013417,23.8030669286226
"Venezuela, RB",2013,62.4795214214587,0.128922904421614,1.20531461336652,31.6959701007059
"Venezuela, RB",2014,64.2074401112959,-4.98041137903969,1.13646612916995,19.7353965921039
"Venezuela, RB",2015,60.288846101805,-7.20256924845928,1.0518040406043,19.4300976741623
"Venezuela, RB",2016,41.307217198655,-17.557382467255,0.62520243689416,10.2452932078279
"Venezuela, RB",2017,42.5829358408751,-15.1185209906493,-0.653495206896492,5.11119937447288
"Venezuela, RB",2018,54.6450667905599,-17.6129210502629,-2.51030049026678,4.27874773027808
"Venezuela, RB",2019,58.1292903256504,-25.4843294022527,-2.96041293052007,6.8009453414021
"Venezuela, RB",2020,26.0912344958707,-28.7827745677021,-1.72190477685565,9.20648260090937
"Venezuela, RB",2021,29.2263400311727,1.69281877474855,-0.727752243229035,8.85638471624057
"Venezuela, RB",2022,27.8982770650022,8.09588326352406,-0.087895947265923,6.16853801723696
"Venezuela, RB",2023,28.0946077372131,3.6788972037278,0.310851368612458,5.32602340018542
"Venezuela, RB",2024,26.0811657596499,4.91191547368044,0.369232130679939,4.89832894999471
Viet Nam,1991,66.9469523941752,3.76339409919927,2.09563784726273,
Viet Nam,1992,73.5768851264792,6.46778613603792,2.02528655896492,
Viet Nam,1993,66.2122671512498,6.0132829316736,1.92400355460531,
Viet Nam,1994,77.4731979426888,6.89120343615872,1.80580242039077,
Viet Nam,1995,74.7212659206088,7.72283797378608,1.67325494682511,27.1442426996138
Viet Nam,1996,92.7057468018939,7.68622621093297,1.52407678637018,28.1028981458336
Viet Nam,1997,94.3444840684516,6.59239957601929,1.45262124184775,28.2995826198971
Viet Nam,1998,97.0012485118429,4.25766192653015,1.43491495510774,29.0498785375758
Viet Nam,1999,102.787406603958,3.41694816736356,1.30328491482511,27.6297563146656
Viet Nam,2000,111.417094419512,5.58792950410756,1.12950984166849,29.6099138223826
Viet Nam,2001,111.955937998525,5.08240100546193,1.05123747397877,31.1727734549497
Viet Nam,2002,116.696868652499,5.23717692306222,1.02445055878013,33.2205344910613
Viet Nam,2003,124.327954439125,5.83556100746738,0.999847904782733,35.444857957463
Viet Nam,2004,133.016497868747,6.49878740751187,0.969589431962946,35.46533166878
Viet Nam,2005,130.714846045026,6.55339711441117,0.928402391177897,33.7574028912441
Viet Nam,2006,138.313621869598,5.57239749946528,1.32258336381927,34.5366510764767
Viet Nam,2007,154.605383996554,5.25231213341748,1.76779845772365,39.5662708970146
Viet Nam,2008,154.317479627758,3.74838603993047,1.82745521345807,36.4931217965814
Viet Nam,2009,134.706317721758,3.83237459567542,1.49648723830416,37.1625554335215
Viet Nam,2010,113.977687539714,5.21227683604808,1.14440259659988,37.0990761715168
Viet Nam,2011,125.260577940829,5.1944977799937,1.15183406119192,32.3711434429224
Viet Nam,2012,123.224116745985,4.27630507146044,1.1709874078049,30.5592897696566
Viet Nam,2013,130.846354866743,4.31498880369921,1.1802975549343,30.2129034609593
Viet Nam,2014,135.410521454361,5.13784099364456,1.21423463554626,30.2890267860991
Viet Nam,2015,144.914228195237,5.66896478541561,1.23975403093124,32.1089158178217
Viet Nam,2016,145.409507973118,5.35427097241221,1.25988366517733,31.7245390951042
Viet Nam,2017,160.98008365887,5.61787865063133,1.24420473643635,32.305300920099
Viet Nam,2018,164.663936775893,6.28095828201967,1.10791395242199,32.019502902433
Viet Nam,2019,164.704215031408,6.32464886581907,0.968366698803348,31.9799606565797
Viet Nam,2020,163.245862814935,1.91581434772165,0.927434295850725,31.915688393806
Viet Nam,2021,186.675832836814,1.66651604176819,0.868883560805873,32.8956023366901
Viet Nam,2022,183.153619147836,7.7256990880817,0.750756665157789,32.3404994444961
Viet Nam,2023,164.818071269894,4.36194957647844,0.671429250652247,31.6465959765628
Viet Nam,2024,173.862024782965,6.4172854315141,0.631267006487247,30.5632304440275
Virgin Islands (U.S.),1991,,,0.808549693974224,
Virgin Islands (U.S.),1992,,,0.859785173807118,
Virgin Islands (U.S.),1993,,,0.81586961582738,
Virgin Islands (U.S.),1994,,,0.691927808258402,
Virgin Islands (U.S.),1995,,,0.464823088884965,
Virgin Islands (U.S.),1996,,,0.256584968919025,
Virgin Islands (U.S.),1997,,,0.242086123441443,
Virgin Islands (U.S.),1998,,,0.165979733255787,
Virgin Islands (U.S.),1999,,,0.0571070680909273,
Virgin Islands (U.S.),2000,,,0.0395873712251061,
Virgin Islands (U.S.),2001,,,-0.0856389129235212,
Virgin Islands (U.S.),2002,283.169834457388,,-0.0368565088158972,
Virgin Islands (U.S.),2003,362.968341562591,-0.392409019211641,-0.00368639811298412,
Virgin Islands (U.S.),2004,435.159336318146,3.32303112200472,-0.0359495051596945,
Virgin Islands (U.S.),2005,503.206865401987,3.49771355206596,-0.0119860408867403,
Virgin Islands (U.S.),2006,552.118644067797,3.58522291185554,-0.077482916127075,
Virgin Islands (U.S.),2007,560.367892976589,4.04131611143129,-0.0295331003595483,
Virgin Islands (U.S.),2008,863.195098963242,1.16259833481369,0.0553674103119773,
Virgin Islands (U.S.),2009,508.402761247322,-6.60082033820244,0.00645753479219667,
Virgin Islands (U.S.),2010,586.401480111008,0.640017045957947,-0.0433657352905335,
Virgin Islands (U.S.),2011,679.232772910253,-8.14745069217943,-0.0618517700554086,
Virgin Islands (U.S.),2012,157.177794081683,-14.7321849465745,-0.0942359108531572,
Virgin Islands (U.S.),2013,142.241840556447,-6.15764738406951,-0.135966981900308,
Virgin Islands (U.S.),2014,164.291725105189,-1.62976237975002,-0.147274749553357,
Virgin Islands (U.S.),2015,84.7665847665848,-0.26792231561096,-0.157703864887906,
Virgin Islands (U.S.),2016,113.296471827278,1.78607056891147,-0.182132486647949,
Virgin Islands (U.S.),2017,157.696362677913,-0.517853882355141,-0.218811336994337,
Virgin Islands (U.S.),2018,159.240377262299,2.14490182532539,-0.261338011929093,
Virgin Islands (U.S.),2019,155.4234409124,3.22863068505148,-0.310759832621892,
Virgin Islands (U.S.),2020,113.596594939702,-1.26412494613658,-0.35593743409178,
Virgin Islands (U.S.),2021,180.297315287331,4.07886990081306,-0.395928119020198,
Virgin Islands (U.S.),2022,205.629280821918,-0.883383819313323,-0.432595819529278,
Virgin Islands (U.S.),2023,,,-0.471640678399366,
Virgin Islands (U.S.),2024,,,-0.516021671191835,
West Bank and Gaza,1991,,,4.47788760269407,
West Bank and Gaza,1992,,,4.47788607336765,
West Bank and Gaza,1993,,,4.47788423489973,
West Bank and Gaza,1994,86.4558787324588,,4.47785249754387,40.2630745964196
West Bank and Gaza,1995,91.4859266479834,2.4270659709459,4.47787288220599,38.0589740465456
West Bank and Gaza,1996,89.2685358986391,-3.21774919288964,4.47787800224899,36.46175504458
West Bank and Gaza,1997,90.3372519814884,9.64623418634368,4.47787204469171,35.0417575402947
West Bank and Gaza,1998,88.9915925070062,11.4495735284097,2.55526947769926,34.4682629431142
West Bank and Gaza,1999,96.3452893800337,5.54878290672016,2.55526837039158,42.875538490354
West Bank and Gaza,2000,87.6390949554896,-10.8625929085069,2.55523569844846,31.5026891691395
West Bank and Gaza,2001,82.7259784699153,-11.5990690763047,2.5552675698799,29.5776406823688
West Bank and Gaza,2002,76.2528826143203,-14.696224583011,2.55528456623402,26.1685134147027
West Bank and Gaza,2003,76.398689516129,11.1391726672237,2.55524755562296,28.8054435483871
West Bank and Gaza,2004,81.1235906237101,18.8484471333478,2.55527589181892,25.0157502552628
West Bank and Gaza,2005,83.8363540589578,8.4829084168252,2.5552623734323,24.2171800924752
West Bank and Gaza,2006,82.6374735897388,-3.49430234961132,2.55525867519272,21.5975169680085
West Bank and Gaza,2007,91.9992434272745,1.16982596233521,2.55525196026943,20.7180562958887
West Bank and Gaza,2008,79.4799190194791,4.51371143942183,2.75135880229092,18.7664149704531
West Bank and Gaza,2009,75.1511928466305,5.73457681316152,2.66795074941001,18.6106335876919
West Bank and Gaza,2010,68.4976501575169,3.06565425625401,2.59703221798976,19.847131126375
West Bank and Gaza,2011,67.2495329024414,6.86783487502541,2.52518683079236,16.6617498502606
West Bank and Gaza,2012,66.9293273483831,3.51036746369036,2.46768715003228,19.4824874676452
West Bank and Gaza,2013,66.2713181162369,2.21485047926886,2.40084831983677,22.6939439902334
West Bank and Gaza,2014,67.7398371659149,-2.47102630481804,2.3440772109436,22.528717556488
West Bank and Gaza,2015,70.7809681944405,1.37258508832343,2.29048005844149,25.0880306890727
West Bank and Gaza,2016,65.4225141833383,6.44666146094556,2.24610527580178,25.2528334220468
West Bank and Gaza,2017,68.4486607142857,-0.577622802403482,1.98868634871278,27.5725446428571
West Bank and Gaza,2018,71.4012754506469,-1.30481419195327,2.5330114844554,28.3265546858681
West Bank and Gaza,2019,68.9934922812035,-1.15161366535136,2.51178246264674,26.8012957072402
West Bank and Gaza,2020,67.2881912475775,-13.4963869730477,2.48654993848325,24.3038431079663
West Bank and Gaza,2021,73.0835496162129,4.41469534491321,2.45703865277568,25.4514329891214
West Bank and Gaza,2022,82.3949283869453,1.58856471383393,2.42553777623863,26.5231796718061
West Bank and Gaza,2023,79.5331663669115,-6.81291948696484,2.39326476511584,25.5974092190118
West Bank and Gaza,2024,81.3136801569531,-28.2706767006663,2.36027908447521,23.4700352269329
World,1991,37.8801062480637,-0.438846013921321,1.67016640936763,25.4361683443399
World,1992,40.7496338637159,0.431446761741455,1.63137862383159,24.8966366482622
World,1993,40.2814952073462,0.285038434402622,1.58770638741258,24.2278067054866
World,1994,41.2239847654856,1.8193927637665,1.53493353707536,24.5763049175397
World,1995,42.9284704406154,1.62423735448127,1.50436912788474,24.6771608400341
World,1996,43.0445299864414,2.06062182675704,1.48991794939767,24.4846407971809
World,1997,44.8358797233114,2.45495258995771,1.46369226127075,24.3321874894708
World,1998,45.4565290032172,1.36403540622383,1.43793207899514,24.0129108410747
World,1999,45.9195943612382,2.14273966404018,1.39765640716195,24.134832927524
World,2000,50.3042044081245,3.13856242760421,1.36404895949606,24.4624865317715
World,2001,49.1765384120151,0.678693867597019,1.34165162815845,23.6953347994922
World,2002,49.1934640328003,0.978015596603072,1.3115061913544,23.0263783575496
World,2003,50.847305786992,1.77184940623994,1.29060526621754,23.2032459137957
World,2004,54.4024779622624,3.16563942684169,1.28688842293725,23.9127760830537
World,2005,56.4475477827097,2.74002980815075,1.27133339350377,24.3123053527591
World,2006,58.5905535284741,3.15632167942562,1.27134792688689,24.8926302486698
World,2007,58.966375474231,3.10547854351657,1.26097512804704,25.3819183608278
World,2008,60.5698143010809,0.806633184484994,1.26740736480615,25.3857957360608
World,2009,52.0809900200333,-2.54671889145929,1.2522886025983,23.3620680897543
World,2010,56.4159468717993,3.26005790067609,1.21683691645466,24.5624976427012
World,2011,59.5371105603304,2.08715778909783,1.21879419279509,25.2605707547859
World,2012,59.3502507190567,1.44567354276252,1.2592544430215,25.4114828177133
World,2013,58.7078861767085,1.62838584533014,1.23195143086439,25.5495397089452
World,2014,58.1300187518142,1.89644668536995,1.20625179516653,25.8197582698251
World,2015,55.7349858105449,1.89985030656187,1.18426555730454,25.8744670111937
World,2016,53.9114215972707,1.60299529228156,1.16500012197801,25.6078967161517
World,2017,55.5882472883587,2.28826822668017,1.13111083254035,26.0732609374169
World,2018,57.1241197323954,2.16423195881896,1.08036105447289,26.6026699033507
World,2019,55.9091127292441,1.61279143424792,1.04393348684165,26.5163183078795
World,2020,51.9733628554011,-3.84788423011319,0.981789958072561,26.4353007729319
World,2021,56.7104814151821,5.52976739411829,0.833796683538021,27.2339074358098
World,2022,62.4216664720525,2.50964348339693,0.867762860278982,27.4729951347569
World,2023,58.1981732430475,1.99733929517087,0.92830559485171,26.6526655016977
World,2024,56.7581439140522,1.88956371850588,0.959548935772442,26.3304051090875
"Yemen, Rep.",1991,47.921359321418,2.29860098445927,3.8308080770016,
"Yemen, Rep.",1992,46.1503514733973,4.17012014197473,3.80262537048437,
"Yemen, Rep.",1993,58.1404142358624,0.16354826043073,3.76054738276682,
"Yemen, Rep.",1994,68.9640403073869,2.85442556514698,3.69122014011109,
"Yemen, Rep.",1995,87.4446919838225,1.93932487457056,3.59372988740852,
"Yemen, Rep.",1996,85.9391074430978,1.17123054361929,3.36633580657249,
"Yemen, Rep.",1997,80.145988654048,1.92969632778934,3.18756744567655,
"Yemen, Rep.",1998,72.6619985473237,2.71904691973516,3.15046872402234,
"Yemen, Rep.",1999,72.0039277408966,0.593963694817944,3.11379530781424,
"Yemen, Rep.",2000,75.4388386390908,2.96401092010485,3.07742893586094,
"Yemen, Rep.",2001,70.8923979770182,0.714060018641518,3.02156813167324,
"Yemen, Rep.",2002,74.7304558609206,0.89755669377989,2.96622192090819,
"Yemen, Rep.",2003,74.3826165968098,0.743278418900516,2.93835979043048,
"Yemen, Rep.",2004,71.8466740069203,0.966767059770078,2.93369063852526,
"Yemen, Rep.",2005,76.773285677642,2.37203185301995,3.09666761314071,
"Yemen, Rep.",2006,82.0761626564135,-0.129375630986743,3.25064888639941,
"Yemen, Rep.",2007,79.1234205876059,0.045109908702031,3.23881270357261,
"Yemen, Rep.",2008,81.244718850294,0.370978630255152,3.21232812061682,
"Yemen, Rep.",2009,68.0713910145084,0.598210143519466,3.1969350857355,
"Yemen, Rep.",2010,64.3856367797178,4.3735077841587,3.13856389755931,11.66108310249
"Yemen, Rep.",2011,63.0594579549043,-15.3366875285688,3.04974468373417,5.5005264777992
"Yemen, Rep.",2012,61.3616371825683,-0.670663085005188,3.03772906888376,8.70430583413214
"Yemen, Rep.",2013,52.5118781367089,1.67911232409898,3.04562687085895,8.1057860253692
"Yemen, Rep.",2014,48.2430405122774,-3.20471705643189,3.06832379522527,6.69826178718153
"Yemen, Rep.",2015,30.3676590844637,-30.1507550992904,3.04025873247851,1.65634244893033
"Yemen, Rep.",2016,31.0815442908559,-12.0553743505045,3.00213847021681,1.42925784388708
"Yemen, Rep.",2017,42.9699046721967,-7.88861205244282,3.01222786189552,2.07229521886868
"Yemen, Rep.",2018,56.0778227215077,-2.186490192267,2.96037896642737,6.17671942043548
"Yemen, Rep.",2019,,,2.96633475184571,
"Yemen, Rep.",2020,,,2.87320414785733,
"Yemen, Rep.",2021,,,2.74426152997255,
"Yemen, Rep.",2022,,,2.87334358526139,
"Yemen, Rep.",2023,,,3.00980765711571,
"Yemen, Rep.",2024,,,2.98210396880689,
Zambia,1991,,-2.48437862264691,2.47962024274958,
Zambia,1992,,-4.07483415840184,2.41410432516202,
Zambia,1993,,4.28174982443221,2.38360333328893,
Zambia,1994,66.6505948295585,-10.7813280458849,2.38767368508148,
Zambia,1995,69.2267746955964,0.444103477737357,2.41336000162319,
Zambia,1996,63.8214821755312,3.64343431300713,2.45422388426954,
Zambia,1997,58.272862622336,1.19524199921966,2.55491686835174,
Zambia,1998,56.2503070199594,-2.96313567721118,2.62143144676206,
Zambia,1999,59.7675342029156,1.88247300207094,2.68033385502673,
Zambia,2000,60.3874689884965,1.01793976595019,2.8105009556372,
Zambia,2001,64.668282708979,2.17981803196589,3.02394158044151,
Zambia,2002,64.9164969990648,1.3381949009155,3.07812350873629,
Zambia,2003,62.3128446757629,3.67685887625342,3.10355045228564,
Zambia,2004,70.8130749317722,3.68494886266848,3.17745831747123,
Zambia,2005,62.200282191364,3.75264386154687,3.30186320062968,
Zambia,2006,57.8568188739027,4.24983217682681,3.44488603404196,
Zambia,2007,65.7714586909068,4.59671527144219,3.52770643018252,
Zambia,2008,59.4548891205874,3.99773185138027,3.56663855229215,
Zambia,2009,56.1213809555165,5.42272309461708,3.53891846603377,
Zambia,2010,65.0147025206122,6.54512358380669,3.46192274224024,29.8740056918705
Zambia,2011,72.7954324384283,2.11650829571791,3.32527568350911,32.889211245159
Zambia,2012,75.367709855907,4.16438800509357,3.24260026203654,31.5179510511994
Zambia,2013,80.4562410213373,1.74618059430358,3.20268845716982,33.8029886804422
Zambia,2014,76.1934997276313,1.42432240940171,3.17220342906789,34.0692641856177
Zambia,2015,79.8652687573958,-0.241301067013211,3.12013727876838,42.8051164515408
Zambia,2016,73.958561254616,0.593979723633794,3.09409054089327,38.2062329128451
Zambia,2017,71.5856946542566,0.398377780872721,3.06754137743233,41.0018208583077
Zambia,2018,74.8883695274665,0.9537337347912,3.0060186177754,38.5885582958265
Zambia,2019,68.791204936096,-1.51894951073589,2.96162166175699,39.2619086467844
Zambia,2020,79.2068494095955,-5.56773502453288,2.9041649369132,32.2448509806584
Zambia,2021,86.2085111934645,3.28575461102756,2.81534240626742,31.3669178305336
Zambia,2022,69.2973154193203,2.34336450166037,2.76365042984169,26.980508150543
Zambia,2023,78.2418870451485,2.46464031100994,2.79406758723844,31.4450686240954
Zambia,2024,62.5348874064443,0.941472566904864,2.81182258530958,23.7884862636697
Zimbabwe,1991,51.0525098311358,2.81829236184525,2.60489596345003,19.1042100393245
Zimbabwe,1992,63.7120651369356,-11.5478990333428,2.82272702015968,20.2368615840118
Zimbabwe,1993,63.1695153983783,-0.4149337614747,1.46167874062028,22.7758955422742
Zimbabwe,1994,71.1208615875549,9.10603987351351,0.118343013050283,23.7299198607535
Zimbabwe,1995,79.156711173577,-0.76784253577739,0.928715708662254,19.6591707659873
Zimbabwe,1996,72.068361086766,8.54326710519177,1.66055720411375,18.542214431785
Zimbabwe,1997,82.2035387860323,0.770794565665597,1.8774099417919,18.1333489571127
Zimbabwe,1998,88.5133289098786,0.893396715677412,1.95502471203748,20.7486046602396
Zimbabwe,1999,70.9210813961962,-2.41007526346858,1.61833442459082,14.3955403337463
Zimbabwe,2000,74.0708923168864,-3.94437178277245,0.917384654947152,13.5696410562881
Zimbabwe,2001,67.8980938686723,0.762971447403842,0.669179057812887,10.2680381963647
Zimbabwe,2002,66.8098183680706,-9.76644857590099,0.962219774230462,4.99980300224577
Zimbabwe,2003,70.4519675420993,-17.9767611752894,1.18973560223894,8.00104702905506
Zimbabwe,2004,76.0394249806318,-6.82498063511001,1.08604865181957,4.5106309718516
Zimbabwe,2005,76.043068640646,-6.59888906294871,0.945996419158278,1.52390049060044
Zimbabwe,2006,82.8200302932942,-4.63037569259529,1.21827740248004,1.5697434249782
Zimbabwe,2007,84.1682798999008,-4.91448916093475,1.3177052771271,7.11081731904245
Zimbabwe,2008,109.523540063377,-18.6543102007687,1.20398732561507,5.12675418741512
Zimbabwe,2009,61.7764909650234,11.6893318173098,1.40712940970909,12.7472016131117
Zimbabwe,2010,83.1234047851259,17.7601242170416,1.61334322032425,18.7628395343529
Zimbabwe,2011,89.4659437238642,12.187491621401,1.7726514046574,17.3984690623007
Zimbabwe,2012,74.1627003825153,14.7871576858869,1.62306467591426,9.85633778141151
Zimbabwe,2013,58.6560737143829,0.563614570952865,1.40792169753746,9.20906247136893
Zimbabwe,2014,54.6717592473918,0.982274048982148,1.37169405347957,9.63958883391864
Zimbabwe,2015,56.7496526604333,0.425141539219794,1.3399592762046,10.0359230470755
Zimbabwe,2016,51.2190376594477,-0.633234613329265,1.38820029316449,9.86174106545716
Zimbabwe,2017,55.028317831061,3.23409642689352,1.44285382068925,14.7022431781545
Zimbabwe,2018,54.55031658746,3.45954562738599,1.48741637841697,14.1484443423452
Zimbabwe,2019,46.1065442675515,-7.78558358121073,1.56353351552455,11.561629264796
Zimbabwe,2020,40.1784062234355,-9.33397144870511,1.65935280874134,11.2139243786572
Zimbabwe,2021,44.1145594899855,6.61191108683749,1.72601114303872,13.4565631560916
Zimbabwe,2022,55.0673522476036,4.34366718315964,1.7062092862652,12.4189304207687
Zimbabwe,2023,40.2912612046942,3.59876695621327,1.67709591394986,10.0230432587302
Zimbabwe,2024,41.4865312656314,-0.0530786093100204,1.7804822981922,8.84620096694091
